Level,Wall,Direction,wall length,x,y,line,sheathed sides,accidental torsional amplification factor x,accidental torsional amplification factor y,tributary area,level tributary area,angle,level seismic force,level diaphragm force,diaphragm force scale factor,level seismic force per area,wall height,aspect ratio,line tributary area,line wall length,line shear demand,line unit shear,line cumulative shear demand,line cumulative unit shear,shear demand,cumulative shear demand,flexible shear force demand,unit shear demand,unit flexible shear demand,adjusted unit shear demand,adjusted flexible unit shear demand,adjusted unit shear capacity,nail spacing,sheathing shear stiffness,shear dcr,adjusted flexible unit shear capacity,sheathed sides flexible,nail spacing flexible,end post youngs modulus,end post area,Delta_A,delta_sw,wall stiffness,total level stiffness,total level cumulative shear demand,relative wall stiffness,kx,ky,CRx,CRy,dx,dy,ex,ey,torque x,torque y,Jx wall,Jy wall,J,torsional shear force x,torsional shear force y,torsional shear force,direct shear force,rigid shear force demand,shear force demand,floor shear demand,floor unit shear demand,diaphragm floor unit shear demand,adjusted diaphragm floor unit shear demand,adjusted floor unit shear demand,level deflection at center of mass,level rotation at center of rigidity from torque x,level rotation at center of rigidity from torque y,level rotation at center of rigidity,x edge 1 to CRx,x edge 2 to CRx,y edge 1 to CRy,y edge 2 to CRy,level edge 1 x deflection from ccw rotation,level edge 2 x deflection from ccw rotation,level edge 1 y deflection from ccw rotation,level edge 2 y deflection from ccw rotation,level edge 1 x deflection from cw rotation,level edge 2 x deflection from cw rotation,level edge 1 y deflection from cw rotation,level edge 2 y deflection from cw rotation,total edge 1 x deflection from ccw rotation,total edge 2 x deflection from ccw rotation,total edge 1 y deflection from ccw rotation,total edge 2 y deflection from ccw rotation,total edge 1 x deflection from cw rotation,total edge 2 x deflection from cw rotation,total edge 1 y deflection from cw rotation,total edge 2 y deflection from cw rotation,average level x deflection from ccw rotation,average level y deflection from ccw rotation,average level x deflection from cw rotation,average level y deflection from cw rotation,maximum x deflection,maximum y deflection,maximum average x deflection,maximum average y deflection,torsional irregularity ratio x,torsional irregularity ratio y,torsional irregularity ratio,story drift at center of mass,edge 1 x story drift from ccw rotation,edge 2 x story drift from ccw rotation,edge 1 x story drift from cw rotation,edge 2 x story drift from cw rotation,edge 1 y story drift from ccw rotation,edge 2 y story drift from ccw rotation,edge 1 y story drift from cw rotation,edge 2 y story drift from cw rotation,maximum edge x story drift,maximum edge y story drift,elastic story drift x,elastic story drift y,inelastic story drift x,inelastic story drift y,allowable story drift,gravity tributary area,tension wall vertical load length,dead load,horizontal effects moment lc10,connors floor seismic axial load,connors seismic axial load,vertical effects moment lc10,dead effects moment lc10,net moment lc10,floor tension force lc10,tension force lc10,tension force,compression wall vertical load length,live load,snow load,horizontal effects moment lc8,vertical effects moment lc8,dead effects moment lc8,horizontal effects moment lc9,vertical effects moment lc9,dead effects moment lc9,live effects moment lc9,snow effects moment lc9,net moment lc8,net moment lc9,floor compression force lc8,floor compression force lc9,compression force lc8,compression force lc9,compression force,option,binned tension force,binned compression force,required strap capacity
4,A-2,y,29.75,31.916666666666668,0.0,A-2,1,1.067001092053967,1.3923169873027395,1369.3125,,90,85514.3929338812,74931.55555555556,0.8762449569570333,5.549279229972823,10.0,0.33613445378151263,1369.3125,29.75,7598.697415592162,255.41840052410626,7598.697415592162,255.41840052410626,7598.697415592162,7598.697415592162,7598.697415592162,255.41840052410626,255.41840052410626,178.79288036687439,178.79288036687439,310.7142857142857,6,14.0,0.5754253621002854,310.7142857142857,1,6,1600000,10.5,0.2,0.021146411263055016,359337.4460123112,4637154.1225229595,85514.3929338812,0.07749094304780292,2.3444226149133947,0.0,118.65979830013202,0.0,86.74313163346535,0.0,13.697061131766134,4.664261907464177,398861.5255014259,1171295.8676612407,2703788216.87396,0.0,15984300524.421719,777.7966774302662,0.0,777.7966774302662,6661.325248443074,7439.12192587334,7598.697415592162,7598.697415592162,255.41840052410626,223.80908537327977,156.66635976129584,178.79288036687439,0.018537798724753144,1.7198990702739582e-05,6.627925401140714e-05,6.627925401140714e-05,116.34020169986798,-116.34020169986798,67.0,-67.0,0.004440710018764279,-0.004440710018764279,0.007710941780203891,-0.007710941780203891,-0.004440710018764279,0.004440710018764279,-0.007710941780203891,0.007710941780203891,0.022978508743517423,0.014097088705988865,0.026248740504957034,0.010826856944549254,0.014097088705988865,0.022978508743517423,0.010826856944549254,0.026248740504957034,0.018537798724753144,0.018537798724753144,0.018537798724753144,0.018537798724753144,0.022978508743517423,0.026248740504957034,0.018537798724753144,0.018537798724753144,1.2395489391539616,1.4159577895247955,1.4159577895247955,0.0,0.0,0.0,0.0,0.0,0.0,0.0,0.0,0.0,0.0,0.0,0.0,0.0,0.0,0.0,0.2,684.65625,10.0,1073.9705882352941,53190.88190914513,2554.184005241063,2554.184005241063,4510.676470588235,24164.33823529412,33537.22014443925,1146.5716288697179,1146.5716288697179,1146.5716288697179,1.3333333333333333,1227.3949579831933,767.1218487394958,53190.88190914513,80.18980392156863,715.9803921568628,39893.16143185885,60.14235294117648,715.9803921568628,613.6974789915967,51.141456582633054,53987.052105223556,41334.12311253112,1845.711183084566,1413.132414103628,1845.711183084566,1413.132414103628,1845.711183084566,B,1.7016622304527216,2.102901342606605,0.0
4,A-2.4,y,29.75,40.083333333333336,0.0,A-2.4,1,1.067001092053967,1.3923169873027395,1571.7083333333335,,90,85514.3929338812,74931.55555555556,0.8762449569570333,5.549279229972823,10.0,0.33613445378151263,1571.7083333333335,29.75,8721.84840974187,293.17137511737377,8721.84840974187,293.17137511737377,8721.84840974187,8721.84840974187,8721.84840974187,293.17137511737377,293.17137511737377,205.21996258216163,205.21996258216163,310.7142857142857,6,14.0,0.6604780404943132,310.7142857142857,1,6,1600000,10.5,0.2,0.023443969574136556,372029.5055903772,4637154.1225229595,85514.3929338812,0.08022797943751873,3.0482958356218126,0.0,118.65979830013202,0.0,78.57646496679868,0.0,13.697061131766134,4.664261907464177,398861.5255014259,1171295.8676612407,2297007210.1758413,0.0,15984300524.421719,729.4547916921609,0.0,729.4547916921609,6896.608094303836,7626.062885995997,8721.84840974187,8721.84840974187,293.17137511737377,256.88993897075744,179.8229572795302,205.21996258216163,0.018537798724753144,1.7198990702739582e-05,6.627925401140714e-05,6.627925401140714e-05,116.34020169986798,-116.34020169986798,67.0,-67.0,0.004440710018764279,-0.004440710018764279,0.007710941780203891,-0.007710941780203891,-0.004440710018764279,0.004440710018764279,-0.007710941780203891,0.007710941780203891,0.022978508743517423,0.014097088705988865,0.026248740504957034,0.010826856944549254,0.014097088705988865,0.022978508743517423,0.010826856944549254,0.026248740504957034,0.018537798724753144,0.018537798724753144,0.018537798724753144,0.018537798724753144,0.022978508743517423,0.026248740504957034,0.018537798724753144,0.018537798724753144,1.2395489391539616,1.4159577895247955,1.4159577895247955,0.0,0.0,0.0,0.0,0.0,0.0,0.0,0.0,0.0,0.0,0.0,0.0,0.0,0.0,0.0,0.2,392.92708333333337,10.0,616.3562091503268,61052.93886819309,2931.713751173738,2931.713751173738,2588.6960784313724,13868.014705882353,49773.62024074211,1701.6622304527216,1701.6622304527216,1701.6622304527216,1.3333333333333333,704.4070961718021,440.25443510737625,61052.93886819309,46.021263616557725,410.90413943355117,45789.70415114482,34.5159477124183,410.90413943355117,352.20354808590105,29.350295673825087,61509.8642712432,46616.67808205051,2102.901342606605,1593.7325840017268,2102.901342606605,1593.7325840017268,2102.901342606605,B,1.7016622304527216,2.102901342606605,0.0
4,A-3,y,29.75,49.833333333333336,0.0,A-3,1,1.067001092053967,1.3923169873027395,593.2291666666667,,90,85514.3929338812,74931.55555555556,0.8762449569570333,5.549279229972823,10.0,0.33613445378151263,593.2291666666667,29.75,3291.99429319742,110.65527035957714,3291.99429319742,110.65527035957714,3291.99429319742,3291.99429319742,3291.99429319742,141.94115915162718,110.65527035957714,99.35881140613901,77.458689251704,310.7142857142857,6,14.0,0.31977548498527497,310.7142857142857,1,6,1600000,10.5,0.2,0.014240450028402013,231172.0687640958,4637154.1225229595,85514.3929338812,0.049852142640952564,2.7183428416011624,0.0,118.65979830013202,0.0,68.82646496679868,0.0,13.697061131766134,4.664261907464177,398861.5255014259,1171295.8676612407,987571790.9057503,0.0,15984300524.421719,358.0483872052658,0.0,358.0483872052658,3864.7010975556427,4222.749484760909,4222.749484760909,4222.749484760909,141.94115915162718,124.37522489124896,87.06265742387427,99.35881140613901,0.018537798724753144,1.7198990702739582e-05,6.627925401140714e-05,6.627925401140714e-05,116.34020169986798,-116.34020169986798,67.0,-67.0,0.004440710018764279,-0.004440710018764279,0.007710941780203891,-0.007710941780203891,-0.004440710018764279,0.004440710018764279,-0.007710941780203891,0.007710941780203891,0.022978508743517423,0.014097088705988865,0.026248740504957034,0.010826856944549254,0.014097088705988865,0.022978508743517423,0.010826856944549254,0.026248740504957034,0.018537798724753144,0.018537798724753144,0.018537798724753144,0.018537798724753144,0.022978508743517423,0.026248740504957034,0.018537798724753144,0.018537798724753144,1.2395489391539616,1.4159577895247955,1.4159577895247955,0.0,0.0,0.0,0.0,0.0,0.0,0.0,0.0,0.0,0.0,0.0,0.0,0.0,0.0,0.0,0.2,593.2291666666667,10.0,930.5555555555557,29559.246393326357,1419.4115915162718,1419.4115915162718,3908.333333333334,20937.500000000004,12530.07972665969,428.37879407383554,428.37879407383554,428.37879407383554,1.3333333333333333,1063.4920634920636,664.6825396825398,29559.246393326357,69.48148148148148,620.3703703703704,22169.434794994773,52.11111111111113,620.3703703703704,531.7460317460318,44.31216931216932,30249.09824517821,23417.97447753445,1034.1572049633576,800.6145120524599,1034.1572049633576,800.6145120524599,1034.1572049633576,B,1.7016622304527216,2.102901342606605,0.0
4,A-3.5,y,29.75,63.75,0.0,A-3.5,1,1.067001092053967,1.3923169873027395,971.5,,90,85514.3929338812,74931.55555555556,0.8762449569570333,5.549279229972823,10.0,0.33613445378151263,971.5,29.75,5391.124771918598,181.21427804768396,5391.124771918598,181.21427804768396,5391.124771918598,5391.124771918598,5391.124771918598,202.44198452711774,181.21427804768396,141.7093891689824,126.84999463337877,310.7142857142857,6,14.0,0.45607619502661,310.7142857142857,1,6,1600000,10.5,0.2,0.017922389681272168,300803.903262521,4637154.1225229595,85514.3929338812,0.06486821341596063,4.224444611296638,0.0,118.65979830013202,0.0,54.909798300132024,0.0,13.697061131766134,4.664261907464177,398861.5255014259,1171295.8676612407,912136919.3665255,0.0,15984300524.421719,414.51351564615675,0.0,414.51351564615675,5608.135524035596,6022.649039681753,6022.649039681753,6022.649039681753,202.44198452711774,177.3887680182607,124.17213761278248,141.7093891689824,0.018537798724753144,1.7198990702739582e-05,6.627925401140714e-05,6.627925401140714e-05,116.34020169986798,-116.34020169986798,67.0,-67.0,0.004440710018764279,-0.004440710018764279,0.007710941780203891,-0.007710941780203891,-0.004440710018764279,0.004440710018764279,-0.007710941780203891,0.007710941780203891,0.022978508743517423,0.014097088705988865,0.026248740504957034,0.010826856944549254,0.014097088705988865,0.022978508743517423,0.010826856944549254,0.026248740504957034,0.018537798724753144,0.018537798724753144,0.018537798724753144,0.018537798724753144,0.022978508743517423,0.026248740504957034,0.018537798724753144,0.018537798724753144,1.2395489391539616,1.4159577895247955,1.4159577895247955,0.0,0.0,0.0,0.0,0.0,0.0,0.0,0.0,0.0,0.0,0.0,0.0,0.0,0.0,0.0,0.2,242.875,10.0,380.98039215686276,42158.54327777227,2024.4198452711773,2024.4198452711773,1600.1176470588234,8572.058823529413,35186.60210130168,1202.9607556000574,1202.9607556000574,1202.9607556000574,1.3333333333333333,435.406162464986,272.1288515406162,42158.54327777227,28.446535947712412,253.98692810457516,31618.907458329202,21.33490196078432,253.98692810457516,217.703081232493,18.141923436041083,42440.976741824554,32130.074293063095,1450.9735638230616,1098.4640783953196,1450.9735638230616,1098.4640783953196,1450.9735638230616,B,1.7016622304527216,2.102901342606605,0.0
4,A-3.7,y,20.0,67.33333333333334,0.0,A-3.7,1,1.067001092053967,1.3923169873027395,441.08333333333337,,90,85514.3929338812,74931.55555555556,0.8762449569570333,5.549279229972823,10.0,0.5,441.08333333333337,20.0,2447.6945803538465,122.38472901769232,2447.6945803538465,122.38472901769232,2447.6945803538465,2447.6945803538465,2447.6945803538465,142.26928389657616,122.38472901769232,99.58849872760331,85.66931031238462,310.7142857142857,6,14.0,0.32051470854860836,310.7142857142857,1,6,1600000,10.5,0.2,0.017084023414273532,143273.89520602167,4637154.1225229595,85514.3929338812,0.030896944854632076,2.124093444369875,0.0,118.65979830013202,0.0,51.32646496679868,0.0,13.697061131766134,4.664261907464177,398861.5255014259,1171295.8676612407,378226230.87479925,0.0,15984300524.421719,183.8818230048627,0.0,183.8818230048627,2661.5038549266606,2845.3856779315233,2845.3856779315233,2845.3856779315233,142.26928389657616,124.66274254426332,87.26391978098432,99.58849872760331,0.018537798724753144,1.7198990702739582e-05,6.627925401140714e-05,6.627925401140714e-05,116.34020169986798,-116.34020169986798,67.0,-67.0,0.004440710018764279,-0.004440710018764279,0.007710941780203891,-0.007710941780203891,-0.004440710018764279,0.004440710018764279,-0.007710941780203891,0.007710941780203891,0.022978508743517423,0.014097088705988865,0.026248740504957034,0.010826856944549254,0.014097088705988865,0.022978508743517423,0.010826856944549254,0.026248740504957034,0.018537798724753144,0.018537798724753144,0.018537798724753144,0.018537798724753144,0.022978508743517423,0.026248740504957034,0.018537798724753144,0.018537798724753144,1.2395489391539616,1.4159577895247955,1.4159577895247955,0.0,0.0,0.0,0.0,0.0,0.0,0.0,0.0,0.0,0.0,0.0,0.0,0.0,0.0,0.0,0.2,441.08333333333337,10.0,1029.1944444444443,19917.699745520662,1422.6928389657617,1422.6928389657617,4322.616666666667,23156.875,1083.441412187327,55.56109806088856,55.56109806088856,55.56109806088856,1.3333333333333333,1176.2222222222222,735.1388888888889,19917.699745520662,76.8465185185185,686.1296296296296,14938.274809140497,57.634888888888895,686.1296296296296,588.1111111111111,49.00925925925927,20680.675893668813,16319.159698029387,1060.5474817266058,836.8799845143276,1060.5474817266058,836.8799845143276,1060.5474817266058,B,1.7016622304527216,2.102901342606605,0.0
4,A-4,y,20.0,76.16666666666667,0.0,A-4,1,1.067001092053967,1.3923169873027395,505.29166666666663,,90,85514.3929338812,74931.55555555556,0.8762449569570333,5.549279229972823,10.0,0.5,505.29166666666663,20.0,2804.0045509116844,140.20022754558423,2804.0045509116844,140.20022754558423,2804.0045509116844,2804.0045509116844,2804.0045509116844,156.16336340703091,140.20022754558423,109.31435438492163,98.14015928190895,310.7142857142857,6,14.0,0.35181631296296617,310.7142857142857,1,6,1600000,10.5,0.2,0.017938619574638805,156311.05499756066,4637154.1225229595,85514.3929338812,0.033708401935218776,2.574641037066672,0.0,118.65979830013202,0.0,42.49313163346535,0.0,13.697061131766134,4.664261907464177,398861.5255014259,1171295.8676612407,287760835.53302985,0.0,15984300524.421719,168.9823933571885,0.0,168.9823933571885,2954.28487478343,3123.2672681406184,3123.2672681406184,3123.2672681406184,156.16336340703091,136.83735964685934,95.78615175280153,109.31435438492163,0.018537798724753144,1.7198990702739582e-05,6.627925401140714e-05,6.627925401140714e-05,116.34020169986798,-116.34020169986798,67.0,-67.0,0.004440710018764279,-0.004440710018764279,0.007710941780203891,-0.007710941780203891,-0.004440710018764279,0.004440710018764279,-0.007710941780203891,0.007710941780203891,0.022978508743517423,0.014097088705988865,0.026248740504957034,0.010826856944549254,0.014097088705988865,0.022978508743517423,0.010826856944549254,0.026248740504957034,0.018537798724753144,0.018537798724753144,0.018537798724753144,0.018537798724753144,0.022978508743517423,0.026248740504957034,0.018537798724753144,0.018537798724753144,1.2395489391539616,1.4159577895247955,1.4159577895247955,0.0,0.0,0.0,0.0,0.0,0.0,0.0,0.0,0.0,0.0,0.0,0.0,0.0,0.0,0.0,0.2,505.29166666666663,10.0,1179.0138888888887,21862.870876984325,1561.6336340703092,1561.6336340703092,4951.858333333332,26527.812499999996,286.91671031766236,14.713677452187813,14.713677452187813,14.713677452187813,1.3333333333333333,1347.4444444444443,842.1527777777776,21862.870876984325,88.033037037037,786.0092592592591,16397.15315773825,66.02477777777779,786.0092592592591,673.7222222222222,56.14351851851851,22736.91317328062,17979.052935516025,1165.9955473477241,922.0027146418474,1165.9955473477241,922.0027146418474,1165.9955473477241,B,1.7016622304527216,2.102901342606605,0.0
4,A-5,y,29.75,97.5,0.0,A-5,1,1.067001092053967,1.3923169873027395,770.5,,90,85514.3929338812,74931.55555555556,0.8762449569570333,5.549279229972823,10.0,0.33613445378151263,770.5,29.75,4275.71964669406,143.72166879643902,4275.71964669406,143.72166879643902,4275.71964669406,4275.71964669406,4275.71964669406,166.27590342478933,143.72166879643902,116.39313239735253,100.60516815750731,310.7142857142857,6,14.0,0.37459858702596216,310.7142857142857,1,6,1600000,10.5,0.2,0.01572140602074965,271968.01870334113,4637154.1225229595,85514.3929338812,0.05864976912938363,5.939008117794402,0.0,118.65979830013202,0.0,21.159798300132024,0.0,13.697061131766134,4.664261907464177,398861.5255014259,1171295.8676612407,116167370.83162327,0.0,15984300524.421719,136.9938737728438,0.0,136.9938737728438,4809.714253114639,4946.708126887483,4946.708126887483,4946.708126887483,166.27590342478933,145.69842183944635,101.98889528761244,116.39313239735253,0.018537798724753144,1.7198990702739582e-05,6.627925401140714e-05,6.627925401140714e-05,116.34020169986798,-116.34020169986798,67.0,-67.0,0.004440710018764279,-0.004440710018764279,0.007710941780203891,-0.007710941780203891,-0.004440710018764279,0.004440710018764279,-0.007710941780203891,0.007710941780203891,0.022978508743517423,0.014097088705988865,0.026248740504957034,0.010826856944549254,0.014097088705988865,0.022978508743517423,0.010826856944549254,0.026248740504957034,0.018537798724753144,0.018537798724753144,0.018537798724753144,0.018537798724753144,0.022978508743517423,0.026248740504957034,0.018537798724753144,0.018537798724753144,1.2395489391539616,1.4159577895247955,1.4159577895247955,0.0,0.0,0.0,0.0,0.0,0.0,0.0,0.0,0.0,0.0,0.0,0.0,0.0,0.0,0.0,0.2,770.5,10.0,1208.627450980392,34626.95688821238,1662.7590342478934,1662.7590342478934,5076.235294117646,27194.117647058818,12509.074535271204,427.6606678725198,427.6606678725198,427.6606678725198,1.3333333333333333,1381.2885154061623,863.3053221288516,34626.95688821238,90.24418300653593,805.751633986928,25970.217666159282,67.68313725490196,805.751633986928,690.6442577030812,57.55368814192344,35522.95270520584,27591.85038324612,1214.459921545499,943.3111242135426,1214.459921545499,943.3111242135426,1214.459921545499,B,1.7016622304527216,2.102901342606605,0.0
4,A-5.1,y,29.75,98.08333333333334,0.0,A-5.1,1,1.067001092053967,1.3923169873027395,988.25,,90,85514.3929338812,74931.55555555556,0.8762449569570333,5.549279229972823,10.0,0.33613445378151263,988.25,29.75,5484.075199020643,184.33866215195437,5484.075199020643,184.33866215195437,5484.075199020643,5484.075199020643,5484.075199020643,200.71569222483876,184.33866215195437,140.5009845573871,129.03706350636804,310.7142857142857,6,14.0,0.4521870767364183,310.7142857142857,1,6,1600000,10.5,0.2,0.017817331542961543,307794.4183615442,4637154.1225229595,85514.3929338812,0.06637571455013036,6.53689323047386,0.0,118.65979830013202,0.0,20.57646496679868,0.0,13.697061131766134,4.664261907464177,398861.5255014259,1171295.8676612407,132704714.11477605,0.0,15984300524.421719,160.9326250492465,0.0,160.9326250492465,5810.359218639706,5971.291843688953,5971.291843688953,5971.291843688953,200.71569222483876,175.876113094155,123.11327916590848,140.5009845573871,0.018537798724753144,1.7198990702739582e-05,6.627925401140714e-05,6.627925401140714e-05,116.34020169986798,-116.34020169986798,67.0,-67.0,0.004440710018764279,-0.004440710018764279,0.007710941780203891,-0.007710941780203891,-0.004440710018764279,0.004440710018764279,-0.007710941780203891,0.007710941780203891,0.022978508743517423,0.014097088705988865,0.026248740504957034,0.010826856944549254,0.014097088705988865,0.022978508743517423,0.010826856944549254,0.026248740504957034,0.018537798724753144,0.018537798724753144,0.018537798724753144,0.018537798724753144,0.022978508743517423,0.026248740504957034,0.018537798724753144,0.018537798724753144,1.2395489391539616,1.4159577895247955,1.4159577895247955,0.0,0.0,0.0,0.0,0.0,0.0,0.0,0.0,0.0,0.0,0.0,0.0,0.0,0.0,0.0,0.2,494.125,10.0,775.0980392156863,41799.04290582267,2007.1569222483874,2007.1569222483874,3255.4117647058824,17439.705882352944,27614.74878817561,944.0939756641234,944.0939756641234,944.0939756641234,1.3333333333333333,885.8263305322128,553.641456582633,41799.04290582267,57.873986928104564,516.7320261437908,31349.282179367005,43.40549019607844,516.7320261437908,442.9131652661064,36.90943043884221,42373.64891889457,32389.242291411818,1448.6717579109254,1107.32452278331,1448.6717579109254,1107.32452278331,1448.6717579109254,A,1.2161453120365564,1.4744919872688524,0.0
4,A-6,y,29.75,122.16666666666667,0.0,A-6,1,1.0,1.249215386269335,988.25,,90,85514.3929338812,74931.55555555556,0.8762449569570333,5.549279229972823,10.0,0.33613445378151263,988.25,29.75,5484.075199020643,184.33866215195437,5484.075199020643,184.33866215195437,5484.075199020643,5484.075199020643,5484.075199020643,198.35308683091245,184.33866215195437,138.8471607816387,129.03706350636804,310.7142857142857,6,14.0,0.4468644255041246,310.7142857142857,1,6,1600000,10.5,0.2,0.017673548868427875,310298.4714528628,4637154.1225229595,85514.3929338812,0.06691571236455629,8.141958773045605,0.0,118.65979830013202,0.0,3.506868366534647,0.0,10.590201699867976,4.184871544002273,357866.7495916285,905614.6694115667,3898263.5447008745,0.0,15984300524.421719,24.88739521505873,0.0,24.88739521505873,5876.116938004587,5901.004333219646,5901.004333219646,5901.004333219646,198.35308683091245,173.80589203244756,121.66412442271329,138.8471607816387,0.018537798724753144,1.7198990702739582e-05,5.437038226154215e-05,5.437038226154215e-05,116.34020169986798,-116.34020169986798,67.0,-67.0,0.0036428156115233244,-0.0036428156115233244,0.0063254612388067375,-0.0063254612388067375,-0.0036428156115233244,0.0036428156115233244,-0.0063254612388067375,0.0063254612388067375,0.02218061433627647,0.01489498311322982,0.024863259963559883,0.012212337485946407,0.01489498311322982,0.02218061433627647,0.012212337485946407,0.024863259963559883,0.018537798724753144,0.018537798724753144,0.018537798724753144,0.018537798724753144,0.02218061433627647,0.024863259963559883,0.018537798724753144,0.018537798724753144,1.1965074529943596,1.341219652490912,1.341219652490912,0.0,0.0,0.0,0.0,0.0,0.0,0.0,0.0,0.0,0.0,0.0,0.0,0.0,0.0,0.0,0.2,494.125,10.0,775.0980392156863,41307.03033253751,1983.5308683091243,1983.5308683091243,3255.4117647058824,17439.705882352944,27122.73621489045,927.2730329877077,927.2730329877077,927.2730329877077,1.3333333333333333,885.8263305322128,553.641456582633,41307.03033253751,57.873986928104564,516.7320261437908,30980.27274940314,43.40549019607844,516.7320261437908,442.9131652661064,36.90943043884221,41881.63634560941,32020.232861447952,1431.8508152345098,1094.7088157759983,1431.8508152345098,1094.7088157759983,1431.8508152345098,A,1.2161453120365564,1.4744919872688524,0.0
4,A-6.1,y,29.75,122.75000000000001,0.0,A-6.1,1,1.0,1.249215386269335,826.3333333333334,,90,85514.3929338812,74931.55555555556,0.8762449569570333,5.549279229972823,10.0,0.33613445378151263,826.3333333333334,29.75,4585.554403700877,154.1362824773404,4585.554403700877,154.1362824773404,4585.554403700877,4585.554403700877,4585.554403700877,173.07790637109528,154.1362824773404,121.1545344597667,107.89539773413827,310.7142857142857,6,14.0,0.38992263964062845,310.7142857142857,1,6,1600000,10.5,0.2,0.016135360114954277,284192.8764546741,4637154.1225229595,85514.3929338812,0.06128605367553578,7.6796525849610635,0.0,118.65979830013202,0.0,4.09020169986799,0.0,10.590201699867976,4.184871544002273,357866.7495916285,905614.6694115667,4624021.234837962,0.0,15984300524.421719,25.310621389996182,0.0,25.310621389996182,5123.757093150089,5149.067714540085,5149.067714540085,5149.067714540085,173.07790637109528,151.65864261835384,106.16104983284768,121.1545344597667,0.018537798724753144,1.7198990702739582e-05,5.437038226154215e-05,5.437038226154215e-05,116.34020169986798,-116.34020169986798,67.0,-67.0,0.0036428156115233244,-0.0036428156115233244,0.0063254612388067375,-0.0063254612388067375,-0.0036428156115233244,0.0036428156115233244,-0.0063254612388067375,0.0063254612388067375,0.02218061433627647,0.01489498311322982,0.024863259963559883,0.012212337485946407,0.01489498311322982,0.02218061433627647,0.012212337485946407,0.024863259963559883,0.018537798724753144,0.018537798724753144,0.018537798724753144,0.018537798724753144,0.02218061433627647,0.024863259963559883,0.018537798724753144,0.018537798724753144,1.1965074529943596,1.341219652490912,1.341219652490912,0.0,0.0,0.0,0.0,0.0,0.0,0.0,0.0,0.0,0.0,0.0,0.0,0.0,0.0,0.0,0.2,826.3333333333334,10.0,1296.2091503267975,36043.47400178059,1730.7790637109529,1730.7790637109529,5444.078431372549,29164.70588235294,12322.846550800194,421.2938991726562,421.2938991726562,421.2938991726562,1.3333333333333333,1481.3818860877684,925.8636788048553,36043.47400178059,96.7836165577342,864.1394335511983,27032.60550133545,72.58771241830067,864.1394335511983,740.6909430438842,61.724245253657024,37004.39705188952,28771.747835602484,1265.1075915175904,983.6494986530764,1265.1075915175904,983.6494986530764,1265.1075915175904,A,1.2161453120365564,1.4744919872688524,0.0
4,A-6.8,y,29.75,147.41666666666669,0.0,A-6.8,1,1.0,1.249215386269335,905.8958333333333,,90,85514.3929338812,74931.55555555556,0.8762449569570333,5.549279229972823,10.0,0.33613445378151263,905.8958333333333,29.75,5027.068932435589,168.97710697262485,5027.068932435589,168.97710697262485,5027.068932435589,5027.068932435589,5027.068932435589,188.02622054742298,168.97710697262485,131.61835438319608,118.28397488083739,310.7142857142857,6,14.0,0.42359930146315977,310.7142857142857,1,6,1600000,10.5,0.2,0.01704507978188098,294927.86169175885,4637154.1225229595,85514.3929338812,0.06360104794862759,9.5360467398059,0.0,118.65979830013202,0.0,28.75686836653466,0.0,10.590201699867976,4.184871544002273,357866.7495916285,905614.6694115667,241158819.2861995,0.0,15984300524.421719,187.75403188691362,0.0,187.75403188691362,5406.02602939892,5593.780061285834,5593.780061285834,5593.780061285834,188.02622054742298,164.7570275303703,115.3299192712592,131.61835438319608,0.018537798724753144,1.7198990702739582e-05,5.437038226154215e-05,5.437038226154215e-05,116.34020169986798,-116.34020169986798,67.0,-67.0,0.0036428156115233244,-0.0036428156115233244,0.0063254612388067375,-0.0063254612388067375,-0.0036428156115233244,0.0036428156115233244,-0.0063254612388067375,0.0063254612388067375,0.02218061433627647,0.01489498311322982,0.024863259963559883,0.012212337485946407,0.01489498311322982,0.02218061433627647,0.012212337485946407,0.024863259963559883,0.018537798724753144,0.018537798724753144,0.018537798724753144,0.018537798724753144,0.02218061433627647,0.024863259963559883,0.018537798724753144,0.018537798724753144,1.1965074529943596,1.341219652490912,1.341219652490912,0.0,0.0,0.0,0.0,0.0,0.0,0.0,0.0,0.0,0.0,0.0,0.0,0.0,0.0,0.0,0.2,226.47395833333331,10.0,355.25326797385617,39156.46042900083,1880.2622054742299,1880.2622054742299,1492.0637254901958,7993.198529411764,32655.325625079262,1116.4213888915988,1116.4213888915988,1116.4213888915988,1.3333333333333333,406.0037348272641,253.7523342670401,39156.46042900083,26.525577342047924,236.83551198257078,29367.345321750625,19.894183006535947,236.83551198257078,203.00186741363206,16.91682228446934,39419.82151832545,29843.993706437835,1347.6862057547162,1020.3074771431739,1347.6862057547162,1020.3074771431739,1347.6862057547162,A,1.2161453120365564,1.4744919872688524,0.0
4,A-7,y,29.75,156.5,0.0,A-7,1,1.0,1.249215386269335,1011.9791666666667,,90,85514.3929338812,74931.55555555556,0.8762449569570333,5.549279229972823,10.0,0.33613445378151263,1011.9791666666667,29.75,5615.75497074854,188.76487296633746,5615.75497074854,188.76487296633746,5615.75497074854,5615.75497074854,5615.75497074854,205.6887832055677,188.76487296633746,143.98214824389737,132.1354110764362,310.7142857142857,6,14.0,0.4633908219343823,310.7142857142857,1,6,1600000,10.5,0.2,0.01811998230459387,309920.55490720895,4637154.1225229595,85514.3929338812,0.06683421484783192,10.512245678019681,0.0,118.65979830013202,0.0,37.840201699867976,0.0,10.590201699867976,4.184871544002273,357866.7495916285,905614.6694115667,452000481.09450513,0.0,15984300524.421719,267.4318735702405,0.0,267.4318735702405,5851.8094267953975,6119.241300365638,6119.241300365638,6119.241300365638,205.6887832055677,180.2337589865072,126.16363129055505,143.98214824389737,0.018537798724753144,1.7198990702739582e-05,5.437038226154215e-05,5.437038226154215e-05,116.34020169986798,-116.34020169986798,67.0,-67.0,0.0036428156115233244,-0.0036428156115233244,0.0063254612388067375,-0.0063254612388067375,-0.0036428156115233244,0.0036428156115233244,-0.0063254612388067375,0.0063254612388067375,0.02218061433627647,0.01489498311322982,0.024863259963559883,0.012212337485946407,0.01489498311322982,0.02218061433627647,0.012212337485946407,0.024863259963559883,0.018537798724753144,0.018537798724753144,0.018537798724753144,0.018537798724753144,0.02218061433627647,0.024863259963559883,0.018537798724753144,0.018537798724753144,1.1965074529943596,1.341219652490912,1.341219652490912,0.0,0.0,0.0,0.0,0.0,0.0,0.0,0.0,0.0,0.0,0.0,0.0,0.0,0.0,0.0,0.2,252.99479166666669,10.0,396.85457516339875,42834.68910255947,2056.887832055677,2056.887832055677,1666.7892156862745,8929.22794117647,35572.25037706927,1216.1453120365563,1216.1453120365563,1216.1453120365563,1.3333333333333333,453.5480859010271,283.46755368814195,42834.68910255947,29.6318082788671,264.56971677559915,32126.016826919604,22.223856209150334,264.56971677559915,226.77404295051352,18.897836912542797,43128.89062761393,32658.482279767413,1474.4919872688524,1116.529308709997,1474.4919872688524,1116.529308709997,1474.4919872688524,A,1.2161453120365564,1.4744919872688524,0.0
4,A-7.8,y,20.0,176.83333333333334,0.0,A-7.8,1,1.0,1.249215386269335,640.6875,,90,85514.3929338812,74931.55555555556,0.8762449569570333,5.549279229972823,10.0,0.5,640.6875,20.0,3555.3538366532134,177.76769183266066,3555.3538366532134,177.76769183266066,3555.353836653213,3555.353836653213,3555.353836653213,183.05223001400108,177.76769183266066,128.13656100980074,124.43738428286245,310.7142857142857,6,14.0,0.412393529686715,310.7142857142857,1,6,1600000,10.5,0.2,0.019592498274670703,181465.05804466986,4637154.1225229595,85514.3929338812,0.03913285028920696,6.67019386093072,0.0,118.65979830013202,0.0,58.17353503320132,0.0,10.590201699867976,4.184871544002273,357866.7495916285,905614.6694115667,624466774.5417215,0.0,15984300524.421719,240.33199597730504,0.0,240.33199597730504,3420.7126043027165,3661.0446002800218,3661.0446002800218,3661.0446002800218,183.05223001400108,160.39859340950733,112.27901538665512,128.13656100980074,0.018537798724753144,1.7198990702739582e-05,5.437038226154215e-05,5.437038226154215e-05,116.34020169986798,-116.34020169986798,67.0,-67.0,0.0036428156115233244,-0.0036428156115233244,0.0063254612388067375,-0.0063254612388067375,-0.0036428156115233244,0.0036428156115233244,-0.0063254612388067375,0.0063254612388067375,0.02218061433627647,0.01489498311322982,0.024863259963559883,0.012212337485946407,0.01489498311322982,0.02218061433627647,0.012212337485946407,0.024863259963559883,0.018537798724753144,0.018537798724753144,0.018537798724753144,0.018537798724753144,0.02218061433627647,0.024863259963559883,0.018537798724753144,0.018537798724753144,1.1965074529943596,1.341219652490912,1.341219652490912,0.0,0.0,0.0,0.0,0.0,0.0,0.0,0.0,0.0,0.0,0.0,0.0,0.0,0.0,0.0,0.2,160.171875,10.0,373.734375,25627.31220196015,1830.522300140011,1830.522300140011,1569.6843749999998,8409.0234375,18787.97313946015,963.4858020235976,963.4858020235976,963.4858020235976,1.3333333333333333,427.125,266.953125,25627.31220196015,27.905499999999996,249.15625,19220.484151470115,20.929125000000003,249.15625,213.5625,17.796875,25904.37395196015,19721.928901470113,1328.429433433854,1011.3809693061596,1328.429433433854,1011.3809693061596,1328.429433433854,A,1.2161453120365564,1.4744919872688524,0.0
4,A-8,y,29.75,182.58333333333334,0.0,A-8,1,1.0,1.249215386269335,794.2291666666666,,90,85514.3929338812,74931.55555555556,0.8762449569570333,5.549279229972823,10.0,0.33613445378151263,794.2291666666666,29.75,4407.399418421957,148.1478796108221,4407.399418421957,148.1478796108221,4407.399418421957,4407.399418421957,4407.399418421957,173.3922072593297,148.1478796108221,121.37454508153078,103.70351572757545,310.7142857142857,6,14.0,0.3906307198026278,310.7142857142857,1,6,1600000,10.5,0.2,0.016154487736703905,272828.1756906533,4637154.1225229595,85514.3929338812,0.05883526155956498,11.252945986663796,0.0,118.65979830013202,0.0,63.92353503320132,0.0,10.590201699867976,4.184871544002273,357866.7495916285,905614.6694115667,1055559385.565574,0.0,15984300524.421719,369.7001274516377,0.0,369.7001274516377,4788.718038513421,5158.4181659650585,5158.4181659650585,5158.4181659650585,173.3922072593297,151.93404718663635,106.35383303064543,121.37454508153078,0.018537798724753144,1.7198990702739582e-05,5.437038226154215e-05,5.437038226154215e-05,116.34020169986798,-116.34020169986798,67.0,-67.0,0.0036428156115233244,-0.0036428156115233244,0.0063254612388067375,-0.0063254612388067375,-0.0036428156115233244,0.0036428156115233244,-0.0063254612388067375,0.0063254612388067375,0.02218061433627647,0.01489498311322982,0.024863259963559883,0.012212337485946407,0.01489498311322982,0.02218061433627647,0.012212337485946407,0.024863259963559883,0.018537798724753144,0.018537798724753144,0.018537798724753144,0.018537798724753144,0.02218061433627647,0.024863259963559883,0.018537798724753144,0.018537798724753144,1.1965074529943596,1.341219652490912,1.341219652490912,0.0,0.0,0.0,0.0,0.0,0.0,0.0,0.0,0.0,0.0,0.0,0.0,0.0,0.0,0.0,0.2,397.1145833333333,10.0,622.9248366013071,36108.927161755404,1733.922072593297,1733.922072593297,2616.2843137254904,14015.808823529413,24709.40265195148,844.7659026308198,844.7659026308198,844.7659026308198,1.3333333333333333,711.9140989729224,444.94631185807646,36108.927161755404,46.51172113289759,415.2832244008714,27081.69537131656,34.883790849673204,415.2832244008714,355.9570494864612,29.663087457205098,36570.72210728917,27917.482523510767,1250.2810976851,954.4438469576331,1250.2810976851,954.4438469576331,1250.2810976851,A,1.2161453120365564,1.4744919872688524,0.0
4,A-8.2,y,20.0,185.66666666666669,0.0,A-8.2,1,1.0,1.249215386269335,448.0625,,90,85514.3929338812,74931.55555555556,0.8762449569570333,5.549279229972823,10.0,0.5,448.0625,20.0,2486.4239249796983,124.32119624898492,2486.4239249796983,124.32119624898492,2486.4239249796983,2486.4239249796983,2486.4239249796983,144.41812994380462,124.32119624898492,101.09269096066322,87.02483737428943,310.7142857142857,6,14.0,0.32535578699983564,310.7142857142857,1,6,1600000,10.5,0.2,0.017216194500511792,144423.54986787488,4637154.1225229595,85514.3929338812,0.03114486731558054,5.905358112572,0.0,118.65979830013202,0.0,67.00686836653466,0.0,10.590201699867976,4.184871544002273,357866.7495916285,905614.6694115667,647196514.6538864,0.0,15984300524.421719,216.24424642971945,0.0,216.24424642971945,2672.1183524463727,2888.3625988760923,2888.3625988760923,2888.3625988760923,144.41812994380462,126.54565805642432,88.58196063949701,101.09269096066322,0.018537798724753144,1.7198990702739582e-05,5.437038226154215e-05,5.437038226154215e-05,116.34020169986798,-116.34020169986798,67.0,-67.0,0.0036428156115233244,-0.0036428156115233244,0.0063254612388067375,-0.0063254612388067375,-0.0036428156115233244,0.0036428156115233244,-0.0063254612388067375,0.0063254612388067375,0.02218061433627647,0.01489498311322982,0.024863259963559883,0.012212337485946407,0.01489498311322982,0.02218061433627647,0.012212337485946407,0.024863259963559883,0.018537798724753144,0.018537798724753144,0.018537798724753144,0.018537798724753144,0.02218061433627647,0.024863259963559883,0.018537798724753144,0.018537798724753144,1.1965074529943596,1.341219652490912,1.341219652490912,0.0,0.0,0.0,0.0,0.0,0.0,0.0,0.0,0.0,0.0,0.0,0.0,0.0,0.0,0.0,0.2,448.0625,10.0,1045.4791666666665,20218.538192132644,1444.1812994380462,1444.1812994380462,4391.012499999999,23523.28125,1086.269442132645,55.70612523757154,55.70612523757154,55.70612523757154,1.3333333333333333,1194.8333333333333,746.7708333333333,20218.538192132644,78.06244444444442,696.986111111111,15163.903644099484,58.54683333333333,696.986111111111,597.4166666666666,49.784722222222214,20993.586747688198,16566.63797743282,1076.5941921891383,849.5711783298882,1076.5941921891383,849.5711783298882,1076.5941921891383,D,2.5527504039296134,2.5527504039296134,0.0
4,A-8.9,y,29.75,203.58333333333334,0.0,A-8.9,1,1.0,1.249215386269335,1352.5625,,90,85514.3929338812,74931.55555555556,0.8762449569570333,5.549279229972823,10.0,0.33613445378151263,1352.5625,29.75,7505.746988490117,252.29401641983586,7505.746988490117,252.29401641983586,7505.746988490117,7505.746988490117,7505.746988490117,252.29401641983586,252.29401641983586,176.60581149388508,176.60581149388508,310.7142857142857,6,14.0,0.5683865197504347,310.7142857142857,1,6,1600000,10.5,0.2,0.020956268506275858,358162.3792538419,4637154.1225229595,85514.3929338812,0.07723754048074959,14.90520950225737,0.0,118.65979830013202,0.0,84.92353503320132,0.0,10.590201699867976,4.184871544002273,357866.7495916285,905614.6694115667,2583069515.590961,0.0,15984300524.421719,680.9821726791599,0.0,680.9821726791599,6639.542097386422,7320.524270065582,7505.746988490117,7505.746988490117,252.29401641983586,221.07135955831612,154.74995169082126,176.60581149388508,0.018537798724753144,1.7198990702739582e-05,5.437038226154215e-05,5.437038226154215e-05,116.34020169986798,-116.34020169986798,67.0,-67.0,0.0036428156115233244,-0.0036428156115233244,0.0063254612388067375,-0.0063254612388067375,-0.0036428156115233244,0.0036428156115233244,-0.0063254612388067375,0.0063254612388067375,0.02218061433627647,0.01489498311322982,0.024863259963559883,0.012212337485946407,0.01489498311322982,0.02218061433627647,0.012212337485946407,0.024863259963559883,0.018537798724753144,0.018537798724753144,0.018537798724753144,0.018537798724753144,0.02218061433627647,0.024863259963559883,0.018537798724753144,0.018537798724753144,1.1965074529943596,1.341219652490912,1.341219652490912,0.0,0.0,0.0,0.0,0.0,0.0,0.0,0.0,0.0,0.0,0.0,0.0,0.0,0.0,0.0,0.2,676.28125,10.0,1060.8333333333333,52540.22891943081,2522.940164198358,2522.940164198358,4455.5,23868.75,33126.97891943081,1132.5462878437884,1132.5462878437884,1132.5462878437884,1.3333333333333333,1212.3809523809523,757.7380952380952,52540.22891943081,79.20888888888888,707.2222222222222,39405.171689573115,59.40666666666667,707.2222222222222,606.1904761904761,50.51587301587301,53326.66003054192,40828.50692766835,1823.1336762578435,1395.8463906895163,1823.1336762578435,1395.8463906895163,1823.1336762578435,D,2.5527504039296134,2.5527504039296134,0.0
4,A-9,y,29.75,203.91666666666669,0.0,A-9,1,1.0,1.249215386269335,1231.125,,90,85514.3929338812,74931.55555555556,0.8762449569570333,5.549279229972823,10.0,0.33613445378151263,1231.125,29.75,6831.856392000292,229.64223166387535,6831.856392000292,229.64223166387535,6831.856392000292,6831.856392000292,6831.856392000292,239.83364507912054,229.64223166387535,167.88355155538437,160.74956216471273,310.7142857142857,6,14.0,0.5403148785690531,310.7142857142857,1,6,1600000,10.5,0.2,0.02019795925935024,338244.88426164247,4637154.1225229595,85514.3929338812,0.07294234250674676,14.546045328738078,0.0,118.65979830013202,0.0,85.25686836653466,0.0,10.590201699867976,4.184871544002273,357866.7495916285,905614.6694115667,2536501177.839969,0.0,15984300524.421719,666.0907530231397,0.0,666.0907530231397,6468.960188080697,7135.0509411038365,7135.0509411038365,7135.0509411038365,239.83364507912054,210.15302200920237,147.10711540644166,167.88355155538437,0.018537798724753144,1.7198990702739582e-05,5.437038226154215e-05,5.437038226154215e-05,116.34020169986798,-116.34020169986798,67.0,-67.0,0.0036428156115233244,-0.0036428156115233244,0.0063254612388067375,-0.0063254612388067375,-0.0036428156115233244,0.0036428156115233244,-0.0063254612388067375,0.0063254612388067375,0.02218061433627647,0.01489498311322982,0.024863259963559883,0.012212337485946407,0.01489498311322982,0.02218061433627647,0.012212337485946407,0.024863259963559883,0.018537798724753144,0.018537798724753144,0.018537798724753144,0.018537798724753144,0.02218061433627647,0.024863259963559883,0.018537798724753144,0.018537798724753144,1.1965074529943596,1.341219652490912,1.341219652490912,0.0,0.0,0.0,0.0,0.0,0.0,0.0,0.0,0.0,0.0,0.0,0.0,0.0,0.0,0.0,0.2,307.78125,10.0,482.79411764705884,49945.356587726856,2398.3364507912056,2398.3364507912056,2027.735294117647,10862.867647058825,41110.22423478568,1405.4777516166046,1405.4777516166046,1405.4777516166046,1.3333333333333333,551.7647058823529,344.85294117647055,49945.356587726856,36.04862745098039,321.8627450980392,37459.01744079514,27.036470588235296,321.8627450980392,275.88235294117646,22.99019607843137,50303.26796027588,38106.78920550103,1719.7698447957566,1302.7962121538815,1719.7698447957566,1302.7962121538815,1719.7698447957566,D,2.5527504039296134,2.5527504039296134,0.0
4,A-B--A-1,x,20.0,0.0,30.75,A-B,1,1.0,1.4585524069498017,1105.5,,0,85514.3929338812,74931.55555555556,0.8762449569570333,5.549279229972823,10.0,0.5,7705.0,128.34,42757.1964669406,333.15565269550103,42757.1964669406,333.15565269550103,6663.11305391002,6663.11305391002,6663.11305391002,355.56166340448186,333.15565269550103,248.89316438313728,233.2089568868507,310.7142857142857,6,14.0,0.801035471577913,310.7142857142857,1,6,1600000,10.5,0.2,0.030203197550672495,220609.52462835054,2751281.142509239,85514.3929338812,0.08018428986401187,0.0,2.4882147330675966,0.0,33.66056394241889,0.0,2.9105639424188894,11.75,5.046714505700727,431566.72726561,1004794.1169731041,0.0,1898057.0550151023,15984300524.421719,0.0,40.99355342260501,40.99355342260501,7070.239714667032,7111.233268089637,7111.233268089637,7111.233268089637,355.56166340448186,311.55911444543136,218.09138011180195,248.89316438313728,0.03155579784555864,1.8023330330458303e-05,6.0324818136474644e-05,6.0324818136474644e-05,235.0,-235.0,33.33943605758111,-33.33943605758111,0.0020111954169462058,-0.0020111954169462058,0.014176332262071541,-0.014176332262071541,-0.0020111954169462058,0.0020111954169462058,-0.014176332262071541,0.014176332262071541,0.03356699326250485,0.029544602428612433,0.04573213010763018,0.0173794655834871,0.029544602428612433,0.03356699326250485,0.0173794655834871,0.04573213010763018,0.03155579784555864,0.03155579784555864,0.03155579784555864,0.03155579784555864,0.03356699326250485,0.04573213010763018,0.03155579784555864,0.03155579784555864,1.0637345766628834,1.4492465166450166,1.4492465166450166,0.0,0.0,0.0,0.0,0.0,0.0,0.0,0.0,0.0,0.0,0.0,0.0,0.0,0.0,0.0,0.2,0.0,10.0,0.0,49778.63287662745,3555.616634044819,3555.616634044819,0.0,0.0,49778.63287662745,2552.750403929613,2552.750403929613,2552.750403929613,1.3333333333333333,0.0,0.0,49778.63287662745,0.0,0.0,37333.97465747059,0.0,0.0,0.0,0.0,49778.63287662745,37333.97465747059,2552.750403929613,1914.56280294721,2552.750403929613,1914.56280294721,2552.750403929613,D,2.5527504039296134,2.5527504039296134,0.0
4,A-B--A-2.5,x,13.0,0.0,30.75,A-B,1,1.0,1.4585524069498017,720.25,,0,85514.3929338812,74931.55555555556,0.8762449569570333,5.549279229972823,10.0,0.7692307692307693,7705.0,128.34,42757.1964669406,333.15565269550103,42757.1964669406,333.15565269550103,4331.023485041514,4331.023485041514,4331.023485041514,333.15565269550103,333.15565269550103,233.2089568868507,233.2089568868507,310.7142857142857,6,14.0,0.750557562394462,310.7142857142857,1,6,1600000,10.5,0.2,0.03366816508015193,128638.53657396793,2751281.142509239,85514.3929338812,0.046755867507108445,0.0,1.3846877059123115,0.0,33.66056394241889,0.0,2.9105639424188894,11.75,5.046714505700727,431566.72726561,1004794.1169731041,0.0,1089746.2427869884,15984300524.421719,0.0,23.535947300812857,23.535947300812857,4059.2916552766337,4082.8276025774467,4331.023485041514,4331.023485041514,333.15565269550103,291.9259605561616,204.3481723893131,233.2089568868507,0.03155579784555864,1.8023330330458303e-05,6.0324818136474644e-05,6.0324818136474644e-05,235.0,-235.0,33.33943605758111,-33.33943605758111,0.0020111954169462058,-0.0020111954169462058,0.014176332262071541,-0.014176332262071541,-0.0020111954169462058,0.0020111954169462058,-0.014176332262071541,0.014176332262071541,0.03356699326250485,0.029544602428612433,0.04573213010763018,0.0173794655834871,0.029544602428612433,0.03356699326250485,0.0173794655834871,0.04573213010763018,0.03155579784555864,0.03155579784555864,0.03155579784555864,0.03155579784555864,0.03356699326250485,0.04573213010763018,0.03155579784555864,0.03155579784555864,1.0637345766628834,1.4492465166450166,1.4492465166450166,0.0,0.0,0.0,0.0,0.0,0.0,0.0,0.0,0.0,0.0,0.0,0.0,0.0,0.0,0.0,0.2,0.0,10.0,0.0,30317.164395290594,3331.5565269550107,3331.5565269550107,0.0,0.0,30317.164395290594,2425.3731516232474,2425.3731516232474,2425.3731516232474,1.3333333333333333,0.0,0.0,30317.164395290594,0.0,0.0,22737.873296467948,0.0,0.0,0.0,0.0,30317.164395290594,22737.873296467948,2425.3731516232474,1819.0298637174358,2425.3731516232474,1819.0298637174358,2425.3731516232474,D,2.5527504039296134,2.5527504039296134,0.0
4,A-B--A-3.5,x,9.0,0.0,30.75,A-B,1,1.0,1.4585524069498017,561.125,,0,85514.3929338812,74931.55555555556,0.8762449569570333,5.549279229972823,10.0,1.1111111111111112,7705.0,128.34,42757.1964669406,333.15565269550103,42757.1964669406,333.15565269550103,2998.4008742595092,2998.4008742595092,2998.4008742595092,333.15565269550103,333.15565269550103,233.2089568868507,233.2089568868507,310.7142857142857,6,14.0,0.750557562394462,310.7142857142857,1,6,1600000,10.5,0.2,0.0398181523989628,75302.36069762023,2751281.142509239,85514.3929338812,0.027369925789896755,0.0,0.8105677805516168,0.0,33.66056394241889,0.0,2.9105639424188894,11.75,5.046714505700727,431566.72726561,1004794.1169731041,0.0,637915.097829467,15984300524.421719,0.0,13.77746078436535,13.77746078436535,2376.226071467444,2390.0035322518092,2998.4008742595092,2998.4008742595092,333.15565269550103,291.9259605561616,204.3481723893131,233.2089568868507,0.03155579784555864,1.8023330330458303e-05,6.0324818136474644e-05,6.0324818136474644e-05,235.0,-235.0,33.33943605758111,-33.33943605758111,0.0020111954169462058,-0.0020111954169462058,0.014176332262071541,-0.014176332262071541,-0.0020111954169462058,0.0020111954169462058,-0.014176332262071541,0.014176332262071541,0.03356699326250485,0.029544602428612433,0.04573213010763018,0.0173794655834871,0.029544602428612433,0.03356699326250485,0.0173794655834871,0.04573213010763018,0.03155579784555864,0.03155579784555864,0.03155579784555864,0.03155579784555864,0.03356699326250485,0.04573213010763018,0.03155579784555864,0.03155579784555864,1.0637345766628834,1.4492465166450166,1.4492465166450166,0.0,0.0,0.0,0.0,0.0,0.0,0.0,0.0,0.0,0.0,0.0,0.0,0.0,0.0,0.0,0.2,0.0,9.0,0.0,20988.806119816563,3331.55652695501,3331.55652695501,0.0,0.0,20988.806119816563,2469.2713082137134,2469.2713082137134,2469.2713082137134,1.3333333333333333,0.0,0.0,20988.806119816563,0.0,0.0,15741.604589862425,0.0,0.0,0.0,0.0,20988.806119816563,15741.604589862425,2469.2713082137134,1851.9534811602853,2469.2713082137134,1851.9534811602853,2469.2713082137134,D,2.5527504039296134,2.5527504039296134,0.0
4,A-B--A-4,x,12.0,0.0,30.75,A-B,1,1.0,1.4585524069498017,653.25,,0,85514.3929338812,74931.55555555556,0.8762449569570333,5.549279229972823,10.0,0.8333333333333334,7705.0,128.34,42757.1964669406,333.15565269550103,42757.1964669406,333.15565269550103,3997.8678323460126,3997.8678323460126,3997.8678323460126,333.15565269550103,333.15565269550103,233.2089568868507,233.2089568868507,310.7142857142857,6,14.0,0.750557562394462,310.7142857142857,1,6,1600000,10.5,0.2,0.03482128770242896,114811.02785486997,2751281.142509239,85514.3929338812,0.041730023908119904,0.0,1.2358459836985274,0.0,33.66056394241889,0.0,2.9105639424188894,11.75,5.046714505700727,431566.72726561,1004794.1169731041,0.0,972608.1279183008,15984300524.421719,0.0,21.00604043789478,21.00604043789478,3622.953585429079,3643.9596258669735,3997.8678323460126,3997.8678323460126,333.15565269550103,291.9259605561616,204.3481723893131,233.2089568868507,0.03155579784555864,1.8023330330458303e-05,6.0324818136474644e-05,6.0324818136474644e-05,235.0,-235.0,33.33943605758111,-33.33943605758111,0.0020111954169462058,-0.0020111954169462058,0.014176332262071541,-0.014176332262071541,-0.0020111954169462058,0.0020111954169462058,-0.014176332262071541,0.014176332262071541,0.03356699326250485,0.029544602428612433,0.04573213010763018,0.0173794655834871,0.029544602428612433,0.03356699326250485,0.0173794655834871,0.04573213010763018,0.03155579784555864,0.03155579784555864,0.03155579784555864,0.03155579784555864,0.03356699326250485,0.04573213010763018,0.03155579784555864,0.03155579784555864,1.0637345766628834,1.4492465166450166,1.4492465166450166,0.0,0.0,0.0,0.0,0.0,0.0,0.0,0.0,0.0,0.0,0.0,0.0,0.0,0.0,0.0,0.2,0.0,10.0,0.0,27985.07482642209,3331.55652695501,3331.55652695501,0.0,0.0,27985.07482642209,2433.4847675149645,2433.4847675149645,2433.4847675149645,1.3333333333333333,0.0,0.0,27985.07482642209,0.0,0.0,20988.806119816567,0.0,0.0,0.0,0.0,27985.07482642209,20988.806119816567,2433.4847675149645,1825.1135756362232,2433.4847675149645,1825.1135756362232,2433.4847675149645,D,2.5527504039296134,2.5527504039296134,0.0
4,A-B--A-4.8,x,10.67,0.0,30.75,A-B,1,1.0,1.4585524069498017,536.0,,0,85514.3929338812,74931.55555555556,0.8762449569570333,5.549279229972823,10.0,0.9372071227741331,7705.0,128.34,42757.1964669406,333.15565269550103,42757.1964669406,333.15565269550103,3554.770814260996,3554.770814260996,3554.770814260996,333.15565269550103,333.15565269550103,233.2089568868507,233.2089568868507,310.7142857142857,6,14.0,0.750557562394462,310.7142857142857,1,6,1600000,10.5,0.2,0.03668984347929589,96887.05312321532,2751281.142509239,85514.3929338812,0.035215249952555504,0.0,1.0429091848743741,0.0,33.66056394241889,0.0,2.9105639424188894,11.75,5.046714505700727,431566.72726561,1004794.1169731041,0.0,820767.2827109377,15984300524.421719,0.0,17.72663648989701,17.72663648989701,3057.348262208083,3075.0748986979797,3554.770814260996,3554.770814260996,333.15565269550103,291.9259605561616,204.3481723893131,233.2089568868507,0.03155579784555864,1.8023330330458303e-05,6.0324818136474644e-05,6.0324818136474644e-05,235.0,-235.0,33.33943605758111,-33.33943605758111,0.0020111954169462058,-0.0020111954169462058,0.014176332262071541,-0.014176332262071541,-0.0020111954169462058,0.0020111954169462058,-0.014176332262071541,0.014176332262071541,0.03356699326250485,0.029544602428612433,0.04573213010763018,0.0173794655834871,0.029544602428612433,0.03356699326250485,0.0173794655834871,0.04573213010763018,0.03155579784555864,0.03155579784555864,0.03155579784555864,0.03155579784555864,0.03356699326250485,0.04573213010763018,0.03155579784555864,0.03155579784555864,1.0637345766628834,1.4492465166450166,1.4492465166450166,0.0,0.0,0.0,0.0,0.0,0.0,0.0,0.0,0.0,0.0,0.0,0.0,0.0,0.0,0.0,0.2,0.0,10.0,0.0,24883.39569982697,3331.5565269550107,3331.5565269550107,0.0,0.0,24883.39569982697,2446.74490657099,2446.74490657099,2446.74490657099,1.3333333333333333,0.0,0.0,24883.39569982697,0.0,0.0,18662.54677487023,0.0,0.0,0.0,0.0,24883.39569982697,18662.54677487023,2446.74490657099,1835.0586799282428,2446.74490657099,1835.0586799282428,2446.74490657099,E,2.578408295421367,2.578408295421367,0.0
4,A-B--A-5.5,x,29.0,0.0,30.75,A-B,1,1.0,1.4585524069498017,1139.0,,0,85514.3929338812,74931.55555555556,0.8762449569570333,5.549279229972823,10.0,0.3448275862068966,7705.0,128.34,42757.1964669406,333.15565269550103,42757.1964669406,333.15565269550103,9661.51392816953,9661.51392816953,9661.51392816953,361.99328285472393,333.15565269550103,253.39529799830675,233.2089568868507,310.7142857142857,6,14.0,0.8155250970060447,310.7142857142857,1,6,1600000,10.5,0.2,0.027789684027141777,347665.48330428195,2751281.142509239,85514.3929338812,0.12636494247447286,0.0,3.9947542380777232,0.0,33.66056394241889,0.0,2.9105639424188894,11.75,5.046714505700727,431566.72726561,1004794.1169731041,0.0,2801965.9145110385,15984300524.421719,0.0,60.51585177660144,60.51585177660144,10437.289351010393,10497.805202786994,10497.805202786994,10497.805202786994,361.99328285472393,317.19478855377275,222.03635198764093,253.39529799830675,0.03155579784555864,1.8023330330458303e-05,6.0324818136474644e-05,6.0324818136474644e-05,235.0,-235.0,33.33943605758111,-33.33943605758111,0.0020111954169462058,-0.0020111954169462058,0.014176332262071541,-0.014176332262071541,-0.0020111954169462058,0.0020111954169462058,-0.014176332262071541,0.014176332262071541,0.03356699326250485,0.029544602428612433,0.04573213010763018,0.0173794655834871,0.029544602428612433,0.03356699326250485,0.0173794655834871,0.04573213010763018,0.03155579784555864,0.03155579784555864,0.03155579784555864,0.03155579784555864,0.03356699326250485,0.04573213010763018,0.03155579784555864,0.03155579784555864,1.0637345766628834,1.4492465166450166,1.4492465166450166,0.0,0.0,0.0,0.0,0.0,0.0,0.0,0.0,0.0,0.0,0.0,0.0,0.0,0.0,0.0,0.2,0.0,10.0,0.0,73484.63641950896,3619.9328285472393,3619.9328285472393,0.0,0.0,73484.63641950896,2578.408295421367,2578.408295421367,2578.408295421367,1.3333333333333333,0.0,0.0,73484.63641950896,0.0,0.0,55113.47731463173,0.0,0.0,0.0,0.0,73484.63641950896,55113.47731463173,2578.408295421367,1933.8062215660257,2578.408295421367,1933.8062215660257,2578.408295421367,E,2.578408295421367,2.578408295421367,0.0
4,A-B--A-6.5,x,13.0,0.0,30.75,A-B,1,1.0,1.4585524069498017,963.125,,0,85514.3929338812,74931.55555555556,0.8762449569570333,5.549279229972823,10.0,0.7692307692307693,7705.0,128.34,42757.1964669406,333.15565269550103,42757.1964669406,333.15565269550103,4331.023485041514,4331.023485041514,4331.023485041514,333.15565269550103,333.15565269550103,233.2089568868507,233.2089568868507,310.7142857142857,6,14.0,0.750557562394462,310.7142857142857,1,6,1600000,10.5,0.2,0.03366816508015193,128638.53657396793,2751281.142509239,85514.3929338812,0.046755867507108445,0.0,1.3846877059123115,0.0,33.66056394241889,0.0,2.9105639424188894,11.75,5.046714505700727,431566.72726561,1004794.1169731041,0.0,1089746.2427869884,15984300524.421719,0.0,23.535947300812857,23.535947300812857,4059.2916552766337,4082.8276025774467,4331.023485041514,4331.023485041514,333.15565269550103,291.9259605561616,204.3481723893131,233.2089568868507,0.03155579784555864,1.8023330330458303e-05,6.0324818136474644e-05,6.0324818136474644e-05,235.0,-235.0,33.33943605758111,-33.33943605758111,0.0020111954169462058,-0.0020111954169462058,0.014176332262071541,-0.014176332262071541,-0.0020111954169462058,0.0020111954169462058,-0.014176332262071541,0.014176332262071541,0.03356699326250485,0.029544602428612433,0.04573213010763018,0.0173794655834871,0.029544602428612433,0.03356699326250485,0.0173794655834871,0.04573213010763018,0.03155579784555864,0.03155579784555864,0.03155579784555864,0.03155579784555864,0.03356699326250485,0.04573213010763018,0.03155579784555864,0.03155579784555864,1.0637345766628834,1.4492465166450166,1.4492465166450166,0.0,0.0,0.0,0.0,0.0,0.0,0.0,0.0,0.0,0.0,0.0,0.0,0.0,0.0,0.0,0.2,0.0,10.0,0.0,30317.164395290594,3331.5565269550107,3331.5565269550107,0.0,0.0,30317.164395290594,2425.3731516232474,2425.3731516232474,2425.3731516232474,1.3333333333333333,0.0,0.0,30317.164395290594,0.0,0.0,22737.873296467948,0.0,0.0,0.0,0.0,30317.164395290594,22737.873296467948,2425.3731516232474,1819.0298637174358,2425.3731516232474,1819.0298637174358,2425.3731516232474,E,2.578408295421367,2.578408295421367,0.0
4,A-B--A-7.9,x,11.67,0.0,30.75,A-B,1,1.0,1.4585524069498017,938.0,,0,85514.3929338812,74931.55555555556,0.8762449569570333,5.549279229972823,10.0,0.856898029134533,7705.0,128.34,42757.1964669406,333.15565269550103,42757.1964669406,333.15565269550103,3887.926466956497,3887.926466956497,3887.926466956497,333.15565269550103,333.15565269550103,233.2089568868507,233.2089568868507,310.7142857142857,6,14.0,0.750557562394462,310.7142857142857,1,6,1600000,10.5,0.2,0.03524518624994983,110310.85037781666,2751281.142509239,85514.3929338812,0.040094357742448065,0.0,1.1874052862772213,0.0,33.66056394241889,0.0,2.9105639424188894,11.75,5.046714505700727,431566.72726561,1004794.1169731041,0.0,934485.4033592134,15984300524.421719,0.0,20.18267954803166,20.18267954803166,3480.9468946940488,3501.1295742420803,3887.926466956497,3887.926466956497,333.15565269550103,291.9259605561616,204.3481723893131,233.2089568868507,0.03155579784555864,1.8023330330458303e-05,6.0324818136474644e-05,6.0324818136474644e-05,235.0,-235.0,33.33943605758111,-33.33943605758111,0.0020111954169462058,-0.0020111954169462058,0.014176332262071541,-0.014176332262071541,-0.0020111954169462058,0.0020111954169462058,-0.014176332262071541,0.014176332262071541,0.03356699326250485,0.029544602428612433,0.04573213010763018,0.0173794655834871,0.029544602428612433,0.03356699326250485,0.0173794655834871,0.04573213010763018,0.03155579784555864,0.03155579784555864,0.03155579784555864,0.03155579784555864,0.03356699326250485,0.04573213010763018,0.03155579784555864,0.03155579784555864,1.0637345766628834,1.4492465166450166,1.4492465166450166,0.0,0.0,0.0,0.0,0.0,0.0,0.0,0.0,0.0,0.0,0.0,0.0,0.0,0.0,0.0,0.2,0.0,10.0,0.0,27215.485268695476,3331.55652695501,3331.55652695501,0.0,0.0,27215.485268695476,2436.4803284418513,2436.4803284418513,2436.4803284418513,1.3333333333333333,0.0,0.0,27215.485268695476,0.0,0.0,20411.61395152161,0.0,0.0,0.0,0.0,27215.485268695476,20411.61395152161,2436.4803284418513,1827.3602463313885,2436.4803284418513,1827.3602463313885,2436.4803284418513,E,2.578408295421367,2.578408295421367,0.0
4,A-B--A-8.8,x,10.0,0.0,30.75,A-B,1,1.0,1.4585524069498017,1088.75,,0,85514.3929338812,74931.55555555556,0.8762449569570333,5.549279229972823,10.0,1.0,7705.0,128.34,42757.1964669406,333.15565269550103,42757.1964669406,333.15565269550103,3331.55652695501,3331.55652695501,3331.55652695501,333.15565269550103,333.15565269550103,233.2089568868507,233.2089568868507,310.7142857142857,6,14.0,0.750557562394462,310.7142857142857,1,6,1600000,10.5,0.2,0.03781940652034927,88091.19003923076,2751281.142509239,85514.3929338812,0.0320182436749773,0.0,0.9482289762863508,0.0,33.66056394241889,0.0,2.9105639424188894,11.75,5.046714505700727,431566.72726561,1004794.1169731041,0.0,746254.1624351223,15984300524.421719,0.0,16.117328925279402,16.117328925279402,2779.7877848526546,2795.905113777934,3331.55652695501,3331.55652695501,333.15565269550103,291.9259605561616,204.3481723893131,233.2089568868507,0.03155579784555864,1.8023330330458303e-05,6.0324818136474644e-05,6.0324818136474644e-05,235.0,-235.0,33.33943605758111,-33.33943605758111,0.0020111954169462058,-0.0020111954169462058,0.014176332262071541,-0.014176332262071541,-0.0020111954169462058,0.0020111954169462058,-0.014176332262071541,0.014176332262071541,0.03356699326250485,0.029544602428612433,0.04573213010763018,0.0173794655834871,0.029544602428612433,0.03356699326250485,0.0173794655834871,0.04573213010763018,0.03155579784555864,0.03155579784555864,0.03155579784555864,0.03155579784555864,0.03356699326250485,0.04573213010763018,0.03155579784555864,0.03155579784555864,1.0637345766628834,1.4492465166450166,1.4492465166450166,0.0,0.0,0.0,0.0,0.0,0.0,0.0,0.0,0.0,0.0,0.0,0.0,0.0,0.0,0.0,0.2,0.0,10.0,0.0,23320.89568868507,3331.5565269550107,3331.5565269550107,0.0,0.0,23320.89568868507,2454.831125124744,2454.831125124744,2454.831125124744,1.3333333333333333,0.0,0.0,23320.89568868507,0.0,0.0,17490.671766513802,0.0,0.0,0.0,0.0,23320.89568868507,17490.671766513802,2454.831125124744,1841.1233438435581,2454.831125124744,1841.1233438435581,2454.831125124744,E,2.578408295421367,2.578408295421367,0.0
4,A-C--A-1.8,x,16.0,0.0,36.25,A-C,1,1.0,1.4585524069498017,1563.4450000000002,,0,85514.3929338812,74931.55555555556,0.8762449569570333,5.549279229972823,10.0,0.625,7705.0,144.34,42757.1964669406,296.2255540178786,42757.1964669406,296.2255540178786,4739.608864286058,4739.608864286058,4739.608864286058,317.2357929709297,296.2255540178786,222.0650550796508,207.357887812515,310.7142857142857,6,14.0,0.7146921312908301,310.7142857142857,1,6,1600000,10.5,0.2,0.030086544703058635,157532.50867003758,2751281.142509239,85514.3929338812,0.05725787388138891,0.0,2.0894770766575665,0.0,33.66056394241889,0.0,2.5894360575811106,11.75,4.7255866208629485,404105.67113956605,1004794.1169731041,0.0,1072997.978562743,15984300524.421719,0.0,26.048166545291043,26.048166545291043,5049.724520989585,5075.772687534875,5075.772687534875,5075.772687534875,317.2357929709297,277.97626375704266,194.58338462992984,222.0650550796508,0.03155579784555864,1.6374651075020875e-05,6.0324818136474644e-05,6.0324818136474644e-05,235.0,-235.0,33.33943605758111,-33.33943605758111,0.0020111954169462058,-0.0020111954169462058,0.014176332262071541,-0.014176332262071541,-0.0020111954169462058,0.0020111954169462058,-0.014176332262071541,0.014176332262071541,0.03356699326250485,0.029544602428612433,0.04573213010763018,0.0173794655834871,0.029544602428612433,0.03356699326250485,0.0173794655834871,0.04573213010763018,0.03155579784555864,0.03155579784555864,0.03155579784555864,0.03155579784555864,0.03356699326250485,0.04573213010763018,0.03155579784555864,0.03155579784555864,1.0637345766628834,1.4492465166450166,1.4492465166450166,0.0,0.0,0.0,0.0,0.0,0.0,0.0,0.0,0.0,0.0,0.0,0.0,0.0,0.0,0.0,0.2,0.0,10.0,0.0,35530.40881274413,3172.357929709297,3172.357929709297,0.0,0.0,35530.40881274413,2292.2844395318793,2292.2844395318793,2292.2844395318793,1.3333333333333333,0.0,0.0,35530.40881274413,0.0,0.0,26647.806609558098,0.0,0.0,0.0,0.0,35530.40881274413,26647.806609558098,2292.2844395318793,1719.2133296489096,2292.2844395318793,1719.2133296489096,2292.2844395318793,E,2.578408295421367,2.578408295421367,0.0
4,A-C--A-3.2,x,9.34,0.0,36.25,A-C,1,1.0,1.4585524069498017,469.0,,0,85514.3929338812,74931.55555555556,0.8762449569570333,5.549279229972823,10.0,1.0706638115631693,7705.0,144.34,42757.1964669406,296.2255540178786,42757.1964669406,296.2255540178786,2766.746674526986,2766.746674526986,2766.746674526986,296.2255540178786,296.2255540178786,207.357887812515,207.357887812515,310.7142857142857,6,14.0,0.6673587193966,310.7142857142857,1,6,1600000,10.5,0.2,0.036735433728494776,75315.47592375067,2751281.142509239,85514.3929338812,0.027374692742254986,0.0,0.9557138089042552,0.0,33.66056394241889,0.0,2.5894360575811106,11.75,4.7255866208629485,404105.67113956605,1004794.1169731041,0.0,505003.7547919096,15984300524.421719,0.0,12.259502975426885,12.259502975426885,2376.639932891915,2388.899435867342,2766.746674526986,2766.746674526986,296.2255540178786,259.5661478299694,181.69630348097857,207.357887812515,0.03155579784555864,1.6374651075020875e-05,6.0324818136474644e-05,6.0324818136474644e-05,235.0,-235.0,33.33943605758111,-33.33943605758111,0.0020111954169462058,-0.0020111954169462058,0.014176332262071541,-0.014176332262071541,-0.0020111954169462058,0.0020111954169462058,-0.014176332262071541,0.014176332262071541,0.03356699326250485,0.029544602428612433,0.04573213010763018,0.0173794655834871,0.029544602428612433,0.03356699326250485,0.0173794655834871,0.04573213010763018,0.03155579784555864,0.03155579784555864,0.03155579784555864,0.03155579784555864,0.03356699326250485,0.04573213010763018,0.03155579784555864,0.03155579784555864,1.0637345766628834,1.4492465166450166,1.4492465166450166,0.0,0.0,0.0,0.0,0.0,0.0,0.0,0.0,0.0,0.0,0.0,0.0,0.0,0.0,0.0,0.2,0.0,9.34,0.0,19367.2267216889,2962.2555401787863,2962.2555401787863,0.0,0.0,19367.2267216889,2190.862751322274,2190.862751322274,2190.862751322274,1.3333333333333333,0.0,0.0,19367.2267216889,0.0,0.0,14525.420041266678,0.0,0.0,0.0,0.0,19367.2267216889,14525.420041266678,2190.862751322274,1643.1470634917057,2190.862751322274,1643.1470634917057,2190.862751322274,E,2.578408295421367,2.578408295421367,0.0
4,A-C--A-3.8,x,16.75,0.0,36.25,A-C,1,1.0,1.4585524069498017,720.25,,0,85514.3929338812,74931.55555555556,0.8762449569570333,5.549279229972823,10.0,0.5970149253731343,7705.0,144.34,42757.1964669406,296.2255540178786,42757.1964669406,296.2255540178786,4961.778029799467,4961.778029799467,4961.778029799467,318.985393654114,296.2255540178786,223.28977555787978,207.357887812515,310.7142857142857,6,14.0,0.7186337604161648,310.7142857142857,1,6,1600000,10.5,0.2,0.029693185049073034,167101.5763919999,2751281.142509239,85514.3929338812,0.06073591455637245,0.0,2.226036468042427,0.0,33.66056394241889,0.0,2.5894360575811106,11.75,4.7255866208629485,404105.67113956605,1004794.1169731041,0.0,1129489.8897513952,15984300524.421719,0.0,27.419567741288507,27.419567741288507,5315.585775965121,5343.005343706409,5343.005343706409,5343.005343706409,318.985393654114,279.5093425323714,195.65653977265998,223.28977555787978,0.03155579784555864,1.6374651075020875e-05,6.0324818136474644e-05,6.0324818136474644e-05,235.0,-235.0,33.33943605758111,-33.33943605758111,0.0020111954169462058,-0.0020111954169462058,0.014176332262071541,-0.014176332262071541,-0.0020111954169462058,0.0020111954169462058,-0.014176332262071541,0.014176332262071541,0.03356699326250485,0.029544602428612433,0.04573213010763018,0.0173794655834871,0.029544602428612433,0.03356699326250485,0.0173794655834871,0.04573213010763018,0.03155579784555864,0.03155579784555864,0.03155579784555864,0.03155579784555864,0.03356699326250485,0.04573213010763018,0.03155579784555864,0.03155579784555864,1.0637345766628834,1.4492465166450166,1.4492465166450166,0.0,0.0,0.0,0.0,0.0,0.0,0.0,0.0,0.0,0.0,0.0,0.0,0.0,0.0,0.0,0.2,0.0,10.0,0.0,37401.03740594486,3189.85393654114,3189.85393654114,0.0,0.0,37401.03740594486,2301.602301904299,2301.602301904299,2301.602301904299,1.3333333333333333,0.0,0.0,37401.03740594486,0.0,0.0,28050.778054458646,0.0,0.0,0.0,0.0,37401.03740594486,28050.778054458646,2301.602301904299,1726.2017264282244,2301.602301904299,1726.2017264282244,2301.602301904299,C,2.342611474049417,2.342611474049417,0.0
4,A-C--A-4.6,x,16.0,0.0,36.25,A-C,1,1.0,1.4585524069498017,971.5,,0,85514.3929338812,74931.55555555556,0.8762449569570333,5.549279229972823,10.0,0.625,7705.0,144.34,42757.1964669406,296.2255540178786,42757.1964669406,296.2255540178786,4739.608864286058,4739.608864286058,4739.608864286058,317.2357929709297,296.2255540178786,222.0650550796508,207.357887812515,310.7142857142857,6,14.0,0.7146921312908301,310.7142857142857,1,6,1600000,10.5,0.2,0.030086544703058635,157532.50867003758,2751281.142509239,85514.3929338812,0.05725787388138891,0.0,2.0894770766575665,0.0,33.66056394241889,0.0,2.5894360575811106,11.75,4.7255866208629485,404105.67113956605,1004794.1169731041,0.0,1072997.978562743,15984300524.421719,0.0,26.048166545291043,26.048166545291043,5049.724520989585,5075.772687534875,5075.772687534875,5075.772687534875,317.2357929709297,277.97626375704266,194.58338462992984,222.0650550796508,0.03155579784555864,1.6374651075020875e-05,6.0324818136474644e-05,6.0324818136474644e-05,235.0,-235.0,33.33943605758111,-33.33943605758111,0.0020111954169462058,-0.0020111954169462058,0.014176332262071541,-0.014176332262071541,-0.0020111954169462058,0.0020111954169462058,-0.014176332262071541,0.014176332262071541,0.03356699326250485,0.029544602428612433,0.04573213010763018,0.0173794655834871,0.029544602428612433,0.03356699326250485,0.0173794655834871,0.04573213010763018,0.03155579784555864,0.03155579784555864,0.03155579784555864,0.03155579784555864,0.03356699326250485,0.04573213010763018,0.03155579784555864,0.03155579784555864,1.0637345766628834,1.4492465166450166,1.4492465166450166,0.0,0.0,0.0,0.0,0.0,0.0,0.0,0.0,0.0,0.0,0.0,0.0,0.0,0.0,0.0,0.2,0.0,10.0,0.0,35530.40881274413,3172.357929709297,3172.357929709297,0.0,0.0,35530.40881274413,2292.2844395318793,2292.2844395318793,2292.2844395318793,1.3333333333333333,0.0,0.0,35530.40881274413,0.0,0.0,26647.806609558098,0.0,0.0,0.0,0.0,35530.40881274413,26647.806609558098,2292.2844395318793,1719.2133296489096,2292.2844395318793,1719.2133296489096,2292.2844395318793,C,2.342611474049417,2.342611474049417,0.0
4,A-C--A-5.5,x,15.0,0.0,36.25,A-C,1,1.0,1.4585524069498017,681.055,,0,85514.3929338812,74931.55555555556,0.8762449569570333,5.549279229972823,10.0,0.6666666666666666,7705.0,144.34,42757.1964669406,296.2255540178786,42757.1964669406,296.2255540178786,4443.383310268179,4443.383310268179,4443.383310268179,314.4655044443544,296.2255540178786,220.12585311104806,207.357887812515,310.7142857142857,6,14.0,0.7084510215068213,310.7142857142857,1,6,1600000,10.5,0.2,0.030661215223392397,144918.69542333676,2751281.142509239,85514.3929338812,0.05267316857744578,0.0,1.9095648587805398,0.0,33.66056394241889,0.0,2.5894360575811106,11.75,4.7255866208629485,404105.67113956605,1004794.1169731041,0.0,997151.1867300905,15984300524.421719,0.0,24.206905047082707,24.206905047082707,4692.775661618233,4716.982566665316,4716.982566665316,4716.982566665316,314.4655044443544,275.5488124063151,192.88416868442056,220.12585311104806,0.03155579784555864,1.6374651075020875e-05,6.0324818136474644e-05,6.0324818136474644e-05,235.0,-235.0,33.33943605758111,-33.33943605758111,0.0020111954169462058,-0.0020111954169462058,0.014176332262071541,-0.014176332262071541,-0.0020111954169462058,0.0020111954169462058,-0.014176332262071541,0.014176332262071541,0.03356699326250485,0.029544602428612433,0.04573213010763018,0.0173794655834871,0.029544602428612433,0.03356699326250485,0.0173794655834871,0.04573213010763018,0.03155579784555864,0.03155579784555864,0.03155579784555864,0.03155579784555864,0.03356699326250485,0.04573213010763018,0.03155579784555864,0.03155579784555864,1.0637345766628834,1.4492465166450166,1.4492465166450166,0.0,0.0,0.0,0.0,0.0,0.0,0.0,0.0,0.0,0.0,0.0,0.0,0.0,0.0,0.0,0.2,0.0,10.0,0.0,33018.87796665721,3144.655044443544,3144.655044443544,0.0,0.0,33018.87796665721,2277.163997700497,2277.163997700497,2277.163997700497,1.3333333333333333,0.0,0.0,33018.87796665721,0.0,0.0,24764.15847499291,0.0,0.0,0.0,0.0,33018.87796665721,24764.15847499291,2277.163997700497,1707.872998275373,2277.163997700497,1707.872998275373,2277.163997700497,C,2.342611474049417,2.342611474049417,0.0
4,A-C--A-6.5,x,26.0,0.0,36.25,A-C,1,1.0,1.4585524069498017,1021.75,,0,85514.3929338812,74931.55555555556,0.8762449569570333,5.549279229972823,10.0,0.38461538461538464,7705.0,144.34,42757.1964669406,296.2255540178786,42757.1964669406,296.2255540178786,7701.864404464844,7701.864404464844,7701.864404464844,328.2230361992315,296.2255540178786,229.75612533946205,207.357887812515,310.7142857142857,6,14.0,0.7394450010925215,310.7142857142857,1,6,1600000,10.5,0.2,0.02644829280825589,291204.595332546,2751281.142509239,85514.3929338812,0.10584327091594861,0.0,3.9899257763946494,0.0,33.66056394241889,0.0,2.5894360575811106,11.75,4.7255866208629485,404105.67113956605,1004794.1169731041,0.0,1804010.8525415757,15984300524.421719,0.0,43.79428114064025,43.79428114064025,8490.004660039378,8533.798941180019,8533.798941180019,8533.798941180019,328.2230361992315,287.6037802267024,201.32264615869167,229.75612533946205,0.03155579784555864,1.6374651075020875e-05,6.0324818136474644e-05,6.0324818136474644e-05,235.0,-235.0,33.33943605758111,-33.33943605758111,0.0020111954169462058,-0.0020111954169462058,0.014176332262071541,-0.014176332262071541,-0.0020111954169462058,0.0020111954169462058,-0.014176332262071541,0.014176332262071541,0.03356699326250485,0.029544602428612433,0.04573213010763018,0.0173794655834871,0.029544602428612433,0.03356699326250485,0.0173794655834871,0.04573213010763018,0.03155579784555864,0.03155579784555864,0.03155579784555864,0.03155579784555864,0.03356699326250485,0.04573213010763018,0.03155579784555864,0.03155579784555864,1.0637345766628834,1.4492465166450166,1.4492465166450166,0.0,0.0,0.0,0.0,0.0,0.0,0.0,0.0,0.0,0.0,0.0,0.0,0.0,0.0,0.0,0.2,0.0,10.0,0.0,59736.59258826013,3282.2303619923155,3282.2303619923155,0.0,0.0,59736.59258826013,2342.6114740494168,2342.6114740494168,2342.6114740494168,1.3333333333333333,0.0,0.0,59736.59258826013,0.0,0.0,44802.444441195104,0.0,0.0,0.0,0.0,59736.59258826013,44802.444441195104,2342.6114740494168,1756.958605537063,2342.6114740494168,1756.958605537063,2342.6114740494168,C,2.342611474049417,2.342611474049417,0.0
4,A-C--A-6.9,x,11.5,0.0,36.25,A-C,1,1.0,1.4585524069498017,536.0,,0,85514.3929338812,74931.55555555556,0.8762449569570333,5.549279229972823,10.0,0.8695652173913043,7705.0,144.34,42757.1964669406,296.2255540178786,42757.1964669406,296.2255540178786,3406.593871205604,3406.593871205604,3406.593871205604,296.2255540178786,296.2255540178786,207.357887812515,207.357887812515,310.7142857142857,6,14.0,0.6673587193966,310.7142857142857,1,6,1600000,10.5,0.2,0.03314739945074632,102771.07488530004,2751281.142509239,85514.3929338812,0.03735389789775181,0.0,1.3041109309758876,0.0,33.66056394241889,0.0,2.5894360575811106,11.75,4.7255866208629485,404105.67113956605,1004794.1169731041,0.0,689098.4630253195,15984300524.421719,0.0,16.728597713698306,16.728597713698306,3243.0232634512968,3259.7518611649953,3406.593871205604,3406.593871205604,296.2255540178786,259.5661478299694,181.69630348097857,207.357887812515,0.03155579784555864,1.6374651075020875e-05,6.0324818136474644e-05,6.0324818136474644e-05,235.0,-235.0,33.33943605758111,-33.33943605758111,0.0020111954169462058,-0.0020111954169462058,0.014176332262071541,-0.014176332262071541,-0.0020111954169462058,0.0020111954169462058,-0.014176332262071541,0.014176332262071541,0.03356699326250485,0.029544602428612433,0.04573213010763018,0.0173794655834871,0.029544602428612433,0.03356699326250485,0.0173794655834871,0.04573213010763018,0.03155579784555864,0.03155579784555864,0.03155579784555864,0.03155579784555864,0.03356699326250485,0.04573213010763018,0.03155579784555864,0.03155579784555864,1.0637345766628834,1.4492465166450166,1.4492465166450166,0.0,0.0,0.0,0.0,0.0,0.0,0.0,0.0,0.0,0.0,0.0,0.0,0.0,0.0,0.0,0.2,0.0,10.0,0.0,23846.157098439224,2962.2555401787863,2962.2555401787863,0.0,0.0,23846.157098439224,2167.8324634944747,2167.8324634944747,2167.8324634944747,1.3333333333333333,0.0,0.0,23846.157098439224,0.0,0.0,17884.617823829423,0.0,0.0,0.0,0.0,23846.157098439224,17884.617823829423,2167.8324634944747,1625.8743476208567,2167.8324634944747,1625.8743476208567,2167.8324634944747,C,2.342611474049417,2.342611474049417,0.0
4,A-C--A-8.5,x,9.75,0.0,36.25,A-C,1,1.0,1.4585524069498017,787.25,,0,85514.3929338812,74931.55555555556,0.8762449569570333,5.549279229972823,10.0,1.0256410256410255,7705.0,144.34,42757.1964669406,296.2255540178786,42757.1964669406,296.2255540178786,2888.1991516743165,2888.1991516743165,2888.1991516743165,296.2255540178786,296.2255540178786,207.357887812515,207.357887812515,310.7142857142857,6,14.0,0.6673587193966,310.7142857142857,1,6,1600000,10.5,0.2,0.03593212975795422,80379.29204669427,2751281.142509239,85514.3929338812,0.029215222975499444,0.0,1.019970974315369,0.0,33.66056394241889,0.0,2.5894360575811106,11.75,4.7255866208629485,404105.67113956605,1004794.1169731041,0.0,538957.5488069841,15984300524.421719,0.0,13.083767418621688,13.083767418621688,2536.432690794604,2549.5164582132256,2888.1991516743165,2888.1991516743165,296.2255540178786,259.5661478299694,181.69630348097857,207.357887812515,0.03155579784555864,1.6374651075020875e-05,6.0324818136474644e-05,6.0324818136474644e-05,235.0,-235.0,33.33943605758111,-33.33943605758111,0.0020111954169462058,-0.0020111954169462058,0.014176332262071541,-0.014176332262071541,-0.0020111954169462058,0.0020111954169462058,-0.014176332262071541,0.014176332262071541,0.03356699326250485,0.029544602428612433,0.04573213010763018,0.0173794655834871,0.029544602428612433,0.03356699326250485,0.0173794655834871,0.04573213010763018,0.03155579784555864,0.03155579784555864,0.03155579784555864,0.03155579784555864,0.03356699326250485,0.04573213010763018,0.03155579784555864,0.03155579784555864,1.0637345766628834,1.4492465166450166,1.4492465166450166,0.0,0.0,0.0,0.0,0.0,0.0,0.0,0.0,0.0,0.0,0.0,0.0,0.0,0.0,0.0,0.2,0.0,9.75,0.0,20217.394061720213,2962.2555401787863,2962.2555401787863,0.0,0.0,20217.394061720213,2185.6642228886717,2185.6642228886717,2185.6642228886717,1.3333333333333333,0.0,0.0,20217.394061720213,0.0,0.0,15163.045546290161,0.0,0.0,0.0,0.0,20217.394061720213,15163.045546290161,2185.6642228886717,1639.248167166504,2185.6642228886717,1639.248167166504,2185.6642228886717,C,2.342611474049417,2.342611474049417,0.0
4,A-C--A-9.2,x,24.0,0.0,36.25,A-C,1,1.0,1.4585524069498017,954.75,,0,85514.3929338812,74931.55555555556,0.8762449569570333,5.549279229972823,10.0,0.4166666666666667,7705.0,144.34,42757.1964669406,296.2255540178786,42757.1964669406,296.2255540178786,7109.413296429087,7109.413296429087,7109.413296429087,327.39292425241933,296.2255540178786,229.17504697669352,207.357887812515,310.7142857142857,6,14.0,0.7375748638330366,310.7142857142857,1,6,1600000,10.5,0.2,0.02697344278660634,263570.85199221456,2751281.142509239,85514.3929338812,0.09579931615124988,0.0,3.598985377032593,0.0,33.66056394241889,0.0,2.5894360575811106,11.75,4.7255866208629485,404105.67113956605,1004794.1169731041,0.0,1661029.2109319873,15984300524.421719,0.0,40.323249798573386,40.323249798573386,7817.10693225949,7857.430182058064,7857.430182058064,7857.430182058064,327.39292425241933,286.8763988195984,200.8134791737189,229.17504697669352,0.03155579784555864,1.6374651075020875e-05,6.0324818136474644e-05,6.0324818136474644e-05,235.0,-235.0,33.33943605758111,-33.33943605758111,0.0020111954169462058,-0.0020111954169462058,0.014176332262071541,-0.014176332262071541,-0.0020111954169462058,0.0020111954169462058,-0.014176332262071541,0.014176332262071541,0.03356699326250485,0.029544602428612433,0.04573213010763018,0.0173794655834871,0.029544602428612433,0.03356699326250485,0.0173794655834871,0.04573213010763018,0.03155579784555864,0.03155579784555864,0.03155579784555864,0.03155579784555864,0.03356699326250485,0.04573213010763018,0.03155579784555864,0.03155579784555864,1.0637345766628834,1.4492465166450166,1.4492465166450166,0.0,0.0,0.0,0.0,0.0,0.0,0.0,0.0,0.0,0.0,0.0,0.0,0.0,0.0,0.0,0.2,0.0,10.0,0.0,55002.01127440644,3273.9292425241933,3273.9292425241933,0.0,0.0,55002.01127440644,2340.5111180598483,2340.5111180598483,2340.5111180598483,1.3333333333333333,0.0,0.0,55002.01127440644,0.0,0.0,41251.50845580484,0.0,0.0,0.0,0.0,55002.01127440644,41251.50845580484,2340.5111180598483,1755.3833385448868,2340.5111180598483,1755.3833385448868,2340.5111180598483,C,2.342611474049417,2.342611474049417,0.0
3,A-2,y,29.75,31.916666666666668,0.0,A-2,1,1.052651945405676,1.363987231910185,1369.3125,,90,95205.37091990536,109091.91111111113,1.1458587898668897,6.178155153790095,10.5,0.35294117647058826,1369.3125,29.75,8459.825079024198,284.3638682024941,16058.52249461636,539.7822687266004,8459.825079024198,16058.52249461636,16058.52249461636,556.9621409020409,539.7822687266004,389.8734986314286,377.84758810862024,460.7142857142857,4,17.0,0.8462370512930233,460.7142857142857,1,4,1600000,10.5,0.2,0.03540953702870379,453508.40033855714,5656786.297275185,180719.76385378657,0.08017067934084897,2.4787379638202918,0.0,118.64754606981157,0.0,86.7308794031449,0.0,13.51620642832826,4.56935722689912,825773.159008802,2442645.6339265155,3501464359.88499,0.0,20037019208.847034,1663.80953243438,0.0,1663.80953243438,14905.814159401336,16569.623691835717,16569.623691835717,8970.926276243556,301.5437403779346,345.52654544139574,241.868581808977,211.08061826455423,0.03202237152691669,2.8699730147202123e-05,0.00011049435575065652,0.00011049435575065652,116.35245393018843,-116.35245393018843,67.0,-67.0,0.007403121835293986,-0.007403121835293986,0.012856289437024113,-0.012856289437024113,-0.007403121835293986,0.007403121835293986,-0.012856289437024113,0.012856289437024113,0.03942549336221068,0.024619249691622706,0.0448786609639408,0.01916608208989258,0.024619249691622706,0.03942549336221068,0.01916608208989258,0.0448786609639408,0.03202237152691669,0.03202237152691669,0.03202237152691669,0.03202237152691669,0.03942549336221068,0.0448786609639408,0.03202237152691669,0.03202237152691669,1.2311859329054136,1.4014783672788769,1.4014783672788769,0.013484572802163548,0.016446984618693254,0.010522160985633841,0.010522160985633841,0.016446984618693254,0.01862992045898377,0.008339225145343326,0.008339225145343326,0.01862992045898377,0.016446984618693254,0.01862992045898377,0.016446984618693254,0.016446984618693254,0.06578793847477302,0.06578793847477302,0.21,684.65625,10.5,1073.9705882352941,121786.73413499251,5848.102479471429,8402.286484712493,4973.020808823529,26641.182904411762,100118.57203940427,3422.857163740317,4569.428792610035,4569.428792610035,1.3333333333333333,1227.3949579831933,767.1218487394958,121786.73413499251,80.18980392156863,715.9803921568628,91340.0506012444,60.14235294117648,715.9803921568628,613.6974789915967,51.141456582633054,122582.90433107095,92781.01228191666,4190.868524139178,3172.0004198945867,6036.579707223744,4585.132833998215,6036.579707223744,B,5.9081761751586575,6.75018021687886,0.0
3,A-2.4,y,29.75,40.083333333333336,0.0,A-2.4,1,1.052651945405676,1.363987231910185,1571.7083333333335,,90,95205.37091990536,109091.91111111113,1.1458587898668897,6.178155153790095,10.5,0.35294117647058826,1571.7083333333335,29.75,9710.257939838175,326.39522486851007,18432.106349580044,619.5665999858838,9710.257939838175,18432.106349580044,18432.106349580044,619.5665999858838,619.5665999858838,433.6966199901187,433.6966199901187,460.7142857142857,4,17.0,0.9413570046297149,460.7142857142857,1,4,1600000,10.5,0.2,0.03872849401395751,475931.39931899303,5656786.297275185,180719.76385378657,0.08413459061521278,3.182871229177687,0.0,118.64754606981157,0.0,78.56421273647823,0.0,13.51620642832826,4.56935722689912,825773.159008802,2442645.6339265155,2937608282.4813666,0.0,20037019208.847034,1540.9791725192133,0.0,1540.9791725192133,15240.452090318138,16781.431262837352,18432.106349580044,9710.257939838175,326.39522486851007,374.0028373861623,261.80198617031357,228.47665740795702,0.03202237152691669,2.8699730147202123e-05,0.00011049435575065652,0.00011049435575065652,116.35245393018843,-116.35245393018843,67.0,-67.0,0.007403121835293986,-0.007403121835293986,0.012856289437024113,-0.012856289437024113,-0.007403121835293986,0.007403121835293986,-0.012856289437024113,0.012856289437024113,0.03942549336221068,0.024619249691622706,0.0448786609639408,0.01916608208989258,0.024619249691622706,0.03942549336221068,0.01916608208989258,0.0448786609639408,0.03202237152691669,0.03202237152691669,0.03202237152691669,0.03202237152691669,0.03942549336221068,0.0448786609639408,0.03202237152691669,0.03202237152691669,1.2311859329054136,1.4014783672788769,1.4014783672788769,0.013484572802163548,0.016446984618693254,0.010522160985633841,0.010522160985633841,0.016446984618693254,0.01862992045898377,0.008339225145343326,0.008339225145343326,0.01862992045898377,0.016446984618693254,0.01862992045898377,0.016446984618693254,0.016446984618693254,0.06578793847477302,0.06578793847477302,0.21,392.92708333333337,10.5,616.3562091503268,135475.98166941333,6505.449299851781,9437.163051025518,2854.0374264705883,15289.486213235297,123040.53288264861,4206.5139447059355,5908.176175158657,5908.176175158657,1.3333333333333333,704.4070961718021,440.25443510737625,135475.98166941333,46.021263616557725,410.90413943355117,101606.98625206,34.5159477124183,410.90413943355117,352.20354808590105,29.350295673825087,135932.90707246345,102433.9601829657,4647.278874272255,3502.015732750964,6750.18021687886,5095.748316752691,6750.18021687886,B,5.9081761751586575,6.75018021687886,0.0
3,A-3,y,29.75,49.833333333333336,0.0,A-3,1,1.052651945405676,1.363987231910185,593.2291666666667,,90,95205.37091990536,109091.91111111113,1.1458587898668897,6.178155153790095,10.5,0.35294117647058826,593.2291666666667,29.75,3665.06183342027,123.19535574521916,6957.05612661769,233.8506261047963,3665.06183342027,6957.05612661769,6957.05612661769,281.5828019493242,233.8506261047963,197.10796136452694,163.6954382733574,310.7142857142857,6,14.0,0.6343704503685924,310.7142857142857,1,6,1600000,10.5,0.2,0.023916075036607455,290894.5600801461,5656786.297275185,180719.76385378657,0.05142399673473029,2.7730682075478814,0.0,118.64754606981157,0.0,68.81421273647823,0.0,13.51620642832826,4.56935722689912,825773.159008802,2442645.6339265155,1138000174.1431465,0.0,20037019208.847034,681.5407544590753,0.0,681.5407544590753,7695.54760353332,8377.088357992396,8377.088357992396,4154.338873231487,139.64164279769705,160.0096038311936,112.00672268183551,97.74914995838793,0.03202237152691669,2.8699730147202123e-05,0.00011049435575065652,0.00011049435575065652,116.35245393018843,-116.35245393018843,67.0,-67.0,0.007403121835293986,-0.007403121835293986,0.012856289437024113,-0.012856289437024113,-0.007403121835293986,0.007403121835293986,-0.012856289437024113,0.012856289437024113,0.03942549336221068,0.024619249691622706,0.0448786609639408,0.01916608208989258,0.024619249691622706,0.03942549336221068,0.01916608208989258,0.0448786609639408,0.03202237152691669,0.03202237152691669,0.03202237152691669,0.03202237152691669,0.03942549336221068,0.0448786609639408,0.03202237152691669,0.03202237152691669,1.2311859329054136,1.4014783672788769,1.4014783672788769,0.013484572802163548,0.016446984618693254,0.010522160985633841,0.010522160985633841,0.016446984618693254,0.01862992045898377,0.008339225145343326,0.008339225145343326,0.01862992045898377,0.016446984618693254,0.01862992045898377,0.016446984618693254,0.016446984618693254,0.06578793847477302,0.06578793847477302,0.21,593.2291666666667,10.5,930.5555555555557,61571.5994312441,2956.619420467904,4376.031011984176,4308.9375,23083.59375,42796.9431812441,1463.1433566237301,1891.5221506975656,1891.5221506975656,1.3333333333333333,1063.4920634920636,664.6825396825398,61571.5994312441,69.48148148148148,620.3703703703704,46178.699573433085,52.11111111111113,620.3703703703704,531.7460317460318,44.31216931216932,62261.45128309596,47427.23925597277,2128.5966250631095,1621.444077127274,3162.753830026467,2422.058589179734,3162.753830026467,B,5.9081761751586575,6.75018021687886,0.0
3,A-3.5,y,29.75,63.75,0.0,A-3.5,1,1.052651945405676,1.363987231910185,971.5,,90,95205.37091990536,109091.91111111113,1.1458587898668897,6.178155153790095,10.5,0.35294117647058826,971.5,29.75,6002.077731907077,201.75051199687653,11393.202503825674,382.96479004456046,6002.077731907077,11393.202503825674,11393.202503825674,417.18580663103006,382.96479004456046,292.030064641721,268.0753530311923,310.7142857142857,6,14.0,0.9398668747089872,310.7142857142857,1,6,1600000,10.5,0.2,0.032600649821737285,349477.7731770542,5656786.297275185,180719.76385378657,0.06178026794920537,3.985059577078873,0.0,118.64754606981157,0.0,54.89754606981157,0.0,13.51620642832826,4.56935722689912,825773.159008802,2442645.6339265155,1090988971.3147264,0.0,20037019208.847034,819.0210736617311,0.0,819.0210736617311,11592.256673611413,12411.277747273145,12411.277747273145,6388.628707591392,214.74382210391235,246.06609612737964,172.24626728916573,150.32067547273863,0.03202237152691669,2.8699730147202123e-05,0.00011049435575065652,0.00011049435575065652,116.35245393018843,-116.35245393018843,67.0,-67.0,0.007403121835293986,-0.007403121835293986,0.012856289437024113,-0.012856289437024113,-0.007403121835293986,0.007403121835293986,-0.012856289437024113,0.012856289437024113,0.03942549336221068,0.024619249691622706,0.0448786609639408,0.01916608208989258,0.024619249691622706,0.03942549336221068,0.01916608208989258,0.0448786609639408,0.03202237152691669,0.03202237152691669,0.03202237152691669,0.03202237152691669,0.03942549336221068,0.0448786609639408,0.03202237152691669,0.03202237152691669,1.2311859329054136,1.4014783672788769,1.4014783672788769,0.013484572802163548,0.016446984618693254,0.010522160985633841,0.010522160985633841,0.016446984618693254,0.01862992045898377,0.008339225145343326,0.008339225145343326,0.01862992045898377,0.016446984618693254,0.01862992045898377,0.016446984618693254,0.016446984618693254,0.06578793847477302,0.06578793847477302,0.21,242.875,10.5,380.98039215686276,91222.8914424576,4380.450969625816,6404.870814896993,1764.129705882353,9450.694852941177,83536.32629539879,2855.9427793298732,4058.9035349299306,4058.9035349299306,1.3333333333333333,435.406162464986,272.1288515406162,91222.8914424576,28.446535947712412,253.98692810457516,68417.16858184322,21.33490196078432,253.98692810457516,217.703081232493,18.141923436041083,91505.3249065099,68928.3354165771,3128.3871762909366,2356.5242877462256,4579.360740113998,3454.988366141545,4579.360740113998,B,5.9081761751586575,6.75018021687886,0.0
3,A-3.7,y,20.0,67.33333333333334,0.0,A-3.7,1,1.052651945405676,1.363987231910185,441.08333333333337,,90,95205.37091990536,109091.91111111113,1.1458587898668897,6.178155153790095,10.5,0.525,441.08333333333337,20.0,2725.0812690842477,136.25406345421237,5172.775849438094,258.6387924719047,2725.0812690842477,5172.775849438094,5172.775849438094,299.0216569398959,258.6387924719047,209.3151598579271,181.0471547303333,310.7142857142857,6,14.0,0.6736579857496504,310.7142857142857,1,6,1600000,10.5,0.2,0.028125668927027316,183916.54480677343,5656786.297275185,180719.76385378657,0.03251254955403992,2.2780930937915445,0.0,118.64754606981157,0.0,51.314212736478225,0.0,13.51620642832826,4.56935722689912,825773.159008802,2442645.6339265155,461297066.114022,0.0,20037019208.847034,370.48503484287124,0.0,370.48503484287124,5609.9481039550465,5980.433138797917,5980.433138797917,3135.047460866394,156.7523730433197,179.61608448418156,125.73125913892709,109.72666113032378,0.03202237152691669,2.8699730147202123e-05,0.00011049435575065652,0.00011049435575065652,116.35245393018843,-116.35245393018843,67.0,-67.0,0.007403121835293986,-0.007403121835293986,0.012856289437024113,-0.012856289437024113,-0.007403121835293986,0.007403121835293986,-0.012856289437024113,0.012856289437024113,0.03942549336221068,0.024619249691622706,0.0448786609639408,0.01916608208989258,0.024619249691622706,0.03942549336221068,0.01916608208989258,0.0448786609639408,0.03202237152691669,0.03202237152691669,0.03202237152691669,0.03202237152691669,0.03942549336221068,0.0448786609639408,0.03202237152691669,0.03202237152691669,1.2311859329054136,1.4014783672788769,1.4014783672788769,0.013484572802163548,0.016446984618693254,0.010522160985633841,0.010522160985633841,0.016446984618693254,0.01862992045898377,0.008339225145343326,0.008339225145343326,0.01862992045898377,0.016446984618693254,0.01862992045898377,0.016446984618693254,0.016446984618693254,0.06578793847477302,0.06578793847477302,0.21,441.08333333333337,10.5,1029.1944444444443,43956.183570164685,3139.727397868907,4562.420236834669,4765.684874999999,25530.454687499998,23191.413757664686,1189.3032696238301,1244.8643676847187,1244.8643676847187,1.3333333333333333,1176.2222222222222,735.1388888888889,43956.183570164685,76.8465185185185,686.1296296296296,32967.13767762352,57.634888888888895,686.1296296296296,588.1111111111111,49.00925925925927,44719.15971831283,34348.02256651241,2293.2902419647608,1761.437054692944,3353.8377236913666,2598.3170392072716,3353.8377236913666,B,5.9081761751586575,6.75018021687886,0.0
3,A-4,y,20.0,76.16666666666667,0.0,A-4,1,1.052651945405676,1.363987231910185,505.29166666666663,,90,95205.37091990536,109091.91111111113,1.1458587898668897,6.178155153790095,10.5,0.525,505.29166666666663,20.0,3121.770314583853,156.08851572919266,5925.774865495538,296.2887432747769,3121.770314583853,5925.774865495538,5925.774865495538,330.2540822975025,296.2887432747769,231.17785760825174,207.40212029234382,310.7142857142857,6,14.0,0.7440206911529941,310.7142857142857,1,6,1600000,10.5,0.2,0.030149432488870982,196546.81286896233,5656786.297275185,180719.76385378657,0.034745313423566467,2.6943943404957857,0.0,118.64754606981157,0.0,42.4808794031449,0.0,13.51620642832826,4.56935722689912,825773.159008802,2442645.6339265155,352934521.2144787,0.0,20037019208.847034,342.395689785223,0.0,342.395689785223,6262.685956164827,6605.08164595005,6605.08164595005,3481.814377809432,174.09071889047158,199.48338047489264,139.63836633242485,121.8635032233301,0.03202237152691669,2.8699730147202123e-05,0.00011049435575065652,0.00011049435575065652,116.35245393018843,-116.35245393018843,67.0,-67.0,0.007403121835293986,-0.007403121835293986,0.012856289437024113,-0.012856289437024113,-0.007403121835293986,0.007403121835293986,-0.012856289437024113,0.012856289437024113,0.03942549336221068,0.024619249691622706,0.0448786609639408,0.01916608208989258,0.024619249691622706,0.03942549336221068,0.01916608208989258,0.0448786609639408,0.03202237152691669,0.03202237152691669,0.03202237152691669,0.03202237152691669,0.03942549336221068,0.0448786609639408,0.03202237152691669,0.03202237152691669,1.2311859329054136,1.4014783672788769,1.4014783672788769,0.013484572802163548,0.016446984618693254,0.010522160985633841,0.010522160985633841,0.016446984618693254,0.01862992045898377,0.008339225145343326,0.008339225145343326,0.01862992045898377,0.016446984618693254,0.01862992045898377,0.016446984618693254,0.016446984618693254,0.06578793847477302,0.06578793847477302,0.21,505.29166666666663,10.5,1179.0138888888887,48547.350097732866,3467.6678641237763,5029.301498194085,5459.423812499999,29246.91328125,24759.860628982864,1269.7364425119417,1284.4501199641295,1284.4501199641295,1.3333333333333333,1347.4444444444443,842.1527777777776,48547.350097732866,88.033037037037,786.0092592592591,36410.51257329965,66.02477777777779,786.0092592592591,673.7222222222222,56.14351851851851,49421.39239402916,37992.41235107743,2534.4303791809825,1948.3288385167912,3700.4259265287064,2870.3315531586386,3700.4259265287064,B,5.9081761751586575,6.75018021687886,0.0
3,A-5,y,29.75,97.5,0.0,A-5,1,1.052651945405676,1.363987231910185,770.5,,90,95205.37091990536,109091.91111111113,1.1458587898668897,6.178155153790095,10.5,0.35294117647058826,770.5,29.75,4760.268545995268,160.00902675614347,9035.988192689329,303.73069555258246,4760.268545995268,9035.988192689329,9035.988192689329,338.6803369894858,303.73069555258246,237.07623589264003,212.6114868868077,310.7142857142857,6,14.0,0.7630039775855081,310.7142857142857,1,6,1600000,10.5,0.2,0.027572836288076625,327713.40961382265,5656786.297275185,180719.76385378657,0.05793278946593383,5.80201057212324,0.0,118.64754606981157,0.0,21.14754606981157,0.0,13.51620642832826,4.56935722689912,825773.159008802,2442645.6339265155,136987640.30280054,0.0,20037019208.847034,266.9617575854218,0.0,266.9617575854218,9808.77826785178,10075.740025437202,10075.740025437202,5129.03189854972,172.40443356469646,197.55113561212968,138.28579492849076,120.68310349528751,0.03202237152691669,2.8699730147202123e-05,0.00011049435575065652,0.00011049435575065652,116.35245393018843,-116.35245393018843,67.0,-67.0,0.007403121835293986,-0.007403121835293986,0.012856289437024113,-0.012856289437024113,-0.007403121835293986,0.007403121835293986,-0.012856289437024113,0.012856289437024113,0.03942549336221068,0.024619249691622706,0.0448786609639408,0.01916608208989258,0.024619249691622706,0.03942549336221068,0.01916608208989258,0.0448786609639408,0.03202237152691669,0.03202237152691669,0.03202237152691669,0.03202237152691669,0.03942549336221068,0.0448786609639408,0.03202237152691669,0.03202237152691669,1.2311859329054136,1.4014783672788769,1.4014783672788769,0.013484572802163548,0.016446984618693254,0.010522160985633841,0.010522160985633841,0.016446984618693254,0.01862992045898377,0.008339225145343326,0.008339225145343326,0.01862992045898377,0.016446984618693254,0.01862992045898377,0.016446984618693254,0.016446984618693254,0.06578793847477302,0.06578793847477302,0.21,770.5,10.5,1208.627450980392,74056.68918696343,3556.143538389601,5218.902572637495,5596.549411764706,29981.514705882353,49671.72389284578,1698.1785946272062,2125.839262499726,2125.839262499726,1.3333333333333333,1381.2885154061623,863.3053221288516,74056.68918696343,90.24418300653593,805.751633986928,55542.516890222585,67.68313725490196,805.751633986928,690.6442577030812,57.55368814192344,74952.6850039569,57164.14960730942,2562.4849574002355,1954.3299011045954,3776.9448789457347,2897.641025318138,3776.9448789457347,B,5.9081761751586575,6.75018021687886,0.0
3,A-5.1,y,29.75,98.08333333333334,0.0,A-5.1,1,1.052651945405676,1.363987231910185,988.25,,90,95205.37091990536,109091.91111111113,1.1458587898668897,6.178155153790095,10.5,0.35294117647058826,988.25,29.75,6105.5618307330615,205.22896910027097,11589.637029753703,389.56763125222534,6105.5618307330615,11589.637029753703,11589.637029753703,415.3182658492828,389.56763125222534,290.72278609449796,272.69734187655774,310.7142857142857,6,14.0,0.9356595414535567,310.7142857142857,1,6,1600000,10.5,0.2,0.032481044820200394,356812.32219925243,5656786.297275185,180719.76385378657,0.06307686086199248,6.151430074072861,0.0,118.64754606981157,0.0,20.564212736478225,0.0,13.51620642832826,4.56935722689912,825773.159008802,2442645.6339265155,158962311.98347613,0.0,20037019208.847034,318.57356134085927,0.0,318.57356134085927,12037.144847675303,12355.718409016163,12355.718409016163,6384.42656532721,214.602573624444,245.9042453156255,172.13297172093783,150.2218015371108,0.03202237152691669,2.8699730147202123e-05,0.00011049435575065652,0.00011049435575065652,116.35245393018843,-116.35245393018843,67.0,-67.0,0.007403121835293986,-0.007403121835293986,0.012856289437024113,-0.012856289437024113,-0.007403121835293986,0.007403121835293986,-0.012856289437024113,0.012856289437024113,0.03942549336221068,0.024619249691622706,0.0448786609639408,0.01916608208989258,0.024619249691622706,0.03942549336221068,0.01916608208989258,0.0448786609639408,0.03202237152691669,0.03202237152691669,0.03202237152691669,0.03202237152691669,0.03942549336221068,0.0448786609639408,0.03202237152691669,0.03202237152691669,1.2311859329054136,1.4014783672788769,1.4014783672788769,0.013484572802163548,0.016446984618693254,0.010522160985633841,0.010522160985633841,0.016446984618693254,0.01862992045898377,0.008339225145343326,0.008339225145343326,0.01862992045898377,0.016446984618693254,0.01862992045898377,0.016446984618693254,0.016446984618693254,0.06578793847477302,0.06578793847477302,0.21,494.125,10.5,775.0980392156863,90814.53030626879,4360.84179141747,6367.998713665857,3589.091470588235,19227.27573529412,75176.34604156291,2570.131488600441,3514.2254642645644,3514.2254642645644,1.3333333333333333,885.8263305322128,553.641456582633,90814.53030626879,57.873986928104564,516.7320261437908,68110.89772970161,43.40549019607844,516.7320261437908,442.9131652661064,36.90943043884221,91389.13631934067,69150.85784174642,3124.414916900536,2364.1318920255185,4573.086674811461,3471.4564148088284,4573.086674811461,A,4.114025490667995,4.656168412734733,0.0
3,A-6,y,29.75,122.16666666666667,0.0,A-6,1,1.0,1.228469476093546,988.25,,90,95205.37091990536,109091.91111111113,1.1458587898668897,6.178155153790095,10.5,0.35294117647058826,988.25,29.75,6105.5618307330615,205.22896910027097,11589.637029753703,389.56763125222534,6105.5618307330615,11589.637029753703,11589.637029753703,406.26034760386153,389.56763125222534,284.38224332270306,272.69734187655774,310.7142857142857,6,14.0,0.9152531969006535,310.7142857142857,1,6,1600000,10.5,0.2,0.03190093843845319,363300.8180030099,5656786.297275185,180719.76385378657,0.0642238894861572,7.661849183169765,0.0,118.64754606981157,0.0,3.519120596855103,0.0,10.602453930188432,4.11537274491338,743729.1906310554,1916072.9705343046,4655199.467750052,0.0,20037019208.847034,49.10049353957836,0.0,49.10049353957836,12037.144847675303,12086.24534121488,12086.24534121488,6185.241007995235,207.9072607729491,238.2323622338313,166.7626535636819,145.53508254106436,0.03202237152691669,2.8699730147202123e-05,9.083210946105986e-05,9.083210946105986e-05,116.35245393018843,-116.35245393018843,67.0,-67.0,0.006085751333891011,-0.006085751333891011,0.0105685388314498,-0.0105685388314498,-0.006085751333891011,0.006085751333891011,-0.0105685388314498,0.0105685388314498,0.038108122860807704,0.02593662019302568,0.04259091035836649,0.02145383269546689,0.02593662019302568,0.038108122860807704,0.02145383269546689,0.04259091035836649,0.03202237152691669,0.03202237152691669,0.03202237152691669,0.03202237152691669,0.038108122860807704,0.04259091035836649,0.03202237152691669,0.03202237152691669,1.1900468654788912,1.330036106868797,1.330036106868797,0.013484572802163548,0.015927508524531234,0.01104163707979586,0.01104163707979586,0.015927508524531234,0.01772765039480661,0.009241495209520485,0.009241495209520485,0.01772765039480661,0.015927508524531234,0.01772765039480661,0.013484572802163548,0.013484572802163548,0.05393829120865419,0.05393829120865419,0.21,494.125,10.5,775.0980392156863,88833.90325792937,4265.733649840547,6249.264518149671,3589.091470588235,19227.27573529412,73195.71899322348,2502.4177433580676,3429.6907763457752,3429.6907763457752,1.3333333333333333,885.8263305322128,553.641456582633,88833.90325792937,57.873986928104564,516.7320261437908,66625.42744344703,43.40549019607844,516.7320261437908,442.9131652661064,36.90943043884221,89408.50927100125,67665.38755549183,3056.7011716581624,2313.346583093738,4488.551986892672,3408.0553988697366,4488.551986892672,A,4.114025490667995,4.656168412734733,0.0
3,A-6.1,y,29.75,122.75000000000001,0.0,A-6.1,1,1.0,1.228469476093546,826.3333333333334,,90,95205.37091990536,109091.91111111113,1.1458587898668897,6.178155153790095,10.5,0.35294117647058826,826.3333333333334,29.75,5105.215542081882,171.6038837674582,9690.769945782758,325.7401662447986,5105.215542081882,9690.769945782758,9690.769945782758,355.34240054654435,325.7401662447986,248.73968038258104,228.018116371359,310.7142857142857,6,14.0,0.80054150008187,310.7142857142857,1,6,1600000,10.5,0.2,0.02863994344676766,338365.5405533446,5656786.297275185,180719.76385378657,0.05981586059143365,7.421005730975926,0.0,118.64754606981157,0.0,4.102453930188446,0.0,10.602453930188432,4.11537274491338,743729.1906310554,1916072.9705343046,5529777.512455272,0.0,20037019208.847034,50.03174590604409,0.0,50.03174590604409,10521.40467035365,10571.436416259694,10571.436416259694,5422.368701719609,182.26449417544904,208.84937273158081,146.19456091210657,127.58514592281432,0.03202237152691669,2.8699730147202123e-05,9.083210946105986e-05,9.083210946105986e-05,116.35245393018843,-116.35245393018843,67.0,-67.0,0.006085751333891011,-0.006085751333891011,0.0105685388314498,-0.0105685388314498,-0.006085751333891011,0.006085751333891011,-0.0105685388314498,0.0105685388314498,0.038108122860807704,0.02593662019302568,0.04259091035836649,0.02145383269546689,0.02593662019302568,0.038108122860807704,0.02145383269546689,0.04259091035836649,0.03202237152691669,0.03202237152691669,0.03202237152691669,0.03202237152691669,0.038108122860807704,0.04259091035836649,0.03202237152691669,0.03202237152691669,1.1900468654788912,1.330036106868797,1.330036106868797,0.013484572802163548,0.015927508524531234,0.01104163707979586,0.01104163707979586,0.015927508524531234,0.01772765039480661,0.009241495209520485,0.009241495209520485,0.01772765039480661,0.015927508524531234,0.01772765039480661,0.013484572802163548,0.013484572802163548,0.05393829120865419,0.05393829120865419,0.21,826.3333333333334,10.5,1296.2091503267975,77700.05765950875,3731.0952057387153,5461.874269449669,6002.096470588235,32154.08823529412,51548.065894802865,1762.3270391385595,2183.6209383112155,2183.6209383112155,1.3333333333333333,1481.3818860877684,925.8636788048553,77700.05765950875,96.7836165577342,864.1394335511983,58275.04324463157,72.58771241830067,864.1394335511983,740.6909430438842,61.724245253657024,78660.98070961768,60014.185578898614,2689.264297764707,2051.767028338414,3954.371889282297,3035.4165269914906,3954.371889282297,A,4.114025490667995,4.656168412734733,0.0
3,A-6.8,y,29.75,147.41666666666669,0.0,A-6.8,1,1.0,1.228469476093546,905.8958333333333,,90,95205.37091990536,109091.91111111113,1.1458587898668897,6.178155153790095,10.5,0.35294117647058826,905.8958333333333,29.75,5596.765011505306,188.1265550085817,10623.833943940896,357.1036619812066,5596.765011505306,10623.833943940896,10623.833943940896,387.1450853525172,357.1036619812066,271.001559746762,249.9725633868446,310.7142857142857,6,14.0,0.8721889279206133,310.7142857142857,1,6,1600000,10.5,0.2,0.03067671833397371,346315.8551798307,5656786.297275185,180719.76385378657,0.061221307820422254,9.08781495042049,0.0,118.64754606981157,0.0,28.769120596855117,0.0,10.602453930188432,4.11537274491338,743729.1906310554,1916072.9705343046,288080778.7743447,0.0,20037019208.847034,371.68018495617116,0.0,371.68018495617116,11145.886104281215,11517.566289237386,11517.566289237386,5923.786227951552,199.11886480509418,228.16210146523403,159.7134710256638,139.3832053635659,0.03202237152691669,2.8699730147202123e-05,9.083210946105986e-05,9.083210946105986e-05,116.35245393018843,-116.35245393018843,67.0,-67.0,0.006085751333891011,-0.006085751333891011,0.0105685388314498,-0.0105685388314498,-0.006085751333891011,0.006085751333891011,-0.0105685388314498,0.0105685388314498,0.038108122860807704,0.02593662019302568,0.04259091035836649,0.02145383269546689,0.02593662019302568,0.038108122860807704,0.02145383269546689,0.04259091035836649,0.03202237152691669,0.03202237152691669,0.03202237152691669,0.03202237152691669,0.038108122860807704,0.04259091035836649,0.03202237152691669,0.03202237152691669,1.1900468654788912,1.330036106868797,1.330036106868797,0.013484572802163548,0.015927508524531234,0.01104163707979586,0.01104163707979586,0.015927508524531234,0.01772765039480661,0.009241495209520485,0.009241495209520485,0.01772765039480661,0.015927508524531234,0.01772765039480661,0.013484572802163548,0.013484572802163548,0.05393829120865419,0.05393829120865419,0.21,226.47395833333331,10.5,355.25326797385617,84654.11222589479,4065.0233962014304,5945.2856016756605,1645.0002573529412,8812.50137867647,77486.61110457125,2649.1149095579913,3765.53629844959,3765.53629844959,1.3333333333333333,406.0037348272641,253.7523342670401,84654.11222589479,26.525577342047924,236.83551198257078,63490.58416942109,19.894183006535947,236.83551198257078,203.00186741363206,16.91682228446934,84917.47331521941,63967.2325541083,2903.161480862202,2186.913933473788,4250.8476866169185,3207.2214106169617,4250.8476866169185,A,4.114025490667995,4.656168412734733,0.0
3,A-7,y,29.75,156.5,0.0,A-7,1,1.0,1.228469476093546,1011.9791666666667,,90,95205.37091990536,109091.91111111113,1.1458587898668897,6.178155153790095,10.5,0.35294117647058826,1011.9791666666667,29.75,6252.164304069873,210.15678333007975,11867.919274818412,398.9216562964172,6252.164304069873,11867.919274818412,11867.919274818412,424.260373497159,398.9216562964172,296.9822614480113,279.24515940749205,310.7142857142857,6,14.0,0.9558049793729099,310.7142857142857,1,6,1600000,10.5,0.2,0.03305373421441364,359049.2740648712,5656786.297275185,180719.76385378657,0.06347230657057373,9.85921773188849,0.0,118.64754606981157,0.0,37.85245393018843,0.0,10.602453930188432,4.11537274491338,743729.1906310554,1916072.9705343046,541010027.6105468,0.0,20037019208.847034,530.5092835862383,0.0,530.5092835862383,12091.236827954242,12621.74611154048,12621.74611154048,6502.504811174842,218.57159029159132,250.45217795080444,175.3165245655631,153.00011320411392,0.03202237152691669,2.8699730147202123e-05,9.083210946105986e-05,9.083210946105986e-05,116.35245393018843,-116.35245393018843,67.0,-67.0,0.006085751333891011,-0.006085751333891011,0.0105685388314498,-0.0105685388314498,-0.006085751333891011,0.006085751333891011,-0.0105685388314498,0.0105685388314498,0.038108122860807704,0.02593662019302568,0.04259091035836649,0.02145383269546689,0.02593662019302568,0.038108122860807704,0.02145383269546689,0.04259091035836649,0.03202237152691669,0.03202237152691669,0.03202237152691669,0.03202237152691669,0.038108122860807704,0.04259091035836649,0.03202237152691669,0.03202237152691669,1.1900468654788912,1.330036106868797,1.330036106868797,0.013484572802163548,0.015927508524531234,0.01104163707979586,0.01104163707979586,0.015927508524531234,0.01772765039480661,0.009241495209520485,0.009241495209520485,0.01772765039480661,0.015927508524531234,0.01772765039480661,0.013484572802163548,0.013484572802163548,0.05393829120865419,0.05393829120865419,0.21,252.99479166666669,10.5,396.85457516339875,92769.83391982253,4454.73392172017,6511.621753775847,1837.6351102941178,9844.47380514706,84762.99522496958,2897.8801786314384,4114.025490667995,4114.025490667995,1.3333333333333333,453.5480859010271,283.46755368814195,92769.83391982253,29.6318082788671,264.56971677559915,69577.3754398669,22.223856209150334,264.56971677559915,226.77404295051352,18.897836912542797,93064.035444877,70109.8408927147,3181.67642546588,2396.9176373577675,4656.168412734733,3513.4469460677647,4656.168412734733,A,4.114025490667995,4.656168412734733,0.0
3,A-7.8,y,20.0,176.83333333333334,0.0,A-7.8,1,1.0,1.228469476093546,640.6875,,90,95205.37091990536,109091.91111111113,1.1458587898668897,6.178155153790095,10.5,0.525,640.6875,20.0,3958.266780093891,197.91333900469456,7513.620616747105,375.68103083735525,3958.266780093891,7513.620616747105,7513.620616747105,388.045276843312,375.68103083735525,271.6316937903184,262.97672158614864,310.7142857142857,6,14.0,0.8742169455320593,310.7142857142857,1,6,1600000,10.5,0.2,0.03389412129795648,221679.16821611513,5656786.297275185,180719.76385378657,0.039188181516225155,6.698671857749677,0.0,118.64754606981157,0.0,58.185787263521775,0.0,10.602453930188432,4.11537274491338,743729.1906310554,1916072.9705343046,768683430.7614896,0.0,20037019208.847034,490.3569306490978,0.0,490.3569306490978,7270.548606217142,7760.90553686624,7760.90553686624,4099.8609365862185,204.9930468293109,234.89308457096087,164.4251591996726,143.49513278051762,0.03202237152691669,2.8699730147202123e-05,9.083210946105986e-05,9.083210946105986e-05,116.35245393018843,-116.35245393018843,67.0,-67.0,0.006085751333891011,-0.006085751333891011,0.0105685388314498,-0.0105685388314498,-0.006085751333891011,0.006085751333891011,-0.0105685388314498,0.0105685388314498,0.038108122860807704,0.02593662019302568,0.04259091035836649,0.02145383269546689,0.02593662019302568,0.038108122860807704,0.02145383269546689,0.04259091035836649,0.03202237152691669,0.03202237152691669,0.03202237152691669,0.03202237152691669,0.038108122860807704,0.04259091035836649,0.03202237152691669,0.03202237152691669,1.1900468654788912,1.330036106868797,1.330036106868797,0.013484572802163548,0.015927508524531234,0.01104163707979586,0.01104163707979586,0.015927508524531234,0.01772765039480661,0.009241495209520485,0.009241495209520485,0.01772765039480661,0.015927508524531234,0.01772765039480661,0.013484572802163548,0.013484572802163548,0.05393829120865419,0.05393829120865419,0.21,160.171875,10.5,373.734375,57042.65569596686,4074.475406854776,5904.997706994787,1730.5770234374997,9270.94833984375,49502.28437956061,2538.578686131313,3502.0644881549106,3502.0644881549106,1.3333333333333333,427.125,266.953125,57042.65569596686,27.905499999999996,249.15625,42781.991771975154,20.929125000000003,249.15625,213.5625,17.796875,57319.71744596686,43283.436521975156,2939.472689536762,2219.6634113833416,4267.902122970616,3231.044380689501,4267.902122970616,A,4.114025490667995,4.656168412734733,0.0
3,A-8,y,29.75,182.58333333333334,0.0,A-8,1,1.0,1.228469476093546,794.2291666666666,,90,95205.37091990536,109091.91111111113,1.1458587898668897,6.178155153790095,10.5,0.35294117647058826,794.2291666666666,29.75,4906.8710193320785,164.93684098595222,9314.270437754036,313.08472059677433,4906.8710193320785,9314.270437754036,9314.270437754036,351.7587413142721,313.08472059677433,246.23111891999042,219.15930441774202,310.7142857142857,6,14.0,0.7924679689379002,310.7142857142857,1,6,1600000,10.5,0.2,0.02841043115328904,327846.8527104959,5656786.297275185,180719.76385378657,0.0579563793789446,10.941031146408779,0.0,118.64754606981157,0.0,63.935787263521775,0.0,10.602453930188432,4.11537274491338,743729.1906310554,1916072.9705343046,1243706679.6017349,0.0,20037019208.847034,722.0306980866402,0.0,722.0306980866402,9742.791856012953,10464.822554099594,10464.822554099594,5306.404388134535,178.36653405494235,204.38286086494762,143.06800260546333,124.85657383845964,0.03202237152691669,2.8699730147202123e-05,9.083210946105986e-05,9.083210946105986e-05,116.35245393018843,-116.35245393018843,67.0,-67.0,0.006085751333891011,-0.006085751333891011,0.0105685388314498,-0.0105685388314498,-0.006085751333891011,0.006085751333891011,-0.0105685388314498,0.0105685388314498,0.038108122860807704,0.02593662019302568,0.04259091035836649,0.02145383269546689,0.02593662019302568,0.038108122860807704,0.02145383269546689,0.04259091035836649,0.03202237152691669,0.03202237152691669,0.03202237152691669,0.03202237152691669,0.038108122860807704,0.04259091035836649,0.03202237152691669,0.03202237152691669,1.1900468654788912,1.330036106868797,1.330036106868797,0.013484572802163548,0.015927508524531234,0.01104163707979586,0.01104163707979586,0.015927508524531234,0.01772765039480661,0.009241495209520485,0.009241495209520485,0.01772765039480661,0.015927508524531234,0.01772765039480661,0.013484572802163548,0.013484572802163548,0.05393829120865419,0.05393829120865419,0.21,397.1145833333333,10.5,622.9248366013071,76916.44577263201,3693.466783799857,5427.388856393154,2884.453455882352,15452.429227941175,64348.47000057319,2199.947692327288,3044.713594958108,3044.713594958108,1.3333333333333333,711.9140989729224,444.94631185807646,76916.44577263201,46.51172113289759,415.2832244008714,57687.33432947401,34.883790849673204,415.2832244008714,355.9570494864612,29.663087457205098,77378.24071816578,58523.121481668226,2645.4099390825904,2000.7904780057513,3895.69103676769,2955.2343249633846,3895.69103676769,A,4.114025490667995,4.656168412734733,0.0
3,A-8.2,y,20.0,185.66666666666669,0.0,A-8.2,1,1.0,1.228469476093546,448.0625,,90,95205.37091990536,109091.91111111113,1.1458587898668897,6.178155153790095,10.5,0.525,448.0625,20.0,2768.199643595074,138.4099821797537,5254.623568574772,262.73117842873864,2768.199643595074,5254.623568574772,5254.623568574772,302.8718037352447,262.73117842873864,212.0102626146713,183.91182490011704,310.7142857142857,6,14.0,0.6823318796794018,310.7142857142857,1,6,1600000,10.5,0.2,0.028375146407657183,185184.01607812618,5656786.297275185,180719.76385378657,0.03273661162828927,6.315415390625927,0.0,118.64754606981157,0.0,67.01912059685512,0.0,10.602453930188432,4.11537274491338,743729.1906310554,1916072.9705343046,788391069.849057,0.0,20037019208.847034,436.64117238450046,0.0,436.64117238450046,5620.794902320395,6057.436074704895,6057.436074704895,3169.0734758288027,158.45367379144014,181.5655349006225,127.09587443043574,110.91757165400809,0.03202237152691669,2.8699730147202123e-05,9.083210946105986e-05,9.083210946105986e-05,116.35245393018843,-116.35245393018843,67.0,-67.0,0.006085751333891011,-0.006085751333891011,0.0105685388314498,-0.0105685388314498,-0.006085751333891011,0.006085751333891011,-0.0105685388314498,0.0105685388314498,0.038108122860807704,0.02593662019302568,0.04259091035836649,0.02145383269546689,0.02593662019302568,0.038108122860807704,0.02145383269546689,0.04259091035836649,0.03202237152691669,0.03202237152691669,0.03202237152691669,0.03202237152691669,0.038108122860807704,0.04259091035836649,0.03202237152691669,0.03202237152691669,1.1900468654788912,1.330036106868797,1.330036106868797,0.013484572802163548,0.015927508524531234,0.01104163707979586,0.01104163707979586,0.015927508524531234,0.01772765039480661,0.009241495209520485,0.009241495209520485,0.01772765039480661,0.015927508524531234,0.01772765039480661,0.013484572802163548,0.013484572802163548,0.05393829120865419,0.05393829120865419,0.21,448.0625,10.5,1045.4791666666665,44522.15514908098,3180.15393922007,4624.3352386581155,4841.091281249999,25934.417578124998,23428.828852205985,1201.47840267723,1257.1845279148015,1257.1845279148015,1.3333333333333333,1194.8333333333333,746.7708333333333,44522.15514908098,78.06244444444442,696.986111111111,33391.61636181073,58.54683333333333,696.986111111111,597.4166666666666,49.784722222222214,45297.20370463654,34794.35069514406,2322.9335233146944,1784.3256766740542,3399.527715503833,2633.8968550039426,3399.527715503833,D,8.067794918929042,8.067794918929042,0.0
3,A-8.9,y,29.75,203.58333333333334,0.0,A-8.9,1,1.0,1.228469476093546,1352.5625,,90,95205.37091990536,109091.91111111113,1.1458587898668897,6.178155153790095,10.5,0.35294117647058826,1352.5625,29.75,8356.340980198214,280.88541109909966,15862.08796868833,533.1794275189355,8356.340980198214,15862.08796868833,15862.08796868833,549.203426370621,533.1794275189355,384.4423984594346,373.2255992632549,460.7142857142857,4,17.0,0.8344486168111759,460.7142857142857,1,4,1600000,10.5,0.2,0.03499821105979542,453225.6789236316,5656786.297275185,180719.76385378657,0.08012070018306078,15.777538030572426,0.0,118.64754606981157,0.0,84.93578726352177,0.0,10.602453930188432,4.11537274491338,743729.1906310554,1916072.9705343046,3350947068.70046,0.0,20037019208.847034,1464.3961018580721,0.0,1464.3961018580721,14874.4058326679,16338.801934525973,16338.801934525973,8833.054946035856,296.90940995078506,340.21625718629883,238.15138003040917,207.83658696554954,0.03202237152691669,2.8699730147202123e-05,9.083210946105986e-05,9.083210946105986e-05,116.35245393018843,-116.35245393018843,67.0,-67.0,0.006085751333891011,-0.006085751333891011,0.0105685388314498,-0.0105685388314498,-0.006085751333891011,0.006085751333891011,-0.0105685388314498,0.0105685388314498,0.038108122860807704,0.02593662019302568,0.04259091035836649,0.02145383269546689,0.02593662019302568,0.038108122860807704,0.02145383269546689,0.04259091035836649,0.03202237152691669,0.03202237152691669,0.03202237152691669,0.03202237152691669,0.038108122860807704,0.04259091035836649,0.03202237152691669,0.03202237152691669,1.1900468654788912,1.330036106868797,1.330036106868797,0.013484572802163548,0.015927508524531234,0.01104163707979586,0.01104163707979586,0.015927508524531234,0.01772765039480661,0.009241495209520485,0.009241495209520485,0.01772765039480661,0.015927508524531234,0.01772765039480661,0.013484572802163548,0.013484572802163548,0.05393829120865419,0.05393829120865419,0.21,676.28125,10.5,1060.8333333333333,120090.19421876589,5766.63597689152,8289.576141089878,4912.188749999999,26315.296875,98687.08609376589,3373.9174732911415,4506.46376113493,4506.46376113493,1.3333333333333333,1212.3809523809523,757.7380952380952,120090.19421876589,79.20888888888888,707.2222222222222,90067.64566407443,59.40666666666667,707.2222222222222,606.1904761904761,50.51587301587301,120876.62532987699,91490.98090216966,4132.534199312034,3127.896782980159,5955.667875569878,4523.743173669675,5955.667875569878,D,8.067794918929042,8.067794918929042,0.0
3,A-9,y,29.75,203.91666666666669,0.0,A-9,1,1.0,1.228469476093546,1231.125,,90,95205.37091990536,109091.91111111113,1.1458587898668897,6.178155153790095,10.5,0.35294117647058826,1231.125,29.75,7606.081263709831,255.6665970994901,14437.937655710122,485.30882876336545,7606.081263709831,14437.937655710122,14437.937655710122,526.8110398865848,485.30882876336545,368.76772792060933,339.7161801343558,460.7142857142857,4,17.0,0.8004260761067489,460.7142857142857,1,4,1600000,10.5,0.2,0.03381108527634026,427017.8711421977,5656786.297275185,180719.76385378657,0.07548771487936318,15.539336989891927,0.0,118.64754606981157,0.0,85.26912059685512,0.0,10.602453930188432,4.11537274491338,743729.1906310554,1916072.9705343046,3238460457.701581,0.0,20037019208.847034,1409.7059328332969,0.0,1409.7059328332969,14262.9225037926,15672.628436625897,15672.628436625897,8537.57749552206,286.97739480746424,328.8355703332336,230.1848992332635,200.88417636522496,0.03202237152691669,2.8699730147202123e-05,9.083210946105986e-05,9.083210946105986e-05,116.35245393018843,-116.35245393018843,67.0,-67.0,0.006085751333891011,-0.006085751333891011,0.0105685388314498,-0.0105685388314498,-0.006085751333891011,0.006085751333891011,-0.0105685388314498,0.0105685388314498,0.038108122860807704,0.02593662019302568,0.04259091035836649,0.02145383269546689,0.02593662019302568,0.038108122860807704,0.02145383269546689,0.04259091035836649,0.03202237152691669,0.03202237152691669,0.03202237152691669,0.03202237152691669,0.038108122860807704,0.04259091035836649,0.03202237152691669,0.03202237152691669,1.1900468654788912,1.330036106868797,1.330036106868797,0.013484572802163548,0.015927508524531234,0.01104163707979586,0.01104163707979586,0.015927508524531234,0.01772765039480661,0.009241495209520485,0.009241495209520485,0.01772765039480661,0.015927508524531234,0.01772765039480661,0.013484572802163548,0.013484572802163548,0.05393829120865419,0.05393829120865419,0.21,307.78125,10.5,482.79411764705884,115193.81900920034,5531.51591880914,7929.852369600346,2235.578161764706,11976.311580882351,105453.08559008269,3605.2336953874424,5010.711447004047,5010.711447004047,1.3333333333333333,551.7647058823529,344.85294117647055,115193.81900920034,36.04862745098039,321.8627450980392,86395.36425690027,27.036470588235296,321.8627450980392,275.88235294117646,22.99019607843137,115551.73038174935,87043.13602160616,3950.4865087777557,2975.8337101403813,5670.256353573513,4278.6299222942625,5670.256353573513,D,8.067794918929042,8.067794918929042,0.0
3,A-B--A-1,x,20.0,0.0,30.75,A-B,1,1.0,1.578918548211046,1105.5,,0,95205.37091990536,109091.91111111113,1.1458587898668897,6.178155153790095,10.5,0.525,7705.0,128.34,47602.68545995268,370.9107484802297,90359.88192689329,704.0664011757308,7418.214969604594,14081.328023514616,14081.328023514616,731.5875377040061,704.0664011757308,512.1112763928043,492.8464808230115,600.0,3,19.0,0.8535187939880071,600.0,1,3,1600000,10.5,0.2,0.04412189646729575,319146.0284113591,3911727.6668259436,180719.76385378654,0.08158697526873612,0.0,2.5436062694108927,0.0,33.55584379254397,0.0,2.8058437925439677,11.75,5.345220929050971,965987.064044409,2123457.225281992,0.0,2457339.5565949725,20037019208.847034,0.0,92.81369975723457,92.81369975723457,14538.937054322887,14631.750754080122,14631.750754080122,7520.517485990485,376.0258742995242,430.872553283492,301.6107872984444,263.2181120096669,0.04657946146720401,2.9178148587920997e-05,0.00010066323260585818,0.00010066323260585818,235.0,-235.0,33.44415620745603,-33.44415620745603,0.003366596875617802,-0.003366596875617802,0.023655859662376672,-0.023655859662376672,-0.003366596875617802,0.003366596875617802,-0.023655859662376672,0.023655859662376672,0.04994605834282181,0.04321286459158621,0.07023532112958068,0.022923601804827335,0.04321286459158621,0.04994605834282181,0.022923601804827335,0.07023532112958068,0.04657946146720401,0.04657946146720401,0.04657946146720401,0.04657946146720401,0.04994605834282181,0.07023532112958068,0.04657946146720401,0.04657946146720401,1.0722764233328068,1.5078603083256439,1.5078603083256439,0.015023663621645367,0.01637906508031696,0.013668262162973774,0.013668262162973774,0.01637906508031696,0.024503191021950504,0.005544136221340236,0.005544136221340236,0.024503191021950504,0.01637906508031696,0.024503191021950504,0.015023663621645367,0.015023663621645367,0.06009465448658147,0.06009465448658147,0.21,0.0,10.5,0.0,107543.36804248889,7681.669145892064,11237.285779936883,0.0,0.0,107543.36804248889,5515.04451499943,8067.794918929043,8067.794918929043,1.3333333333333333,0.0,0.0,107543.36804248889,0.0,0.0,80657.52603186667,0.0,0.0,0.0,0.0,107543.36804248889,80657.52603186667,5515.04451499943,4136.283386249573,8067.794918929043,6050.846189196783,8067.794918929043,D,8.067794918929042,8.067794918929042,0.0
3,A-B--A-2.5,x,13.0,0.0,30.75,A-B,1,1.0,1.578918548211046,720.25,,0,95205.37091990536,109091.91111111113,1.1458587898668897,6.178155153790095,10.5,0.8076923076923077,7705.0,128.34,47602.68545995268,370.9107484802297,90359.88192689329,704.0664011757308,4821.839730242986,9152.863215284498,9152.863215284498,704.0664011757307,704.0664011757307,492.84648082301146,492.84648082301146,600.0,3,19.0,0.8214108013716858,600.0,1,3,1600000,10.5,0.2,0.048373575988462064,189212.04455646643,3911727.6668259436,180719.76385378654,0.04837045435476263,0.0,1.4625480928443946,0.0,33.55584379254397,0.0,2.8058437925439677,11.75,5.345220929050971,965987.064044409,2123457.225281992,0.0,1489620.9001343993,20037019208.847034,0.0,56.26297212614467,56.26297212614467,8813.395138548816,8869.658110674962,9152.863215284498,4821.839730242985,370.9107484802296,425.0113414021782,297.5079389815247,259.6375239361607,0.04657946146720401,2.9178148587920997e-05,0.00010066323260585818,0.00010066323260585818,235.0,-235.0,33.44415620745603,-33.44415620745603,0.003366596875617802,-0.003366596875617802,0.023655859662376672,-0.023655859662376672,-0.003366596875617802,0.003366596875617802,-0.023655859662376672,0.023655859662376672,0.04994605834282181,0.04321286459158621,0.07023532112958068,0.022923601804827335,0.04321286459158621,0.04994605834282181,0.022923601804827335,0.07023532112958068,0.04657946146720401,0.04657946146720401,0.04657946146720401,0.04657946146720401,0.04994605834282181,0.07023532112958068,0.04657946146720401,0.04657946146720401,1.0722764233328068,1.5078603083256439,1.5078603083256439,0.015023663621645367,0.01637906508031696,0.013668262162973774,0.013668262162973774,0.01637906508031696,0.024503191021950504,0.005544136221340236,0.005544136221340236,0.024503191021950504,0.01637906508031696,0.024503191021950504,0.015023663621645367,0.015023663621645367,0.06009465448658147,0.06009465448658147,0.21,0.0,10.5,0.0,67273.54463234106,7392.6972123451715,10724.253739300182,0.0,0.0,67273.54463234106,5381.883570587284,7807.256722210532,7807.256722210532,1.3333333333333333,0.0,0.0,67273.54463234106,0.0,0.0,50455.158474255804,0.0,0.0,0.0,0.0,67273.54463234106,50455.158474255804,5381.883570587284,4036.412677940464,7807.256722210532,5855.4425416579,7807.256722210532,D,8.067794918929042,8.067794918929042,0.0
3,A-B--A-3.5,x,9.0,0.0,30.75,A-B,1,1.0,1.578918548211046,561.125,,0,95205.37091990536,109091.91111111113,1.1458587898668897,6.178155153790095,10.5,1.1666666666666667,7705.0,128.34,47602.68545995268,370.9107484802297,90359.88192689329,704.0664011757308,3338.1967363220674,6336.597610581577,6336.597610581577,704.0664011757308,704.0664011757308,492.8464808230115,492.8464808230115,600.0,3,19.0,0.8214108013716859,600.0,1,3,1600000,10.5,0.2,0.055462227280906856,114250.68774262843,3911727.6668259436,180719.76385378654,0.029207219283579063,0.0,0.8831209760236748,0.0,33.55584379254397,0.0,2.8058437925439677,11.75,5.345220929050971,965987.064044409,2123457.225281992,0.0,899468.1745292308,20037019208.847034,0.0,33.97290735335843,33.97290735335843,5321.735507309319,5355.708414662677,6336.597610581577,3338.196736322068,370.91074848022976,425.01134140217835,297.50793898152483,259.6375239361608,0.04657946146720401,2.9178148587920997e-05,0.00010066323260585818,0.00010066323260585818,235.0,-235.0,33.44415620745603,-33.44415620745603,0.003366596875617802,-0.003366596875617802,0.023655859662376672,-0.023655859662376672,-0.003366596875617802,0.003366596875617802,-0.023655859662376672,0.023655859662376672,0.04994605834282181,0.04321286459158621,0.07023532112958068,0.022923601804827335,0.04321286459158621,0.04994605834282181,0.022923601804827335,0.07023532112958068,0.04657946146720401,0.04657946146720401,0.04657946146720401,0.04657946146720401,0.04994605834282181,0.07023532112958068,0.04657946146720401,0.04657946146720401,1.0722764233328068,1.5078603083256439,1.5078603083256439,0.015023663621645367,0.01637906508031696,0.013668262162973774,0.013668262162973774,0.01637906508031696,0.024503191021950504,0.005544136221340236,0.005544136221340236,0.024503191021950504,0.01637906508031696,0.024503191021950504,0.015023663621645367,0.015023663621645367,0.06009465448658147,0.06009465448658147,0.21,0.0,9.0,0.0,46573.992437774585,7392.697212345174,10724.253739300184,0.0,0.0,46573.992437774585,5479.2932279734805,7948.564536187194,7948.564536187194,1.3333333333333333,0.0,0.0,46573.992437774585,0.0,0.0,34930.49432833094,0.0,0.0,0.0,0.0,46573.992437774585,34930.49432833094,5479.2932279734805,4109.469920980111,7948.564536187194,5961.423402140396,7948.564536187194,D,8.067794918929042,8.067794918929042,0.0
3,A-B--A-4,x,12.0,0.0,30.75,A-B,1,1.0,1.578918548211046,653.25,,0,95205.37091990536,109091.91111111113,1.1458587898668897,6.178155153790095,10.5,0.875,7705.0,128.34,47602.68545995268,370.9107484802297,90359.88192689329,704.0664011757308,4450.928981762756,8448.79681410877,8448.79681410877,704.0664011757308,704.0664011757308,492.8464808230115,492.8464808230115,600.0,3,19.0,0.8214108013716859,600.0,1,3,1600000,10.5,0.2,0.04970269810579546,169986.68354230892,3911727.6668259436,180719.76385378654,0.0434556538748618,0.0,1.3139422514381949,0.0,33.55584379254397,0.0,2.8058437925439677,11.75,5.345220929050971,965987.064044409,2123457.225281992,0.0,1338264.2587194734,20037019208.847034,0.0,50.54623272200061,50.54623272200061,7917.88817599678,7968.43440871878,8448.79681410877,4450.928981762757,370.91074848022976,425.01134140217835,297.50793898152483,259.6375239361608,0.04657946146720401,2.9178148587920997e-05,0.00010066323260585818,0.00010066323260585818,235.0,-235.0,33.44415620745603,-33.44415620745603,0.003366596875617802,-0.003366596875617802,0.023655859662376672,-0.023655859662376672,-0.003366596875617802,0.003366596875617802,-0.023655859662376672,0.023655859662376672,0.04994605834282181,0.04321286459158621,0.07023532112958068,0.022923601804827335,0.04321286459158621,0.04994605834282181,0.022923601804827335,0.07023532112958068,0.04657946146720401,0.04657946146720401,0.04657946146720401,0.04657946146720401,0.04994605834282181,0.07023532112958068,0.04657946146720401,0.04657946146720401,1.0722764233328068,1.5078603083256439,1.5078603083256439,0.015023663621645367,0.01637906508031696,0.013668262162973774,0.013668262162973774,0.01637906508031696,0.024503191021950504,0.005544136221340236,0.005544136221340236,0.024503191021950504,0.01637906508031696,0.024503191021950504,0.015023663621645367,0.015023663621645367,0.06009465448658147,0.06009465448658147,0.21,0.0,10.5,0.0,62098.656583699456,7392.697212345173,10724.253739300184,0.0,0.0,62098.656583699456,5399.883181191257,7833.367948706222,7833.367948706222,1.3333333333333333,0.0,0.0,62098.656583699456,0.0,0.0,46573.9924377746,0.0,0.0,0.0,0.0,62098.656583699456,46573.9924377746,5399.883181191257,4049.9123858934436,7833.367948706222,5875.025961529667,7833.367948706222,D,8.067794918929042,8.067794918929042,0.0
3,A-B--A-4.8,x,10.67,0.0,30.75,A-B,1,1.0,1.578918548211046,536.0,,0,95205.37091990536,109091.91111111113,1.1458587898668897,6.178155153790095,10.5,0.9840674789128397,7705.0,128.34,47602.68545995268,370.9107484802297,90359.88192689329,704.0664011757308,3957.6176862840507,7512.388500545047,7512.388500545047,704.0664011757307,704.0664011757307,492.84648082301146,492.84648082301146,600.0,3,19.0,0.8214108013716858,600.0,1,3,1600000,10.5,0.2,0.05185644894072464,144868.93441415945,3911727.6668259436,180719.76385378654,0.03703451435097196,0.0,1.1197901499161595,0.0,33.55584379254397,0.0,2.8058437925439677,11.75,5.345220929050971,965987.064044409,2123457.225281992,0.0,1140518.2634614492,20037019208.847034,0.0,43.07736771194663,43.07736771194663,6747.916948339245,6790.994316051192,7512.388500545047,3957.6176862840507,370.9107484802297,425.0113414021783,297.5079389815248,259.6375239361608,0.04657946146720401,2.9178148587920997e-05,0.00010066323260585818,0.00010066323260585818,235.0,-235.0,33.44415620745603,-33.44415620745603,0.003366596875617802,-0.003366596875617802,0.023655859662376672,-0.023655859662376672,-0.003366596875617802,0.003366596875617802,-0.023655859662376672,0.023655859662376672,0.04994605834282181,0.04321286459158621,0.07023532112958068,0.022923601804827335,0.04321286459158621,0.04994605834282181,0.022923601804827335,0.07023532112958068,0.04657946146720401,0.04657946146720401,0.04657946146720401,0.04657946146720401,0.04994605834282181,0.07023532112958068,0.04657946146720401,0.04657946146720401,1.0722764233328068,1.5078603083256439,1.5078603083256439,0.015023663621645367,0.01637906508031696,0.013668262162973774,0.013668262162973774,0.01637906508031696,0.024503191021950504,0.005544136221340236,0.005544136221340236,0.024503191021950504,0.01637906508031696,0.024503191021950504,0.015023663621645367,0.015023663621645367,0.06009465448658147,0.06009465448658147,0.21,0.0,10.5,0.0,55216.055479006085,7392.697212345172,10724.253739300184,0.0,0.0,55216.055479006085,5429.3073234027615,7876.052229973751,7876.052229973751,1.3333333333333333,0.0,0.0,55216.055479006085,0.0,0.0,41412.04160925457,0.0,0.0,0.0,0.0,55216.055479006085,41412.04160925457,5429.3073234027615,4071.980492552072,7876.052229973751,5907.039172480315,7876.052229973751,E,8.091319285055508,8.091319285055508,0.0
3,A-B--A-5.5,x,29.0,0.0,30.75,A-B,1,1.0,1.578918548211046,1139.0,,0,95205.37091990536,109091.91111111113,1.1458587898668897,6.178155153790095,10.5,0.3620689655172414,7705.0,128.34,47602.68545995268,370.9107484802297,90359.88192689329,704.0664011757308,10756.411705926661,20417.92563409619,20417.92563409619,737.1239183888014,704.0664011757307,515.9867428721609,492.84648082301146,600.0,3,19.0,0.8599779047869348,600.0,1,3,1600000,10.5,0.2,0.041148621414037315,496199.50638567156,3911727.6668259436,180719.76385378654,0.12684919520184748,0.0,3.9880855130660446,0.0,33.55584379254397,0.0,2.8058437925439677,11.75,5.345220929050971,965987.064044409,2123457.225281992,0.0,3590106.8848958765,20037019208.847034,0.0,135.598314696412,135.598314696412,21240.995318578825,21376.59363327524,21376.59363327524,10878.788430488245,375.1306355340774,429.84673607507517,300.8927152525526,262.59144487385413,0.04657946146720401,2.9178148587920997e-05,0.00010066323260585818,0.00010066323260585818,235.0,-235.0,33.44415620745603,-33.44415620745603,0.003366596875617802,-0.003366596875617802,0.023655859662376672,-0.023655859662376672,-0.003366596875617802,0.003366596875617802,-0.023655859662376672,0.023655859662376672,0.04994605834282181,0.04321286459158621,0.07023532112958068,0.022923601804827335,0.04321286459158621,0.04994605834282181,0.022923601804827335,0.07023532112958068,0.04657946146720401,0.04657946146720401,0.04657946146720401,0.04657946146720401,0.04994605834282181,0.07023532112958068,0.04657946146720401,0.04657946146720401,1.0722764233328068,1.5078603083256439,1.5078603083256439,0.015023663621645367,0.01637906508031696,0.013668262162973774,0.013668262162973774,0.01637906508031696,0.024503191021950504,0.005544136221340236,0.005544136221340236,0.024503191021950504,0.01637906508031696,0.024503191021950504,0.015023663621645367,0.015023663621645367,0.06009465448658147,0.06009465448658147,0.21,0.0,10.5,0.0,157117.963204573,7739.801143082414,11359.733971629652,0.0,0.0,157117.963204573,5512.910989634141,8091.319285055508,8091.319285055508,1.3333333333333333,0.0,0.0,157117.963204573,0.0,0.0,117838.47240342975,0.0,0.0,0.0,0.0,157117.963204573,117838.47240342975,5512.910989634141,4134.683242225606,8091.319285055508,6068.489463791631,8091.319285055508,E,8.091319285055508,8.091319285055508,0.0
3,A-B--A-6.5,x,13.0,0.0,30.75,A-B,1,1.0,1.578918548211046,963.125,,0,95205.37091990536,109091.91111111113,1.1458587898668897,6.178155153790095,10.5,0.8076923076923077,7705.0,128.34,47602.68545995268,370.9107484802297,90359.88192689329,704.0664011757308,4821.839730242986,9152.863215284498,9152.863215284498,704.0664011757307,704.0664011757307,492.84648082301146,492.84648082301146,600.0,3,19.0,0.8214108013716858,600.0,1,3,1600000,10.5,0.2,0.048373575988462064,189212.04455646643,3911727.6668259436,180719.76385378654,0.04837045435476263,0.0,1.4625480928443946,0.0,33.55584379254397,0.0,2.8058437925439677,11.75,5.345220929050971,965987.064044409,2123457.225281992,0.0,1489620.9001343993,20037019208.847034,0.0,56.26297212614467,56.26297212614467,8813.395138548816,8869.658110674962,9152.863215284498,4821.839730242985,370.9107484802296,425.0113414021782,297.5079389815247,259.6375239361607,0.04657946146720401,2.9178148587920997e-05,0.00010066323260585818,0.00010066323260585818,235.0,-235.0,33.44415620745603,-33.44415620745603,0.003366596875617802,-0.003366596875617802,0.023655859662376672,-0.023655859662376672,-0.003366596875617802,0.003366596875617802,-0.023655859662376672,0.023655859662376672,0.04994605834282181,0.04321286459158621,0.07023532112958068,0.022923601804827335,0.04321286459158621,0.04994605834282181,0.022923601804827335,0.07023532112958068,0.04657946146720401,0.04657946146720401,0.04657946146720401,0.04657946146720401,0.04994605834282181,0.07023532112958068,0.04657946146720401,0.04657946146720401,1.0722764233328068,1.5078603083256439,1.5078603083256439,0.015023663621645367,0.01637906508031696,0.013668262162973774,0.013668262162973774,0.01637906508031696,0.024503191021950504,0.005544136221340236,0.005544136221340236,0.024503191021950504,0.01637906508031696,0.024503191021950504,0.015023663621645367,0.015023663621645367,0.06009465448658147,0.06009465448658147,0.21,0.0,10.5,0.0,67273.54463234106,7392.6972123451715,10724.253739300182,0.0,0.0,67273.54463234106,5381.883570587284,7807.256722210532,7807.256722210532,1.3333333333333333,0.0,0.0,67273.54463234106,0.0,0.0,50455.158474255804,0.0,0.0,0.0,0.0,67273.54463234106,50455.158474255804,5381.883570587284,4036.412677940464,7807.256722210532,5855.4425416579,7807.256722210532,E,8.091319285055508,8.091319285055508,0.0
3,A-B--A-7.9,x,11.67,0.0,30.75,A-B,1,1.0,1.578918548211046,938.0,,0,95205.37091990536,109091.91111111113,1.1458587898668897,6.178155153790095,10.5,0.8997429305912596,7705.0,128.34,47602.68545995268,370.9107484802297,90359.88192689329,704.0664011757308,4328.528434764281,8216.454901720777,8216.454901720777,704.0664011757307,704.0664011757307,492.84648082301146,492.84648082301146,600.0,3,19.0,0.8214108013716858,600.0,1,3,1600000,10.5,0.2,0.05019129569648614,163702.78526792457,3911727.6668259436,180719.76385378654,0.041849228579032546,0.0,1.2653697440252945,0.0,33.55584379254397,0.0,2.8058437925439677,11.75,5.345220929050971,965987.064044409,2123457.225281992,0.0,1288792.6395855872,20037019208.847034,0.0,48.67768997524273,48.67768997524273,7625.187578461265,7673.865268436508,8216.454901720777,4328.528434764281,370.91074848022976,425.01134140217835,297.50793898152483,259.6375239361608,0.04657946146720401,2.9178148587920997e-05,0.00010066323260585818,0.00010066323260585818,235.0,-235.0,33.44415620745603,-33.44415620745603,0.003366596875617802,-0.003366596875617802,0.023655859662376672,-0.023655859662376672,-0.003366596875617802,0.003366596875617802,-0.023655859662376672,0.023655859662376672,0.04994605834282181,0.04321286459158621,0.07023532112958068,0.022923601804827335,0.04321286459158621,0.04994605834282181,0.022923601804827335,0.07023532112958068,0.04657946146720401,0.04657946146720401,0.04657946146720401,0.04657946146720401,0.04994605834282181,0.07023532112958068,0.04657946146720401,0.04657946146720401,1.0722764233328068,1.5078603083256439,1.5078603083256439,0.015023663621645367,0.01637906508031696,0.013668262162973774,0.013668262162973774,0.01637906508031696,0.024503191021950504,0.005544136221340236,0.005544136221340236,0.024503191021950504,0.01637906508031696,0.024503191021950504,0.015023663621645367,0.015023663621645367,0.06009465448658147,0.06009465448658147,0.21,0.0,10.5,0.0,60390.94352764771,7392.697212345172,10724.253739300182,0.0,0.0,60390.94352764771,5406.530306861926,7843.010635303777,7843.010635303777,1.3333333333333333,0.0,0.0,60390.94352764771,0.0,0.0,45293.20764573579,0.0,0.0,0.0,0.0,60390.94352764771,45293.20764573579,5406.530306861926,4054.897730146445,7843.010635303777,5882.257976477834,7843.010635303777,E,8.091319285055508,8.091319285055508,0.0
3,A-B--A-8.8,x,10.0,0.0,30.75,A-B,1,1.0,1.578918548211046,1088.75,,0,95205.37091990536,109091.91111111113,1.1458587898668897,6.178155153790095,10.5,1.05,7705.0,128.34,47602.68545995268,370.9107484802297,90359.88192689329,704.0664011757308,3709.107484802297,7040.664011757308,7040.664011757308,704.0664011757308,704.0664011757308,492.8464808230115,492.8464808230115,600.0,3,19.0,0.8214108013716859,600.0,1,3,1600000,10.5,0.2,0.0531584156108623,132446.8370783916,3911727.6668259436,180719.76385378654,0.033858910527342946,0.0,1.0237713430260258,0.0,33.55584379254397,0.0,2.8058437925439677,11.75,5.345220929050971,965987.064044409,2123457.225281992,0.0,1042722.0800406765,20037019208.847034,0.0,39.38360647286235,39.38360647286235,6169.302344145989,6208.685950618851,7040.664011757308,3709.1074848022977,370.91074848022976,425.01134140217835,297.50793898152483,259.6375239361608,0.04657946146720401,2.9178148587920997e-05,0.00010066323260585818,0.00010066323260585818,235.0,-235.0,33.44415620745603,-33.44415620745603,0.003366596875617802,-0.003366596875617802,0.023655859662376672,-0.023655859662376672,-0.003366596875617802,0.003366596875617802,-0.023655859662376672,0.023655859662376672,0.04994605834282181,0.04321286459158621,0.07023532112958068,0.022923601804827335,0.04321286459158621,0.04994605834282181,0.022923601804827335,0.07023532112958068,0.04657946146720401,0.04657946146720401,0.04657946146720401,0.04657946146720401,0.04994605834282181,0.07023532112958068,0.04657946146720401,0.04657946146720401,1.0722764233328068,1.5078603083256439,1.5078603083256439,0.015023663621645367,0.01637906508031696,0.013668262162973774,0.013668262162973774,0.01637906508031696,0.024503191021950504,0.005544136221340236,0.005544136221340236,0.024503191021950504,0.01637906508031696,0.024503191021950504,0.015023663621645367,0.015023663621645367,0.06009465448658147,0.06009465448658147,0.21,0.0,10.0,0.0,51748.880486416216,7392.697212345173,10724.253739300184,0.0,0.0,51748.880486416216,5447.250577517497,7902.081702642241,7902.081702642241,1.3333333333333333,0.0,0.0,51748.880486416216,0.0,0.0,38811.66036481216,0.0,0.0,0.0,0.0,51748.880486416216,38811.66036481216,5447.250577517497,4085.437933138122,7902.081702642241,5926.56127698168,7902.081702642241,E,8.091319285055508,8.091319285055508,0.0
3,A-C--A-1.8,x,16.0,0.0,36.25,A-C,1,1.0,1.578918548211046,1563.4450000000002,,0,95205.37091990536,109091.91111111113,1.1458587898668897,6.178155153790095,10.5,0.65625,7705.0,144.34,47602.68545995268,329.79552071465065,90359.88192689329,626.0210747325293,5276.72833143441,10016.337195720469,10016.337195720469,644.540999191314,626.0210747325293,451.17869943391975,438.2147523127705,460.7142857142857,4,17.0,0.9793026034224614,460.7142857142857,1,4,1600000,10.5,0.2,0.0459629420045381,217922.02062982647,3911727.6668259436,180719.76385378654,0.05570991622907453,0.0,2.0302071043295293,0.0,33.55584379254397,0.0,2.6941562074560323,11.75,5.233533343963039,945802.9100419182,2123457.225281992,0.0,1597230.6909535679,20037019208.847034,0.0,62.828295337176975,62.828295337176975,10249.827691723847,10312.655987061024,10312.655987061024,5236.883299526148,327.30520622038426,375.0455475168223,262.5318832617756,229.11364435426896,0.04657946146720401,2.822131170648326e-05,0.00010066323260585818,0.00010066323260585818,235.0,-235.0,33.44415620745603,-33.44415620745603,0.003366596875617802,-0.003366596875617802,0.023655859662376672,-0.023655859662376672,-0.003366596875617802,0.003366596875617802,-0.023655859662376672,0.023655859662376672,0.04994605834282181,0.04321286459158621,0.07023532112958068,0.022923601804827335,0.04321286459158621,0.04994605834282181,0.022923601804827335,0.07023532112958068,0.04657946146720401,0.04657946146720401,0.04657946146720401,0.04657946146720401,0.04994605834282181,0.07023532112958068,0.04657946146720401,0.04657946146720401,1.0722764233328068,1.5078603083256439,1.5078603083256439,0.015023663621645367,0.01637906508031696,0.013668262162973774,0.013668262162973774,0.01637906508031696,0.024503191021950504,0.005544136221340236,0.005544136221340236,0.024503191021950504,0.01637906508031696,0.024503191021950504,0.015023663621645367,0.015023663621645367,0.06009465448658147,0.06009465448658147,0.21,0.0,10.5,0.0,75798.02150489851,6767.680491508797,9940.038421218094,0.0,0.0,75798.02150489851,4890.194935799904,7182.479375331783,7182.479375331783,1.3333333333333333,0.0,0.0,75798.02150489851,0.0,0.0,56848.516128673895,0.0,0.0,0.0,0.0,75798.02150489851,56848.516128673895,4890.194935799904,3667.6462018499287,7182.479375331783,5386.859531498838,7182.479375331783,E,8.091319285055508,8.091319285055508,0.0
3,A-C--A-3.2,x,9.34,0.0,36.25,A-C,1,1.0,1.578918548211046,469.0,,0,95205.37091990536,109091.91111111113,1.1458587898668897,6.178155153790095,10.5,1.1241970021413277,7705.0,144.34,47602.68545995268,329.79552071465065,90359.88192689329,626.0210747325293,3080.290163474837,5847.036838001823,5847.036838001823,626.0210747325292,626.0210747325292,438.21475231277043,438.21475231277043,460.7142857142857,4,17.0,0.9511638034695792,460.7142857142857,1,4,1600000,10.5,0.2,0.05403728785930551,108203.74355621795,3911727.6668259436,180719.76385378654,0.02766136929057147,0.0,0.9859764785300188,0.0,33.55584379254397,0.0,2.6941562074560323,11.75,5.233533343963039,945802.9100419182,2123457.225281992,0.0,785394.456432028,20037019208.847034,0.0,30.89409384904407,30.89409384904407,5040.072103584078,5070.966197433122,5847.036838001823,3080.2901634748364,329.7955207146506,377.8990962696103,264.5293673887272,230.8568645002554,0.04657946146720401,2.822131170648326e-05,0.00010066323260585818,0.00010066323260585818,235.0,-235.0,33.44415620745603,-33.44415620745603,0.003366596875617802,-0.003366596875617802,0.023655859662376672,-0.023655859662376672,-0.003366596875617802,0.003366596875617802,-0.023655859662376672,0.023655859662376672,0.04994605834282181,0.04321286459158621,0.07023532112958068,0.022923601804827335,0.04321286459158621,0.04994605834282181,0.022923601804827335,0.07023532112958068,0.04657946146720401,0.04657946146720401,0.04657946146720401,0.04657946146720401,0.04994605834282181,0.07023532112958068,0.04657946146720401,0.04657946146720401,1.0722764233328068,1.5078603083256439,1.5078603083256439,0.015023663621645367,0.01637906508031696,0.013668262162973774,0.013668262162973774,0.01637906508031696,0.024503191021950504,0.005544136221340236,0.005544136221340236,0.024503191021950504,0.01637906508031696,0.024503191021950504,0.015023663621645367,0.015023663621645367,0.06009465448658147,0.06009465448658147,0.21,0.0,9.34,0.0,42975.72075931339,6573.221284691556,9535.476824870342,0.0,0.0,42975.72075931339,4861.506873225497,7052.369624547771,7052.369624547771,1.3333333333333333,0.0,0.0,42975.72075931339,0.0,0.0,32231.79056948505,0.0,0.0,0.0,0.0,42975.72075931339,32231.79056948505,4861.506873225497,3646.130154919123,7052.369624547771,5289.277218410829,7052.369624547771,E,8.091319285055508,8.091319285055508,0.0
3,A-C--A-3.8,x,16.75,0.0,36.25,A-C,1,1.0,1.578918548211046,720.25,,0,95205.37091990536,109091.91111111113,1.1458587898668897,6.178155153790095,10.5,0.6268656716417911,7705.0,144.34,47602.68545995268,329.79552071465065,90359.88192689329,626.0210747325293,5524.074971970398,10485.853001769865,10485.853001769865,646.3635428368781,626.0210747325292,452.4544799858146,438.21475231277043,460.7142857142857,4,17.0,0.9820717395040937,460.7142857142857,1,4,1600000,10.5,0.2,0.045489149091965476,230513.2808831091,3911727.6668259436,180719.76385378654,0.058928765117780384,0.0,2.1526770974146006,0.0,33.55584379254397,0.0,2.6941562074560323,11.75,5.233533343963039,945802.9100419182,2123457.225281992,0.0,1676829.0145542084,20037019208.847034,0.0,65.95935649938113,65.95935649938113,10760.629986018326,10826.589342517707,10826.589342517707,5483.583998811298,327.3781491827641,375.1291298514242,262.5903908959969,229.16470442793485,0.04657946146720401,2.822131170648326e-05,0.00010066323260585818,0.00010066323260585818,235.0,-235.0,33.44415620745603,-33.44415620745603,0.003366596875617802,-0.003366596875617802,0.023655859662376672,-0.023655859662376672,-0.003366596875617802,0.003366596875617802,-0.023655859662376672,0.023655859662376672,0.04994605834282181,0.04321286459158621,0.07023532112958068,0.022923601804827335,0.04321286459158621,0.04994605834282181,0.022923601804827335,0.07023532112958068,0.04657946146720401,0.04657946146720401,0.04657946146720401,0.04657946146720401,0.04994605834282181,0.07023532112958068,0.04657946146720401,0.04657946146720401,1.0722764233328068,1.5078603083256439,1.5078603083256439,0.015023663621645367,0.01637906508031696,0.013668262162973774,0.013668262162973774,0.01637906508031696,0.024503191021950504,0.005544136221340236,0.005544136221340236,0.024503191021950504,0.01637906508031696,0.024503191021950504,0.015023663621645367,0.015023663621645367,0.06009465448658147,0.06009465448658147,0.21,0.0,10.5,0.0,79575.43166750514,6786.81719978722,9976.67113632836,0.0,0.0,79575.43166750514,4896.949641077239,7198.551942981538,7198.551942981538,1.3333333333333333,0.0,0.0,79575.43166750514,0.0,0.0,59681.573750628864,0.0,0.0,0.0,0.0,79575.43166750514,59681.573750628864,4896.949641077239,3672.71223080793,7198.551942981538,5398.913957236155,7198.551942981538,C,7.72067964659693,7.72067964659693,0.0
3,A-C--A-4.6,x,16.0,0.0,36.25,A-C,1,1.0,1.578918548211046,971.5,,0,95205.37091990536,109091.91111111113,1.1458587898668897,6.178155153790095,10.5,0.65625,7705.0,144.34,47602.68545995268,329.79552071465065,90359.88192689329,626.0210747325293,5276.72833143441,10016.337195720469,10016.337195720469,644.540999191314,626.0210747325293,451.17869943391975,438.2147523127705,460.7142857142857,4,17.0,0.9793026034224614,460.7142857142857,1,4,1600000,10.5,0.2,0.0459629420045381,217922.02062982647,3911727.6668259436,180719.76385378654,0.05570991622907453,0.0,2.0302071043295293,0.0,33.55584379254397,0.0,2.6941562074560323,11.75,5.233533343963039,945802.9100419182,2123457.225281992,0.0,1597230.6909535679,20037019208.847034,0.0,62.828295337176975,62.828295337176975,10249.827691723847,10312.655987061024,10312.655987061024,5236.883299526148,327.30520622038426,375.0455475168223,262.5318832617756,229.11364435426896,0.04657946146720401,2.822131170648326e-05,0.00010066323260585818,0.00010066323260585818,235.0,-235.0,33.44415620745603,-33.44415620745603,0.003366596875617802,-0.003366596875617802,0.023655859662376672,-0.023655859662376672,-0.003366596875617802,0.003366596875617802,-0.023655859662376672,0.023655859662376672,0.04994605834282181,0.04321286459158621,0.07023532112958068,0.022923601804827335,0.04321286459158621,0.04994605834282181,0.022923601804827335,0.07023532112958068,0.04657946146720401,0.04657946146720401,0.04657946146720401,0.04657946146720401,0.04994605834282181,0.07023532112958068,0.04657946146720401,0.04657946146720401,1.0722764233328068,1.5078603083256439,1.5078603083256439,0.015023663621645367,0.01637906508031696,0.013668262162973774,0.013668262162973774,0.01637906508031696,0.024503191021950504,0.005544136221340236,0.005544136221340236,0.024503191021950504,0.01637906508031696,0.024503191021950504,0.015023663621645367,0.015023663621645367,0.06009465448658147,0.06009465448658147,0.21,0.0,10.5,0.0,75798.02150489851,6767.680491508797,9940.038421218094,0.0,0.0,75798.02150489851,4890.194935799904,7182.479375331783,7182.479375331783,1.3333333333333333,0.0,0.0,75798.02150489851,0.0,0.0,56848.516128673895,0.0,0.0,0.0,0.0,75798.02150489851,56848.516128673895,4890.194935799904,3667.6462018499287,7182.479375331783,5386.859531498838,7182.479375331783,C,7.72067964659693,7.72067964659693,0.0
3,A-C--A-5.5,x,15.0,0.0,36.25,A-C,1,1.0,1.578918548211046,681.055,,0,95205.37091990536,109091.91111111113,1.1458587898668897,6.178155153790095,10.5,0.7,7705.0,144.34,47602.68545995268,329.79552071465065,90359.88192689329,626.0210747325293,4946.93281071976,9390.31612098794,9390.31612098794,640.5005075326541,626.0210747325293,448.3503552728578,438.2147523127705,460.7142857142857,4,17.0,0.9731635618325596,460.7142857142857,1,4,1600000,10.5,0.2,0.04659513735869556,201529.95898906872,3911727.6668259436,180719.76385378654,0.05151942470284346,0.0,1.8680417409410217,0.0,33.55584379254397,0.0,2.6941562074560323,11.75,5.233533343963039,945802.9100419182,2123457.225281992,0.0,1488016.8641609682,20037019208.847034,0.0,58.53228562268032,58.53228562268032,9548.975327367132,9607.507612989812,9607.507612989812,4890.525046324496,326.03500308829973,373.59007409300676,261.5130518651047,228.2245021618098,0.04657946146720401,2.822131170648326e-05,0.00010066323260585818,0.00010066323260585818,235.0,-235.0,33.44415620745603,-33.44415620745603,0.003366596875617802,-0.003366596875617802,0.023655859662376672,-0.023655859662376672,-0.003366596875617802,0.003366596875617802,-0.023655859662376672,0.023655859662376672,0.04994605834282181,0.04321286459158621,0.07023532112958068,0.022923601804827335,0.04321286459158621,0.04994605834282181,0.022923601804827335,0.07023532112958068,0.04657946146720401,0.04657946146720401,0.04657946146720401,0.04657946146720401,0.04994605834282181,0.07023532112958068,0.04657946146720401,0.04657946146720401,1.0722764233328068,1.5078603083256439,1.5078603083256439,0.015023663621645367,0.01637906508031696,0.013668262162973774,0.013668262162973774,0.01637906508031696,0.024503191021950504,0.005544136221340236,0.005544136221340236,0.024503191021950504,0.01637906508031696,0.024503191021950504,0.015023663621645367,0.015023663621645367,0.06009465448658147,0.06009465448658147,0.21,0.0,10.5,0.0,70615.18095547511,6725.255329092868,9869.910373536411,0.0,0.0,70615.18095547511,4870.012479687938,7147.176477388435,7147.176477388435,1.3333333333333333,0.0,0.0,70615.18095547511,0.0,0.0,52961.38571660634,0.0,0.0,0.0,0.0,70615.18095547511,52961.38571660634,4870.012479687938,3652.5093597659543,7147.176477388435,5360.382358041327,7147.176477388435,C,7.72067964659693,7.72067964659693,0.0
3,A-C--A-6.5,x,26.0,0.0,36.25,A-C,1,1.0,1.578918548211046,1021.75,,0,95205.37091990536,109091.91111111113,1.1458587898668897,6.178155153790095,10.5,0.40384615384615385,7705.0,144.34,47602.68545995268,329.79552071465065,90359.88192689329,626.0210747325293,8574.683538580917,16276.54794304576,16276.54794304576,717.638610151552,626.0210747325292,502.3470271060864,438.21475231277043,600.0,3,19.0,0.8372450451768106,460.7142857142857,1,4,1600000,10.5,0.2,0.04104785896836176,396526.1124969063,3911727.6668259436,180719.76385378654,0.10136853745206034,0.0,3.702471677323834,0.0,33.55584379254397,0.0,2.6941562074560323,11.75,5.233533343963039,945802.9100419182,2123457.225281992,0.0,2889856.3841576935,20037019208.847034,0.0,113.6747192589252,113.6747192589252,18544.929144681428,18658.603863940352,18658.603863940352,10124.804922760333,389.4155739523205,446.2152583243263,312.3506808270284,272.59090176662437,0.04657946146720401,2.822131170648326e-05,0.00010066323260585818,0.00010066323260585818,235.0,-235.0,33.44415620745603,-33.44415620745603,0.003366596875617802,-0.003366596875617802,0.023655859662376672,-0.023655859662376672,-0.003366596875617802,0.003366596875617802,-0.023655859662376672,0.023655859662376672,0.04994605834282181,0.04321286459158621,0.07023532112958068,0.022923601804827335,0.04321286459158621,0.04994605834282181,0.022923601804827335,0.07023532112958068,0.04657946146720401,0.04657946146720401,0.04657946146720401,0.04657946146720401,0.04994605834282181,0.07023532112958068,0.04657946146720401,0.04657946146720401,1.0722764233328068,1.5078603083256439,1.5078603083256439,0.015023663621645367,0.01637906508031696,0.013668262162973774,0.013668262162973774,0.01637906508031696,0.024503191021950504,0.005544136221340236,0.005544136221340236,0.024503191021950504,0.01637906508031696,0.024503191021950504,0.015023663621645367,0.015023663621645367,0.06009465448658147,0.06009465448658147,0.21,0.0,10.5,0.0,137140.73839996158,7535.205406591296,10817.435768583611,0.0,0.0,137140.73839996158,5378.068172547513,7720.67964659693,7720.67964659693,1.3333333333333333,0.0,0.0,137140.73839996158,0.0,0.0,102855.5537999712,0.0,0.0,0.0,0.0,137140.73839996158,102855.5537999712,5378.068172547513,4033.551129410635,7720.67964659693,5790.509734947698,7720.67964659693,C,7.72067964659693,7.72067964659693,0.0
3,A-C--A-6.9,x,11.5,0.0,36.25,A-C,1,1.0,1.578918548211046,536.0,,0,95205.37091990536,109091.91111111113,1.1458587898668897,6.178155153790095,10.5,0.9130434782608695,7705.0,144.34,47602.68545995268,329.79552071465065,90359.88192689329,626.0210747325293,3792.6484882184823,7199.242359424086,7199.242359424086,626.0210747325292,626.0210747325292,438.21475231277043,438.21475231277043,460.7142857142857,4,17.0,0.9511638034695792,460.7142857142857,1,4,1600000,10.5,0.2,0.049939746279002606,144158.56899239073,3911727.6668259436,180719.76385378654,0.03685291545598929,0.0,1.3136048119369919,0.0,33.55584379254397,0.0,2.6941562074560323,11.75,5.233533343963039,945802.9100419182,2123457.225281992,0.0,1046371.7539954877,20037019208.847034,0.0,41.15983618700671,41.15983618700671,6714.828509548335,6755.988345735342,7199.242359424086,3792.6484882184823,329.79552071465065,377.89909626961037,264.5293673887272,230.85686450025543,0.04657946146720401,2.822131170648326e-05,0.00010066323260585818,0.00010066323260585818,235.0,-235.0,33.44415620745603,-33.44415620745603,0.003366596875617802,-0.003366596875617802,0.023655859662376672,-0.023655859662376672,-0.003366596875617802,0.003366596875617802,-0.023655859662376672,0.023655859662376672,0.04994605834282181,0.04321286459158621,0.07023532112958068,0.022923601804827335,0.04321286459158621,0.04994605834282181,0.022923601804827335,0.07023532112958068,0.04657946146720401,0.04657946146720401,0.04657946146720401,0.04657946146720401,0.04994605834282181,0.07023532112958068,0.04657946146720401,0.04657946146720401,1.0722764233328068,1.5078603083256439,1.5078603083256439,0.015023663621645367,0.01637906508031696,0.013668262162973774,0.013668262162973774,0.01637906508031696,0.024503191021950504,0.005544136221340236,0.005544136221340236,0.024503191021950504,0.01637906508031696,0.024503191021950504,0.015023663621645367,0.015023663621645367,0.06009465448658147,0.06009465448658147,0.21,0.0,10.5,0.0,52914.43134176703,6573.221284691557,9535.476824870344,0.0,0.0,52914.43134176703,4810.402849251548,6978.235312746023,6978.235312746023,1.3333333333333333,0.0,0.0,52914.43134176703,0.0,0.0,39685.82350632528,0.0,0.0,0.0,0.0,52914.43134176703,39685.82350632528,4810.402849251548,3607.802136938662,6978.235312746023,5233.676484559519,6978.235312746023,C,7.72067964659693,7.72067964659693,0.0
3,A-C--A-8.5,x,9.75,0.0,36.25,A-C,1,1.0,1.578918548211046,787.25,,0,95205.37091990536,109091.91111111113,1.1458587898668897,6.178155153790095,10.5,1.0769230769230769,7705.0,144.34,47602.68545995268,329.79552071465065,90359.88192689329,626.0210747325293,3215.506326967844,6103.70547864216,6103.70547864216,626.0210747325293,626.0210747325293,438.2147523127705,438.2147523127705,460.7142857142857,4,17.0,0.9511638034695793,460.7142857142857,1,4,1600000,10.5,0.2,0.0531199132842282,114904.28167649904,3911727.6668259436,180719.76385378654,0.029374305029198196,0.0,1.047033266058432,0.0,33.55584379254397,0.0,2.6941562074560323,11.75,5.233533343963039,945802.9100419182,2123457.225281992,0.0,834030.1627562371,20037019208.847034,0.0,32.80721669233562,32.80721669233562,5352.179560767243,5384.986777459579,6103.70547864216,3215.506326967844,329.79552071465065,377.89909626961037,264.5293673887272,230.85686450025543,0.04657946146720401,2.822131170648326e-05,0.00010066323260585818,0.00010066323260585818,235.0,-235.0,33.44415620745603,-33.44415620745603,0.003366596875617802,-0.003366596875617802,0.023655859662376672,-0.023655859662376672,-0.003366596875617802,0.003366596875617802,-0.023655859662376672,0.023655859662376672,0.04994605834282181,0.04321286459158621,0.07023532112958068,0.022923601804827335,0.04321286459158621,0.04994605834282181,0.022923601804827335,0.07023532112958068,0.04657946146720401,0.04657946146720401,0.04657946146720401,0.04657946146720401,0.04994605834282181,0.07023532112958068,0.04657946146720401,0.04657946146720401,1.0722764233328068,1.5078603083256439,1.5078603083256439,0.015023663621645367,0.01637906508031696,0.013668262162973774,0.013668262162973774,0.01637906508031696,0.024503191021950504,0.005544136221340236,0.005544136221340236,0.024503191021950504,0.01637906508031696,0.024503191021950504,0.015023663621645367,0.015023663621645367,0.06009465448658147,0.06009465448658147,0.21,0.0,9.75,0.0,44862.235268019875,6573.221284691557,9535.476824870344,0.0,0.0,44862.235268019875,4849.971380326473,7035.635603215145,7035.635603215145,1.3333333333333333,0.0,0.0,44862.235268019875,0.0,0.0,33646.67645101491,0.0,0.0,0.0,0.0,44862.235268019875,33646.67645101491,4849.971380326473,3637.478535244855,7035.635603215145,5276.726702411359,7035.635603215145,C,7.72067964659693,7.72067964659693,0.0
3,A-C--A-9.2,x,24.0,0.0,36.25,A-C,1,1.0,1.578918548211046,954.75,,0,95205.37091990536,109091.91111111113,1.1458587898668897,6.178155153790095,10.5,0.4375,7705.0,144.34,47602.68545995268,329.79552071465065,90359.88192689329,626.0210747325293,7915.092497151616,15024.505793580702,15024.505793580702,715.5988708724752,626.0210747325292,500.91920961073265,438.21475231277043,600.0,3,19.0,0.834865349351221,460.7142857142857,1,4,1600000,10.5,0.2,0.04161657878904685,361022.1270167223,3911727.6668259436,180719.76385378654,0.09229224469751061,0.0,3.362842079084937,0.0,33.55584379254397,0.0,2.6941562074560323,11.75,5.233533343963039,945802.9100419182,2123457.225281992,0.0,2659977.752547846,20037019208.847034,0.0,104.63226681902935,104.63226681902935,17069.740634120375,17174.372900939405,17174.372900939405,9316.94271888134,388.20594662005584,444.8291962131876,311.3804373492313,271.74416263403907,0.04657946146720401,2.822131170648326e-05,0.00010066323260585818,0.00010066323260585818,235.0,-235.0,33.44415620745603,-33.44415620745603,0.003366596875617802,-0.003366596875617802,0.023655859662376672,-0.023655859662376672,-0.003366596875617802,0.003366596875617802,-0.023655859662376672,0.023655859662376672,0.04994605834282181,0.04321286459158621,0.07023532112958068,0.022923601804827335,0.04321286459158621,0.04994605834282181,0.022923601804827335,0.07023532112958068,0.04657946146720401,0.04657946146720401,0.04657946146720401,0.04657946146720401,0.04994605834282181,0.07023532112958068,0.04657946146720401,0.04657946146720401,1.0722764233328068,1.5078603083256439,1.5078603083256439,0.015023663621645367,0.01637906508031696,0.013668262162973774,0.013668262162973774,0.01637906508031696,0.024503191021950504,0.005544136221340236,0.005544136221340236,0.024503191021950504,0.01637906508031696,0.024503191021950504,0.015023663621645367,0.015023663621645367,0.06009465448658147,0.06009465448658147,0.21,0.0,10.5,0.0,126231.64082190461,7513.78814416099,10787.717386685183,0.0,0.0,126231.64082190461,5371.559183910835,7712.070301970683,7712.070301970683,1.3333333333333333,0.0,0.0,126231.64082190461,0.0,0.0,94673.73061642847,0.0,0.0,0.0,0.0,126231.64082190461,94673.73061642847,5371.559183910835,4028.6693879331265,7712.070301970683,5784.052726478013,7712.070301970683,C,7.72067964659693,7.72067964659693,0.0
2,A-2,y,29.75,31.916666666666668,0.0,A-2,1,1.077515923019753,1.4113734960685427,1369.3125,,90,64637.0148563729,109414.04444444446,1.6927459395760873,4.194485065306483,10.5,0.35294117647058826,1369.3125,29.75,5743.560830987483,193.06086826848684,21802.083325603842,732.8431369950871,5743.560830987483,21802.083325603842,21802.083325603842,732.9268866352074,732.8431369950871,513.0488206446452,512.990195896561,600.0,3,19.0,0.8550813677410752,600.0,1,3,1600000,10.5,0.2,0.04076729016534991,534793.537592903,6664042.370227177,245356.77871015947,0.08025062085172066,2.4670703956211923,0.0,118.91135217758153,0.0,86.99468551091486,0.0,14.072164273063635,4.728101211829618,1160071.6827501166,3452700.895519086,4047753554.1283054,0.0,23488553127.160946,2297.999345667978,0.0,2297.999345667978,19506.575531729446,21804.574877397423,21804.574877397423,5234.951185561706,175.96474573316658,297.86360884835636,208.50452619384944,123.1753220132166,0.036471398427415626,3.403484524045871e-05,0.00013371480134900354,0.00013371480134900354,116.08864782241847,-116.08864782241847,67.0,-67.0,0.008958891690383237,-0.008958891690383237,0.015522770482449117,-0.015522770482449117,-0.008958891690383237,0.008958891690383237,-0.015522770482449117,0.015522770482449117,0.045430290117798866,0.02751250673703239,0.051994168909864746,0.02094862794496651,0.02751250673703239,0.045430290117798866,0.02094862794496651,0.051994168909864746,0.036471398427415626,0.036471398427415626,0.036471398427415626,0.036471398427415626,0.045430290117798866,0.051994168909864746,0.036471398427415626,0.036471398427415626,1.2456415733060793,1.425614896926481,1.425614896926481,0.004449026900498934,0.006004796755588189,0.0028932570454096827,0.0028932570454096827,0.006004796755588189,0.007115507945923943,0.0017825458550739283,0.0017825458550739283,0.007115507945923943,0.006004796755588189,0.007115507945923943,0.006004796755588189,0.006004796755588189,0.024019187022352756,0.024019187022352756,0.21,684.65625,10.5,1073.9705882352941,160263.62534887105,7695.732309669679,16098.018794382171,4973.020808823529,26641.182904411762,138595.46325328283,4738.30643600967,9307.735228619704,9307.735228619704,1.3333333333333333,1227.3949579831933,767.1218487394958,160263.62534887105,80.18980392156863,715.9803921568628,120197.7190116533,60.14235294117648,715.9803921568628,613.6974789915967,51.141456582633054,161059.79554494948,121638.68069232556,5506.317796408529,4158.587374096601,11542.897503632274,8743.720208094815,11542.897503632274,B,11.771268834880162,13.054037806166685,0.0
2,A-2.4,y,29.75,40.083333333333336,0.0,A-2.4,1,1.077515923019753,1.4113734960685427,1571.7083333333335,,90,64637.0148563729,109414.04444444446,1.6927459395760873,4.194485065306483,10.5,0.35294117647058826,1571.7083333333335,29.75,6592.507131184411,221.59687835913988,25024.613480764456,841.1634783450237,6592.507131184411,25024.613480764456,25024.613480764456,841.1634783450237,841.1634783450237,588.8144348415166,588.8144348415166,600.0,3,19.0,0.9813573914025276,600.0,1,3,1600000,10.5,0.2,0.045919000078039646,544972.9619163083,6664042.370227177,245356.77871015947,0.08177813579803668,3.1569970951955826,0.0,118.91135217758153,0.0,78.82801884424819,0.0,14.072164273063635,4.728101211829618,1160071.6827501166,3452700.895519086,3386383811.6519055,0.0,23488553127.160946,2121.700740646474,0.0,2121.700740646474,19875.92602621848,21997.626766864953,25024.613480764456,6592.507131184411,221.59687835913988,375.1072160651702,262.57505124561914,155.1178148513979,0.036471398427415626,3.403484524045871e-05,0.00013371480134900354,0.00013371480134900354,116.08864782241847,-116.08864782241847,67.0,-67.0,0.008958891690383237,-0.008958891690383237,0.015522770482449117,-0.015522770482449117,-0.008958891690383237,0.008958891690383237,-0.015522770482449117,0.015522770482449117,0.045430290117798866,0.02751250673703239,0.051994168909864746,0.02094862794496651,0.02751250673703239,0.045430290117798866,0.02094862794496651,0.051994168909864746,0.036471398427415626,0.036471398427415626,0.036471398427415626,0.036471398427415626,0.045430290117798866,0.051994168909864746,0.036471398427415626,0.036471398427415626,1.2456415733060793,1.425614896926481,1.425614896926481,0.004449026900498934,0.006004796755588189,0.0028932570454096827,0.0028932570454096827,0.006004796755588189,0.007115507945923943,0.0017825458550739283,0.0017825458550739283,0.007115507945923943,0.006004796755588189,0.007115507945923943,0.006004796755588189,0.006004796755588189,0.024019187022352756,0.024019187022352756,0.21,392.92708333333337,10.5,616.3562091503268,183930.90908361875,8832.21652262275,18269.37957364827,2854.0374264705883,15289.486213235297,171495.46029685403,5863.092659721505,11771.268834880162,11771.268834880162,1.3333333333333333,704.4070961718021,440.25443510737625,183930.90908361875,46.021263616557725,410.90413943355117,137948.18181271406,34.5159477124183,410.90413943355117,352.20354808590105,29.350295673825087,184387.83448666887,138775.15574361975,6303.857589287824,4744.449769012641,13054.037806166685,9840.198085765333,13054.037806166685,B,11.771268834880162,13.054037806166685,0.0
2,A-3,y,29.75,49.833333333333336,0.0,A-3,1,1.077515923019753,1.4113734960685427,593.2291666666667,,90,64637.0148563729,109414.04444444446,1.6927459395760873,4.194485065306483,10.5,0.35294117647058826,593.2291666666667,29.75,2488.290879887544,83.6400295760519,9445.347006505235,317.49065568084825,2488.290879887544,9445.347006505235,9445.347006505235,419.86602087898416,317.49065568084825,293.9062146152889,222.24345897659376,310.7142857142857,6,14.0,0.9459050585319642,310.7142857142857,1,6,1600000,10.5,0.2,0.03277230177835259,288211.27885329875,6664042.370227177,245356.77871015947,0.043248716445882025,2.594841103537204,0.0,118.91135217758153,0.0,69.07801884424819,0.0,14.072164273063635,4.728101211829618,1160071.6827501166,3452700.895519086,1494475368.4449732,0.0,23488553127.160946,1068.5071886820995,0.0,1068.5071886820995,11422.50693246768,12491.01412114978,12491.01412114978,4113.925763157384,138.28321892965997,234.07835735469305,163.85485014828512,96.79825325076197,0.036471398427415626,3.403484524045871e-05,0.00013371480134900354,0.00013371480134900354,116.08864782241847,-116.08864782241847,67.0,-67.0,0.008958891690383237,-0.008958891690383237,0.015522770482449117,-0.015522770482449117,-0.008958891690383237,0.008958891690383237,-0.015522770482449117,0.015522770482449117,0.045430290117798866,0.02751250673703239,0.051994168909864746,0.02094862794496651,0.02751250673703239,0.045430290117798866,0.02094862794496651,0.051994168909864746,0.036471398427415626,0.036471398427415626,0.036471398427415626,0.036471398427415626,0.045430290117798866,0.051994168909864746,0.036471398427415626,0.036471398427415626,1.2456415733060793,1.425614896926481,1.425614896926481,0.004449026900498934,0.006004796755588189,0.0028932570454096827,0.0028932570454096827,0.006004796755588189,0.007115507945923943,0.0017825458550739283,0.0017825458550739283,0.007115507945923943,0.006004796755588189,0.007115507945923943,0.006004796755588189,0.006004796755588189,0.024019187022352756,0.024019187022352756,0.21,593.2291666666667,10.5,930.5555555555557,91808.95379045086,4408.593219229334,8784.624231213511,4308.9375,23083.59375,73034.29754045086,2496.899061211995,4388.421211909561,4388.421211909561,1.3333333333333333,1063.4920634920636,664.6825396825398,91808.95379045086,69.48148148148148,620.3703703703704,68856.71534283816,52.11111111111113,620.3703703703704,531.7460317460318,44.31216931216932,92498.8056423027,70105.25502537783,3162.3523296513745,2396.760855568473,6325.106159677842,4818.819444748207,6325.106159677842,B,11.771268834880162,13.054037806166685,0.0
2,A-3.5,y,29.75,63.75,0.0,A-3.5,1,1.077515923019753,1.4113734960685427,971.5,,90,64637.0148563729,109414.04444444446,1.6927459395760873,4.194485065306483,10.5,0.35294117647058826,971.5,29.75,4074.942240945248,136.97284843513438,15468.144744770922,519.9376384796949,4074.9422409452477,15468.144744770922,15468.144744770922,556.0108858806178,519.9376384796949,389.20762011643245,363.9563469357864,460.7142857142857,4,17.0,0.844791733586055,460.7142857142857,1,4,1600000,10.5,0.2,0.03535910652352393,437458.5860782477,6664042.370227177,245356.77871015947,0.06564462855648602,4.260892886115645,0.0,118.91135217758153,0.0,55.161352177581534,0.0,14.072164273063635,4.728101211829618,1160071.6827501166,3452700.895519086,1284106578.9257522,0.0,23488553127.160946,1149.7269932491834,0.0,1149.7269932491834,15391.596861699196,16541.32385494838,16541.32385494838,4130.046107675234,138.8250792495877,234.9955892110681,164.49691244774766,97.17755547471138,0.036471398427415626,3.403484524045871e-05,0.00013371480134900354,0.00013371480134900354,116.08864782241847,-116.08864782241847,67.0,-67.0,0.008958891690383237,-0.008958891690383237,0.015522770482449117,-0.015522770482449117,-0.008958891690383237,0.008958891690383237,-0.015522770482449117,0.015522770482449117,0.045430290117798866,0.02751250673703239,0.051994168909864746,0.02094862794496651,0.02751250673703239,0.045430290117798866,0.02094862794496651,0.051994168909864746,0.036471398427415626,0.036471398427415626,0.036471398427415626,0.036471398427415626,0.045430290117798866,0.051994168909864746,0.036471398427415626,0.036471398427415626,1.2456415733060793,1.425614896926481,1.425614896926481,0.004449026900498934,0.006004796755588189,0.0028932570454096827,0.0028932570454096827,0.006004796755588189,0.007115507945923943,0.0017825458550739283,0.0017825458550739283,0.007115507945923943,0.006004796755588189,0.007115507945923943,0.006004796755588189,0.006004796755588189,0.024019187022352756,0.024019187022352756,0.21,242.875,10.5,380.98039215686276,121578.73033387058,5838.114301746487,12242.98511664348,1764.129705882353,9450.694852941177,113892.16518681176,3893.749237155958,7952.6527720858885,7952.6527720858885,1.3333333333333333,435.406162464986,272.1288515406162,121578.73033387058,28.446535947712412,253.98692810457516,91184.04775040295,21.33490196078432,253.98692810457516,217.703081232493,18.141923436041083,121861.16379792287,91695.21458513684,4166.193634117021,3134.8791311157893,8745.554374231018,6589.867497257334,8745.554374231018,B,11.771268834880162,13.054037806166685,0.0
2,A-3.7,y,20.0,67.33333333333334,0.0,A-3.7,1,1.077515923019753,1.4113734960685427,441.08333333333337,,90,64637.0148563729,109414.04444444446,1.6927459395760873,4.194485065306483,10.5,0.525,441.08333333333337,20.0,1850.1174542222682,92.50587271111341,7022.893303660362,351.1446651830181,1850.1174542222682,7022.893303660362,7022.893303660362,384.55802918855875,351.1446651830181,269.1906204319911,245.80126562811265,310.7142857142857,6,14.0,0.8663606174822701,310.7142857142857,1,6,1600000,10.5,0.2,0.03366815854757739,208591.5478191693,6664042.370227177,245356.77871015947,0.031301053659426,2.1693449082338674,0.0,118.91135217758153,0.0,51.57801884424819,0.0,14.072164273063635,4.728101211829618,1160071.6827501166,3452700.895519086,524381736.27784,0.0,23488553127.160946,502.1245564132444,0.0,502.1245564132444,7189.036027357931,7691.160583771175,7691.160583771175,1710.7274449732577,85.53637224866289,144.79134680999283,101.35394276699498,59.875460574064014,0.036471398427415626,3.403484524045871e-05,0.00013371480134900354,0.00013371480134900354,116.08864782241847,-116.08864782241847,67.0,-67.0,0.008958891690383237,-0.008958891690383237,0.015522770482449117,-0.015522770482449117,-0.008958891690383237,0.008958891690383237,-0.015522770482449117,0.015522770482449117,0.045430290117798866,0.02751250673703239,0.051994168909864746,0.02094862794496651,0.02751250673703239,0.045430290117798866,0.02094862794496651,0.051994168909864746,0.036471398427415626,0.036471398427415626,0.036471398427415626,0.036471398427415626,0.045430290117798866,0.051994168909864746,0.036471398427415626,0.036471398427415626,1.2456415733060793,1.425614896926481,1.425614896926481,0.004449026900498934,0.006004796755588189,0.0028932570454096827,0.0028932570454096827,0.006004796755588189,0.007115507945923943,0.0017825458550739283,0.0017825458550739283,0.007115507945923943,0.006004796755588189,0.007115507945923943,0.006004796755588189,0.006004796755588189,0.024019187022352756,0.024019187022352756,0.21,441.08333333333337,10.5,1029.1944444444443,56530.03029071813,4037.859306479867,8600.279543314535,4765.684874999999,25530.454687499998,35765.26047821813,1834.1159219599042,3078.9802896446226,3078.9802896446226,1.3333333333333333,1176.2222222222222,735.1388888888889,56530.03029071813,76.8465185185185,686.1296296296296,42397.52271803861,57.634888888888895,686.1296296296296,588.1111111111111,49.00925925925927,57293.00643886628,43778.407606927496,2938.102894300835,2245.046543945,6291.940617992202,4843.3635831522715,6291.940617992202,B,11.771268834880162,13.054037806166685,0.0
2,A-4,y,20.0,76.16666666666667,0.0,A-4,1,1.077515923019753,1.4113734960685427,505.29166666666663,,90,64637.0148563729,109414.04444444446,1.6927459395760873,4.194485065306483,10.5,0.525,505.29166666666663,20.0,2119.438349457155,105.97191747285774,8045.213214952692,402.26066074763463,2119.438349457155,8045.213214952692,8045.213214952692,426.53440297332145,402.26066074763463,298.574082081325,281.58246252334425,310.7142857142857,6,14.0,0.9609280802617356,310.7142857142857,1,6,1600000,10.5,0.2,0.03638809639266194,221094.6439224861,6664042.370227177,245356.77871015947,0.03317725663184056,2.5437158064044065,0.0,118.91135217758153,0.0,42.74468551091486,0.0,14.072164273063635,4.728101211829618,1160071.6827501166,3452700.895519086,403978138.5423605,0.0,23488553127.160946,466.7714642699119,0.0,466.7714642699119,8063.916595196518,8530.688059466429,8530.688059466429,1925.6064135163788,96.28032067581894,162.97812188507612,114.08468531955327,67.39622447307326,0.036471398427415626,3.403484524045871e-05,0.00013371480134900354,0.00013371480134900354,116.08864782241847,-116.08864782241847,67.0,-67.0,0.008958891690383237,-0.008958891690383237,0.015522770482449117,-0.015522770482449117,-0.008958891690383237,0.008958891690383237,-0.015522770482449117,0.015522770482449117,0.045430290117798866,0.02751250673703239,0.051994168909864746,0.02094862794496651,0.02751250673703239,0.045430290117798866,0.02094862794496651,0.051994168909864746,0.036471398427415626,0.036471398427415626,0.036471398427415626,0.036471398427415626,0.045430290117798866,0.051994168909864746,0.036471398427415626,0.036471398427415626,1.2456415733060793,1.425614896926481,1.425614896926481,0.004449026900498934,0.006004796755588189,0.0028932570454096827,0.0028932570454096827,0.006004796755588189,0.007115507945923943,0.0017825458550739283,0.0017825458550739283,0.007115507945923943,0.006004796755588189,0.007115507945923943,0.006004796755588189,0.006004796755588189,0.024019187022352756,0.024019187022352756,0.21,505.29166666666663,10.5,1179.0138888888887,62700.557237078254,4478.611231219876,9507.912729413962,5459.423812499999,29246.91328125,38913.067768328256,1995.5419368373464,3279.992056801476,3279.992056801476,1.3333333333333333,1347.4444444444443,842.1527777777776,62700.557237078254,88.033037037037,786.0092592592591,47025.417927808696,66.02477777777779,786.0092592592591,673.7222222222222,56.14351851851851,63574.59953337455,48607.31770558647,3260.235873506387,2492.6829592608447,6960.661800035094,5363.014512419483,6960.661800035094,B,11.771268834880162,13.054037806166685,0.0
2,A-5,y,29.75,97.5,0.0,A-5,1,1.077515923019753,1.4113734960685427,770.5,,90,64637.0148563729,109414.04444444446,1.6927459395760873,4.194485065306483,10.5,0.35294117647058826,770.5,29.75,3231.8507428186454,108.63363841407211,12267.838935507974,412.3643339666546,3231.8507428186454,12267.838935507974,12267.838935507974,509.3733308527585,412.3643339666546,356.5613315969309,288.65503377665823,460.7142857142857,4,17.0,0.7739315724584547,310.7142857142857,1,6,1600000,10.5,0.2,0.03288663026064992,373034.2342245658,6664042.370227177,245356.77871015947,0.05597717023696671,5.353218595054038,0.0,118.91135217758153,0.0,21.411352177581534,0.0,14.072164273063635,4.728101211829618,1160071.6827501166,3452700.895519086,185116769.80300277,0.0,23488553127.160946,427.002314369616,0.0,427.002314369616,14726.85427849995,15153.856592869566,15153.856592869566,5078.116567432364,170.69299386327273,288.93987227614093,202.25791059329865,119.4850957042909,0.036471398427415626,3.403484524045871e-05,0.00013371480134900354,0.00013371480134900354,116.08864782241847,-116.08864782241847,67.0,-67.0,0.008958891690383237,-0.008958891690383237,0.015522770482449117,-0.015522770482449117,-0.008958891690383237,0.008958891690383237,-0.015522770482449117,0.015522770482449117,0.045430290117798866,0.02751250673703239,0.051994168909864746,0.02094862794496651,0.02751250673703239,0.045430290117798866,0.02094862794496651,0.051994168909864746,0.036471398427415626,0.036471398427415626,0.036471398427415626,0.036471398427415626,0.045430290117798866,0.051994168909864746,0.036471398427415626,0.036471398427415626,1.2456415733060793,1.425614896926481,1.425614896926481,0.004449026900498934,0.006004796755588189,0.0028932570454096827,0.0028932570454096827,0.006004796755588189,0.007115507945923943,0.0017825458550739283,0.0017825458550739283,0.007115507945923943,0.006004796755588189,0.007115507945923943,0.006004796755588189,0.006004796755588189,0.024019187022352756,0.024019187022352756,0.21,770.5,10.5,1208.627450980392,111380.84595759131,5348.4199739539645,10567.322546591458,5596.549411764706,29981.514705882353,86995.88066347367,2974.21814234098,5100.057404840706,5100.057404840706,1.3333333333333333,1381.2885154061623,863.3053221288516,111380.84595759131,90.24418300653593,805.751633986928,83535.63446819349,67.68313725490196,805.751633986928,690.6442577030812,57.55368814192344,112276.84177458478,85157.26718528033,3838.5245051140096,2911.3595618899258,7615.469384059745,5809.000587208064,7615.469384059745,B,11.771268834880162,13.054037806166685,0.0
2,A-5.1,y,29.75,98.08333333333334,0.0,A-5.1,1,1.077515923019753,1.4113734960685427,988.25,,90,64637.0148563729,109414.04444444446,1.6927459395760873,4.194485065306483,10.5,0.35294117647058826,988.25,29.75,4145.199865789132,139.3344492702229,15734.836895542836,528.9020805224483,4145.199865789132,15734.836895542836,15734.836895542836,554.3455332261681,528.9020805224483,388.04187325831765,370.23145636571377,460.7142857142857,4,17.0,0.8422614303281313,460.7142857142857,1,4,1600000,10.5,0.2,0.03527081834235788,446114.8800918621,6664042.370227177,245356.77871015947,0.06694358398514415,6.57524835904874,0.0,118.91135217758153,0.0,20.82801884424819,0.0,14.072164273063635,4.728101211829618,1160071.6827501166,3452700.895519086,190779354.00286633,0.0,23488553127.160946,452.38893329529685,0.0,452.38893329529685,16039.390680183202,16491.7796134785,16491.7796134785,4136.061204462336,139.02726737688525,235.33784234258152,164.73648963980705,97.31908716381967,0.036471398427415626,3.403484524045871e-05,0.00013371480134900354,0.00013371480134900354,116.08864782241847,-116.08864782241847,67.0,-67.0,0.008958891690383237,-0.008958891690383237,0.015522770482449117,-0.015522770482449117,-0.008958891690383237,0.008958891690383237,-0.015522770482449117,0.015522770482449117,0.045430290117798866,0.02751250673703239,0.051994168909864746,0.02094862794496651,0.02751250673703239,0.045430290117798866,0.02094862794496651,0.051994168909864746,0.036471398427415626,0.036471398427415626,0.036471398427415626,0.036471398427415626,0.045430290117798866,0.051994168909864746,0.036471398427415626,0.036471398427415626,1.2456415733060793,1.425614896926481,1.425614896926481,0.004449026900498934,0.006004796755588189,0.0028932570454096827,0.0028932570454096827,0.006004796755588189,0.007115507945923943,0.0017825458550739283,0.0017825458550739283,0.007115507945923943,0.006004796755588189,0.007115507945923943,0.006004796755588189,0.006004796755588189,0.024019187022352756,0.024019187022352756,0.21,494.125,10.5,775.0980392156863,121214.58015906696,5820.628098874764,12188.62681254062,3589.091470588235,19227.27573529412,105576.39589436108,3609.4494322858486,7123.674896550413,7123.674896550413,1.3333333333333333,885.8263305322128,553.641456582633,121214.58015906696,57.873986928104564,516.7320261437908,90910.93511930022,43.40549019607844,516.7320261437908,442.9131652661064,36.90943043884221,121789.18617213884,91950.89523134503,4163.732860585943,3143.6203497895735,8736.819535397404,6615.0767645984015,8736.819535397404,A,8.080931424189078,8.906870593090257,0.0
2,A-6,y,29.75,122.16666666666667,0.0,A-6,1,1.0,1.2364209801551898,988.25,,90,64637.0148563729,109414.04444444446,1.6927459395760873,4.194485065306483,10.5,0.35294117647058826,988.25,29.75,4145.199865789132,139.3344492702229,15734.836895542836,528.9020805224483,4145.199865789132,15734.836895542836,15734.836895542836,548.8042999707211,528.9020805224483,384.16300997950475,370.23145636571377,460.7142857142857,4,17.0,0.8338421922035761,460.7142857142857,1,4,1600000,10.5,0.2,0.03497705149109485,449861.73004173674,6664042.370227177,245356.77871015947,0.06750583280376127,8.18973160099019,0.0,118.91135217758153,0.0,3.255314489085137,0.0,10.338647822418466,4.142010283519886,1016270.3005487935,2536657.3259273996,4725676.838763888,0.0,23488553127.160946,62.809312070477034,0.0,62.809312070477034,16264.118612058475,16326.927924128951,16326.927924128951,4240.682582914071,142.54395236685951,241.29069658012864,168.90348760609004,99.78076665680166,0.036471398427415626,3.403484524045871e-05,0.00010503709809899044,0.00010503709809899044,116.08864782241847,-116.08864782241847,67.0,-67.0,0.0070374855726323595,-0.0070374855726323595,0.012193614689502521,-0.012193614689502521,-0.0070374855726323595,0.0070374855726323595,-0.012193614689502521,0.012193614689502521,0.04350888400004799,0.029433912854783265,0.04866501311691815,0.024277783737913103,0.029433912854783265,0.04350888400004799,0.024277783737913103,0.04866501311691815,0.036471398427415626,0.036471398427415626,0.036471398427415626,0.036471398427415626,0.04350888400004799,0.04866501311691815,0.036471398427415626,0.036471398427415626,1.1929590275140716,1.3343336207348868,1.3343336207348868,0.004449026900498934,0.005400761139240283,0.0034972926617575853,0.0034972926617575853,0.005400761139240283,0.006074102758551657,0.0028239510424462114,0.0028239510424462114,0.006074102758551657,0.005400761139240283,0.006074102758551657,0.004449026900498934,0.004449026900498934,0.017796107601995736,0.017796107601995736,0.21,494.125,10.5,775.0980392156863,120002.92024234778,5762.44514969257,12011.709667842242,3589.091470588235,19227.27573529412,104364.73597764189,3568.0251616287824,6997.715937974557,6997.715937974557,1.3333333333333333,885.8263305322128,553.641456582633,120002.92024234778,57.873986928104564,516.7320261437908,90002.19018176085,43.40549019607844,516.7320261437908,442.9131652661064,36.90943043884221,120577.52625541967,91042.15029380565,4122.308589928877,3112.552146796774,8610.86057682155,6520.60754566651,8610.86057682155,A,8.080931424189078,8.906870593090257,0.0
2,A-6.1,y,29.75,122.75000000000001,0.0,A-6.1,1,1.0,1.2364209801551898,826.3333333333334,,90,64637.0148563729,109414.04444444446,1.6927459395760873,4.194485065306483,10.5,0.35294117647058826,826.3333333333334,29.75,3466.042825631591,116.50564119770053,13156.812771414348,442.2458074424991,3466.042825631591,13156.812771414348,13156.812771414348,535.1521916066038,442.2458074424991,374.6065341246226,309.5720652097493,460.7142857142857,4,17.0,0.8130994539139096,310.7142857142857,1,6,1600000,10.5,0.2,0.034253288981497154,384103.63391735486,6664042.370227177,245356.77871015947,0.05763823405946634,6.82355091094572,0.0,118.91135217758153,0.0,3.83864782241848,0.0,10.338647822418466,4.142010283519886,1016270.3005487935,2536657.3259273996,6403172.159096288,0.0,23488553127.160946,72.17218898059916,0.0,72.17218898059916,15848.605511315862,15920.777700296461,15920.777700296461,5349.341284036767,179.8097910600594,304.37229371294023,213.06060559905816,125.86685374204158,0.036471398427415626,3.403484524045871e-05,0.00010503709809899044,0.00010503709809899044,116.08864782241847,-116.08864782241847,67.0,-67.0,0.0070374855726323595,-0.0070374855726323595,0.012193614689502521,-0.012193614689502521,-0.0070374855726323595,0.0070374855726323595,-0.012193614689502521,0.012193614689502521,0.04350888400004799,0.029433912854783265,0.04866501311691815,0.024277783737913103,0.029433912854783265,0.04350888400004799,0.024277783737913103,0.04866501311691815,0.036471398427415626,0.036471398427415626,0.036471398427415626,0.036471398427415626,0.04350888400004799,0.04866501311691815,0.036471398427415626,0.036471398427415626,1.1929590275140716,1.3343336207348868,1.3343336207348868,0.004449026900498934,0.005400761139240283,0.0034972926617575853,0.0034972926617575853,0.005400761139240283,0.006074102758551657,0.0028239510424462114,0.0028239510424462114,0.006074102758551657,0.005400761139240283,0.006074102758551657,0.004449026900498934,0.004449026900498934,0.017796107601995736,0.017796107601995736,0.21,826.3333333333334,10.5,1296.2091503267975,117017.71609717899,5619.09801186934,11080.972281319007,6002.096470588235,32154.08823529412,90865.7243324731,3106.5204899990804,5290.141428310296,5290.141428310296,1.3333333333333333,1481.3818860877684,925.8636788048553,117017.71609717899,96.7836165577342,864.1394335511983,87763.28707288424,72.58771241830067,864.1394335511983,740.6909430438842,61.724245253657024,117978.63914728792,89502.42940715128,4033.457748625228,3059.9121164838048,7987.8296379075255,6095.328643475295,7987.8296379075255,A,8.080931424189078,8.906870593090257,0.0
2,A-6.8,y,29.75,147.41666666666669,0.0,A-6.8,1,1.0,1.2364209801551898,905.8958333333333,,90,64637.0148563729,109414.04444444446,1.6927459395760873,4.194485065306483,10.5,0.35294117647058826,905.8958333333333,29.75,3799.7665436400375,127.72324516437101,14423.600487580932,484.82690714557754,3799.7665436400375,14423.600487580932,14423.600487580932,514.5380490129596,484.82690714557754,360.1766343090717,339.37883500190424,460.7142857142857,4,17.0,0.7817787411359696,460.7142857142857,1,4,1600000,10.5,0.2,0.033160436274878226,434964.13521278073,6664042.370227177,245356.77871015947,0.06527031357964683,9.72905234248997,0.0,118.91135217758153,0.0,28.50531448908515,0.0,10.338647822418466,4.142010283519886,1016270.3005487935,2536657.3259273996,329883305.8124737,0.0,23488553127.160946,500.71138892209035,0.0,500.71138892209035,14806.795569213458,15307.50695813555,15307.50695813555,3789.9406688981635,127.39296366044248,215.64392196677804,150.9507453767446,89.17507456230973,0.036471398427415626,3.403484524045871e-05,0.00010503709809899044,0.00010503709809899044,116.08864782241847,-116.08864782241847,67.0,-67.0,0.0070374855726323595,-0.0070374855726323595,0.012193614689502521,-0.012193614689502521,-0.0070374855726323595,0.0070374855726323595,-0.012193614689502521,0.012193614689502521,0.04350888400004799,0.029433912854783265,0.04866501311691815,0.024277783737913103,0.029433912854783265,0.04350888400004799,0.024277783737913103,0.04866501311691815,0.036471398427415626,0.036471398427415626,0.036471398427415626,0.036471398427415626,0.04350888400004799,0.04866501311691815,0.036471398427415626,0.036471398427415626,1.1929590275140716,1.3343336207348868,1.3343336207348868,0.004449026900498934,0.005400761139240283,0.0034972926617575853,0.0034972926617575853,0.005400761139240283,0.006074102758551657,0.0028239510424462114,0.0028239510424462114,0.006074102758551657,0.005400761139240283,0.006074102758551657,0.004449026900498934,0.004449026900498934,0.017796107601995736,0.017796107601995736,0.21,226.47395833333331,10.5,355.25326797385617,112510.17614229627,5402.649514636076,11347.935116311735,1645.0002573529412,8812.50137867647,105342.67502097273,3601.458975075991,7366.995273525581,7366.995273525581,1.3333333333333333,406.0037348272641,253.7523342670401,112510.17614229627,26.525577342047924,236.83551198257078,84382.63210672222,19.894183006535947,236.83551198257078,203.00186741363206,16.91682228446934,112773.5372316209,84859.28049140943,3855.5055463802014,2901.171982612288,8106.353232997119,6108.393393229249,8106.353232997119,A,8.080931424189078,8.906870593090257,0.0
2,A-7,y,29.75,156.5,0.0,A-7,1,1.0,1.2364209801551898,1011.9791666666667,,90,64637.0148563729,109414.04444444446,1.6927459395760873,4.194485065306483,10.5,0.35294117647058826,1011.9791666666667,29.75,4244.731500984634,142.680050453265,16112.650775803046,541.6017067496822,4244.731500984634,16112.650775803046,16112.650775803046,567.2615892086876,541.6017067496822,397.0831124460813,379.1211947247775,460.7142857142857,4,17.0,0.8618858254643625,460.7142857142857,1,4,1600000,10.5,0.2,0.03595555925143116,448126.82965463,6664042.370227177,245356.77871015947,0.06724549526526395,10.534181202893233,0.0,118.91135217758153,0.0,37.588647822418466,0.0,10.338647822418466,4.142010283519886,1016270.3005487935,2536657.3259273996,625870712.4902478,0.0,23488553127.160946,720.4119276201083,0.0,720.4119276201083,16155.620351338348,16876.032278958457,16876.032278958457,4254.286167417977,143.00121571152863,242.06472725013427,169.44530907509397,100.10085099807003,0.036471398427415626,3.403484524045871e-05,0.00010503709809899044,0.00010503709809899044,116.08864782241847,-116.08864782241847,67.0,-67.0,0.0070374855726323595,-0.0070374855726323595,0.012193614689502521,-0.012193614689502521,-0.0070374855726323595,0.0070374855726323595,-0.012193614689502521,0.012193614689502521,0.04350888400004799,0.029433912854783265,0.04866501311691815,0.024277783737913103,0.029433912854783265,0.04350888400004799,0.024277783737913103,0.04866501311691815,0.036471398427415626,0.036471398427415626,0.036471398427415626,0.036471398427415626,0.04350888400004799,0.04866501311691815,0.036471398427415626,0.036471398427415626,1.1929590275140716,1.3343336207348868,1.3343336207348868,0.004449026900498934,0.005400761139240283,0.0034972926617575853,0.0034972926617575853,0.005400761139240283,0.006074102758551657,0.0028239510424462114,0.0028239510424462114,0.006074102758551657,0.005400761139240283,0.006074102758551657,0.004449026900498934,0.004449026900498934,0.017796107601995736,0.017796107601995736,0.21,252.99479166666669,10.5,396.85457516339875,124038.83725034466,5956.24668669122,12467.868440467068,1837.6351102941178,9844.47380514706,116031.99855549171,3966.905933521084,8080.931424189079,8080.931424189079,1.3333333333333333,453.5480859010271,283.46755368814195,124038.83725034466,29.6318082788671,264.56971677559915,93029.12793775849,22.223856209150334,264.56971677559915,226.77404295051352,18.897836912542797,124333.03877539912,93561.59339060629,4250.702180355525,3198.686953525001,8906.870593090258,6712.133899592765,8906.870593090258,A,8.080931424189078,8.906870593090257,0.0
2,A-7.8,y,20.0,176.83333333333334,0.0,A-7.8,1,1.0,1.2364209801551898,640.6875,,90,64637.0148563729,109414.04444444446,1.6927459395760873,4.194485065306483,10.5,0.525,640.6875,20.0,2687.3541502785474,134.36770751392737,10200.974767025651,510.04873835128257,2687.3541502785474,10200.974767025651,10200.974767025651,535.4719792655887,510.04873835128257,374.8303854859121,357.03411684589776,460.7142857142857,4,17.0,0.8135853328376386,460.7142857142857,1,4,1600000,10.5,0.2,0.037540969958692716,271729.1209643769,6664042.370227177,245356.77871015947,0.04077541916275566,7.2068311503539455,0.0,118.91135217758153,0.0,57.92198115575181,0.0,10.338647822418466,4.142010283519886,1016270.3005487935,2536657.3259273996,921806419.8032767,0.0,23488553127.160946,688.5718894052025,0.0,688.5718894052025,10020.867695906572,10709.439585311775,10709.439585311775,2948.5340484455346,147.42670242227672,249.55595191040103,174.6891663372807,103.1986916955937,0.036471398427415626,3.403484524045871e-05,0.00010503709809899044,0.00010503709809899044,116.08864782241847,-116.08864782241847,67.0,-67.0,0.0070374855726323595,-0.0070374855726323595,0.012193614689502521,-0.012193614689502521,-0.0070374855726323595,0.0070374855726323595,-0.012193614689502521,0.012193614689502521,0.04350888400004799,0.029433912854783265,0.04866501311691815,0.024277783737913103,0.029433912854783265,0.04350888400004799,0.024277783737913103,0.04866501311691815,0.036471398427415626,0.036471398427415626,0.036471398427415626,0.036471398427415626,0.04350888400004799,0.04866501311691815,0.036471398427415626,0.036471398427415626,1.1929590275140716,1.3343336207348868,1.3343336207348868,0.004449026900498934,0.005400761139240283,0.0034972926617575853,0.0034972926617575853,0.005400761139240283,0.006074102758551657,0.0028239510424462114,0.0028239510424462114,0.006074102758551657,0.005400761139240283,0.006074102758551657,0.004449026900498934,0.004449026900498934,0.017796107601995736,0.017796107601995736,0.21,160.171875,10.5,373.734375,78714.38095204154,5622.455782288682,11527.453489283469,1730.5770234374997,9270.94833984375,71174.00963563529,3649.949212083861,7152.013700238771,7152.013700238771,1.3333333333333333,427.125,266.953125,78714.38095204154,27.905499999999996,249.15625,59035.78571403116,20.929125000000003,249.15625,213.5625,17.796875,78991.44270204153,59537.23046403116,4050.8432154893094,3053.191305847752,8318.745338459925,6284.235686537253,8318.745338459925,A,8.080931424189078,8.906870593090257,0.0
2,A-8,y,29.75,182.58333333333334,0.0,A-8,1,1.0,1.2364209801551898,794.2291666666666,,90,64637.0148563729,109414.04444444446,1.6927459395760873,4.194485065306483,10.5,0.35294117647058826,794.2291666666666,29.75,3331.382378014147,111.97923959711419,12645.652815768182,425.0639601938885,3331.382378014147,12645.652815768182,12645.652815768182,529.4116090252057,425.0639601938885,370.58812631764397,297.5447721357219,460.7142857142857,4,17.0,0.8043773284413978,310.7142857142857,1,6,1600000,10.5,0.2,0.033948953684350976,372490.2078969606,6664042.370227177,245356.77871015947,0.05589553415223295,10.079560039402825,0.0,118.91135217758153,0.0,63.67198115575181,0.0,10.338647822418466,4.142010283519886,1016270.3005487935,2536657.3259273996,1627796630.7762675,0.0,23488553127.160946,1106.1263816087007,0.0,1106.1263816087007,14643.868986891168,15749.995368499869,15749.995368499869,5285.1728144002755,177.65286771093363,300.7211704717307,210.5048193302115,124.35700739765353,0.036471398427415626,3.403484524045871e-05,0.00010503709809899044,0.00010503709809899044,116.08864782241847,-116.08864782241847,67.0,-67.0,0.0070374855726323595,-0.0070374855726323595,0.012193614689502521,-0.012193614689502521,-0.0070374855726323595,0.0070374855726323595,-0.012193614689502521,0.012193614689502521,0.04350888400004799,0.029433912854783265,0.04866501311691815,0.024277783737913103,0.029433912854783265,0.04350888400004799,0.024277783737913103,0.04866501311691815,0.036471398427415626,0.036471398427415626,0.036471398427415626,0.036471398427415626,0.04350888400004799,0.04866501311691815,0.036471398427415626,0.036471398427415626,1.1929590275140716,1.3343336207348868,1.3343336207348868,0.004449026900498934,0.005400761139240283,0.0034972926617575853,0.0034972926617575853,0.005400761139240283,0.006074102758551657,0.0028239510424462114,0.0028239510424462114,0.006074102758551657,0.005400761139240283,0.006074102758551657,0.004449026900498934,0.004449026900498934,0.017796107601995736,0.017796107601995736,0.21,397.1145833333333,10.5,622.9248366013071,115762.46595847403,5558.821894764659,10986.210751157812,2884.453455882352,15452.429227941175,103194.4901864152,3528.0167585099216,6572.7303534680295,6572.7303534680295,1.3333333333333333,711.9140989729224,444.94631185807646,115762.46595847403,46.51172113289759,415.2832244008714,86821.84946885554,34.883790849673204,415.2832244008714,355.9570494864612,29.663087457205098,116224.2609040078,87657.63662104975,3973.479005265224,2996.8422776427265,7869.170042032914,5952.07660260611,7869.170042032914,A,8.080931424189078,8.906870593090257,0.0
2,A-8.2,y,20.0,185.66666666666669,0.0,A-8.2,1,1.0,1.2364209801551898,448.0625,,90,64637.0148563729,109414.04444444446,1.6927459395760873,4.194485065306483,10.5,0.525,448.0625,20.0,1879.3914645738862,93.96957322869432,7134.015033148658,356.70075165743293,1879.3914645738864,7134.015033148658,7134.015033148658,388.69376016095424,356.70075165743293,272.08563211266795,249.69052616020304,310.7142857142857,6,14.0,0.8756778964545635,310.7142857142857,1,6,1600000,10.5,0.2,0.03393614099042933,210218.8058200428,6664042.370227177,245356.77871015947,0.03154523848156092,6.007799240962844,0.0,118.91135217758153,0.0,66.75531448908515,0.0,10.338647822418466,4.142010283519886,1016270.3005487935,2536657.3259273996,880152142.5113177,0.0,23488553127.160946,570.4595733008526,0.0,570.4595733008526,7203.415629918232,7773.875203219085,7773.875203219085,1716.43912851419,85.8219564257095,145.27476826609566,101.69233778626696,60.07536949799665,0.036471398427415626,3.403484524045871e-05,0.00010503709809899044,0.00010503709809899044,116.08864782241847,-116.08864782241847,67.0,-67.0,0.0070374855726323595,-0.0070374855726323595,0.012193614689502521,-0.012193614689502521,-0.0070374855726323595,0.0070374855726323595,-0.012193614689502521,0.012193614689502521,0.04350888400004799,0.029433912854783265,0.04866501311691815,0.024277783737913103,0.029433912854783265,0.04350888400004799,0.024277783737913103,0.04866501311691815,0.036471398427415626,0.036471398427415626,0.036471398427415626,0.036471398427415626,0.04350888400004799,0.04866501311691815,0.036471398427415626,0.036471398427415626,1.1929590275140716,1.3343336207348868,1.3343336207348868,0.004449026900498934,0.005400761139240283,0.0034972926617575853,0.0034972926617575853,0.005400761139240283,0.006074102758551657,0.0028239510424462114,0.0028239510424462114,0.006074102758551657,0.005400761139240283,0.006074102758551657,0.004449026900498934,0.004449026900498934,0.017796107601995736,0.017796107601995736,0.21,448.0625,10.5,1045.4791666666665,57137.98274366027,4081.284481690019,8705.619720348135,4841.091281249999,25934.417578124998,36044.65644678527,1848.4439203479628,3105.6284482627643,3105.6284482627643,1.3333333333333333,1194.8333333333333,746.7708333333333,57137.98274366027,78.06244444444442,696.986111111111,42853.48705774521,58.54683333333333,696.986111111111,597.4166666666666,49.784722222222214,57913.03129921583,44256.221391078536,2969.8990409854273,2269.5498149271043,6369.42675648926,4903.446669931047,6369.42675648926,D,15.38760555392365,15.38760555392365,0.0
2,A-8.9,y,29.75,203.58333333333334,0.0,A-8.9,1,1.0,1.2364209801551898,1352.5625,,90,64637.0148563729,109414.04444444446,1.6927459395760873,4.194485065306483,10.5,0.35294117647058826,1352.5625,29.75,5673.3032061436,190.69926743339832,21535.39117483193,723.8786949523337,5673.3032061436,21535.39117483193,21535.39117483193,723.8786949523337,723.8786949523337,506.7150864666336,506.7150864666336,600.0,3,19.0,0.844525144111056,600.0,1,3,1600000,10.5,0.2,0.04033662565487134,533891.7379726621,6664042.370227177,245356.77871015947,0.0801152976394509,15.708358965729774,0.0,118.91135217758153,0.0,84.67198115575181,0.0,10.338647822418466,4.142010283519886,1016270.3005487935,2536657.3259273996,3827653738.017902,0.0,23488553127.160946,1955.8965928925536,0.0,1955.8965928925536,19471.778292706345,21427.6748855989,21535.39117483193,5196.589240305957,174.67526858171283,295.6808516360569,206.97659614523982,122.27268800719897,0.036471398427415626,3.403484524045871e-05,0.00010503709809899044,0.00010503709809899044,116.08864782241847,-116.08864782241847,67.0,-67.0,0.0070374855726323595,-0.0070374855726323595,0.012193614689502521,-0.012193614689502521,-0.0070374855726323595,0.0070374855726323595,-0.012193614689502521,0.012193614689502521,0.04350888400004799,0.029433912854783265,0.04866501311691815,0.024277783737913103,0.029433912854783265,0.04350888400004799,0.024277783737913103,0.04866501311691815,0.036471398427415626,0.036471398427415626,0.036471398427415626,0.036471398427415626,0.04350888400004799,0.04866501311691815,0.036471398427415626,0.036471398427415626,1.1929590275140716,1.3343336207348868,1.3343336207348868,0.004449026900498934,0.005400761139240283,0.0034972926617575853,0.0034972926617575853,0.005400761139240283,0.006074102758551657,0.0028239510424462114,0.0028239510424462114,0.006074102758551657,0.005400761139240283,0.006074102758551657,0.004449026900498934,0.004449026900498934,0.017796107601995736,0.017796107601995736,0.21,676.28125,10.5,1060.8333333333333,158285.12513501468,7600.7262969995045,15890.302438089384,4912.188749999999,26315.296875,136882.01701001468,4679.727077265459,9186.19083840039,9186.19083840039,1.3333333333333333,1212.3809523809523,757.7380952380952,158285.12513501468,79.20888888888888,707.2222222222222,118713.84385126102,59.40666666666667,707.2222222222222,606.1904761904761,50.51587301587301,159071.55624612578,120137.17908935624,5438.343803286351,4107.253985960897,11394.011678856228,8630.997159630573,11394.011678856228,D,15.38760555392365,15.38760555392365,0.0
2,A-9,y,29.75,203.91666666666669,0.0,A-9,1,1.0,1.2364209801551898,1231.125,,90,64637.0148563729,109414.04444444446,1.6927459395760873,4.194485065306483,10.5,0.35294117647058826,1231.125,29.75,5163.935426025444,173.5776613790065,19601.873081735568,658.886490142372,5163.935426025444,19601.873081735568,19601.873081735568,692.9171555748844,658.886490142372,485.04200890241907,461.2205430996604,600.0,3,19.0,0.8084033481706985,600.0,1,3,1600000,10.5,0.2,0.03886295702947176,504384.4982477908,6664042.370227177,245356.77871015947,0.07568746869035833,15.510957574602353,0.0,118.91135217758153,0.0,85.00531448908515,0.0,10.338647822418466,4.142010283519886,1016270.3005487935,2536657.3259273996,3710073895.554131,0.0,23488553127.160946,1888.3802508941942,0.0,1888.3802508941942,18725.905127458616,20614.28537835281,20614.28537835281,4941.656941726915,166.10611568829967,281.17545287012507,196.82281700908754,116.27428098180975,0.036471398427415626,3.403484524045871e-05,0.00010503709809899044,0.00010503709809899044,116.08864782241847,-116.08864782241847,67.0,-67.0,0.0070374855726323595,-0.0070374855726323595,0.012193614689502521,-0.012193614689502521,-0.0070374855726323595,0.0070374855726323595,-0.012193614689502521,0.012193614689502521,0.04350888400004799,0.029433912854783265,0.04866501311691815,0.024277783737913103,0.029433912854783265,0.04350888400004799,0.024277783737913103,0.04866501311691815,0.036471398427415626,0.036471398427415626,0.036471398427415626,0.036471398427415626,0.04350888400004799,0.04866501311691815,0.036471398427415626,0.036471398427415626,1.1929590275140716,1.3343336207348868,1.3343336207348868,0.004449026900498934,0.005400761139240283,0.0034972926617575853,0.0034972926617575853,0.005400761139240283,0.006074102758551657,0.0028239510424462114,0.0028239510424462114,0.006074102758551657,0.005400761139240283,0.006074102758551657,0.004449026900498934,0.004449026900498934,0.017796107601995736,0.017796107601995736,0.21,307.78125,10.5,482.79411764705884,151514.99753089316,7275.630133536286,15205.48250313663,2235.578161764706,11976.311580882351,141774.26411177553,4846.98338843677,9857.694835440816,9857.694835440816,1.3333333333333333,551.7647058823529,344.85294117647055,151514.99753089316,36.04862745098039,321.8627450980392,113636.24814816986,27.036470588235296,321.8627450980392,275.88235294117646,22.99019607843137,151872.90890344218,114284.01991287575,5192.236201827083,3907.145979927376,10862.492555400597,8185.775902221639,10862.492555400597,D,15.38760555392365,15.38760555392365,0.0
2,A-B--A-1,x,20.0,0.0,30.75,A-B,1,1.0,1.6958209803286792,1105.5,,0,64637.0148563729,109414.04444444446,1.6927459395760873,4.194485065306483,10.5,0.525,7705.0,128.34,32318.50742818645,251.81944388488742,122678.38935507974,955.8858450606182,5036.388877697748,19117.716901212363,19117.716901212363,955.8858450606182,955.8858450606182,669.1200915424326,669.1200915424326,769.6428571428571,2,23.0,0.8693903741618615,769.6428571428571,1,2,1600000,10.5,0.2,0.04731077266681017,404088.0295033519,4828520.9029713245,245356.77871015944,0.08368774571415616,0.0,2.6134775996237662,0.0,33.47363322980876,0.0,2.7236332298087618,11.75,5.654633513909836,1387402.663759427,2882942.1498443736,0.0,2776609.8586411555,23488553127.160946,0.0,125.1255211868669,125.1255211868669,18661.112015073686,18786.237536260553,19117.716901212363,4485.9661471322415,224.29830735661207,379.6800490316943,265.776034322186,157.00881514962845,0.04985628413901288,3.3766967944055876e-05,0.00011937594972399697,0.00011937594972399697,235.0,-235.0,33.52636677019124,-33.52636677019124,0.004002241873986632,-0.004002241873986632,0.028053348185139288,-0.028053348185139288,-0.004002241873986632,0.004002241873986632,-0.028053348185139288,0.028053348185139288,0.05385852601299951,0.04585404226502625,0.07790963232415217,0.02180293595387359,0.04585404226502625,0.05385852601299951,0.02180293595387359,0.07790963232415217,0.04985628413901288,0.04985628413901288,0.04985628413901288,0.04985628413901288,0.05385852601299951,0.07790963232415217,0.04985628413901288,0.04985628413901288,1.0802755749471278,1.562684296866548,1.562684296866548,0.003276822671808871,0.003912467670177701,0.0026411776734400413,0.0026411776734400413,0.003912467670177701,0.007674311194571487,-0.0011206658509537448,-0.0011206658509537448,0.007674311194571487,0.003912467670177701,0.007674311194571487,0.003276822671808871,0.003276822671808871,0.013107290687235484,0.013107290687235484,0.21,0.0,10.5,0.0,140515.21922391086,10036.80137313649,21274.08715307337,0.0,0.0,140515.21922391086,7205.908678149274,15273.703597078318,15273.703597078318,1.3333333333333333,0.0,0.0,140515.21922391086,0.0,0.0,105386.41441793316,0.0,0.0,0.0,0.0,140515.21922391086,105386.41441793316,7205.908678149274,5404.431508611957,15273.703597078318,11455.277697808739,15273.703597078318,D,15.38760555392365,15.38760555392365,0.0
2,A-B--A-2.5,x,13.0,0.0,30.75,A-B,1,1.0,1.6958209803286792,720.25,,0,64637.0148563729,109414.04444444446,1.6927459395760873,4.194485065306483,10.5,0.8076923076923077,7705.0,128.34,32318.50742818645,251.81944388488742,122678.38935507974,955.8858450606182,3273.6527705035364,12426.515985788035,12426.515985788035,955.8858450606181,955.8858450606181,669.1200915424326,669.1200915424326,769.6428571428571,2,23.0,0.8693903741618615,769.6428571428571,1,2,1600000,10.5,0.2,0.053204530520857496,233561.2374385398,4828520.9029713245,245356.77871015944,0.04837117662570609,0.0,1.5105794223507634,0.0,33.47363322980876,0.0,2.7236332298087618,11.75,5.654633513909836,1387402.663759427,2882942.1498443736,0.0,1732598.8263336185,23488553127.160946,0.0,78.07806720777252,78.07806720777252,11644.495417595293,11722.573484803066,12426.515985788035,3273.652770503537,251.81944388488745,426.2663411424516,298.38643879971613,176.2736107194212,0.04985628413901288,3.3766967944055876e-05,0.00011937594972399697,0.00011937594972399697,235.0,-235.0,33.52636677019124,-33.52636677019124,0.004002241873986632,-0.004002241873986632,0.028053348185139288,-0.028053348185139288,-0.004002241873986632,0.004002241873986632,-0.028053348185139288,0.028053348185139288,0.05385852601299951,0.04585404226502625,0.07790963232415217,0.02180293595387359,0.04585404226502625,0.05385852601299951,0.02180293595387359,0.07790963232415217,0.04985628413901288,0.04985628413901288,0.04985628413901288,0.04985628413901288,0.05385852601299951,0.07790963232415217,0.04985628413901288,0.04985628413901288,1.0802755749471278,1.562684296866548,1.562684296866548,0.003276822671808871,0.003912467670177701,0.0026411776734400413,0.0026411776734400413,0.003912467670177701,0.007674311194571487,-0.0011206658509537448,-0.0011206658509537448,0.007674311194571487,0.003912467670177701,0.007674311194571487,0.003276822671808871,0.003276822671808871,0.013107290687235484,0.013107290687235484,0.21,0.0,10.5,0.0,91334.89249554204,10036.80137313649,20761.055112436672,0.0,0.0,91334.89249554204,7306.791399643363,15114.048121853895,15114.048121853895,1.3333333333333333,0.0,0.0,91334.89249554204,0.0,0.0,68501.16937165655,0.0,0.0,0.0,0.0,91334.89249554204,68501.16937165655,7306.791399643363,5480.093549732524,15114.048121853895,11335.536091390422,15114.048121853895,D,15.38760555392365,15.38760555392365,0.0
2,A-B--A-3.5,x,9.0,0.0,30.75,A-B,1,1.0,1.6958209803286792,561.125,,0,64637.0148563729,109414.04444444446,1.6927459395760873,4.194485065306483,10.5,1.1666666666666667,7705.0,128.34,32318.50742818645,251.81944388488742,122678.38935507974,955.8858450606182,2266.374994963987,8602.972605545563,8602.972605545563,955.8858450606181,955.8858450606181,669.1200915424326,669.1200915424326,769.6428571428571,2,23.0,0.8693903741618615,769.6428571428571,1,2,1600000,10.5,0.2,0.0606886674783779,141755.8328926998,4828520.9029713245,245356.77871015944,0.02935802407015937,0.0,0.9168192740983132,0.0,33.47363322980876,0.0,2.7236332298087618,11.75,5.654633513909836,1387402.663759427,2882942.1498443736,0.0,1051569.9967571285,23488553127.160946,0.0,47.38809217262546,47.38809217262546,7067.4190830608695,7114.807175233495,8602.972605545563,2266.374994963986,251.81944388488733,426.2663411424514,298.38643879971596,176.27361071942113,0.04985628413901288,3.3766967944055876e-05,0.00011937594972399697,0.00011937594972399697,235.0,-235.0,33.52636677019124,-33.52636677019124,0.004002241873986632,-0.004002241873986632,0.028053348185139288,-0.028053348185139288,-0.004002241873986632,0.004002241873986632,-0.028053348185139288,0.028053348185139288,0.05385852601299951,0.04585404226502625,0.07790963232415217,0.02180293595387359,0.04585404226502625,0.05385852601299951,0.02180293595387359,0.07790963232415217,0.04985628413901288,0.04985628413901288,0.04985628413901288,0.04985628413901288,0.05385852601299951,0.07790963232415217,0.04985628413901288,0.04985628413901288,1.0802755749471278,1.562684296866548,1.562684296866548,0.003276822671808871,0.003912467670177701,0.0026411776734400413,0.0026411776734400413,0.003912467670177701,0.007674311194571487,-0.0011206658509537448,-0.0011206658509537448,0.007674311194571487,0.003912467670177701,0.007674311194571487,0.003276822671808871,0.003276822671808871,0.013107290687235484,0.013107290687235484,0.21,0.0,9.0,0.0,63231.84865075989,10036.80137313649,20761.055112436676,0.0,0.0,63231.84865075989,7439.041017736457,15387.605553923651,15387.605553923651,1.3333333333333333,0.0,0.0,63231.84865075989,0.0,0.0,47423.88648806992,0.0,0.0,0.0,0.0,63231.84865075989,47423.88648806992,7439.041017736457,5579.280763302343,15387.605553923651,11540.70416544274,15387.605553923651,D,15.38760555392365,15.38760555392365,0.0
2,A-B--A-4,x,12.0,0.0,30.75,A-B,1,1.0,1.6958209803286792,653.25,,0,64637.0148563729,109414.04444444446,1.6927459395760873,4.194485065306483,10.5,0.875,7705.0,128.34,32318.50742818645,251.81944388488742,122678.38935507974,955.8858450606182,3021.833326618649,11470.630140727419,11470.630140727419,955.8858450606182,955.8858450606182,669.1200915424326,669.1200915424326,769.6428571428571,2,23.0,0.8693903741618615,769.6428571428571,1,2,1600000,10.5,0.2,0.05460780620039258,210054.7694341355,4828520.9029713245,245356.77871015944,0.04350292225200355,0.0,1.3585491143723534,0.0,33.47363322980876,0.0,2.7236332298087618,11.75,5.654633513909836,1387402.663759427,2882942.1498443736,0.0,1558223.6632186482,23488553127.160946,0.0,70.22000133693984,70.22000133693984,10472.550269663096,10542.770271000036,11470.630140727419,3021.833326618649,251.81944388488742,426.26634114245155,298.3864387997161,176.27361071942119,0.04985628413901288,3.3766967944055876e-05,0.00011937594972399697,0.00011937594972399697,235.0,-235.0,33.52636677019124,-33.52636677019124,0.004002241873986632,-0.004002241873986632,0.028053348185139288,-0.028053348185139288,-0.004002241873986632,0.004002241873986632,-0.028053348185139288,0.028053348185139288,0.05385852601299951,0.04585404226502625,0.07790963232415217,0.02180293595387359,0.04585404226502625,0.05385852601299951,0.02180293595387359,0.07790963232415217,0.04985628413901288,0.04985628413901288,0.04985628413901288,0.04985628413901288,0.05385852601299951,0.07790963232415217,0.04985628413901288,0.04985628413901288,1.0802755749471278,1.562684296866548,1.562684296866548,0.003276822671808871,0.003912467670177701,0.0026411776734400413,0.0026411776734400413,0.003912467670177701,0.007674311194571487,-0.0011206658509537448,-0.0011206658509537448,0.007674311194571487,0.003912467670177701,0.007674311194571487,0.003276822671808871,0.003276822671808871,0.013107290687235484,0.013107290687235484,0.21,0.0,10.5,0.0,84309.13153434652,10036.801373136492,20761.055112436676,0.0,0.0,84309.13153434652,7331.2288290736105,15164.596777779832,15164.596777779832,1.3333333333333333,0.0,0.0,84309.13153434652,0.0,0.0,63231.8486507599,0.0,0.0,0.0,0.0,84309.13153434652,63231.8486507599,7331.2288290736105,5498.421621805209,15164.596777779832,11373.447583334875,15164.596777779832,D,15.38760555392365,15.38760555392365,0.0
2,A-B--A-4.8,x,10.67,0.0,30.75,A-B,1,1.0,1.6958209803286792,536.0,,0,64637.0148563729,109414.04444444446,1.6927459395760873,4.194485065306483,10.5,0.9840674789128397,7705.0,128.34,32318.50742818645,251.81944388488742,122678.38935507974,955.8858450606182,2686.9134662517486,10199.301966796795,10199.301966796795,955.8858450606181,955.8858450606181,669.1200915424326,669.1200915424326,769.6428571428571,2,23.0,0.8693903741618615,769.6428571428571,1,2,1600000,10.5,0.2,0.056881717774821955,179307.20740841268,4828520.9029713245,245356.77871015944,0.03713501732964902,0.0,1.1596863450494566,0.0,33.47363322980876,0.0,2.7236332298087618,11.75,5.654633513909836,1387402.663759427,2882942.1498443736,0.0,1330132.7759522798,23488553127.160946,0.0,59.94128282761841,59.94128282761841,8939.591080726737,8999.532363554355,10199.301966796795,2686.913466251748,251.81944388488736,426.26634114245144,298.38643879971596,176.27361071942116,0.04985628413901288,3.3766967944055876e-05,0.00011937594972399697,0.00011937594972399697,235.0,-235.0,33.52636677019124,-33.52636677019124,0.004002241873986632,-0.004002241873986632,0.028053348185139288,-0.028053348185139288,-0.004002241873986632,0.004002241873986632,-0.028053348185139288,0.028053348185139288,0.05385852601299951,0.04585404226502625,0.07790963232415217,0.02180293595387359,0.04585404226502625,0.05385852601299951,0.02180293595387359,0.07790963232415217,0.04985628413901288,0.04985628413901288,0.04985628413901288,0.04985628413901288,0.05385852601299951,0.07790963232415217,0.04985628413901288,0.04985628413901288,1.0802755749471278,1.562684296866548,1.562684296866548,0.003276822671808871,0.003912467670177701,0.0026411776734400413,0.0026411776734400413,0.003912467670177701,0.007674311194571487,-0.0011206658509537448,-0.0011206658509537448,0.007674311194571487,0.003912467670177701,0.007674311194571487,0.003276822671808871,0.003276822671808871,0.013107290687235484,0.013107290687235484,0.21,0.0,10.5,0.0,74964.86945595643,10036.80137313649,20761.055112436672,0.0,0.0,74964.86945595643,7371.176937655499,15247.229167629252,15247.229167629252,1.3333333333333333,0.0,0.0,74964.86945595643,0.0,0.0,56223.652091967335,0.0,0.0,0.0,0.0,74964.86945595643,56223.652091967335,7371.176937655499,5528.382703241626,15247.229167629252,11435.42187572194,15247.229167629252,E,17.811059348889138,17.811059348889138,0.0
2,A-B--A-5.5,x,29.0,0.0,30.75,A-B,2,1.0,1.6958209803286792,1139.0,,0,64637.0148563729,109414.04444444446,1.6927459395760873,4.194485065306483,10.5,0.3620689655172414,7705.0,128.34,32318.50742818645,251.81944388488742,122678.38935507974,955.8858450606182,7302.763872661735,27720.689506757924,27720.689506757924,1299.6133794006967,955.8858450606181,909.7293655804876,669.1200915424326,921.4285714285714,4,17.0,0.987303187451692,769.6428571428571,1,2,1600000,10.5,0.2,0.04153907013107925,667340.1551667738,4828520.9029713245,245356.77871015944,0.13820798720289543,0.0,4.082677136510295,0.0,33.47363322980876,0.0,2.7236332298087618,11.75,5.654633513909836,1387402.663759427,2882942.1498443736,0.0,5570410.792811791,23488553127.160946,0.0,251.02574332017562,251.02574332017562,37437.76225930003,37688.788002620204,37688.788002620204,16312.194369344965,562.4894610118953,952.1517511822276,666.5062258275593,393.7426227083267,0.04985628413901288,3.3766967944055876e-05,0.00011937594972399697,0.00011937594972399697,235.0,-235.0,33.52636677019124,-33.52636677019124,0.004002241873986632,-0.004002241873986632,0.028053348185139288,-0.028053348185139288,-0.004002241873986632,0.004002241873986632,-0.028053348185139288,0.028053348185139288,0.05385852601299951,0.04585404226502625,0.07790963232415217,0.02180293595387359,0.04585404226502625,0.05385852601299951,0.02180293595387359,0.07790963232415217,0.04985628413901288,0.04985628413901288,0.04985628413901288,0.04985628413901288,0.05385852601299951,0.07790963232415217,0.04985628413901288,0.04985628413901288,1.0802755749471278,1.562684296866548,1.562684296866548,0.003276822671808871,0.003912467670177701,0.0026411776734400413,0.0026411776734400413,0.003912467670177701,0.007674311194571487,-0.0011206658509537448,-0.0011206658509537448,0.007674311194571487,0.003912467670177701,0.007674311194571487,0.003276822671808871,0.003276822671808871,0.013107290687235484,0.013107290687235484,0.21,0.0,10.5,0.0,277012.5918192585,13645.940483707314,25005.674455336968,0.0,0.0,277012.5918192585,9719.740063833633,17811.05934888914,17811.05934888914,1.3333333333333333,0.0,0.0,277012.5918192585,0.0,0.0,207759.4438644439,0.0,0.0,0.0,0.0,277012.5918192585,207759.4438644439,9719.740063833633,7289.805047875224,17811.05934888914,13358.294511666856,17811.05934888914,E,17.811059348889138,17.811059348889138,0.0
2,A-B--A-6.5,x,13.0,0.0,30.75,A-B,1,1.0,1.6958209803286792,963.125,,0,64637.0148563729,109414.04444444446,1.6927459395760873,4.194485065306483,10.5,0.8076923076923077,7705.0,128.34,32318.50742818645,251.81944388488742,122678.38935507974,955.8858450606182,3273.6527705035364,12426.515985788035,12426.515985788035,955.8858450606181,955.8858450606181,669.1200915424326,669.1200915424326,769.6428571428571,2,23.0,0.8693903741618615,769.6428571428571,1,2,1600000,10.5,0.2,0.053204530520857496,233561.2374385398,4828520.9029713245,245356.77871015944,0.04837117662570609,0.0,1.5105794223507634,0.0,33.47363322980876,0.0,2.7236332298087618,11.75,5.654633513909836,1387402.663759427,2882942.1498443736,0.0,1732598.8263336185,23488553127.160946,0.0,78.07806720777252,78.07806720777252,11644.495417595293,11722.573484803066,12426.515985788035,3273.652770503537,251.81944388488745,426.2663411424516,298.38643879971613,176.2736107194212,0.04985628413901288,3.3766967944055876e-05,0.00011937594972399697,0.00011937594972399697,235.0,-235.0,33.52636677019124,-33.52636677019124,0.004002241873986632,-0.004002241873986632,0.028053348185139288,-0.028053348185139288,-0.004002241873986632,0.004002241873986632,-0.028053348185139288,0.028053348185139288,0.05385852601299951,0.04585404226502625,0.07790963232415217,0.02180293595387359,0.04585404226502625,0.05385852601299951,0.02180293595387359,0.07790963232415217,0.04985628413901288,0.04985628413901288,0.04985628413901288,0.04985628413901288,0.05385852601299951,0.07790963232415217,0.04985628413901288,0.04985628413901288,1.0802755749471278,1.562684296866548,1.562684296866548,0.003276822671808871,0.003912467670177701,0.0026411776734400413,0.0026411776734400413,0.003912467670177701,0.007674311194571487,-0.0011206658509537448,-0.0011206658509537448,0.007674311194571487,0.003912467670177701,0.007674311194571487,0.003276822671808871,0.003276822671808871,0.013107290687235484,0.013107290687235484,0.21,0.0,10.5,0.0,91334.89249554204,10036.80137313649,20761.055112436672,0.0,0.0,91334.89249554204,7306.791399643363,15114.048121853895,15114.048121853895,1.3333333333333333,0.0,0.0,91334.89249554204,0.0,0.0,68501.16937165655,0.0,0.0,0.0,0.0,91334.89249554204,68501.16937165655,7306.791399643363,5480.093549732524,15114.048121853895,11335.536091390422,15114.048121853895,E,17.811059348889138,17.811059348889138,0.0
2,A-B--A-7.9,x,11.67,0.0,30.75,A-B,1,1.0,1.6958209803286792,938.0,,0,64637.0148563729,109414.04444444446,1.6927459395760873,4.194485065306483,10.5,0.8997429305912596,7705.0,128.34,32318.50742818645,251.81944388488742,122678.38935507974,955.8858450606182,2938.7329101366363,11155.187811857413,11155.187811857413,955.8858450606181,955.8858450606181,669.1200915424326,669.1200915424326,769.6428571428571,2,23.0,0.8693903741618615,769.6428571428571,1,2,1600000,10.5,0.2,0.05512366332680264,202366.5906549693,4828520.9029713245,245356.77871015944,0.04191067921657729,0.0,1.3088250900157077,0.0,33.47363322980876,0.0,2.7236332298087618,11.75,5.654633513909836,1387402.663759427,2882942.1498443736,0.0,1501191.3847656297,23488553127.160946,0.0,67.64989104805656,67.64989104805656,10089.24624393746,10156.896134985516,11155.187811857413,2938.732910136636,251.8194438848874,426.2663411424515,298.386438799716,176.27361071942116,0.04985628413901288,3.3766967944055876e-05,0.00011937594972399697,0.00011937594972399697,235.0,-235.0,33.52636677019124,-33.52636677019124,0.004002241873986632,-0.004002241873986632,0.028053348185139288,-0.028053348185139288,-0.004002241873986632,0.004002241873986632,-0.028053348185139288,0.028053348185139288,0.05385852601299951,0.04585404226502625,0.07790963232415217,0.02180293595387359,0.04585404226502625,0.05385852601299951,0.02180293595387359,0.07790963232415217,0.04985628413901288,0.04985628413901288,0.04985628413901288,0.04985628413901288,0.05385852601299951,0.07790963232415217,0.04985628413901288,0.04985628413901288,1.0802755749471278,1.562684296866548,1.562684296866548,0.003276822671808871,0.003912467670177701,0.0026411776734400413,0.0026411776734400413,0.003912467670177701,0.007674311194571487,-0.0011206658509537448,-0.0011206658509537448,0.007674311194571487,0.003912467670177701,0.007674311194571487,0.003276822671808871,0.003276822671808871,0.013107290687235484,0.013107290687235484,0.21,0.0,10.5,0.0,81990.63041715197,10036.80137313649,20761.055112436672,0.0,0.0,81990.63041715197,7340.253394552549,15183.264029856327,15183.264029856327,1.3333333333333333,0.0,0.0,81990.63041715197,0.0,0.0,61492.972812864,0.0,0.0,0.0,0.0,81990.63041715197,61492.972812864,7340.253394552549,5505.1900459144135,15183.264029856327,11387.448022392247,15183.264029856327,E,17.811059348889138,17.811059348889138,0.0
2,A-B--A-8.8,x,10.0,0.0,30.75,A-B,1,1.0,1.6958209803286792,1088.75,,0,64637.0148563729,109414.04444444446,1.6927459395760873,4.194485065306483,10.5,1.05,7705.0,128.34,32318.50742818645,251.81944388488742,122678.38935507974,955.8858450606182,2518.194438848874,9558.858450606182,9558.858450606182,955.8858450606182,955.8858450606182,669.1200915424326,669.1200915424326,769.6428571428571,2,23.0,0.8693903741618615,769.6428571428571,1,2,1600000,10.5,0.2,0.058256322967183784,164082.763273452,4828520.9029713245,245356.77871015944,0.03398199294787778,0.0,1.0612208107886525,0.0,33.47363322980876,0.0,2.7236332298087618,11.75,5.654633513909836,1387402.663759427,2882942.1498443736,0.0,1217195.1398569248,23488553127.160946,0.0,54.85184596126666,54.85184596126666,8180.55686807561,8235.408714036876,9558.858450606182,2518.1944388488737,251.81944388488736,426.26634114245144,298.38643879971596,176.27361071942116,0.04985628413901288,3.3766967944055876e-05,0.00011937594972399697,0.00011937594972399697,235.0,-235.0,33.52636677019124,-33.52636677019124,0.004002241873986632,-0.004002241873986632,0.028053348185139288,-0.028053348185139288,-0.004002241873986632,0.004002241873986632,-0.028053348185139288,0.028053348185139288,0.05385852601299951,0.04585404226502625,0.07790963232415217,0.02180293595387359,0.04585404226502625,0.05385852601299951,0.02180293595387359,0.07790963232415217,0.04985628413901288,0.04985628413901288,0.04985628413901288,0.04985628413901288,0.05385852601299951,0.07790963232415217,0.04985628413901288,0.04985628413901288,1.0802755749471278,1.562684296866548,1.562684296866548,0.003276822671808871,0.003912467670177701,0.0026411776734400413,0.0026411776734400413,0.003912467670177701,0.007674311194571487,-0.0011206658509537448,-0.0011206658509537448,0.007674311194571487,0.003912467670177701,0.007674311194571487,0.003276822671808871,0.003276822671808871,0.013107290687235484,0.013107290687235484,0.21,0.0,10.0,0.0,70257.60961195543,10036.80137313649,20761.055112436676,0.0,0.0,70257.60961195543,7395.537853890045,15297.619556532285,15297.619556532285,1.3333333333333333,0.0,0.0,70257.60961195543,0.0,0.0,52693.20720896658,0.0,0.0,0.0,0.0,70257.60961195543,52693.20720896658,7395.537853890045,5546.653390417535,15297.619556532285,11473.214667399216,15297.619556532285,E,17.811059348889138,17.811059348889138,0.0
2,A-C--A-1.8,x,16.0,0.0,36.25,A-C,1,1.0,1.6958209803286792,1563.4450000000002,,0,64637.0148563729,109414.04444444446,1.6927459395760873,4.194485065306483,10.5,0.65625,7705.0,144.34,32318.50742818645,223.90541380204,122678.38935507974,849.9264885345693,3582.48662083264,13598.823816553107,13598.823816553107,849.9264885345692,849.9264885345692,594.9485419741984,594.9485419741984,600.0,3,19.0,0.9915809032903307,600.0,1,3,1600000,10.5,0.2,0.05251907007486199,258931.16152226238,4828520.9029713245,245356.77871015944,0.053625357894365545,0.0,1.9741948154868343,0.0,33.47363322980876,0.0,2.7763667701912382,11.75,5.7073670542923125,1400341.1953576535,2882942.1498443736,0.0,1995896.4010285027,23488553127.160946,0.0,88.2349856868874,88.2349856868874,12909.345561298553,12997.58054698544,13598.823816553107,3286.167829492084,205.38548934325524,347.66545313364304,243.3658171935501,143.76984254027866,0.04985628413901288,3.430272253686157e-05,0.00011937594972399697,0.00011937594972399697,235.0,-235.0,33.52636677019124,-33.52636677019124,0.004002241873986632,-0.004002241873986632,0.028053348185139288,-0.028053348185139288,-0.004002241873986632,0.004002241873986632,-0.028053348185139288,0.028053348185139288,0.05385852601299951,0.04585404226502625,0.07790963232415217,0.02180293595387359,0.04585404226502625,0.05385852601299951,0.02180293595387359,0.07790963232415217,0.04985628413901288,0.04985628413901288,0.04985628413901288,0.04985628413901288,0.05385852601299951,0.07790963232415217,0.04985628413901288,0.04985628413901288,1.0802755749471278,1.562684296866548,1.562684296866548,0.003276822671808871,0.003912467670177701,0.0026411776734400413,0.0026411776734400413,0.003912467670177701,0.007674311194571487,-0.0011206658509537448,-0.0011206658509537448,0.007674311194571487,0.003912467670177701,0.007674311194571487,0.003276822671808871,0.003276822671808871,0.013107290687235484,0.013107290687235484,0.21,0.0,10.5,0.0,99951.35505166533,8924.228129612977,18864.26655083107,0.0,0.0,99951.35505166533,6448.474519462279,13630.953894794062,13630.953894794062,1.3333333333333333,0.0,0.0,99951.35505166533,0.0,0.0,74963.51628874902,0.0,0.0,0.0,0.0,99951.35505166533,74963.51628874902,6448.474519462279,4836.355889596711,13630.953894794062,10223.215421095549,13630.953894794062,E,17.811059348889138,17.811059348889138,0.0
2,A-C--A-3.2,x,9.34,0.0,36.25,A-C,1,1.0,1.6958209803286792,469.0,,0,64637.0148563729,109414.04444444446,1.6927459395760873,4.194485065306483,10.5,1.1241970021413277,7705.0,144.34,32318.50742818645,223.90541380204,122678.38935507974,849.9264885345693,2091.2765649110534,7938.313402912876,7938.313402912876,849.9264885345692,849.9264885345692,594.9485419741984,594.9485419741984,600.0,3,19.0,0.9915809032903307,600.0,1,3,1600000,10.5,0.2,0.06205821419374983,127917.20654624284,4828520.9029713245,245356.77871015944,0.02649200637560179,0.0,0.9752919829753239,0.0,33.47363322980876,0.0,2.7763667701912382,11.75,5.7073670542923125,1400341.1953576535,2882942.1498443736,0.0,986013.0031252138,23488553127.160946,0.0,43.58985925973202,43.58985925973202,6377.476595838282,6421.066455098015,7938.313402912876,2091.2765649110534,223.90541380204,379.0149800625068,265.31048604375474,156.73378966142798,0.04985628413901288,3.430272253686157e-05,0.00011937594972399697,0.00011937594972399697,235.0,-235.0,33.52636677019124,-33.52636677019124,0.004002241873986632,-0.004002241873986632,0.028053348185139288,-0.028053348185139288,-0.004002241873986632,0.004002241873986632,-0.028053348185139288,0.028053348185139288,0.05385852601299951,0.04585404226502625,0.07790963232415217,0.02180293595387359,0.04585404226502625,0.05385852601299951,0.02180293595387359,0.07790963232415217,0.04985628413901288,0.04985628413901288,0.04985628413901288,0.04985628413901288,0.05385852601299951,0.07790963232415217,0.04985628413901288,0.04985628413901288,1.0802755749471278,1.562684296866548,1.562684296866548,0.003276822671808871,0.003912467670177701,0.0026411776734400413,0.0026411776734400413,0.003912467670177701,0.007674311194571487,-0.0011206658509537448,-0.0011206658509537448,0.007674311194571487,0.003912467670177701,0.007674311194571487,0.003276822671808871,0.003276822671808871,0.013107290687235484,0.013107290687235484,0.21,0.0,9.34,0.0,58346.60351140963,8924.228129612977,18459.70495448332,0.0,0.0,58346.60351140963,6600.2945148653425,13652.664139413115,13652.664139413115,1.3333333333333333,0.0,0.0,58346.60351140963,0.0,0.0,43759.95263355724,0.0,0.0,0.0,0.0,58346.60351140963,43759.95263355724,6600.2945148653425,4950.220886149009,13652.664139413115,10239.498104559838,13652.664139413115,E,17.811059348889138,17.811059348889138,0.0
2,A-C--A-3.8,x,16.75,0.0,36.25,A-C,1,1.0,1.6958209803286792,720.25,,0,64637.0148563729,109414.04444444446,1.6927459395760873,4.194485065306483,10.5,0.6268656716417911,7705.0,144.34,32318.50742818645,223.90541380204,122678.38935507974,849.9264885345693,3750.41568118417,14236.268682954034,14236.268682954034,849.9264885345692,849.9264885345692,594.9485419741984,594.9485419741984,600.0,3,19.0,0.9915809032903307,600.0,1,3,1600000,10.5,0.2,0.05192006774818181,274195.88032900007,4828520.9029713245,245356.77871015944,0.056786723271772165,0.0,2.0905791415407493,0.0,33.47363322980876,0.0,2.7763667701912382,11.75,5.7073670542923125,1400341.1953576535,2882942.1498443736,0.0,2113012.867876524,23488553127.160946,0.0,93.41249378335417,93.41249378335417,13666.848275708166,13760.26076949152,14236.268682954034,3409.679340436327,203.56294569769116,344.58034977791425,241.20624484453995,142.4940619883838,0.04985628413901288,3.430272253686157e-05,0.00011937594972399697,0.00011937594972399697,235.0,-235.0,33.52636677019124,-33.52636677019124,0.004002241873986632,-0.004002241873986632,0.028053348185139288,-0.028053348185139288,-0.004002241873986632,0.004002241873986632,-0.028053348185139288,0.028053348185139288,0.05385852601299951,0.04585404226502625,0.07790963232415217,0.02180293595387359,0.04585404226502625,0.05385852601299951,0.02180293595387359,0.07790963232415217,0.04985628413901288,0.04985628413901288,0.04985628413901288,0.04985628413901288,0.05385852601299951,0.07790963232415217,0.04985628413901288,0.04985628413901288,1.0802755749471278,1.562684296866548,1.562684296866548,0.003276822671808871,0.003912467670177701,0.0026411776734400413,0.0026411776734400413,0.003912467670177701,0.007674311194571487,-0.0011206658509537448,-0.0011206658509537448,0.007674311194571487,0.003912467670177701,0.007674311194571487,0.003276822671808871,0.003276822671808871,0.013107290687235484,0.013107290687235484,0.21,0.0,10.5,0.0,104636.57481971214,8924.228129612977,18900.899265941334,0.0,0.0,104636.57481971214,6439.173835059209,13637.725778040745,13637.725778040745,1.3333333333333333,0.0,0.0,104636.57481971214,0.0,0.0,78477.4311147841,0.0,0.0,0.0,0.0,104636.57481971214,78477.4311147841,6439.173835059209,4829.380376294406,13637.725778040745,10228.29433353056,13637.725778040745,C,15.01611236939724,15.01611236939724,0.0
2,A-C--A-4.6,x,16.0,0.0,36.25,A-C,1,1.0,1.6958209803286792,971.5,,0,64637.0148563729,109414.04444444446,1.6927459395760873,4.194485065306483,10.5,0.65625,7705.0,144.34,32318.50742818645,223.90541380204,122678.38935507974,849.9264885345693,3582.48662083264,13598.823816553107,13598.823816553107,849.9264885345692,849.9264885345692,594.9485419741984,594.9485419741984,600.0,3,19.0,0.9915809032903307,600.0,1,3,1600000,10.5,0.2,0.05251907007486199,258931.16152226238,4828520.9029713245,245356.77871015944,0.053625357894365545,0.0,1.9741948154868343,0.0,33.47363322980876,0.0,2.7763667701912382,11.75,5.7073670542923125,1400341.1953576535,2882942.1498443736,0.0,1995896.4010285027,23488553127.160946,0.0,88.2349856868874,88.2349856868874,12909.345561298553,12997.58054698544,13598.823816553107,3286.167829492084,205.38548934325524,347.66545313364304,243.3658171935501,143.76984254027866,0.04985628413901288,3.430272253686157e-05,0.00011937594972399697,0.00011937594972399697,235.0,-235.0,33.52636677019124,-33.52636677019124,0.004002241873986632,-0.004002241873986632,0.028053348185139288,-0.028053348185139288,-0.004002241873986632,0.004002241873986632,-0.028053348185139288,0.028053348185139288,0.05385852601299951,0.04585404226502625,0.07790963232415217,0.02180293595387359,0.04585404226502625,0.05385852601299951,0.02180293595387359,0.07790963232415217,0.04985628413901288,0.04985628413901288,0.04985628413901288,0.04985628413901288,0.05385852601299951,0.07790963232415217,0.04985628413901288,0.04985628413901288,1.0802755749471278,1.562684296866548,1.562684296866548,0.003276822671808871,0.003912467670177701,0.0026411776734400413,0.0026411776734400413,0.003912467670177701,0.007674311194571487,-0.0011206658509537448,-0.0011206658509537448,0.007674311194571487,0.003912467670177701,0.007674311194571487,0.003276822671808871,0.003276822671808871,0.013107290687235484,0.013107290687235484,0.21,0.0,10.5,0.0,99951.35505166533,8924.228129612977,18864.26655083107,0.0,0.0,99951.35505166533,6448.474519462279,13630.953894794062,13630.953894794062,1.3333333333333333,0.0,0.0,99951.35505166533,0.0,0.0,74963.51628874902,0.0,0.0,0.0,0.0,99951.35505166533,74963.51628874902,6448.474519462279,4836.355889596711,13630.953894794062,10223.215421095549,13630.953894794062,C,15.01611236939724,15.01611236939724,0.0
2,A-C--A-5.5,x,15.0,0.0,36.25,A-C,1,1.0,1.6958209803286792,681.055,,0,64637.0148563729,109414.04444444446,1.6927459395760873,4.194485065306483,10.5,0.7,7705.0,144.34,32318.50742818645,223.90541380204,122678.38935507974,849.9264885345693,3358.5812070305997,12748.897328018538,12748.897328018538,849.9264885345692,849.9264885345692,594.9485419741984,594.9485419741984,600.0,3,19.0,0.9915809032903307,600.0,1,3,1600000,10.5,0.2,0.053410917983474734,238694.5929662364,4828520.9029713245,245356.77871015944,0.049434308717468955,0.0,1.81990311690688,0.0,33.47363322980876,0.0,2.7763667701912382,11.75,5.7073670542923125,1400341.1953576535,2882942.1498443736,0.0,1839908.6314889677,23488553127.160946,0.0,81.33904729772156,81.33904729772156,11900.425449370707,11981.764496668427,12748.897328018538,3141.3897150287266,209.42598100191512,354.5049789827306,248.15348528791142,146.59818670134058,0.04985628413901288,3.430272253686157e-05,0.00011937594972399697,0.00011937594972399697,235.0,-235.0,33.52636677019124,-33.52636677019124,0.004002241873986632,-0.004002241873986632,0.028053348185139288,-0.028053348185139288,-0.004002241873986632,0.004002241873986632,-0.028053348185139288,0.028053348185139288,0.05385852601299951,0.04585404226502625,0.07790963232415217,0.02180293595387359,0.04585404226502625,0.05385852601299951,0.02180293595387359,0.07790963232415217,0.04985628413901288,0.04985628413901288,0.04985628413901288,0.04985628413901288,0.05385852601299951,0.07790963232415217,0.04985628413901288,0.04985628413901288,1.0802755749471278,1.562684296866548,1.562684296866548,0.003276822671808871,0.003912467670177701,0.0026411776734400413,0.0026411776734400413,0.003912467670177701,0.007674311194571487,-0.0011206658509537448,-0.0011206658509537448,0.007674311194571487,0.003912467670177701,0.007674311194571487,0.003276822671808871,0.003276822671808871,0.013107290687235484,0.013107290687235484,0.21,0.0,10.5,0.0,93704.39536093625,8924.228129612977,18794.13850314939,0.0,0.0,93704.39536093625,6462.372093857673,13609.548571246109,13609.548571246109,1.3333333333333333,0.0,0.0,93704.39536093625,0.0,0.0,70278.29652070219,0.0,0.0,0.0,0.0,93704.39536093625,70278.29652070219,6462.372093857673,4846.779070393254,13609.548571246109,10207.161428434581,13609.548571246109,C,15.01611236939724,15.01611236939724,0.0
2,A-C--A-6.5,x,26.0,0.0,36.25,A-C,1,1.0,1.6958209803286792,1021.75,,0,64637.0148563729,109414.04444444446,1.6927459395760873,4.194485065306483,10.5,0.40384615384615385,7705.0,144.34,32318.50742818645,223.90541380204,122678.38935507974,849.9264885345693,5821.54075885304,22098.0887018988,22098.0887018988,973.487882948236,849.9264885345692,681.4415180637652,594.9485419741984,769.6428571428571,2,23.0,0.885399652240623,600.0,1,3,1600000,10.5,0.2,0.045485618943812485,485825.8327581767,4828520.9029713245,245356.77871015944,0.1006158702676868,0.0,3.5564952726297925,0.0,33.47363322980876,0.0,2.7763667701912382,11.75,5.7073670542923125,1400341.1953576535,2882942.1498443736,0.0,3886685.2819210957,23488553127.160946,0.0,171.82335718578526,171.82335718578526,25138.86159946835,25310.684956654135,25310.684956654135,6652.081092713783,255.84927279668395,433.08781767008145,303.161472369057,179.09449095767874,0.04985628413901288,3.430272253686157e-05,0.00011937594972399697,0.00011937594972399697,235.0,-235.0,33.52636677019124,-33.52636677019124,0.004002241873986632,-0.004002241873986632,0.028053348185139288,-0.028053348185139288,-0.004002241873986632,0.004002241873986632,-0.028053348185139288,0.028053348185139288,0.05385852601299951,0.04585404226502625,0.07790963232415217,0.02180293595387359,0.04585404226502625,0.05385852601299951,0.02180293595387359,0.07790963232415217,0.04985628413901288,0.04985628413901288,0.04985628413901288,0.04985628413901288,0.05385852601299951,0.07790963232415217,0.04985628413901288,0.04985628413901288,1.0802755749471278,1.562684296866548,1.562684296866548,0.003276822671808871,0.003912467670177701,0.0026411776734400413,0.0026411776734400413,0.003912467670177701,0.007674311194571487,-0.0011206658509537448,-0.0011206658509537448,0.007674311194571487,0.003912467670177701,0.007674311194571487,0.003276822671808871,0.003276822671808871,0.013107290687235484,0.013107290687235484,0.21,0.0,10.5,0.0,186033.5344314079,10221.622770956477,21039.05853954009,0.0,0.0,186033.5344314079,7295.432722800309,15016.11236939724,15016.11236939724,1.3333333333333333,0.0,0.0,186033.5344314079,0.0,0.0,139525.15082355592,0.0,0.0,0.0,0.0,186033.5344314079,139525.15082355592,7295.432722800309,5471.574542100232,15016.11236939724,11262.08427704793,15016.11236939724,C,15.01611236939724,15.01611236939724,0.0
2,A-C--A-6.9,x,11.5,0.0,36.25,A-C,1,1.0,1.6958209803286792,536.0,,0,64637.0148563729,109414.04444444446,1.6927459395760873,4.194485065306483,10.5,0.9130434782608695,7705.0,144.34,32318.50742818645,223.90541380204,122678.38935507974,849.9264885345693,2574.9122587234597,9774.154618147546,9774.154618147546,849.9264885345692,849.9264885345692,594.9485419741984,594.9485419741984,600.0,3,19.0,0.9915809032903307,600.0,1,3,1600000,10.5,0.2,0.05775382953845849,169238.20803326817,4828520.9029713245,245356.77871015944,0.0350496997805527,0.0,1.2903398374970574,0.0,33.47363322980876,0.0,2.7763667701912382,11.75,5.7073670542923125,1400341.1953576535,2882942.1498443736,0.0,1304524.0609291098,23488553127.160946,0.0,57.67065955175117,57.67065955175117,8437.58818688399,8495.258846435741,9774.154618147546,2574.9122587234597,223.90541380203996,379.01498006250677,265.31048604375474,156.73378966142795,0.04985628413901288,3.430272253686157e-05,0.00011937594972399697,0.00011937594972399697,235.0,-235.0,33.52636677019124,-33.52636677019124,0.004002241873986632,-0.004002241873986632,0.028053348185139288,-0.028053348185139288,-0.004002241873986632,0.004002241873986632,-0.028053348185139288,0.028053348185139288,0.05385852601299951,0.04585404226502625,0.07790963232415217,0.02180293595387359,0.04585404226502625,0.05385852601299951,0.02180293595387359,0.07790963232415217,0.04985628413901288,0.04985628413901288,0.04985628413901288,0.04985628413901288,0.05385852601299951,0.07790963232415217,0.04985628413901288,0.04985628413901288,1.0802755749471278,1.562684296866548,1.562684296866548,0.003276822671808871,0.003912467670177701,0.0026411776734400413,0.0026411776734400413,0.003912467670177701,0.007674311194571487,-0.0011206658509537448,-0.0011206658509537448,0.007674311194571487,0.003912467670177701,0.007674311194571487,0.003276822671808871,0.003276822671808871,0.013107290687235484,0.013107290687235484,0.21,0.0,10.5,0.0,71840.03644338447,8924.228129612977,18459.70495448332,0.0,0.0,71840.03644338447,6530.912403944042,13509.147716690066,13509.147716690066,1.3333333333333333,0.0,0.0,71840.03644338447,0.0,0.0,53880.027332538346,0.0,0.0,0.0,0.0,71840.03644338447,53880.027332538346,6530.912403944042,4898.184302958031,13509.147716690066,10131.86078751755,13509.147716690066,C,15.01611236939724,15.01611236939724,0.0
2,A-C--A-8.5,x,9.75,0.0,36.25,A-C,1,1.0,1.6958209803286792,787.25,,0,64637.0148563729,109414.04444444446,1.6927459395760873,4.194485065306483,10.5,1.0769230769230769,7705.0,144.34,32318.50742818645,223.90541380204,122678.38935507974,849.9264885345693,2183.07778456989,8286.78326321205,8286.78326321205,849.9264885345692,849.9264885345692,594.9485419741984,594.9485419741984,600.0,3,19.0,0.9915809032903307,600.0,1,3,1600000,10.5,0.2,0.06109453073459985,135638.70879392762,4828520.9029713245,245356.77871015944,0.02809115079329152,0.0,1.0341638067277485,0.0,33.47363322980876,0.0,2.7763667701912382,11.75,5.7073670542923125,1400341.1953576535,2882942.1498443736,0.0,1045531.9828265524,23488553127.160946,0.0,46.22108617077786,46.22108617077786,6762.44200587888,6808.663092049658,8286.78326321205,2183.0777845698894,223.90541380203993,379.0149800625067,265.3104860437547,156.73378966142795,0.04985628413901288,3.430272253686157e-05,0.00011937594972399697,0.00011937594972399697,235.0,-235.0,33.52636677019124,-33.52636677019124,0.004002241873986632,-0.004002241873986632,0.028053348185139288,-0.028053348185139288,-0.004002241873986632,0.004002241873986632,-0.028053348185139288,0.028053348185139288,0.05385852601299951,0.04585404226502625,0.07790963232415217,0.02180293595387359,0.04585404226502625,0.05385852601299951,0.02180293595387359,0.07790963232415217,0.04985628413901288,0.04985628413901288,0.04985628413901288,0.04985628413901288,0.05385852601299951,0.07790963232415217,0.04985628413901288,0.04985628413901288,1.0802755749471278,1.562684296866548,1.562684296866548,0.003276822671808871,0.003912467670177701,0.0026411776734400413,0.0026411776734400413,0.003912467670177701,0.007674311194571487,-0.0011206658509537448,-0.0011206658509537448,0.007674311194571487,0.003912467670177701,0.007674311194571487,0.003276822671808871,0.003276822671808871,0.013107290687235484,0.013107290687235484,0.21,0.0,9.75,0.0,60907.85698460856,8924.228129612977,18459.70495448332,0.0,0.0,60907.85698460856,6584.63318752525,13620.268790740396,13620.268790740396,1.3333333333333333,0.0,0.0,60907.85698460856,0.0,0.0,45680.89273845642,0.0,0.0,0.0,0.0,60907.85698460856,45680.89273845642,6584.63318752525,4938.474890643937,13620.268790740396,10215.201593055295,13620.268790740396,C,15.01611236939724,15.01611236939724,0.0
2,A-C--A-9.2,x,24.0,0.0,36.25,A-C,1,1.0,1.6958209803286792,954.75,,0,64637.0148563729,109414.04444444446,1.6927459395760873,4.194485065306483,10.5,0.4375,7705.0,144.34,32318.50742818645,223.90541380204,122678.38935507974,849.9264885345693,5373.7299312489595,20398.23572482966,20398.23572482966,969.8009289902848,849.9264885345692,678.8606502931993,594.9485419741984,769.6428571428571,2,23.0,0.88204632056657,600.0,1,3,1600000,10.5,0.2,0.04604252681672514,443030.32728907303,4828520.9029713245,245356.77871015944,0.09175280302016414,0.0,3.2360562253974727,0.0,33.47363322980876,0.0,2.7763667701912382,11.75,5.7073670542923125,1400341.1953576535,2882942.1498443736,0.0,3574121.5255660634,23488553127.160946,0.0,158.00547638094275,158.00547638094275,23117.216819385892,23275.222295766835,23275.222295766835,6100.84939482743,254.20205811780957,430.29950171080674,301.2096511975647,177.9414406824667,0.04985628413901288,3.430272253686157e-05,0.00011937594972399697,0.00011937594972399697,235.0,-235.0,33.52636677019124,-33.52636677019124,0.004002241873986632,-0.004002241873986632,0.028053348185139288,-0.028053348185139288,-0.004002241873986632,0.004002241873986632,-0.028053348185139288,0.028053348185139288,0.05385852601299951,0.04585404226502625,0.07790963232415217,0.02180293595387359,0.04585404226502625,0.05385852601299951,0.02180293595387359,0.07790963232415217,0.04985628413901288,0.04985628413901288,0.04985628413901288,0.04985628413901288,0.05385852601299951,0.07790963232415217,0.04985628413901288,0.04985628413901288,1.0802755749471278,1.562684296866548,1.562684296866548,0.003276822671808871,0.003912467670177701,0.0026411776734400413,0.0026411776734400413,0.003912467670177701,0.007674311194571487,-0.0011206658509537448,-0.0011206658509537448,0.007674311194571487,0.003912467670177701,0.007674311194571487,0.003276822671808871,0.003276822671808871,0.013107290687235484,0.013107290687235484,0.21,0.0,10.5,0.0,171072.88387388623,10182.90975439799,20970.627141083172,0.0,0.0,171072.88387388623,7279.6971861228185,14991.767488093501,14991.767488093501,1.3333333333333333,0.0,0.0,171072.88387388623,0.0,0.0,128304.66290541469,0.0,0.0,0.0,0.0,171072.88387388623,128304.66290541469,7279.6971861228185,5459.772889592115,14991.767488093501,11243.825616070128,14991.767488093501,C,15.01611236939724,15.01611236939724,0.0
1,A-2,y,29.75,31.916666666666668,0.0,A-2,1,1.0475188105042263,1.3574502387460574,1369.3125,,90,33986.48282830213,110058.31111111115,3.238296580058601,2.205482337981968,11.500000000000002,0.38655462184873957,1369.3125,29.75,3019.994533927934,101.51242130850198,24822.077859531775,834.3555583035891,3019.994533927934,24822.077859531775,24822.077859531775,834.3555583035891,834.3555583035891,584.0488908125124,584.0488908125124,600.0,3,19.0,0.973414818020854,600.0,1,3,1600000,10.5,0.2,0.05021891142370331,494277.49737752706,6439914.092195029,279343.2615384616,0.07675218804185224,2.345225685660123,0.0,118.10226366330224,0.0,86.18559699663557,0.0,12.9106096867269,4.547458299799293,1270301.8331760818,3606491.8183403485,3671472060.679106,0.0,22663723535.14317,2387.70788942702,0.0,2387.70788942702,21521.206678503775,23908.914567930795,24822.077859531775,3017.5029821343524,101.4286716683816,328.4561205836069,229.91928440852482,71.00007016786711,0.04354073732405011,4.021587860787181e-05,0.00014828571224351903,0.00014828571224351903,116.89773633669776,-116.89773633669776,67.0,-67.0,0.009935142720315775,-0.009935142720315775,0.017334264092342323,-0.017334264092342323,-0.009935142720315775,0.009935142720315775,-0.017334264092342323,0.017334264092342323,0.05347588004436588,0.033605594603734336,0.06087500141639243,0.026206473231707786,0.033605594603734336,0.05347588004436588,0.026206473231707786,0.06087500141639243,0.04354073732405011,0.04354073732405011,0.04354073732405011,0.04354073732405011,0.05347588004436588,0.06087500141639243,0.04354073732405011,0.04354073732405011,1.2281803968172127,1.3981159979752475,1.3981159979752475,0.007069338896634483,0.008045589926567016,0.006093087866701947,0.006093087866701947,0.008045589926567016,0.008880832506527686,0.005257845286741277,0.005257845286741277,0.008880832506527686,0.008045589926567016,0.008880832506527686,0.008045589926567016,0.008045589926567016,0.032182359706268066,0.032182359706268066,0.23000000000000004,684.65625,11.500000000000002,1073.9705882352941,199817.7267692308,9595.088920491276,25693.107714873448,5965.369632352942,31957.33731617648,173825.75908540725,5942.760994372898,15250.496222992602,15250.496222992602,1.3333333333333333,1227.3949579831933,767.1218487394958,199817.7267692308,80.18980392156863,715.9803921568628,149863.29507692312,60.14235294117648,715.9803921568628,613.6974789915967,51.141456582633054,200613.89696530922,151304.2567575954,6858.59476804476,5172.795102823775,18401.49227167703,13916.51531091859,18401.49227167703,B,19.102399027729298,20.910768829369804,0.0
1,A-2.4,y,29.75,40.083333333333336,0.0,A-2.4,1,1.0475188105042263,1.3574502387460574,1571.7083333333335,,90,33986.48282830213,110058.31111111115,3.238296580058601,2.205482337981968,11.500000000000002,0.38655462184873957,1571.7083333333335,29.75,3466.374969625743,116.51680570170564,28490.9884503902,957.6802840467294,3466.374969625743,28490.9884503902,28490.9884503902,957.6802840467294,957.6802840467294,670.3761988327105,670.3761988327105,769.6428571428571,2,23.0,0.871022439318603,769.6428571428571,1,2,1600000,10.5,0.2,0.04828871531934013,590013.3863983593,6439914.092195029,279343.2615384616,0.09161820762693663,3.515782260815864,0.0,118.10226366330224,0.0,78.0189303299689,0.0,12.9106096867269,4.547458299799293,1270301.8331760818,3606491.8183403485,3591384041.3854084,0.0,22663723535.14317,2580.105816820522,0.0,2580.105816820522,25689.61787484424,28269.72369166476,28490.9884503902,3466.3749696257437,116.51680570170566,377.315973423186,264.12118139623016,81.56176399119396,0.04354073732405011,4.021587860787181e-05,0.00014828571224351903,0.00014828571224351903,116.89773633669776,-116.89773633669776,67.0,-67.0,0.009935142720315775,-0.009935142720315775,0.017334264092342323,-0.017334264092342323,-0.009935142720315775,0.009935142720315775,-0.017334264092342323,0.017334264092342323,0.05347588004436588,0.033605594603734336,0.06087500141639243,0.026206473231707786,0.033605594603734336,0.05347588004436588,0.026206473231707786,0.06087500141639243,0.04354073732405011,0.04354073732405011,0.04354073732405011,0.04354073732405011,0.05347588004436588,0.06087500141639243,0.04354073732405011,0.04354073732405011,1.2281803968172127,1.3981159979752475,1.3981159979752475,0.007069338896634483,0.008045589926567016,0.006093087866701947,0.006093087866701947,0.008045589926567016,0.008880832506527686,0.005257845286741277,0.005257845286741277,0.008880832506527686,0.008045589926567016,0.008880832506527686,0.008045589926567016,0.008045589926567016,0.032182359706268066,0.032182359706268066,0.23000000000000004,392.92708333333337,11.500000000000002,616.3562091503268,229352.45702564114,11013.32326653739,29282.70284018566,3423.5505637254914,18340.44944852942,214435.5581408372,7331.130192849136,19102.399027729298,19102.399027729298,1.3333333333333333,704.4070961718021,440.25443510737625,229352.45702564114,46.021263616557725,410.90413943355117,172014.34276923086,34.5159477124183,410.90413943355117,352.20354808590105,29.350295673825087,229809.38242869126,172841.31670013655,7856.73102320312,5909.1048444491125,20910.768829369805,15749.302930214444,20910.768829369805,B,19.102399027729298,20.910768829369804,0.0
1,A-3,y,29.75,49.833333333333336,0.0,A-3,1,1.0475188105042263,1.3574502387460574,593.2291666666667,,90,33986.48282830213,110058.31111111115,3.238296580058601,2.205482337981968,11.500000000000002,0.38655462184873957,593.2291666666667,29.75,1308.3564494590948,43.97836804904521,10753.703455964329,361.4690237298934,1308.3564494590948,10753.703455964329,10753.703455964329,479.29289290757134,361.4690237298934,335.5050250352999,253.02831661092537,460.7142857142857,4,17.0,0.72822796131693,310.7142857142857,1,6,1600000,10.5,0.2,0.034433854161674056,312300.31368180487,6439914.092195029,279343.2615384616,0.04849448443113595,2.4958651683997775,0.0,118.10226366330224,0.0,68.2689303299689,0.0,12.9106096867269,4.547458299799293,1270301.8331760818,3606491.8183403485,1402995697.4752324,0.0,22663723535.14317,1151.8844143459082,0.0,1151.8844143459082,13107.079149654339,14258.963564000247,14258.963564000247,1767.9494428504677,59.42687202858715,192.44183645375392,134.70928551762773,41.598810420011,0.04354073732405011,4.021587860787181e-05,0.00014828571224351903,0.00014828571224351903,116.89773633669776,-116.89773633669776,67.0,-67.0,0.009935142720315775,-0.009935142720315775,0.017334264092342323,-0.017334264092342323,-0.009935142720315775,0.009935142720315775,-0.017334264092342323,0.017334264092342323,0.05347588004436588,0.033605594603734336,0.06087500141639243,0.026206473231707786,0.033605594603734336,0.05347588004436588,0.026206473231707786,0.06087500141639243,0.04354073732405011,0.04354073732405011,0.04354073732405011,0.04354073732405011,0.05347588004436588,0.06087500141639243,0.04354073732405011,0.04354073732405011,1.2281803968172127,1.3981159979752475,1.3981159979752475,0.007069338896634483,0.008045589926567016,0.006093087866701947,0.006093087866701947,0.008045589926567016,0.008880832506527686,0.005257845286741277,0.005257845286741277,0.008880832506527686,0.008045589926567016,0.008880832506527686,0.008045589926567016,0.008045589926567016,0.032182359706268066,0.032182359706268066,0.23000000000000004,593.2291666666667,11.500000000000002,930.5555555555557,114784.656690202,5511.8682684370715,14296.492499650582,5168.770833333335,27689.84375000001,92263.58377353531,3154.3105563601816,7542.731768269743,7542.731768269743,1.3333333333333333,1063.4920634920636,664.6825396825398,114784.656690202,69.48148148148148,620.3703703703704,86088.49251765151,52.11111111111113,620.3703703703704,531.7460317460318,44.31216931216932,115474.50854205384,87337.03220019118,3947.8464458821827,2985.881442741579,10272.952605560025,7804.700887489786,10272.952605560025,B,19.102399027729298,20.910768829369804,0.0
1,A-3.5,y,29.75,63.75,0.0,A-3.5,1,1.0475188105042263,1.3574502387460574,971.5,,90,33986.48282830213,110058.31111111115,3.238296580058601,2.205482337981968,11.500000000000002,0.38655462184873957,971.5,29.75,2142.626091349482,72.02104508737754,17610.770836120406,591.9586835670725,2142.626091349482,17610.770836120406,17610.770836120406,637.0577595977771,591.9586835670725,445.94043171844396,414.37107849695076,460.7142857142857,4,17.0,0.9679327200090256,460.7142857142857,1,4,1600000,10.5,0.2,0.043647510717792895,403477.0951769623,6439914.092195029,279343.2615384616,0.06265255862123435,4.069360716682928,0.0,118.10226366330224,0.0,54.35226366330224,0.0,12.9106096867269,4.547458299799293,1270301.8331760818,3606491.8183403485,1201806673.23629,0.0,22663723535.14317,1239.3461897819261,0.0,1239.3461897819261,17713.122158251943,18952.468348033868,18952.468348033868,2411.1444930854886,81.04687371715929,262.45381398271826,183.71766978790276,56.732811602011495,0.04354073732405011,4.021587860787181e-05,0.00014828571224351903,0.00014828571224351903,116.89773633669776,-116.89773633669776,67.0,-67.0,0.009935142720315775,-0.009935142720315775,0.017334264092342323,-0.017334264092342323,-0.009935142720315775,0.009935142720315775,-0.017334264092342323,0.017334264092342323,0.05347588004436588,0.033605594603734336,0.06087500141639243,0.026206473231707786,0.033605594603734336,0.05347588004436588,0.026206473231707786,0.06087500141639243,0.04354073732405011,0.04354073732405011,0.04354073732405011,0.04354073732405011,0.05347588004436588,0.06087500141639243,0.04354073732405011,0.04354073732405011,1.2281803968172127,1.3981159979752475,1.3981159979752475,0.007069338896634483,0.008045589926567016,0.006093087866701947,0.006093087866701947,0.008045589926567016,0.008880832506527686,0.005257845286741277,0.005257845286741277,0.008880832506527686,0.008045589926567016,0.008880832506527686,0.008045589926567016,0.008045589926567016,0.032182359706268066,0.032182359706268066,0.23000000000000004,242.875,11.500000000000002,380.98039215686276,152567.37020167266,7326.164235374437,19569.149352017917,2116.1555882352945,11336.54779411765,143346.9779957903,4900.751384471463,12853.404156557352,12853.404156557352,1.3333333333333333,435.406162464986,272.1288515406162,152567.37020167266,28.446535947712412,253.98692810457516,114425.5276512545,21.33490196078432,253.98692810457516,217.703081232493,18.141923436041083,152849.80366572493,114936.69448598838,5225.634313358118,3929.4596405466114,13971.188687589136,10519.327137803946,13971.188687589136,B,19.102399027729298,20.910768829369804,0.0
1,A-3.7,y,20.0,67.33333333333334,0.0,A-3.7,1,1.0475188105042263,1.3574502387460574,441.08333333333337,,90,33986.48282830213,110058.31111111115,3.238296580058601,2.205482337981968,11.500000000000002,0.5750000000000001,441.08333333333337,20.0,972.8015012448799,48.640075062243994,7995.694804905243,399.7847402452621,972.8015012448799,7995.694804905243,7995.694804905243,505.3692591695134,399.7847402452621,353.75848141865936,279.8493181716835,460.7142857142857,4,17.0,0.767847866645152,310.7142857142857,1,6,1600000,10.5,0.2,0.03959729355783676,201925.28545483892,6439914.092195029,279343.2615384616,0.03135527626052744,2.0975889536893204,0.0,118.10226366330224,0.0,50.768930329968896,0.0,12.9106096867269,4.547458299799293,1270301.8331760818,3606491.8183403485,561622853.8191864,0.0,22663723535.14317,620.0438722946469,0.0,620.0438722946469,9487.34131109562,10107.385183390268,10107.385183390268,2416.224599619093,120.81122998095466,391.2225928799986,273.855815015999,84.56786098666826,0.04354073732405011,4.021587860787181e-05,0.00014828571224351903,0.00014828571224351903,116.89773633669776,-116.89773633669776,67.0,-67.0,0.009935142720315775,-0.009935142720315775,0.017334264092342323,-0.017334264092342323,-0.009935142720315775,0.009935142720315775,-0.017334264092342323,0.017334264092342323,0.05347588004436588,0.033605594603734336,0.06087500141639243,0.026206473231707786,0.033605594603734336,0.05347588004436588,0.026206473231707786,0.06087500141639243,0.04354073732405011,0.04354073732405011,0.04354073732405011,0.04354073732405011,0.05347588004436588,0.06087500141639243,0.04354073732405011,0.04354073732405011,1.2281803968172127,1.3981159979752475,1.3981159979752475,0.007069338896634483,0.008045589926567016,0.006093087866701947,0.006093087866701947,0.008045589926567016,0.008880832506527686,0.005257845286741277,0.005257845286741277,0.008880832506527686,0.008045589926567016,0.008880832506527686,0.008045589926567016,0.008045589926567016,0.032182359706268066,0.032182359706268066,0.23000000000000004,441.08333333333337,11.500000000000002,1029.1944444444443,81364.45072629166,5811.746480449405,14412.02602376394,5716.660541666669,30624.96718750001,56456.144080458325,2895.1868759209397,5974.167165565563,5974.167165565563,1.3333333333333333,1176.2222222222222,735.1388888888889,81364.45072629166,76.8465185185185,686.1296296296296,61023.33804471876,57.634888888888895,686.1296296296296,588.1111111111111,49.00925925925927,82127.42687443981,62404.22293360765,4211.662916637939,3200.2165606978283,10503.60353463014,8043.5801438501,10503.60353463014,B,19.102399027729298,20.910768829369804,0.0
1,A-4,y,20.0,76.16666666666667,0.0,A-4,1,1.0475188105042263,1.3574502387460574,505.29166666666663,,90,33986.48282830213,110058.31111111115,3.238296580058601,2.205482337981968,11.500000000000002,0.5750000000000001,505.29166666666663,20.0,1114.4118463628051,55.720592318140255,9159.625061315497,457.98125306577487,1114.4118463628051,9159.625061315497,9159.625061315497,505.9739290286102,457.98125306577487,354.1817503200271,320.5868771460424,460.7142857142857,4,17.0,0.7687665898419193,460.7142857142857,1,4,1600000,10.5,0.2,0.039633204996395,231109.87522075613,6439914.092195029,279343.2615384616,0.03588710531105593,2.819634454540172,0.0,118.10226366330224,0.0,41.93559699663557,0.0,12.9106096867269,4.547458299799293,1270301.8331760818,3606491.8183403485,387787779.2315146,0.0,22663723535.14317,518.3068512285915,0.0,518.3068512285915,9601.171729343612,10119.478580572204,10119.478580572204,1588.790521105775,79.43952605528875,257.2487455463177,180.0741218824224,55.607668238702125,0.04354073732405011,4.021587860787181e-05,0.00014828571224351903,0.00014828571224351903,116.89773633669776,-116.89773633669776,67.0,-67.0,0.009935142720315775,-0.009935142720315775,0.017334264092342323,-0.017334264092342323,-0.009935142720315775,0.009935142720315775,-0.017334264092342323,0.017334264092342323,0.05347588004436588,0.033605594603734336,0.06087500141639243,0.026206473231707786,0.033605594603734336,0.05347588004436588,0.026206473231707786,0.06087500141639243,0.04354073732405011,0.04354073732405011,0.04354073732405011,0.04354073732405011,0.05347588004436588,0.06087500141639243,0.04354073732405011,0.04354073732405011,1.2281803968172127,1.3981159979752475,1.3981159979752475,0.007069338896634483,0.008045589926567016,0.006093087866701947,0.006093087866701947,0.008045589926567016,0.008880832506527686,0.005257845286741277,0.005257845286741277,0.008880832506527686,0.008045589926567016,0.008880832506527686,0.008045589926567016,0.008045589926567016,0.032182359706268066,0.032182359706268066,0.23000000000000004,505.29166666666663,11.500000000000002,1179.0138888888887,81461.80257360626,5818.700183829018,15326.61291324298,6548.832645833334,35083.032031250004,52927.60318818958,2714.2360609327993,5994.228117734276,5994.228117734276,1.3333333333333333,1347.4444444444443,842.1527777777776,81461.80257360626,88.033037037037,786.0092592592591,61096.35193020469,66.02477777777779,786.0092592592591,673.7222222222222,56.14351851851851,82335.84486990255,62678.25170798247,4222.351018969362,3214.2693183580755,11183.012819004456,8577.283830777558,11183.012819004456,B,19.102399027729298,20.910768829369804,0.0
1,A-5,y,29.75,97.5,0.0,A-5,1,1.0475188105042263,1.3574502387460574,770.5,,90,33986.48282830213,110058.31111111115,3.238296580058601,2.205482337981968,11.500000000000002,0.38655462184873957,770.5,29.75,1699.3241414151064,57.120139207230466,13967.16307692308,469.484473173885,1699.3241414151064,13967.16307692308,13967.16307692308,515.0719240198404,469.484473173885,360.5503468138882,328.6391312217195,460.7142857142857,4,17.0,0.7825899000611527,460.7142857142857,1,4,1600000,10.5,0.2,0.036523392292026384,382416.91695139516,6439914.092195029,279343.2615384616,0.0593823009867278,5.978729718177178,0.0,118.10226366330224,0.0,20.60226366330224,0.0,12.9106096867269,4.547458299799293,1270301.8331760818,3606491.8183403485,145519429.90244973,0.0,22663723535.14317,395.89653874035906,0.0,395.89653874035906,14927.49320084989,15323.38973959025,15323.38973959025,169.53314672068336,5.6985931670817935,18.453734764106287,12.9176143348744,3.989015216957255,0.04354073732405011,4.021587860787181e-05,0.00014828571224351903,0.00014828571224351903,116.89773633669776,-116.89773633669776,67.0,-67.0,0.009935142720315775,-0.009935142720315775,0.017334264092342323,-0.017334264092342323,-0.009935142720315775,0.009935142720315775,-0.017334264092342323,0.017334264092342323,0.05347588004436588,0.033605594603734336,0.06087500141639243,0.026206473231707786,0.033605594603734336,0.05347588004436588,0.026206473231707786,0.06087500141639243,0.04354073732405011,0.04354073732405011,0.04354073732405011,0.04354073732405011,0.05347588004436588,0.06087500141639243,0.04354073732405011,0.04354073732405011,1.2281803968172127,1.3981159979752475,1.3981159979752475,0.007069338896634483,0.008045589926567016,0.006093087866701947,0.006093087866701947,0.008045589926567016,0.008880832506527686,0.005257845286741277,0.005257845286741277,0.008880832506527686,0.008045589926567016,0.008880832506527686,0.008045589926567016,0.008045589926567016,0.032182359706268066,0.032182359706268066,0.23000000000000004,770.5,11.500000000000002,1208.627450980392,123353.28740370153,5923.327126228164,16490.64967281962,6713.32117647059,35964.22058823531,94102.38799193682,3217.175657843994,8317.2330626847,8317.2330626847,1.3333333333333333,1381.2885154061623,863.3053221288516,123353.28740370153,90.24418300653593,805.751633986928,92514.96555277615,67.68313725490196,805.751633986928,690.6442577030812,57.55368814192344,124249.283220695,94136.598269863,4247.838742587863,3218.345239995316,11863.308126647607,9027.34582720338,11863.308126647607,B,19.102399027729298,20.910768829369804,0.0
1,A-5.1,y,29.75,98.08333333333334,0.0,A-5.1,1,1.0475188105042263,1.3574502387460574,988.25,,90,33986.48282830213,110058.31111111115,3.238296580058601,2.205482337981968,11.500000000000002,0.38655462184873957,988.25,29.75,2179.56792051068,73.26278724405647,17914.404816053517,602.1648677665048,2179.56792051068,17914.404816053517,17914.404816053517,636.9970944190579,602.1648677665048,445.89796609334053,421.51540743655335,460.7142857142857,4,17.0,0.9678405465591887,460.7142857142857,1,4,1600000,10.5,0.2,0.04364396779893294,410466.91489153536,6439914.092195029,279343.2615384616,0.0637379488321138,6.277678043267348,0.0,118.10226366330224,0.0,20.018930329968896,0.0,12.9106096867269,4.547458299799293,1270301.8331760818,3606491.8183403485,170043574.63531503,0.0,22663723535.14317,476.0965330974691,0.0,476.0965330974691,18474.567025869506,18950.663558966975,18950.663558966975,2458.8839454884765,82.65156119288997,267.6502679474398,187.35518756320783,57.85609283502298,0.04354073732405011,4.021587860787181e-05,0.00014828571224351903,0.00014828571224351903,116.89773633669776,-116.89773633669776,67.0,-67.0,0.009935142720315775,-0.009935142720315775,0.017334264092342323,-0.017334264092342323,-0.009935142720315775,0.009935142720315775,-0.017334264092342323,0.017334264092342323,0.05347588004436588,0.033605594603734336,0.06087500141639243,0.026206473231707786,0.033605594603734336,0.05347588004436588,0.026206473231707786,0.06087500141639243,0.04354073732405011,0.04354073732405011,0.04354073732405011,0.04354073732405011,0.05347588004436588,0.06087500141639243,0.04354073732405011,0.04354073732405011,1.2281803968172127,1.3981159979752475,1.3981159979752475,0.007069338896634483,0.008045589926567016,0.006093087866701947,0.006093087866701947,0.008045589926567016,0.008880832506527686,0.005257845286741277,0.005257845286741277,0.008880832506527686,0.008045589926567016,0.008880832506527686,0.008045589926567016,0.008045589926567016,0.032182359706268066,0.032182359706268066,0.23000000000000004,494.125,11.500000000000002,775.0980392156863,152552.84164968415,7325.466585819168,19514.09339835979,4305.282058823531,23064.011029411773,133794.1126790959,4574.157698430629,11697.832594981042,11697.832594981042,1.3333333333333333,885.8263305322128,553.641456582633,152552.84164968415,57.873986928104564,516.7320261437908,114414.63123726314,43.40549019607844,516.7320261437908,442.9131652661064,36.90943043884221,153127.44766275605,115454.59134930794,5235.12641582072,3947.165516215656,13971.945951218124,10562.242280814058,13971.945951218124,A,13.106337752148029,14.270696638639473,0.0
1,A-6,y,29.75,122.16666666666667,0.0,A-6,1,1.0099068374244904,1.2831109226536002,988.25,,90,33986.48282830213,110058.31111111115,3.238296580058601,2.205482337981968,11.500000000000002,0.38655462184873957,988.25,29.75,2179.56792051068,73.26278724405647,17914.404816053517,602.1648677665048,2179.56792051068,17914.404816053517,17914.404816053517,632.1847965488295,602.1648677665048,442.5293575841806,421.51540743655335,460.7142857142857,4,17.0,0.9605288381672137,460.7142857142857,1,4,1600000,10.5,0.2,0.04336292385833815,413127.2345605173,6439914.092195029,279343.2615384616,0.06415104745903588,7.819096016508014,0.0,118.10226366330224,0.0,4.064403003364433,0.0,11.264141676435514,4.298421590889561,1200735.1066664327,3146562.0743268114,7100455.704565021,0.0,22663723535.14317,92.55617608656205,0.0,92.55617608656205,18714.941521241115,18807.497697327675,18807.497697327675,2480.569773198724,83.38049657810836,270.0107769124762,189.00754383873334,58.36634760467585,0.04354073732405011,4.021587860787181e-05,0.00013382567500573096,0.00013382567500573096,116.89773633669776,-116.89773633669776,67.0,-67.0,0.008966320225383973,-0.008966320225383973,0.015643918471900543,-0.015643918471900543,-0.008966320225383973,0.008966320225383973,-0.015643918471900543,0.015643918471900543,0.052507057549434084,0.034574417098666134,0.059184655795950655,0.027896818852149566,0.034574417098666134,0.052507057549434084,0.027896818852149566,0.059184655795950655,0.04354073732405011,0.04354073732405011,0.04354073732405011,0.04354073732405011,0.052507057549434084,0.059184655795950655,0.04354073732405011,0.04354073732405011,1.205929453115424,1.3592938345410033,1.3592938345410033,0.007069338896634483,0.008998173549386097,0.005140504243882869,0.005140504243882869,0.008998173549386097,0.010519642679032506,0.0036190351142364637,0.0036190351142364637,0.010519642679032506,0.008998173549386097,0.010519642679032506,0.008998173549386097,0.008998173549386097,0.03599269419754439,0.03599269419754439,0.23000000000000004,494.125,11.500000000000002,775.0980392156863,151400.3564634878,7270.12516031154,19281.83482815378,4305.282058823531,23064.011029411773,132641.62749289957,4534.756495483746,11532.472433458304,11532.472433458304,1.3333333333333333,885.8263305322128,553.641456582633,151400.3564634878,57.873986928104564,516.7320261437908,113550.26734761587,43.40549019607844,516.7320261437908,442.9131652661064,36.90943043884221,151974.9624765597,114590.22745966067,5195.725212873836,3917.614614005493,13806.585789695386,10438.222159672003,13806.585789695386,A,13.106337752148029,14.270696638639473,0.0
1,A-6.1,y,29.75,122.75000000000001,0.0,A-6.1,1,1.0099068374244904,1.2831109226536002,826.3333333333334,,90,33986.48282830213,110058.31111111115,3.238296580058601,2.205482337981968,11.500000000000002,0.38655462184873957,826.3333333333334,29.75,1822.463571952433,61.25927972949355,14979.276343366782,503.50508717199267,1822.463571952433,14979.276343366782,14979.276343366782,542.2277024488513,503.50508717199267,379.5593917141959,352.45356102039483,460.7142857142857,4,17.0,0.8238498424804251,460.7142857142857,1,4,1600000,10.5,0.2,0.03810932217114377,393060.6867290081,6439914.092195029,279343.2615384616,0.06103508231660809,7.625093784303058,0.0,118.10226366330224,0.0,4.6477363366977755,0.0,11.264141676435514,4.298421590889561,1200735.1066664327,3146562.0743268114,7958050.265767815,0.0,22663723535.14317,90.71542507850319,0.0,90.71542507850319,16040.558722774826,16131.274147853328,16131.274147853328,210.49644755686677,7.075510842247622,22.912602562618027,16.038821793832618,4.952857589573335,0.04354073732405011,4.021587860787181e-05,0.00013382567500573096,0.00013382567500573096,116.89773633669776,-116.89773633669776,67.0,-67.0,0.008966320225383973,-0.008966320225383973,0.015643918471900543,-0.015643918471900543,-0.008966320225383973,0.008966320225383973,-0.015643918471900543,0.015643918471900543,0.052507057549434084,0.034574417098666134,0.059184655795950655,0.027896818852149566,0.034574417098666134,0.052507057549434084,0.027896818852149566,0.059184655795950655,0.04354073732405011,0.04354073732405011,0.04354073732405011,0.04354073732405011,0.052507057549434084,0.059184655795950655,0.04354073732405011,0.04354073732405011,1.205929453115424,1.3592938345410033,1.3592938345410033,0.007069338896634483,0.008998173549386097,0.005140504243882869,0.005140504243882869,0.008998173549386097,0.010519642679032506,0.0036190351142364637,0.0036190351142364637,0.010519642679032506,0.008998173549386097,0.010519642679032506,0.008998173549386097,0.008998173549386097,0.03599269419754439,0.03599269419754439,0.23000000000000004,826.3333333333334,11.500000000000002,1296.2091503267975,129856.75689021932,6235.618578161791,17316.5908594808,7199.793725490198,38570.32352941178,98486.22708629773,3367.0504986768456,8657.191926987141,8657.191926987141,1.3333333333333333,1481.3818860877684,925.8636788048553,129856.75689021932,96.7836165577342,864.1394335511983,97392.56766766448,72.58771241830067,864.1394335511983,740.6909430438842,61.724245253657024,130817.67994032825,99131.71000193153,4472.399314199256,3389.1182906643257,12460.228952106781,9484.446934139622,12460.228952106781,A,13.106337752148029,14.270696638639473,0.0
1,A-6.8,y,29.75,147.41666666666669,0.0,A-6.8,1,1.0099068374244904,1.2831109226536002,905.8958333333333,,90,33986.48282830213,110058.31111111115,3.238296580058601,2.205482337981968,11.500000000000002,0.38655462184873957,905.8958333333333,29.75,1997.9372604681232,67.15755497371843,16421.537748049057,551.984462119296,1997.9372604681234,16421.537748049057,16421.537748049057,592.1445917085003,551.984462119296,414.50121419595024,386.3891234835072,460.7142857142857,4,17.0,0.8996925579446982,460.7142857142857,1,4,1600000,10.5,0.2,0.04102452809523165,400285.8414344018,6439914.092195029,279343.2615384616,0.06215701571540146,9.304220705245905,0.0,118.10226366330224,0.0,29.314403003364447,0.0,11.264141676435514,4.298421590889561,1200735.1066664327,3146562.0743268114,335706488.1338765,0.0,22663723535.14317,606.7288212254398,0.0,606.7288212254398,17009.572782102445,17616.301603327884,17616.301603327884,2308.7946451923344,77.60654269554065,251.31300180114113,175.91910126079878,54.32457988687845,0.04354073732405011,4.021587860787181e-05,0.00013382567500573096,0.00013382567500573096,116.89773633669776,-116.89773633669776,67.0,-67.0,0.008966320225383973,-0.008966320225383973,0.015643918471900543,-0.015643918471900543,-0.008966320225383973,0.008966320225383973,-0.015643918471900543,0.015643918471900543,0.052507057549434084,0.034574417098666134,0.059184655795950655,0.027896818852149566,0.034574417098666134,0.052507057549434084,0.027896818852149566,0.059184655795950655,0.04354073732405011,0.04354073732405011,0.04354073732405011,0.04354073732405011,0.052507057549434084,0.059184655795950655,0.04354073732405011,0.04354073732405011,1.205929453115424,1.3592938345410033,1.3592938345410033,0.007069338896634483,0.008998173549386097,0.005140504243882869,0.005140504243882869,0.008998173549386097,0.010519642679032506,0.0036190351142364637,0.0036190351142364637,0.010519642679032506,0.008998173549386097,0.010519642679032506,0.008998173549386097,0.008998173549386097,0.03599269419754439,0.03599269419754439,0.23000000000000004,226.47395833333331,11.500000000000002,355.25326797385617,141811.22790678949,6809.6628046477545,18157.59792095949,1973.2542769607846,10571.005055147061,133213.47712860323,4554.306910379598,11921.30218390518,11921.30218390518,1.3333333333333333,406.0037348272641,253.7523342670401,141811.22790678949,26.525577342047924,236.83551198257078,106358.42093009212,19.894183006535947,236.83551198257078,203.00186741363206,16.91682228446934,142074.5889961141,106835.06931477934,4857.250905850055,3652.481002214678,12963.604138847175,9760.874395443927,12963.604138847175,A,13.106337752148029,14.270696638639473,0.0
1,A-7,y,29.75,156.5,0.0,A-7,1,1.0099068374244904,1.2831109226536002,1011.9791666666667,,90,33986.48282830213,110058.31111111115,3.238296580058601,2.205482337981968,11.500000000000002,0.38655462184873957,1011.9791666666667,29.75,2231.9021784890438,75.02192196601828,18344.552954292092,616.6236287157005,2231.9021784890438,18344.552954292092,18344.552954292092,653.8867803424398,616.6236287157005,457.7207462397078,431.6365401009904,460.7142857142857,4,17.0,0.9935023949389007,460.7142857142857,1,4,1600000,10.5,0.2,0.044630345619948886,411033.18156004685,6439914.092195029,279343.2615384616,0.06382587961199762,10.053048383042515,0.0,118.10226366330224,0.0,38.39773633669776,0.0,11.264141676435514,4.298421590889561,1200735.1066664327,3146562.0743268114,629322769.8853631,0.0,22663723535.14317,868.3279253836108,0.0,868.3279253836108,18584.803789803973,19453.131715187585,19453.131715187585,2577.0994362291276,86.62519113375218,280.51806019535235,196.36264213674664,60.63763379362652,0.04354073732405011,4.021587860787181e-05,0.00013382567500573096,0.00013382567500573096,116.89773633669776,-116.89773633669776,67.0,-67.0,0.008966320225383973,-0.008966320225383973,0.015643918471900543,-0.015643918471900543,-0.008966320225383973,0.008966320225383973,-0.015643918471900543,0.015643918471900543,0.052507057549434084,0.034574417098666134,0.059184655795950655,0.027896818852149566,0.034574417098666134,0.052507057549434084,0.027896818852149566,0.059184655795950655,0.04354073732405011,0.04354073732405011,0.04354073732405011,0.04354073732405011,0.052507057549434084,0.059184655795950655,0.04354073732405011,0.04354073732405011,1.205929453115424,1.3592938345410033,1.3592938345410033,0.007069338896634483,0.008998173549386097,0.005140504243882869,0.005140504243882869,0.008998173549386097,0.010519642679032506,0.0036190351142364637,0.0036190351142364637,0.010519642679032506,0.008998173549386097,0.010519642679032506,0.008998173549386097,0.008998173549386097,0.03599269419754439,0.03599269419754439,0.23000000000000004,252.99479166666669,11.500000000000002,396.85457516339875,156597.71030726007,7519.6979739380595,19987.566414405126,2204.328737745099,11808.903952205887,146993.1350927993,5025.40632795895,13106.337752148029,13106.337752148029,1.3333333333333333,453.5480859010271,283.46755368814195,156597.71030726007,29.6318082788671,264.56971677559915,117448.28273044508,22.223856209150334,264.56971677559915,226.77404295051352,18.897836912542797,156891.91183231454,117980.74818329288,5363.8260455492145,4033.5298524202694,14270.696638639472,10745.663752013035,14270.696638639472,A,13.106337752148029,14.270696638639473,0.0
1,A-7.8,y,20.0,176.83333333333334,0.0,A-7.8,1,1.0099068374244904,1.2831109226536002,640.6875,,90,33986.48282830213,110058.31111111115,3.238296580058601,2.205482337981968,11.500000000000002,0.5750000000000001,640.6875,20.0,1413.0249654158222,70.65124827079111,11613.999732441474,580.6999866220738,1413.0249654158224,11613.999732441474,11613.999732441474,614.7101431218738,580.6999866220738,430.29710018531165,406.4899906354516,460.7142857142857,4,17.0,0.9339782019526144,460.7142857142857,1,4,1600000,10.5,0.2,0.04609106594765561,251979.41279186695,6439914.092195029,279343.2615384616,0.03912775996457126,6.927672844987389,0.0,118.10226366330224,0.0,58.731069670031104,0.0,11.264141676435514,4.298421590889561,1200735.1066664327,3146562.0743268114,908997697.3728324,0.0,22663723535.14317,819.9942691413182,0.0,819.9942691413182,11474.208593296158,12294.202862437476,12294.202862437476,1584.7632771257013,79.23816385628507,256.596675025931,179.6176725181517,55.466714699399546,0.04354073732405011,4.021587860787181e-05,0.00013382567500573096,0.00013382567500573096,116.89773633669776,-116.89773633669776,67.0,-67.0,0.008966320225383973,-0.008966320225383973,0.015643918471900543,-0.015643918471900543,-0.008966320225383973,0.008966320225383973,-0.015643918471900543,0.015643918471900543,0.052507057549434084,0.034574417098666134,0.059184655795950655,0.027896818852149566,0.034574417098666134,0.052507057549434084,0.027896818852149566,0.059184655795950655,0.04354073732405011,0.04354073732405011,0.04354073732405011,0.04354073732405011,0.052507057549434084,0.059184655795950655,0.04354073732405011,0.04354073732405011,1.205929453115424,1.3592938345410033,1.3592938345410033,0.007069338896634483,0.008998173549386097,0.005140504243882869,0.005140504243882869,0.008998173549386097,0.010519642679032506,0.0036190351142364637,0.0036190351142364637,0.010519642679032506,0.008998173549386097,0.010519642679032506,0.008998173549386097,0.008998173549386097,0.03599269419754439,0.03599269419754439,0.23000000000000004,160.171875,11.500000000000002,373.734375,98968.33304262169,7069.16664590155,18596.620135185018,2075.9075859375002,11120.933496093752,89923.30713246543,4611.45164781874,11763.46534805751,11763.46534805751,1.3333333333333333,427.125,266.953125,98968.33304262169,27.905499999999996,249.15625,74226.24978196628,20.929125000000003,249.15625,213.5625,17.796875,99245.39479262168,74727.69453196628,5089.50742526265,3832.1894631777577,13408.252763722576,10116.42514971501,13408.252763722576,A,13.106337752148029,14.270696638639473,0.0
1,A-8,y,29.75,182.58333333333334,0.0,A-8,1,1.0099068374244904,1.2831109226536002,794.2291666666666,,90,33986.48282830213,110058.31111111115,3.238296580058601,2.205482337981968,11.500000000000002,0.38655462184873957,794.2291666666666,29.75,1751.65839939347,58.87927392919227,14397.311215161653,483.9432341230808,1751.65839939347,14397.311215161653,14397.311215161653,536.3000291904069,483.9432341230808,375.41002043328484,338.76026388615657,460.7142857142857,4,17.0,0.8148434552040291,460.7142857142857,1,4,1600000,10.5,0.2,0.03776313897632991,381253.0315391935,6439914.092195029,279343.2615384616,0.059201571027361996,11.2600741074837,0.0,118.10226366330224,0.0,64.4810696700311,0.0,11.264141676435514,4.298421590889561,1200735.1066664327,3146562.0743268114,1412729904.7585433,0.0,22663723535.14317,1160.761112074957,0.0,1160.761112074957,14794.164756339647,15954.925868414604,15954.925868414604,204.93049991473526,6.888420165201185,22.306747462977704,15.614723224084392,4.82189411564083,0.04354073732405011,4.021587860787181e-05,0.00013382567500573096,0.00013382567500573096,116.89773633669776,-116.89773633669776,67.0,-67.0,0.008966320225383973,-0.008966320225383973,0.015643918471900543,-0.015643918471900543,-0.008966320225383973,0.008966320225383973,-0.015643918471900543,0.015643918471900543,0.052507057549434084,0.034574417098666134,0.059184655795950655,0.027896818852149566,0.034574417098666134,0.052507057549434084,0.027896818852149566,0.059184655795950655,0.04354073732405011,0.04354073732405011,0.04354073732405011,0.04354073732405011,0.052507057549434084,0.059184655795950655,0.04354073732405011,0.04354073732405011,1.205929453115424,1.3592938345410033,1.3592938345410033,0.007069338896634483,0.008998173549386097,0.005140504243882869,0.005140504243882869,0.008998173549386097,0.010519642679032506,0.0036190351142364637,0.0036190351142364637,0.010519642679032506,0.008998173549386097,0.010519642679032506,0.008998173549386097,0.008998173549386097,0.03599269419754439,0.03599269419754439,0.23000000000000004,397.1145833333333,11.500000000000002,622.9248366013071,128437.15324073758,6167.450335689679,17153.661086847493,3460.0360049019614,18535.907169117654,113361.2820765219,3875.5993872315175,10448.329740699548,10448.329740699548,1.3333333333333333,711.9140989729224,444.94631185807646,128437.15324073758,46.51172113289759,415.2832244008714,96327.8649305532,34.883790849673204,415.2832244008714,355.9570494864612,29.663087457205098,128898.94818627134,97163.65208274742,4406.801647393892,3321.834259239228,12275.971689426806,9273.91086184534,12275.971689426806,A,13.106337752148029,14.270696638639473,0.0
1,A-8.2,y,20.0,185.66666666666669,0.0,A-8.2,1,1.0099068374244904,1.2831109226536002,448.0625,,90,33986.48282830213,110058.31111111115,3.238296580058601,2.205482337981968,11.500000000000002,0.5750000000000001,448.0625,20.0,988.1939300620456,49.40969650310228,8122.2089632107045,406.1104481605352,988.1939300620456,8122.2089632107045,8122.2089632107045,514.0855715668205,406.1104481605352,359.8599000967743,284.2773137123746,460.7142857142857,4,17.0,0.7810912560240062,310.7142857142857,1,6,1600000,10.5,0.2,0.04011495672956793,202473.33227768354,6439914.092195029,279343.2615384616,0.03144037783408862,5.806662514734891,0.0,118.10226366330224,0.0,67.56440300336445,0.0,11.264141676435514,4.298421590889561,1200735.1066664327,3146562.0743268114,996077095.4525762,0.0,22663723535.14317,781.071793855401,0.0,781.071793855401,9500.639637481008,10281.711431336409,10281.711431336409,2507.836228117324,125.3918114058662,406.05587404296966,284.23911183007874,87.77426798410634,0.04354073732405011,4.021587860787181e-05,0.00013382567500573096,0.00013382567500573096,116.89773633669776,-116.89773633669776,67.0,-67.0,0.008966320225383973,-0.008966320225383973,0.015643918471900543,-0.015643918471900543,-0.008966320225383973,0.008966320225383973,-0.015643918471900543,0.015643918471900543,0.052507057549434084,0.034574417098666134,0.059184655795950655,0.027896818852149566,0.034574417098666134,0.052507057549434084,0.027896818852149566,0.059184655795950655,0.04354073732405011,0.04354073732405011,0.04354073732405011,0.04354073732405011,0.052507057549434084,0.059184655795950655,0.04354073732405011,0.04354073732405011,1.205929453115424,1.3592938345410033,1.3592938345410033,0.007069338896634483,0.008998173549386097,0.005140504243882869,0.005140504243882869,0.008998173549386097,0.010519642679032506,0.0036190351142364637,0.0036190351142364637,0.010519642679032506,0.008998173549386097,0.010519642679032506,0.008998173549386097,0.008998173549386097,0.03599269419754439,0.03599269419754439,0.23000000000000004,448.0625,11.500000000000002,1045.4791666666665,82767.7770222581,5911.984073018436,14617.603793366572,5807.114031250001,31109.53945312501,57465.3516003831,2946.941107711954,6052.569555974718,6052.569555974718,1.3333333333333333,1194.8333333333333,746.7708333333333,82767.7770222581,78.06244444444442,696.986111111111,62075.83276669358,58.54683333333333,696.986111111111,597.4166666666666,49.784722222222214,83542.82557781365,63478.56710002691,4284.247465528905,3255.3111333347133,10653.674222018166,8158.75780326576,10653.674222018166,D,26.3900150958857,26.3900150958857,0.0
1,A-8.9,y,29.75,203.58333333333334,0.0,A-8.9,1,1.0099068374244904,1.2831109226536002,1352.5625,,90,33986.48282830213,110058.31111111115,3.238296580058601,2.205482337981968,11.500000000000002,0.38655462184873957,1352.5625,29.75,2983.0527047667356,100.27067915182305,24518.443879598664,824.1493741041568,2983.0527047667356,24518.443879598664,24518.443879598664,824.1493741041568,824.1493741041568,576.9045618729097,576.9045618729097,600.0,3,19.0,0.9615076031215161,600.0,1,3,1600000,10.5,0.2,0.04968342109473828,493493.4700419672,6439914.092195029,279343.2615384616,0.07663044304272094,14.935504821915588,0.0,118.10226366330224,0.0,85.4810696700311,0.0,11.264141676435514,4.298421590889561,1200735.1066664327,3146562.0743268114,3605963335.2087817,0.0,22663723535.14317,2234.9473841476965,0.0,2234.9473841476965,21487.069550231285,23722.016934378982,24518.443879598664,2983.0527047667347,100.27067915182302,324.7061973775018,227.29433816425123,70.1894754062761,0.04354073732405011,4.021587860787181e-05,0.00013382567500573096,0.00013382567500573096,116.89773633669776,-116.89773633669776,67.0,-67.0,0.008966320225383973,-0.008966320225383973,0.015643918471900543,-0.015643918471900543,-0.008966320225383973,0.008966320225383973,-0.015643918471900543,0.015643918471900543,0.052507057549434084,0.034574417098666134,0.059184655795950655,0.027896818852149566,0.034574417098666134,0.052507057549434084,0.027896818852149566,0.059184655795950655,0.04354073732405011,0.04354073732405011,0.04354073732405011,0.04354073732405011,0.052507057549434084,0.059184655795950655,0.04354073732405011,0.04354073732405011,1.205929453115424,1.3592938345410033,1.3592938345410033,0.007069338896634483,0.008998173549386097,0.005140504243882869,0.005140504243882869,0.008998173549386097,0.010519642679032506,0.0036190351142364637,0.0036190351142364637,0.010519642679032506,0.008998173549386097,0.010519642679032506,0.008998173549386097,0.008998173549386097,0.03599269419754439,0.03599269419754439,0.23000000000000004,676.28125,11.500000000000002,1060.8333333333333,197373.47323076925,9477.717802197803,25368.020240287187,5892.398750000001,31566.42187500001,171699.45010576924,5870.066670282709,15056.257508683098,15056.257508683098,1.3333333333333333,1212.3809523809523,757.7380952380952,197373.47323076925,79.20888888888888,707.2222222222222,148030.104923077,59.40666666666667,707.2222222222222,606.1904761904761,50.51587301587301,198159.90434188035,149453.44016117224,6774.6975843377895,5109.519321749478,18168.709263194018,13740.516481380051,18168.709263194018,D,26.3900150958857,26.3900150958857,0.0
1,A-9,y,29.75,203.91666666666669,0.0,A-9,1,1.0099068374244904,1.2831109226536002,1231.125,,90,33986.48282830213,110058.31111111115,3.238296580058601,2.205482337981968,11.500000000000002,0.38655462184873957,1231.125,29.75,2715.2244433480505,91.26804851590086,22317.097525083616,750.1545386582728,2715.2244433480505,22317.097525083616,22317.097525083616,787.5976384611533,750.1545386582728,551.3183469228073,525.1081770607909,600.0,3,19.0,0.9188639115380123,600.0,1,3,1600000,10.5,0.2,0.04776565236146346,467220.61610716494,6439914.092195029,279343.2615384616,0.07255075291662996,14.771025483848474,0.0,118.10226366330224,0.0,85.81440300336445,0.0,11.264141676435514,4.298421590889561,1200735.1066664327,3146562.0743268114,3588244435.8768516,0.0,22663723535.14317,2215.326687441084,0.0,2215.326687441084,21215.703056778228,23431.02974421931,23431.02974421931,2816.7443658664997,94.6804828862689,306.60348392890154,214.62243875023105,66.27633802038822,0.04354073732405011,4.021587860787181e-05,0.00013382567500573096,0.00013382567500573096,116.89773633669776,-116.89773633669776,67.0,-67.0,0.008966320225383973,-0.008966320225383973,0.015643918471900543,-0.015643918471900543,-0.008966320225383973,0.008966320225383973,-0.015643918471900543,0.015643918471900543,0.052507057549434084,0.034574417098666134,0.059184655795950655,0.027896818852149566,0.034574417098666134,0.052507057549434084,0.027896818852149566,0.059184655795950655,0.04354073732405011,0.04354073732405011,0.04354073732405011,0.04354073732405011,0.052507057549434084,0.059184655795950655,0.04354073732405011,0.04354073732405011,1.205929453115424,1.3592938345410033,1.3592938345410033,0.007069338896634483,0.008998173549386097,0.005140504243882869,0.005140504243882869,0.008998173549386097,0.010519642679032506,0.0036190351142364637,0.0036190351142364637,0.010519642679032506,0.008998173549386097,0.010519642679032506,0.008998173549386097,0.008998173549386097,0.03599269419754439,0.03599269419754439,0.23000000000000004,307.78125,11.500000000000002,482.79411764705884,188619.78944096548,9057.372842303264,24262.855345439897,2681.6799264705887,14366.142463235297,176935.32690420077,6049.071005271821,15906.765840712638,15906.765840712638,1.3333333333333333,551.7647058823529,344.85294117647055,188619.78944096548,36.04862745098039,321.8627450980392,141464.84208072413,27.036470588235296,321.8627450980392,275.88235294117646,22.99019607843137,188977.7008135145,142112.61384543002,6460.77609618853,4858.550900698462,17323.268651589126,13044.3268029201,17323.268651589126,D,26.3900150958857,26.3900150958857,0.0
1,A-B--A-1,x,20.0,0.0,30.75,A-B,2,1.0,1.8036575477621626,1105.5,,0,33986.48282830213,110058.31111111115,3.238296580058601,2.205482337981968,11.500000000000002,0.5750000000000001,7705.0,128.34,16993.241414151064,132.4079898250823,139671.6307692308,1088.2938348857006,2648.159796501646,21765.876697714008,21765.876697714008,1346.385554203379,1088.2938348857003,942.4698879423652,761.8056844199901,1200.0,3,19.0,0.7853915732853043,769.6428571428571,1,2,1600000,10.5,0.2,0.04760109751517839,457255.7742134748,5052177.62779103,279343.26153846155,0.09050667017291736,0.0,2.4219707454193347,0.0,33.66974010188201,0.0,2.919740101882013,11.75,6.211992886885259,1735278.3536762516,3282283.3230769234,0.0,4202660.98829839,22663723535.14317,0.0,208.46107172060508,208.46107172060508,26719.250012346973,26927.711084067578,26927.711084067578,7809.994182855215,390.4997091427607,1264.5538726308805,885.1877108416163,273.3497963999325,0.0541986282340607,4.225356437867027e-05,0.00014105569362462498,0.00014105569362462498,235.0,-235.0,33.33025989811799,-33.33025989811799,0.004701422928618055,-0.004701422928618055,0.03314808800178687,-0.03314808800178687,-0.004701422928618055,0.004701422928618055,-0.03314808800178687,0.03314808800178687,0.058900051162678754,0.049497205305442646,0.08734671623584757,0.02105054023227383,0.049497205305442646,0.058900051162678754,0.02105054023227383,0.08734671623584757,0.0541986282340607,0.0541986282340607,0.0541986282340607,0.0541986282340607,0.058900051162678754,0.08734671623584757,0.0541986282340607,0.0541986282340607,1.0867443158951295,1.6116038188021005,1.6116038188021005,0.004342344095047822,0.005041525149679246,0.0036431630404163973,0.0036431630404163973,0.005041525149679246,0.009437083911695399,-0.0007523957215997586,-0.0007523957215997586,0.009437083911695399,0.005041525149679246,0.009437083911695399,0.004342344095047822,0.004342344095047822,0.017369376380191287,0.017369376380191287,0.23000000000000004,0.0,11.500000000000002,0.0,216768.074226744,15483.433873338861,36757.521026412236,0.0,0.0,216768.074226744,11116.311498807385,26390.0150958857,26390.0150958857,1.3333333333333333,0.0,0.0,216768.074226744,0.0,0.0,162576.05567005803,0.0,0.0,0.0,0.0,216768.074226744,162576.05567005803,11116.311498807385,8337.23362410554,26390.0150958857,19792.51132191428,26390.0150958857,D,26.3900150958857,26.3900150958857,26.298412698430184
1,A-B--A-2.5,x,13.0,0.0,30.75,A-B,1,1.0,1.8036575477621626,720.25,,0,33986.48282830213,110058.31111111115,3.238296580058601,2.205482337981968,11.500000000000002,0.8846153846153848,7705.0,128.34,16993.241414151064,132.4079898250823,139671.6307692308,1088.2938348857006,1721.30386772607,14147.819853514105,14147.819853514105,1088.2938348857003,1088.2938348857003,761.8056844199901,761.8056844199901,769.6428571428571,2,23.0,0.9898171305688968,769.6428571428571,1,2,1600000,10.5,0.2,0.06514154374945544,217185.82396402568,5052177.62779103,279343.26153846155,0.04298855661157466,0.0,1.4068372215776532,0.0,33.66974010188201,0.0,2.919740101882013,11.75,6.211992886885259,1735278.3536762516,3282283.3230769234,0.0,1851483.5783856204,22663723535.14317,0.0,91.837588636822,91.837588636822,11771.173730734381,11863.011319371202,14147.819853514105,1721.3038677260702,132.40798982508232,428.77634062299813,300.1434384360987,92.68559287755762,0.0541986282340607,4.225356437867027e-05,0.00014105569362462498,0.00014105569362462498,235.0,-235.0,33.33025989811799,-33.33025989811799,0.004701422928618055,-0.004701422928618055,0.03314808800178687,-0.03314808800178687,-0.004701422928618055,0.004701422928618055,-0.03314808800178687,0.03314808800178687,0.058900051162678754,0.049497205305442646,0.08734671623584757,0.02105054023227383,0.049497205305442646,0.058900051162678754,0.02105054023227383,0.08734671623584757,0.0541986282340607,0.0541986282340607,0.0541986282340607,0.0541986282340607,0.058900051162678754,0.08734671623584757,0.0541986282340607,0.0541986282340607,1.0867443158951295,1.6116038188021005,1.6116038188021005,0.004342344095047822,0.005041525149679246,0.0036431630404163973,0.0036431630404163973,0.005041525149679246,0.009437083911695399,-0.0007523957215997586,-0.0007523957215997586,0.009437083911695399,0.005041525149679246,0.009437083911695399,0.004342344095047822,0.004342344095047822,0.017369376380191287,0.017369376380191287,0.23000000000000004,0.0,11.500000000000002,0.0,113889.94982078856,12515.379101185556,33276.434213622226,0.0,0.0,113889.94982078856,9111.195985663086,24225.24410751698,24225.24410751698,1.3333333333333333,0.0,0.0,113889.94982078856,0.0,0.0,85417.46236559143,0.0,0.0,0.0,0.0,113889.94982078856,85417.46236559143,9111.195985663086,6833.396989247314,24225.24410751698,18168.933080637737,24225.24410751698,D,26.3900150958857,26.3900150958857,26.298412698430184
1,A-B--A-3.5,x,9.0,0.0,30.75,A-B,1,1.0,1.8036575477621626,561.125,,0,33986.48282830213,110058.31111111115,3.238296580058601,2.205482337981968,11.500000000000002,1.277777777777778,7705.0,128.34,16993.241414151064,132.4079898250823,139671.6307692308,1088.2938348857006,1191.6719084257406,9794.644513971303,9794.644513971303,1088.2938348857003,1088.2938348857003,761.8056844199901,761.8056844199901,769.6428571428571,2,23.0,0.9898171305688968,769.6428571428571,1,2,1600000,10.5,0.2,0.07393975143651527,132467.9123702626,5052177.62779103,279343.26153846155,0.02621996337610594,0.0,0.8580706898164808,0.0,33.66974010188201,0.0,2.919740101882013,11.75,6.211992886885259,1735278.3536762516,3282283.3230769234,0.0,1129273.3565206882,22663723535.14317,0.0,56.01440011965902,56.01440011965902,7179.579135497994,7235.593535617652,9794.644513971303,1191.6719084257402,132.40798982508224,428.7763406229979,300.1434384360985,92.68559287755757,0.0541986282340607,4.225356437867027e-05,0.00014105569362462498,0.00014105569362462498,235.0,-235.0,33.33025989811799,-33.33025989811799,0.004701422928618055,-0.004701422928618055,0.03314808800178687,-0.03314808800178687,-0.004701422928618055,0.004701422928618055,-0.03314808800178687,0.03314808800178687,0.058900051162678754,0.049497205305442646,0.08734671623584757,0.02105054023227383,0.049497205305442646,0.058900051162678754,0.02105054023227383,0.08734671623584757,0.0541986282340607,0.0541986282340607,0.0541986282340607,0.0541986282340607,0.058900051162678754,0.08734671623584757,0.0541986282340607,0.0541986282340607,1.0867443158951295,1.6116038188021005,1.6116038188021005,0.004342344095047822,0.005041525149679246,0.0036431630404163973,0.0036431630404163973,0.005041525149679246,0.009437083911695399,-0.0007523957215997586,-0.0007523957215997586,0.009437083911695399,0.005041525149679246,0.009437083911695399,0.004342344095047822,0.004342344095047822,0.017369376380191287,0.017369376380191287,0.23000000000000004,0.0,9.0,0.0,78846.888337469,12515.379101185557,33276.43421362223,0.0,0.0,78846.888337469,9276.104510290472,24663.710064214123,24663.710064214123,1.3333333333333333,0.0,0.0,78846.888337469,0.0,0.0,59135.16625310176,0.0,0.0,0.0,0.0,78846.888337469,59135.16625310176,9276.104510290472,6957.078382717854,24663.710064214123,18497.782548160594,24663.710064214123,D,26.3900150958857,26.3900150958857,26.298412698430184
1,A-B--A-4,x,12.0,0.0,30.75,A-B,1,1.0,1.8036575477621626,653.25,,0,33986.48282830213,110058.31111111115,3.238296580058601,2.205482337981968,11.500000000000002,0.9583333333333335,7705.0,128.34,16993.241414151064,132.4079898250823,139671.6307692308,1088.2938348857006,1588.8958779009877,13059.526018628405,13059.526018628405,1088.2938348857003,1088.2938348857003,761.8056844199901,761.8056844199901,769.6428571428571,2,23.0,0.9898171305688968,769.6428571428571,1,2,1600000,10.5,0.2,0.06679120769077915,195527.62212490037,5052177.62779103,279343.26153846155,0.03870165234281186,0.0,1.26654461894089,0.0,33.66974010188201,0.0,2.919740101882013,11.75,6.211992886885259,1735278.3536762516,3282283.3230769234,0.0,1666849.9576887933,22663723535.14317,0.0,82.67936184829867,82.67936184829867,10597.328901037377,10680.008262885676,13059.526018628405,1588.8958779009863,132.40798982508218,428.7763406229977,300.14343843609834,92.68559287755753,0.0541986282340607,4.225356437867027e-05,0.00014105569362462498,0.00014105569362462498,235.0,-235.0,33.33025989811799,-33.33025989811799,0.004701422928618055,-0.004701422928618055,0.03314808800178687,-0.03314808800178687,-0.004701422928618055,0.004701422928618055,-0.03314808800178687,0.03314808800178687,0.058900051162678754,0.049497205305442646,0.08734671623584757,0.02105054023227383,0.049497205305442646,0.058900051162678754,0.02105054023227383,0.08734671623584757,0.0541986282340607,0.0541986282340607,0.0541986282340607,0.0541986282340607,0.058900051162678754,0.08734671623584757,0.0541986282340607,0.0541986282340607,1.0867443158951295,1.6116038188021005,1.6116038188021005,0.004342344095047822,0.005041525149679246,0.0036431630404163973,0.0036431630404163973,0.005041525149679246,0.009437083911695399,-0.0007523957215997586,-0.0007523957215997586,0.009437083911695399,0.005041525149679246,0.009437083911695399,0.004342344095047822,0.004342344095047822,0.017369376380191287,0.017369376380191287,0.23000000000000004,0.0,11.500000000000002,0.0,105129.18444995866,12515.379101185557,33276.43421362223,0.0,0.0,105129.18444995866,9141.668213039884,24306.264990819716,24306.264990819716,1.3333333333333333,0.0,0.0,105129.18444995866,0.0,0.0,78846.888337469,0.0,0.0,0.0,0.0,105129.18444995866,78846.888337469,9141.668213039884,6856.251159779914,24306.264990819716,18229.69874311479,24306.264990819716,D,26.3900150958857,26.3900150958857,26.298412698430184
1,A-B--A-4.8,x,10.67,0.0,30.75,A-B,1,1.0,1.8036575477621626,536.0,,0,33986.48282830213,110058.31111111115,3.238296580058601,2.205482337981968,11.500000000000002,1.0777881911902532,7705.0,128.34,16993.241414151064,132.4079898250823,139671.6307692308,1088.2938348857006,1412.793251433628,11612.095218230423,11612.095218230423,1088.2938348857003,1088.2938348857003,761.8056844199901,761.8056844199901,769.6428571428571,2,23.0,0.9898171305688968,769.6428571428571,1,2,1600000,10.5,0.2,0.06946437447104972,167166.19571763265,5052177.62779103,279343.26153846155,0.033087949006005736,0.0,1.082831383893889,0.0,33.66974010188201,0.0,2.919740101882013,11.75,6.211992886885259,1735278.3536762516,3282283.3230769234,0.0,1425072.1367692002,22663723535.14317,0.0,70.68665917551473,70.68665917551473,9060.178495002203,9130.865154177718,11612.095218230423,1412.793251433628,132.4079898250823,428.7763406229981,300.1434384360986,92.6855928775576,0.0541986282340607,4.225356437867027e-05,0.00014105569362462498,0.00014105569362462498,235.0,-235.0,33.33025989811799,-33.33025989811799,0.004701422928618055,-0.004701422928618055,0.03314808800178687,-0.03314808800178687,-0.004701422928618055,0.004701422928618055,-0.03314808800178687,0.03314808800178687,0.058900051162678754,0.049497205305442646,0.08734671623584757,0.02105054023227383,0.049497205305442646,0.058900051162678754,0.02105054023227383,0.08734671623584757,0.0541986282340607,0.0541986282340607,0.0541986282340607,0.0541986282340607,0.058900051162678754,0.08734671623584757,0.0541986282340607,0.0541986282340607,1.0867443158951295,1.6116038188021005,1.6116038188021005,0.004342344095047822,0.005041525149679246,0.0036431630404163973,0.0036431630404163973,0.005041525149679246,0.009437083911695399,-0.0007523957215997586,-0.0007523957215997586,0.009437083911695399,0.005041525149679246,0.009437083911695399,0.004342344095047822,0.004342344095047822,0.017369376380191287,0.017369376380191287,0.23000000000000004,0.0,10.67,0.0,93477.36650675492,12515.379101185556,33276.434213622226,0.0,0.0,93477.36650675492,9191.481465757612,24438.71063338686,24438.71063338686,1.3333333333333333,0.0,0.0,93477.36650675492,0.0,0.0,70108.0248800662,0.0,0.0,0.0,0.0,93477.36650675492,70108.0248800662,9191.481465757612,6893.61109931821,24438.71063338686,18329.03297504015,24438.71063338686,E,29.238745973729433,29.238745973729433,26.298412698430184
1,A-B--A-5.5,x,29.0,0.0,30.75,A-B,2,1.0,1.8036575477621626,1139.0,,0,33986.48282830213,110058.31111111115,3.238296580058601,2.205482337981968,11.500000000000002,0.3965517241379311,7705.0,128.34,16993.241414151064,132.4079898250823,139671.6307692308,1088.2938348857006,3839.8317049273865,31560.521211685314,31560.521211685314,1395.1127385219463,1088.2938348857006,976.5789169653624,761.8056844199904,1200.0,3,19.0,0.813815764137802,769.6428571428571,1,2,1600000,10.5,0.2,0.044696342353708576,706109.7071865132,5052177.62779103,279343.26153846155,0.1397634365233604,0.0,3.7705090416231664,0.0,33.66974010188201,0.0,2.919740101882013,11.75,6.211992886885259,1735278.3536762516,3282283.3230769234,0.0,6314401.918626826,22663723535.14317,0.0,313.2079877241183,313.2079877241183,40145.06142941232,40458.26941713644,40458.26941713644,2769.481414516238,95.4993591212496,309.25524804013077,216.4786736280915,66.84955138487472,0.0541986282340607,4.225356437867027e-05,0.00014105569362462498,0.00014105569362462498,235.0,-235.0,33.33025989811799,-33.33025989811799,0.004701422928618055,-0.004701422928618055,0.03314808800178687,-0.03314808800178687,-0.004701422928618055,0.004701422928618055,-0.03314808800178687,0.03314808800178687,0.058900051162678754,0.049497205305442646,0.08734671623584757,0.02105054023227383,0.049497205305442646,0.058900051162678754,0.02105054023227383,0.08734671623584757,0.0541986282340607,0.0541986282340607,0.0541986282340607,0.0541986282340607,0.058900051162678754,0.08734671623584757,0.0541986282340607,0.0541986282340607,1.0867443158951295,1.6116038188021005,1.6116038188021005,0.004342344095047822,0.005041525149679246,0.0036431630404163973,0.0036431630404163973,0.005041525149679246,0.009437083911695399,-0.0007523957215997586,-0.0007523957215997586,0.009437083911695399,0.005041525149679246,0.009437083911695399,0.004342344095047822,0.004342344095047822,0.017369376380191287,0.017369376380191287,0.23000000000000004,0.0,11.500000000000002,0.0,325689.0688079484,16043.796493002385,41049.47094833935,0.0,0.0,325689.0688079484,11427.686624840295,29238.745973729434,29238.745973729434,1.3333333333333333,0.0,0.0,325689.0688079484,0.0,0.0,244266.80160596131,0.0,0.0,0.0,0.0,325689.0688079484,244266.80160596131,11427.686624840295,8570.764968630221,29238.745973729434,21929.059480297077,29238.745973729434,E,29.238745973729433,29.238745973729433,26.298412698430184
1,A-B--A-6.5,x,13.0,0.0,30.75,A-B,1,1.0,1.8036575477621626,963.125,,0,33986.48282830213,110058.31111111115,3.238296580058601,2.205482337981968,11.500000000000002,0.8846153846153848,7705.0,128.34,16993.241414151064,132.4079898250823,139671.6307692308,1088.2938348857006,1721.30386772607,14147.819853514105,14147.819853514105,1088.2938348857003,1088.2938348857003,761.8056844199901,761.8056844199901,769.6428571428571,2,23.0,0.9898171305688968,769.6428571428571,1,2,1600000,10.5,0.2,0.06514154374945544,217185.82396402568,5052177.62779103,279343.26153846155,0.04298855661157466,0.0,1.4068372215776532,0.0,33.66974010188201,0.0,2.919740101882013,11.75,6.211992886885259,1735278.3536762516,3282283.3230769234,0.0,1851483.5783856204,22663723535.14317,0.0,91.837588636822,91.837588636822,11771.173730734381,11863.011319371202,14147.819853514105,1721.3038677260702,132.40798982508232,428.77634062299813,300.1434384360987,92.68559287755762,0.0541986282340607,4.225356437867027e-05,0.00014105569362462498,0.00014105569362462498,235.0,-235.0,33.33025989811799,-33.33025989811799,0.004701422928618055,-0.004701422928618055,0.03314808800178687,-0.03314808800178687,-0.004701422928618055,0.004701422928618055,-0.03314808800178687,0.03314808800178687,0.058900051162678754,0.049497205305442646,0.08734671623584757,0.02105054023227383,0.049497205305442646,0.058900051162678754,0.02105054023227383,0.08734671623584757,0.0541986282340607,0.0541986282340607,0.0541986282340607,0.0541986282340607,0.058900051162678754,0.08734671623584757,0.0541986282340607,0.0541986282340607,1.0867443158951295,1.6116038188021005,1.6116038188021005,0.004342344095047822,0.005041525149679246,0.0036431630404163973,0.0036431630404163973,0.005041525149679246,0.009437083911695399,-0.0007523957215997586,-0.0007523957215997586,0.009437083911695399,0.005041525149679246,0.009437083911695399,0.004342344095047822,0.004342344095047822,0.017369376380191287,0.017369376380191287,0.23000000000000004,0.0,11.500000000000002,0.0,113889.94982078856,12515.379101185556,33276.434213622226,0.0,0.0,113889.94982078856,9111.195985663086,24225.24410751698,24225.24410751698,1.3333333333333333,0.0,0.0,113889.94982078856,0.0,0.0,85417.46236559143,0.0,0.0,0.0,0.0,113889.94982078856,85417.46236559143,9111.195985663086,6833.396989247314,24225.24410751698,18168.933080637737,24225.24410751698,E,29.238745973729433,29.238745973729433,26.298412698430184
1,A-B--A-7.9,x,11.67,0.0,30.75,A-B,1,1.0,1.8036575477621626,938.0,,0,33986.48282830213,110058.31111111115,3.238296580058601,2.205482337981968,11.500000000000002,0.985432733504713,7705.0,128.34,16993.241414151064,132.4079898250823,139671.6307692308,1088.2938348857006,1545.2012412587103,12700.389053116123,12700.389053116123,1088.2938348857003,1088.2938348857003,761.8056844199901,761.8056844199901,769.6428571428571,2,23.0,0.9898171305688968,769.6428571428571,1,2,1600000,10.5,0.2,0.06739763942242258,188439.67180385874,5052177.62779103,279343.26153846155,0.0372987027944721,0.0,1.2206318970406507,0.0,33.66974010188201,0.0,2.919740101882013,11.75,6.211992886885259,1735278.3536762516,3282283.3230769234,0.0,1606426.0157191951,22663723535.14317,0.0,79.6822036821659,79.6822036821659,10213.171716645751,10292.853920327918,12700.389053116123,1545.20124125871,132.40798982508227,428.77634062299796,300.14343843609856,92.68559287755758,0.0541986282340607,4.225356437867027e-05,0.00014105569362462498,0.00014105569362462498,235.0,-235.0,33.33025989811799,-33.33025989811799,0.004701422928618055,-0.004701422928618055,0.03314808800178687,-0.03314808800178687,-0.004701422928618055,0.004701422928618055,-0.03314808800178687,0.03314808800178687,0.058900051162678754,0.049497205305442646,0.08734671623584757,0.02105054023227383,0.049497205305442646,0.058900051162678754,0.02105054023227383,0.08734671623584757,0.0541986282340607,0.0541986282340607,0.0541986282340607,0.0541986282340607,0.058900051162678754,0.08734671623584757,0.0541986282340607,0.0541986282340607,1.0867443158951295,1.6116038188021005,1.6116038188021005,0.004342344095047822,0.005041525149679246,0.0036431630404163973,0.0036431630404163973,0.005041525149679246,0.009437083911695399,-0.0007523957215997586,-0.0007523957215997586,0.009437083911695399,0.005041525149679246,0.009437083911695399,0.004342344095047822,0.004342344095047822,0.017369376380191287,0.017369376380191287,0.23000000000000004,0.0,11.500000000000002,0.0,102238.1318775848,12515.379101185556,33276.434213622226,0.0,0.0,102238.1318775848,9152.921385638747,24336.185415495074,24336.185415495074,1.3333333333333333,0.0,0.0,102238.1318775848,0.0,0.0,76678.59890818861,0.0,0.0,0.0,0.0,102238.1318775848,76678.59890818861,9152.921385638747,6864.691039229061,24336.185415495074,18252.139061621307,24336.185415495074,E,29.238745973729433,29.238745973729433,26.298412698430184
1,A-B--A-8.8,x,10.0,0.0,30.75,A-B,1,1.0,1.8036575477621626,1088.75,,0,33986.48282830213,110058.31111111115,3.238296580058601,2.205482337981968,11.500000000000002,1.1500000000000001,7705.0,128.34,16993.241414151064,132.4079898250823,139671.6307692308,1088.2938348857006,1324.079898250823,10882.938348857004,10882.938348857004,1088.2938348857003,1088.2938348857003,761.8056844199901,761.8056844199901,769.6428571428571,2,23.0,0.9898171305688968,769.6428571428571,1,2,1600000,10.5,0.2,0.0710803339382208,153107.5861055446,5052177.62779103,279343.26153846155,0.030305265844836893,0.0,0.9917657014062929,0.0,33.66974010188201,0.0,2.919740101882013,11.75,6.211992886885259,1735278.3536762516,3282283.3230769234,0.0,1305224.1450511648,22663723535.14317,0.0,64.74193965931615,64.74193965931615,8298.221139148849,8362.963078808165,10882.938348857004,1324.0798982508222,132.4079898250822,428.7763406229978,300.14343843609845,92.68559287755754,0.0541986282340607,4.225356437867027e-05,0.00014105569362462498,0.00014105569362462498,235.0,-235.0,33.33025989811799,-33.33025989811799,0.004701422928618055,-0.004701422928618055,0.03314808800178687,-0.03314808800178687,-0.004701422928618055,0.004701422928618055,-0.03314808800178687,0.03314808800178687,0.058900051162678754,0.049497205305442646,0.08734671623584757,0.02105054023227383,0.049497205305442646,0.058900051162678754,0.02105054023227383,0.08734671623584757,0.0541986282340607,0.0541986282340607,0.0541986282340607,0.0541986282340607,0.058900051162678754,0.08734671623584757,0.0541986282340607,0.0541986282340607,1.0867443158951295,1.6116038188021005,1.6116038188021005,0.004342344095047822,0.005041525149679246,0.0036431630404163973,0.0036431630404163973,0.005041525149679246,0.009437083911695399,-0.0007523957215997586,-0.0007523957215997586,0.009437083911695399,0.005041525149679246,0.009437083911695399,0.004342344095047822,0.004342344095047822,0.017369376380191287,0.017369376380191287,0.23000000000000004,0.0,10.0,0.0,87607.6537082989,12515.379101185556,33276.434213622226,0.0,0.0,87607.6537082989,9221.858285084094,24519.47784161638,24519.47784161638,1.3333333333333333,0.0,0.0,87607.6537082989,0.0,0.0,65705.74028122418,0.0,0.0,0.0,0.0,87607.6537082989,65705.74028122418,9221.858285084094,6916.393713813071,24519.47784161638,18389.60838121229,24519.47784161638,E,29.238745973729433,29.238745973729433,26.298412698430184
1,A-C--A-1.8,x,16.0,0.0,36.25,A-C,1,1.0,1.8036575477621626,1563.4450000000002,,0,33986.48282830213,110058.31111111115,3.238296580058601,2.205482337981968,11.500000000000002,0.7187500000000001,7705.0,144.34,16993.241414151064,117.7306457956981,139671.6307692308,967.6571343302675,1883.6903327311695,15482.514149284278,15482.514149284278,967.6571343302674,967.6571343302674,677.3599940311871,677.3599940311871,769.6428571428571,2,23.0,0.8800965119662756,769.6428571428571,1,2,1600000,10.5,0.2,0.05594822768086072,276729.3047708226,5052177.62779103,279343.26153846155,0.05477426273545676,0.0,2.113150447924547,0.0,33.66974010188201,0.0,2.580259898117987,11.75,5.872512683121229,1640446.8463290662,3282283.3230769234,0.0,1761714.823599966,22663723535.14317,0.0,98.88193542162611,98.88193542162611,14341.579935984035,14440.461871405661,15482.514149284278,1883.6903327311702,117.73064579569814,381.24674764829984,266.8727233538099,82.4114520569887,0.0541986282340607,3.817819283707336e-05,0.00014105569362462498,0.00014105569362462498,235.0,-235.0,33.33025989811799,-33.33025989811799,0.004701422928618055,-0.004701422928618055,0.03314808800178687,-0.03314808800178687,-0.004701422928618055,0.004701422928618055,-0.03314808800178687,0.03314808800178687,0.058900051162678754,0.049497205305442646,0.08734671623584757,0.02105054023227383,0.049497205305442646,0.058900051162678754,0.02105054023227383,0.08734671623584757,0.0541986282340607,0.0541986282340607,0.0541986282340607,0.0541986282340607,0.058900051162678754,0.08734671623584757,0.0541986282340607,0.0541986282340607,1.0867443158951295,1.6116038188021005,1.6116038188021005,0.004342344095047822,0.005041525149679246,0.0036431630404163973,0.0036431630404163973,0.005041525149679246,0.009437083911695399,-0.0007523957215997586,-0.0007523957215997586,0.009437083911695399,0.005041525149679246,0.009437083911695399,0.004342344095047822,0.004342344095047822,0.017369376380191287,0.017369376380191287,0.23000000000000004,0.0,11.500000000000002,0.0,124634.23890173844,11128.057044798077,29992.323595629146,0.0,0.0,124634.23890173844,8040.918638821835,21671.872533615897,21671.872533615897,1.3333333333333333,0.0,0.0,124634.23890173844,0.0,0.0,93475.67917630385,0.0,0.0,0.0,0.0,124634.23890173844,93475.67917630385,8040.918638821835,6030.688979116378,21671.872533615897,16253.904400211926,21671.872533615897,E,29.238745973729433,29.238745973729433,0.0
1,A-C--A-3.2,x,9.34,0.0,36.25,A-C,1,1.0,1.8036575477621626,469.0,,0,33986.48282830213,110058.31111111115,3.238296580058601,2.205482337981968,11.500000000000002,1.2312633832976447,7705.0,144.34,16993.241414151064,117.7306457956981,139671.6307692308,967.6571343302675,1099.6042317318202,9037.917634644697,9037.917634644697,967.6571343302674,967.6571343302674,677.3599940311871,677.3599940311871,769.6428571428571,2,23.0,0.8800965119662756,769.6428571428571,1,2,1600000,10.5,0.2,0.06709280386692958,134707.70505537835,5052177.62779103,279343.26153846155,0.026663295509322137,0.0,1.0286501731806246,0.0,33.66974010188201,0.0,2.580259898117987,11.75,5.872512683121229,1640446.8463290662,3282283.3230769234,0.0,896849.0300694808,22663723535.14317,0.0,50.33854894463643,50.33854894463643,7300.97282655995,7351.311375504586,9037.917634644697,1099.6042317318206,117.73064579569814,381.24674764829984,266.8727233538099,82.4114520569887,0.0541986282340607,3.817819283707336e-05,0.00014105569362462498,0.00014105569362462498,235.0,-235.0,33.33025989811799,-33.33025989811799,0.004701422928618055,-0.004701422928618055,0.03314808800178687,-0.03314808800178687,-0.004701422928618055,0.004701422928618055,-0.03314808800178687,0.03314808800178687,0.058900051162678754,0.049497205305442646,0.08734671623584757,0.02105054023227383,0.049497205305442646,0.058900051162678754,0.02105054023227383,0.08734671623584757,0.0541986282340607,0.0541986282340607,0.0541986282340607,0.0541986282340607,0.058900051162678754,0.08734671623584757,0.0541986282340607,0.0541986282340607,1.0867443158951295,1.6116038188021005,1.6116038188021005,0.004342344095047822,0.005041525149679246,0.0036431630404163973,0.0036431630404163973,0.005041525149679246,0.009437083911695399,-0.0007523957215997586,-0.0007523957215997586,0.009437083911695399,0.005041525149679246,0.009437083911695399,0.004342344095047822,0.004342344095047822,0.017369376380191287,0.017369376380191287,0.23000000000000004,0.0,9.34,0.0,72755.23695888981,11128.057044798075,29587.761999281392,0.0,0.0,72755.23695888981,8230.23042521378,21882.894564626895,21882.894564626895,1.3333333333333333,0.0,0.0,72755.23695888981,0.0,0.0,54566.42771916736,0.0,0.0,0.0,0.0,72755.23695888981,54566.42771916736,8230.23042521378,6172.672818910335,21882.894564626895,16412.170923470174,21882.894564626895,E,29.238745973729433,29.238745973729433,0.0
1,A-C--A-3.8,x,16.75,0.0,36.25,A-C,1,1.0,1.8036575477621626,720.25,,0,33986.48282830213,110058.31111111115,3.238296580058601,2.205482337981968,11.500000000000002,0.6865671641791046,7705.0,144.34,16993.241414151064,117.7306457956981,139671.6307692308,967.6571343302675,1971.988317077943,16208.257000031977,16208.257000031977,967.6571343302674,967.6571343302674,677.3599940311871,677.3599940311871,769.6428571428571,2,23.0,0.8800965119662756,769.6428571428571,1,2,1600000,10.5,0.2,0.05524841363233386,293370.541060136,5052177.62779103,279343.26153846155,0.058068136687507314,0.0,2.2402256629904165,0.0,33.66974010188201,0.0,2.580259898117987,11.75,5.872512683121229,1640446.8463290662,3282283.3230769234,0.0,1848152.9763702515,22663723535.14317,0.0,103.73355597093293,103.73355597093293,15045.246420972042,15148.979976942976,16208.257000031977,1971.988317077943,117.7306457956981,381.2467476482997,266.87272335380976,82.41145205698867,0.0541986282340607,3.817819283707336e-05,0.00014105569362462498,0.00014105569362462498,235.0,-235.0,33.33025989811799,-33.33025989811799,0.004701422928618055,-0.004701422928618055,0.03314808800178687,-0.03314808800178687,-0.004701422928618055,0.004701422928618055,-0.03314808800178687,0.03314808800178687,0.058900051162678754,0.049497205305442646,0.08734671623584757,0.02105054023227383,0.049497205305442646,0.058900051162678754,0.02105054023227383,0.08734671623584757,0.0541986282340607,0.0541986282340607,0.0541986282340607,0.0541986282340607,0.058900051162678754,0.08734671623584757,0.0541986282340607,0.0541986282340607,1.0867443158951295,1.6116038188021005,1.6116038188021005,0.004342344095047822,0.005041525149679246,0.0036431630404163973,0.0036431630404163973,0.005041525149679246,0.009437083911695399,-0.0007523957215997586,-0.0007523957215997586,0.009437083911695399,0.005041525149679246,0.009437083911695399,0.004342344095047822,0.004342344095047822,0.017369376380191287,0.017369376380191287,0.23000000000000004,0.0,11.500000000000002,0.0,130476.46885025744,11128.057044798075,30028.956310739413,0.0,0.0,130476.46885025744,8029.321160015843,21667.04693805659,21667.04693805659,1.3333333333333333,0.0,0.0,130476.46885025744,0.0,0.0,97857.35163769308,0.0,0.0,0.0,0.0,130476.46885025744,97857.35163769308,8029.321160015843,6021.990870011882,21667.04693805659,16250.285203542444,21667.04693805659,C,25.245005215786055,25.245005215786055,0.0
1,A-C--A-4.6,x,16.0,0.0,36.25,A-C,1,1.0,1.8036575477621626,971.5,,0,33986.48282830213,110058.31111111115,3.238296580058601,2.205482337981968,11.500000000000002,0.7187500000000001,7705.0,144.34,16993.241414151064,117.7306457956981,139671.6307692308,967.6571343302675,1883.6903327311695,15482.514149284278,15482.514149284278,967.6571343302674,967.6571343302674,677.3599940311871,677.3599940311871,769.6428571428571,2,23.0,0.8800965119662756,769.6428571428571,1,2,1600000,10.5,0.2,0.05594822768086072,276729.3047708226,5052177.62779103,279343.26153846155,0.05477426273545676,0.0,2.113150447924547,0.0,33.66974010188201,0.0,2.580259898117987,11.75,5.872512683121229,1640446.8463290662,3282283.3230769234,0.0,1761714.823599966,22663723535.14317,0.0,98.88193542162611,98.88193542162611,14341.579935984035,14440.461871405661,15482.514149284278,1883.6903327311702,117.73064579569814,381.24674764829984,266.8727233538099,82.4114520569887,0.0541986282340607,3.817819283707336e-05,0.00014105569362462498,0.00014105569362462498,235.0,-235.0,33.33025989811799,-33.33025989811799,0.004701422928618055,-0.004701422928618055,0.03314808800178687,-0.03314808800178687,-0.004701422928618055,0.004701422928618055,-0.03314808800178687,0.03314808800178687,0.058900051162678754,0.049497205305442646,0.08734671623584757,0.02105054023227383,0.049497205305442646,0.058900051162678754,0.02105054023227383,0.08734671623584757,0.0541986282340607,0.0541986282340607,0.0541986282340607,0.0541986282340607,0.058900051162678754,0.08734671623584757,0.0541986282340607,0.0541986282340607,1.0867443158951295,1.6116038188021005,1.6116038188021005,0.004342344095047822,0.005041525149679246,0.0036431630404163973,0.0036431630404163973,0.005041525149679246,0.009437083911695399,-0.0007523957215997586,-0.0007523957215997586,0.009437083911695399,0.005041525149679246,0.009437083911695399,0.004342344095047822,0.004342344095047822,0.017369376380191287,0.017369376380191287,0.23000000000000004,0.0,11.500000000000002,0.0,124634.23890173844,11128.057044798077,29992.323595629146,0.0,0.0,124634.23890173844,8040.918638821835,21671.872533615897,21671.872533615897,1.3333333333333333,0.0,0.0,124634.23890173844,0.0,0.0,93475.67917630385,0.0,0.0,0.0,0.0,124634.23890173844,93475.67917630385,8040.918638821835,6030.688979116378,21671.872533615897,16253.904400211926,21671.872533615897,C,25.245005215786055,25.245005215786055,0.0
1,A-C--A-5.5,x,15.0,0.0,36.25,A-C,1,1.0,1.8036575477621626,681.055,,0,33986.48282830213,110058.31111111115,3.238296580058601,2.205482337981968,11.500000000000002,0.7666666666666668,7705.0,144.34,16993.241414151064,117.7306457956981,139671.6307692308,967.6571343302675,1765.9596869354714,14514.85701495401,14514.85701495401,967.6571343302674,967.6571343302674,677.3599940311871,677.3599940311871,769.6428571428571,2,23.0,0.8800965119662756,769.6428571428571,1,2,1600000,10.5,0.2,0.056990173042000686,254690.52364969716,5052177.62779103,279343.26153846155,0.05041202871583433,0.0,1.9448586935099363,0.0,33.66974010188201,0.0,2.580259898117987,11.75,5.872512683121229,1640446.8463290662,3282283.3230769234,0.0,1645961.9648017578,22663723535.14317,0.0,92.38493229988133,92.38493229988133,13399.271422123149,13491.65635442303,14514.85701495401,1765.9596869354718,117.73064579569812,381.2467476482998,266.8727233538098,82.41145205698868,0.0541986282340607,3.817819283707336e-05,0.00014105569362462498,0.00014105569362462498,235.0,-235.0,33.33025989811799,-33.33025989811799,0.004701422928618055,-0.004701422928618055,0.03314808800178687,-0.03314808800178687,-0.004701422928618055,0.004701422928618055,-0.03314808800178687,0.03314808800178687,0.058900051162678754,0.049497205305442646,0.08734671623584757,0.02105054023227383,0.049497205305442646,0.058900051162678754,0.02105054023227383,0.08734671623584757,0.0541986282340607,0.0541986282340607,0.0541986282340607,0.0541986282340607,0.058900051162678754,0.08734671623584757,0.0541986282340607,0.0541986282340607,1.0867443158951295,1.6116038188021005,1.6116038188021005,0.004342344095047822,0.005041525149679246,0.0036431630404163973,0.0036431630404163973,0.005041525149679246,0.009437083911695399,-0.0007523957215997586,-0.0007523957215997586,0.009437083911695399,0.005041525149679246,0.009437083911695399,0.004342344095047822,0.004342344095047822,0.017369376380191287,0.017369376380191287,0.23000000000000004,0.0,11.500000000000002,0.0,116844.59897037978,11128.057044798075,29922.195547947464,0.0,0.0,116844.59897037978,8058.248204853778,21667.796776099887,21667.796776099887,1.3333333333333333,0.0,0.0,116844.59897037978,0.0,0.0,87633.44922778486,0.0,0.0,0.0,0.0,116844.59897037978,87633.44922778486,8058.248204853778,6043.686153640336,21667.796776099887,16250.847582074917,21667.796776099887,C,25.245005215786055,25.245005215786055,0.0
1,A-C--A-6.5,x,26.0,0.0,36.25,A-C,2,1.0,1.8036575477621626,1021.75,,0,33986.48282830213,110058.31111111115,3.238296580058601,2.205482337981968,11.500000000000002,0.4423076923076924,7705.0,144.34,16993.241414151064,117.7306457956981,139671.6307692308,967.6571343302675,3060.9967906881507,25159.08549258695,25159.08549258695,1246.2339588290242,967.6571343302674,872.3637711803169,677.3599940311871,921.4285714285714,4,17.0,0.9467513795755377,769.6428571428571,1,2,1600000,10.5,0.2,0.04539129269918944,554271.1827864778,5052177.62779103,279343.26153846155,0.10970936170920469,0.0,3.8472253895796653,0.0,33.66974010188201,0.0,2.580259898117987,11.75,5.872512683121229,1640446.8463290662,3282283.3230769234,0.0,3953005.8194014826,22663723535.14317,0.0,221.8752211874033,221.8752211874033,32180.207708367227,32402.08292955463,32402.08292955463,7091.397972900493,272.7460758807882,883.2326847491603,618.2628793244122,190.92225311655176,0.0541986282340607,3.817819283707336e-05,0.00014105569362462498,0.00014105569362462498,235.0,-235.0,33.33025989811799,-33.33025989811799,0.004701422928618055,-0.004701422928618055,0.03314808800178687,-0.03314808800178687,-0.004701422928618055,0.004701422928618055,-0.03314808800178687,0.03314808800178687,0.058900051162678754,0.049497205305442646,0.08734671623584757,0.02105054023227383,0.049497205305442646,0.058900051162678754,0.02105054023227383,0.08734671623584757,0.0541986282340607,0.0541986282340607,0.0541986282340607,0.0541986282340607,0.058900051162678754,0.08734671623584757,0.0541986282340607,0.0541986282340607,1.0867443158951295,1.6116038188021005,1.6116038188021005,0.004342344095047822,0.005041525149679246,0.0036431630404163973,0.0036431630404163973,0.005041525149679246,0.009437083911695399,-0.0007523957215997586,-0.0007523957215997586,0.009437083911695399,0.005041525149679246,0.009437083911695399,0.004342344095047822,0.004342344095047822,0.017369376380191287,0.017369376380191287,0.23000000000000004,0.0,11.500000000000002,0.0,260836.76758291476,14331.690526533781,35370.74906607387,0.0,0.0,260836.76758291476,10228.892846388815,25245.005215786055,25245.005215786055,1.3333333333333333,0.0,0.0,260836.76758291476,0.0,0.0,195627.5756871861,0.0,0.0,0.0,0.0,260836.76758291476,195627.5756871861,10228.892846388815,7671.669634791611,25245.005215786055,18933.753911839543,25245.005215786055,C,25.245005215786055,25.245005215786055,0.0
1,A-C--A-6.9,x,11.5,0.0,36.25,A-C,1,1.0,1.8036575477621626,536.0,,0,33986.48282830213,110058.31111111115,3.238296580058601,2.205482337981968,11.500000000000002,1.0000000000000002,7705.0,144.34,16993.241414151064,117.7306457956981,139671.6307692308,967.6571343302675,1353.902426650528,11128.057044798074,11128.057044798074,967.6571343302672,967.6571343302672,677.3599940311871,677.3599940311871,769.6428571428571,2,23.0,0.8800965119662756,769.6428571428571,1,2,1600000,10.5,0.2,0.062063993931030105,179299.72500906655,5052177.62779103,279343.26153846155,0.0354895924527226,0.0,1.369162165638504,0.0,33.66974010188201,0.0,2.580259898117987,11.75,5.872512683121229,1640446.8463290662,3282283.3230769234,0.0,1193731.1559127155,22663723535.14317,0.0,67.00201728934724,67.00201728934724,9717.799138235714,9784.801155525061,11128.057044798074,1353.9024266505276,117.73064579569805,381.24674764829956,266.8727233538097,82.41145205698864,0.0541986282340607,3.817819283707336e-05,0.00014105569362462498,0.00014105569362462498,235.0,-235.0,33.33025989811799,-33.33025989811799,0.004701422928618055,-0.004701422928618055,0.03314808800178687,-0.03314808800178687,-0.004701422928618055,0.004701422928618055,-0.03314808800178687,0.03314808800178687,0.058900051162678754,0.049497205305442646,0.08734671623584757,0.02105054023227383,0.049497205305442646,0.058900051162678754,0.02105054023227383,0.08734671623584757,0.0541986282340607,0.0541986282340607,0.0541986282340607,0.0541986282340607,0.058900051162678754,0.08734671623584757,0.0541986282340607,0.0541986282340607,1.0867443158951295,1.6116038188021005,1.6116038188021005,0.004342344095047822,0.005041525149679246,0.0036431630404163973,0.0036431630404163973,0.005041525149679246,0.009437083911695399,-0.0007523957215997586,-0.0007523957215997586,0.009437083911695399,0.005041525149679246,0.009437083911695399,0.004342344095047822,0.004342344095047822,0.017369376380191287,0.017369376380191287,0.23000000000000004,0.0,11.5,0.0,89580.85921062449,11128.057044798075,29587.761999281396,0.0,0.0,89580.85921062449,8143.714473693136,21652.862190383203,21652.862190383203,1.3333333333333333,0.0,0.0,89580.85921062449,0.0,0.0,67185.64440796839,0.0,0.0,0.0,0.0,89580.85921062449,67185.64440796839,8143.714473693136,6107.7858552698535,21652.862190383203,16239.646642787404,21652.862190383203,C,25.245005215786055,25.245005215786055,0.0
1,A-C--A-8.5,x,9.75,0.0,36.25,A-C,1,1.0,1.8036575477621626,787.25,,0,33986.48282830213,110058.31111111115,3.238296580058601,2.205482337981968,11.500000000000002,1.1794871794871797,7705.0,144.34,16993.241414151064,117.7306457956981,139671.6307692308,967.6571343302675,1147.8737965080563,9434.657059720106,9434.657059720106,967.6571343302674,967.6571343302674,677.3599940311871,677.3599940311871,769.6428571428571,2,23.0,0.8800965119662756,769.6428571428571,1,2,1600000,10.5,0.2,0.06596693307643736,143021.00491450707,5052177.62779103,279343.26153846155,0.028308783944526572,0.0,1.092131897082607,0.0,33.66974010188201,0.0,2.580259898117987,11.75,5.872512683121229,1640446.8463290662,3282283.3230769234,0.0,952196.8285660201,22663723535.14317,0.0,53.44512292775159,53.44512292775159,7751.542275023136,7804.987397950888,9434.657059720106,1147.8737965080563,117.73064579569808,381.2467476482996,266.8727233538097,82.41145205698865,0.0541986282340607,3.817819283707336e-05,0.00014105569362462498,0.00014105569362462498,235.0,-235.0,33.33025989811799,-33.33025989811799,0.004701422928618055,-0.004701422928618055,0.03314808800178687,-0.03314808800178687,-0.004701422928618055,0.004701422928618055,-0.03314808800178687,0.03314808800178687,0.058900051162678754,0.049497205305442646,0.08734671623584757,0.02105054023227383,0.049497205305442646,0.058900051162678754,0.02105054023227383,0.08734671623584757,0.0541986282340607,0.0541986282340607,0.0541986282340607,0.0541986282340607,0.058900051162678754,0.08734671623584757,0.0541986282340607,0.0541986282340607,1.0867443158951295,1.6116038188021005,1.6116038188021005,0.004342344095047822,0.005041525149679246,0.0036431630404163973,0.0036431630404163973,0.005041525149679246,0.009437083911695399,-0.0007523957215997586,-0.0007523957215997586,0.009437083911695399,0.005041525149679246,0.009437083911695399,0.004342344095047822,0.004342344095047822,0.017369376380191287,0.017369376380191287,0.23000000000000004,0.0,9.75,0.0,75948.98933074686,11128.057044798075,29587.761999281396,0.0,0.0,75948.98933074686,8210.70154926993,21830.970340010324,21830.970340010324,1.3333333333333333,0.0,0.0,75948.98933074686,0.0,0.0,56961.741998060155,0.0,0.0,0.0,0.0,75948.98933074686,56961.741998060155,8210.70154926993,6158.026161952449,21830.970340010324,16373.227755007745,21830.970340010324,C,25.245005215786055,25.245005215786055,0.0
1,A-C--A-9.2,x,24.0,0.0,36.25,A-C,2,1.0,1.8036575477621626,954.75,,0,33986.48282830213,110058.31111111115,3.238296580058601,2.205482337981968,11.500000000000002,0.47916666666666674,7705.0,144.34,16993.241414151064,117.7306457956981,139671.6307692308,967.6571343302675,2825.5354990967544,23223.771223926415,23223.771223926415,1238.0578251443055,967.6571343302672,866.6404776010138,677.3599940311871,921.4285714285714,4,17.0,0.9405400532104026,769.6428571428571,1,2,1600000,10.5,0.2,0.045995660990380646,504912.2183238837,5052177.62779103,279343.26153846155,0.0999395222263092,0.0,3.495186702755155,0.0,33.66974010188201,0.0,2.580259898117987,11.75,5.872512683121229,1640446.8463290662,3282283.3230769234,0.0,3624989.021742438,22663723535.14317,0.0,203.46421881129157,203.46421881129157,29509.923584652042,29713.387803463334,29713.387803463334,6438.1655076965,268.2568961540208,868.6953893927009,608.0867725748906,187.77982730781454,0.0541986282340607,3.817819283707336e-05,0.00014105569362462498,0.00014105569362462498,235.0,-235.0,33.33025989811799,-33.33025989811799,0.004701422928618055,-0.004701422928618055,0.03314808800178687,-0.03314808800178687,-0.004701422928618055,0.004701422928618055,-0.03314808800178687,0.03314808800178687,0.058900051162678754,0.049497205305442646,0.08734671623584757,0.02105054023227383,0.049497205305442646,0.058900051162678754,0.02105054023227383,0.08734671623584757,0.0541986282340607,0.0541986282340607,0.0541986282340607,0.0541986282340607,0.058900051162678754,0.08734671623584757,0.0541986282340607,0.0541986282340607,1.0867443158951295,1.6116038188021005,1.6116038188021005,0.004342344095047822,0.005041525149679246,0.0036431630404163973,0.0036431630404163973,0.005041525149679246,0.009437083911695399,-0.0007523957215997586,-0.0007523957215997586,0.009437083911695399,0.005041525149679246,0.009437083911695399,0.004342344095047822,0.004342344095047822,0.017369376380191287,0.017369376380191287,0.23000000000000004,0.0,11.500000000000002,0.0,239192.77181787987,14237.664989159517,35208.29213024269,0.0,0.0,239192.77181787987,10178.415822037441,25170.183310130942,25170.183310130942,1.3333333333333333,0.0,0.0,239192.77181787987,0.0,0.0,179394.5788634099,0.0,0.0,0.0,0.0,239192.77181787987,179394.5788634099,10178.415822037441,7633.811866528081,25170.183310130942,18877.63748259821,25170.183310130942,C,25.245005215786055,25.245005215786055,0.0
