Level,Wall,Direction,wall length,x,y,angle,line,sheathed sides,accidental torsional amplification factor x,accidental torsional amplification factor y,tributary area,level tributary area,level seismic force,level diaphragm force,diaphragm force scale factor,wall height,aspect ratio,level seismic force per area,line tributary area,line wall length,line shear demand,line unit shear,line cumulative shear demand,line cumulative unit shear,shear demand,cumulative shear demand,flexible shear force demand,unit shear demand,unit flexible shear demand,adjusted unit shear demand,adjusted flexible unit shear demand,adjusted unit shear capacity,nail spacing,sheathing shear stiffness,shear dcr,adjusted flexible unit shear capacity,sheathed sides flexible,nail spacing flexible,end post youngs modulus,end post area,Delta_A,delta_sw,wall stiffness,total level stiffness,total level cumulative shear demand,relative wall stiffness,kx,ky,CRx,CRy,dx,dy,ex,ey,torque x,torque y,Jx wall,Jy wall,J,torsional shear force x,torsional shear force y,torsional shear force,direct shear force,rigid shear force demand,shear force demand,floor shear demand,floor unit shear demand,diaphragm floor unit shear demand,adjusted diaphragm floor unit shear demand,adjusted floor unit shear demand,level deflection at center of mass,level rotation at center of rigidity from torque x,level rotation at center of rigidity from torque y,level rotation at center of rigidity,x edge 1 to CRx,x edge 2 to CRx,y edge 1 to CRy,y edge 2 to CRy,level edge 1 x deflection from ccw rotation,level edge 2 x deflection from ccw rotation,level edge 1 y deflection from ccw rotation,level edge 2 y deflection from ccw rotation,level edge 1 x deflection from cw rotation,level edge 2 x deflection from cw rotation,level edge 1 y deflection from cw rotation,level edge 2 y deflection from cw rotation,total edge 1 x deflection from ccw rotation,total edge 2 x deflection from ccw rotation,total edge 1 y deflection from ccw rotation,total edge 2 y deflection from ccw rotation,total edge 1 x deflection from cw rotation,total edge 2 x deflection from cw rotation,total edge 1 y deflection from cw rotation,total edge 2 y deflection from cw rotation,average level x deflection from ccw rotation,average level y deflection from ccw rotation,average level x deflection from cw rotation,average level y deflection from cw rotation,maximum x deflection,maximum y deflection,maximum average x deflection,maximum average y deflection,torsional irregularity ratio x,torsional irregularity ratio y,torsional irregularity ratio,story drift at center of mass,edge 1 x story drift from ccw rotation,edge 2 x story drift from ccw rotation,edge 1 x story drift from cw rotation,edge 2 x story drift from cw rotation,edge 1 y story drift from ccw rotation,edge 2 y story drift from ccw rotation,edge 1 y story drift from cw rotation,edge 2 y story drift from cw rotation,maximum edge x story drift,maximum edge y story drift,elastic story drift x,elastic story drift y,inelastic story drift x,inelastic story drift y,allowable story drift,gravity tributary area,tension wall vertical load length,dead load,horizontal effects moment lc10,connors floor seismic axial load,connors seismic axial load,vertical effects moment lc10,dead effects moment lc10,net moment lc10,floor tension force lc10,tension force lc10,tension force,compression wall vertical load length,live load,snow load,horizontal effects moment lc8,vertical effects moment lc8,dead effects moment lc8,horizontal effects moment lc9,vertical effects moment lc9,dead effects moment lc9,live effects moment lc9,snow effects moment lc9,net moment lc8,net moment lc9,floor compression force lc8,floor compression force lc9,compression force lc8,compression force lc9,compression force,option,binned tension force,binned compression force,required strap capacity
5,C-1.7,y,20.0,192.66666666666666,0.0,67.0,C-1.7,1,1.1154705869492074,1.1144060579934303,996.625,,79726.59414133159,66011.3777777778,0.8592064467944897,10.5,0.525,5.942207210354892,996.625,20.0,5922.1522610199445,296.1076130509972,5922.1522610199445,296.1076130509972,5922.1522610199445,5922.1522610199445,5922.1522610199445,299.7145607973023,296.1076130509972,209.80019255811158,207.27532913569803,310.7142857142857,6,14.0,0.6752190105318533,310.7142857142857,1,6,1600000,10.5,0.25,0.030358066931662698,195076.7245605908,3137210.760280907,78438.26159519704,0.06218158085850871,10.713712633131681,0.0,106.26128831833978,0.0,86.40537834832688,0.0,8.092548432122697,6.43569498491206,504804.72677342984,634765.4308906418,1467720856.590564,0.0,8385102124.84045,1022.6281557932655,0.0,1022.6281557932655,4971.66306015278,5994.291215946046,5994.291215946046,5994.291215946046,299.7145607973023,257.51668283522116,180.2616779846548,209.80019255811158,0.025289472730368905,4.962166551072947e-05,5.854679168032789e-05,5.854679168032789e-05,115.23871168166022,-115.23871168166022,115.5,-115.5,0.006762154439077871,-0.006762154439077871,0.006746856846335528,-0.006746856846335528,-0.006762154439077871,0.006762154439077871,-0.006746856846335528,0.006746856846335528,0.032051627169446775,0.018527318291291034,0.032036329576704436,0.018542615884033376,0.018527318291291034,0.032051627169446775,0.018542615884033376,0.032036329576704436,0.025289472730368905,0.025289472730368905,0.025289472730368905,0.025289472730368905,0.032051627169446775,0.032036329576704436,0.025289472730368905,0.025289472730368905,1.2673900919633458,1.2667851923315727,1.2673900919633458,0.0,0.0,0.0,0.0,0.0,0.0,0.0,0.0,0.0,0.0,0.0,0.0,0.0,0.0,0.0,0.21,996.625,10.5,2325.458333333333,44058.04043720343,3147.002888371674,3147.002888371674,10768.034812499998,57685.90078125,-2859.825531546572,-146.65771956649087,-146.65771956649087,-146.65771956649087,1.3333333333333333,2657.6666666666665,1661.0416666666665,44058.04043720343,173.63422222222215,1550.3055555555552,33043.530327902576,130.22566666666665,1550.3055555555552,1328.8333333333333,110.7361111111111,45781.98021498121,36163.63099456924,2347.7938571785235,1854.545179208679,2347.7938571785235,1854.545179208679,2347.7938571785235,D,1.516480625680695,3.918954644265313,0.0
5,C-2.1,y,29.0,182.66666666666666,0.0,67.0,C-2.1,1,1.1154705869492074,1.1144060579934303,803.0,,79726.59414133159,66011.3777777778,0.8592064467944897,10.5,0.3620689655172414,5.942207210354892,803.0,29.0,4771.592389914978,164.53766861775787,4771.592389914978,164.53766861775787,4771.592389914978,4771.592389914978,4771.592389914978,216.76709309079652,164.53766861775787,151.73696516355756,115.1763680324305,310.7142857142857,6,14.0,0.4883488533999553,310.7142857142857,1,6,1600000,10.5,0.25,0.021434417053997488,222613.5834669263,3137210.760280907,78438.26159519704,0.07095907813569828,13.630737086496177,0.0,106.26128831833978,0.0,76.40537834832688,0.0,8.092548432122697,6.43569498491206,504804.72677342984,634765.4308906418,1227789341.869349,0.0,8385102124.84045,967.4198291356976,0.0,967.4198291356976,5318.825870497401,6286.245699633099,6286.245699633099,6286.245699633099,216.76709309079652,186.24768383651366,130.37337868555954,151.73696516355756,0.025289472730368905,4.962166551072947e-05,5.854679168032789e-05,5.854679168032789e-05,115.23871168166022,-115.23871168166022,115.5,-115.5,0.006762154439077871,-0.006762154439077871,0.006746856846335528,-0.006746856846335528,-0.006762154439077871,0.006762154439077871,-0.006746856846335528,0.006746856846335528,0.032051627169446775,0.018527318291291034,0.032036329576704436,0.018542615884033376,0.018527318291291034,0.032051627169446775,0.018542615884033376,0.032036329576704436,0.025289472730368905,0.025289472730368905,0.025289472730368905,0.025289472730368905,0.032051627169446775,0.032036329576704436,0.025289472730368905,0.025289472730368905,1.2673900919633458,1.2667851923315727,1.2673900919633458,0.0,0.0,0.0,0.0,0.0,0.0,0.0,0.0,0.0,0.0,0.0,0.0,0.0,0.0,0.0,0.21,200.75,10.5,323.04597701149424,46203.90589230328,2276.0544774533637,2276.0544774533637,1495.864396551724,8013.559267241379,39686.21102161363,1392.4986323373203,1392.4986323373203,1392.4986323373203,1.3333333333333333,369.1954022988505,230.74712643678163,46203.90589230328,24.1207662835249,215.3639846743295,34652.92941922746,18.09057471264368,215.3639846743295,184.59770114942526,15.383141762452109,46443.39064326113,35086.36482152632,1629.5926541495135,1231.1005200535549,1629.5926541495135,1231.1005200535549,1629.5926541495135,D,1.516480625680695,3.918954644265313,0.0
5,C-2.9,y,29.0,160.0,0.0,67.0,C-2.9,1,1.1154705869492074,1.1144060579934303,988.25,,79726.59414133159,66011.3777777778,0.8592064467944897,10.5,0.3620689655172414,5.942207210354892,988.25,29.0,5872.386275633223,202.49607847011114,5872.386275633223,202.49607847011114,5872.386275633223,5872.386275633223,5872.386275633223,248.3232492256941,202.49607847011114,173.82627445798585,141.7472549290778,310.7142857142857,6,14.0,0.5594408833130579,310.7142857142857,1,6,1600000,10.5,0.25,0.02345666339596123,250350.45166075625,3137210.760280907,78438.26159519704,0.07980032927030371,12.951838895273218,0.0,106.26128831833978,0.0,53.73871168166022,0.0,8.092548432122697,6.43569498491206,504804.72677342984,634765.4308906418,729069747.6704401,0.0,8385102124.84045,816.7645572371846,0.0,816.7645572371846,6384.609670307944,7201.374227545129,7201.374227545129,7201.374227545129,248.3232492256941,213.36093662367114,149.35265563656978,173.82627445798585,0.025289472730368905,4.962166551072947e-05,5.854679168032789e-05,5.854679168032789e-05,115.23871168166022,-115.23871168166022,115.5,-115.5,0.006762154439077871,-0.006762154439077871,0.006746856846335528,-0.006746856846335528,-0.006762154439077871,0.006762154439077871,-0.006746856846335528,0.006746856846335528,0.032051627169446775,0.018527318291291034,0.032036329576704436,0.018542615884033376,0.018527318291291034,0.032051627169446775,0.018542615884033376,0.032036329576704436,0.025289472730368905,0.025289472730368905,0.025289472730368905,0.025289472730368905,0.032051627169446775,0.032036329576704436,0.025289472730368905,0.025289472730368905,1.2673900919633458,1.2667851923315727,1.2673900919633458,0.0,0.0,0.0,0.0,0.0,0.0,0.0,0.0,0.0,0.0,0.0,0.0,0.0,0.0,0.0,0.21,494.125,10.5,795.1436781609195,52930.10057245669,2607.394116869788,2607.394116869788,3681.9128017241374,19724.532866379308,36887.48050780152,1294.2975616772462,1294.2975616772462,1294.2975616772462,1.3333333333333333,908.735632183908,567.9597701149426,52930.10057245669,59.37072796934865,530.095785440613,39697.57542934252,44.5280459770115,530.095785440613,454.367816091954,37.8639846743295,53519.567085866656,40764.43106152643,1877.8795468725143,1430.330914439524,1877.8795468725143,1430.330914439524,1877.8795468725143,D,1.516480625680695,3.918954644265313,0.0
5,C-3,y,14.25,145.08333333333334,0.0,67.0,C-3,1,1.1154705869492074,1.1144060579934303,1200.4166666666667,,79726.59414133159,66011.3777777778,0.8592064467944897,10.5,0.7368421052631579,5.942207210354892,1200.4166666666667,14.25,7133.124572096853,500.57014541030543,7133.124572096853,500.57014541030543,7133.124572096853,7133.124572096853,7133.124572096853,500.57014541030543,500.57014541030543,350.3991017872138,350.3991017872138,460.7142857142857,4,17.0,0.7605561899257354,460.7142857142857,1,4,1600000,10.5,0.25,0.04272919710429765,166937.9500552191,3137210.760280907,78438.26159519704,0.05321222028457897,6.85084430531391,0.0,106.26128831833978,0.0,38.82204501499356,0.0,8.092548432122697,6.43569498491206,504804.72677342984,634765.4308906418,251600728.26997063,0.0,8385102124.84045,390.1652095969394,0.0,390.1652095969394,4221.772735585149,4611.937945182089,7133.124572096853,7133.124572096853,500.57014541030543,430.0930960093895,301.06516720657265,350.3991017872138,0.025289472730368905,4.962166551072947e-05,5.854679168032789e-05,5.854679168032789e-05,115.23871168166022,-115.23871168166022,115.5,-115.5,0.006762154439077871,-0.006762154439077871,0.006746856846335528,-0.006746856846335528,-0.006762154439077871,0.006762154439077871,-0.006746856846335528,0.006746856846335528,0.032051627169446775,0.018527318291291034,0.032036329576704436,0.018542615884033376,0.018527318291291034,0.032051627169446775,0.018542615884033376,0.032036329576704436,0.025289472730368905,0.025289472730368905,0.025289472730368905,0.025289472730368905,0.032051627169446775,0.032036329576704436,0.025289472730368905,0.025289472730368905,1.2673900919633458,1.2667851923315727,1.2673900919633458,0.0,0.0,0.0,0.0,0.0,0.0,0.0,0.0,0.0,0.0,0.0,0.0,0.0,0.0,0.0,0.21,600.2083333333334,10.5,1965.5945419103314,52428.46560491186,5255.986526808208,5255.986526808208,9101.68552631579,48759.02960526316,12771.121525964489,928.8088382519628,928.8088382519628,928.8088382519628,1.3333333333333333,2246.393762183236,1403.9961013645225,52428.46560491186,146.76439246263806,1310.3963612735542,39321.3492036839,110.07329434697859,1310.3963612735542,1123.196881091618,93.59974009096817,53885.62635864805,41958.61548048702,3918.9546442653127,3051.5356713081464,3918.9546442653127,3051.5356713081464,3918.9546442653127,D,1.516480625680695,3.918954644265313,0.0
5,C-3.3,y,19.0,137.08333333333334,0.0,67.0,C-3.3,1,1.1154705869492074,1.1144060579934303,442.47916666666674,,79726.59414133159,66011.3777777778,0.8592064467944897,10.5,0.5526315789473685,5.942207210354892,442.47916666666674,19.0,2629.302894598491,138.3843628736048,2629.302894598491,138.3843628736048,2629.302894598491,2629.302894598491,2629.302894598491,171.4651323515633,138.3843628736048,120.02559264609431,96.86905401152336,310.7142857142857,6,14.0,0.38628926368857935,310.7142857142857,1,6,1600000,10.5,0.25,0.022644290746572704,116113.28100423925,3137210.760280907,78438.26159519704,0.03701162907966133,4.974065857453296,0.0,106.26128831833978,0.0,30.822045014993563,0.0,8.092548432122697,6.43569498491206,504804.72677342984,634765.4308906418,114014962.36802194,0.0,8385102124.84045,222.69755773736065,0.0,222.69755773736065,3035.1399569423425,3257.837514679703,3257.837514679703,3257.837514679703,171.4651323515633,147.3239471169336,103.12676298185352,120.02559264609431,0.025289472730368905,4.962166551072947e-05,5.854679168032789e-05,5.854679168032789e-05,115.23871168166022,-115.23871168166022,115.5,-115.5,0.006762154439077871,-0.006762154439077871,0.006746856846335528,-0.006746856846335528,-0.006762154439077871,0.006762154439077871,-0.006746856846335528,0.006746856846335528,0.032051627169446775,0.018527318291291034,0.032036329576704436,0.018542615884033376,0.018527318291291034,0.032051627169446775,0.018542615884033376,0.032036329576704436,0.025289472730368905,0.025289472730368905,0.025289472730368905,0.025289472730368905,0.032051627169446775,0.032036329576704436,0.025289472730368905,0.025289472730368905,1.2673900919633458,1.2667851923315727,1.2673900919633458,0.0,0.0,0.0,0.0,0.0,0.0,0.0,0.0,0.0,0.0,0.0,0.0,0.0,0.0,0.0,0.21,442.47916666666674,10.5,1086.7909356725147,23945.105732895816,1800.3838896914149,1800.3838896914149,5032.385427631579,26959.207648026317,2018.2835125010788,109.09640608113939,109.09640608113939,109.09640608113939,1.3333333333333333,1242.0467836257312,776.2792397660819,23945.105732895816,81.14705653021441,724.5272904483431,17958.829299671863,60.860292397660835,724.5272904483431,621.0233918128656,51.7519493177388,24750.780079874374,19416.99222364847,1337.8800043175338,1049.5671472242416,1337.8800043175338,1049.5671472242416,1337.8800043175338,D,1.516480625680695,3.918954644265313,0.0
5,C-4,y,29.0,118.75,0.0,67.0,C-4,1,1.1154705869492074,1.1144060579934303,594.625,,79726.59414133159,66011.3777777778,0.8592064467944897,10.5,0.3620689655172414,5.942207210354892,594.625,29.0,3533.384962457278,121.8408607743889,3533.384962457278,121.8408607743889,3533.384962457278,3533.384962457278,3533.384962457278,165.74456701890597,121.8408607743889,116.02119691323416,85.28860254207223,310.7142857142857,6,14.0,0.373401553283972,310.7142857142857,1,6,1600000,10.5,0.25,0.018164686854110275,194519.45364297595,3137210.760280907,78438.26159519704,0.06200394825419973,7.731342051880076,0.0,106.26128831833978,0.0,12.48871168166022,0.0,8.092548432122697,6.43569498491206,504804.72677342984,634765.4308906418,28787867.519736253,0.0,8385102124.84045,138.77361842821455,0.0,138.77361842821455,4667.818825120058,4806.592443548273,4806.592443548273,4806.592443548273,165.74456701890597,142.40880050380537,99.68616035266375,116.02119691323416,0.025289472730368905,4.962166551072947e-05,5.854679168032789e-05,5.854679168032789e-05,115.23871168166022,-115.23871168166022,115.5,-115.5,0.006762154439077871,-0.006762154439077871,0.006746856846335528,-0.006746856846335528,-0.006762154439077871,0.006762154439077871,-0.006746856846335528,0.006746856846335528,0.032051627169446775,0.018527318291291034,0.032036329576704436,0.018542615884033376,0.018527318291291034,0.032051627169446775,0.018542615884033376,0.032036329576704436,0.025289472730368905,0.025289472730368905,0.025289472730368905,0.025289472730368905,0.032051627169446775,0.032036329576704436,0.025289472730368905,0.025289472730368905,1.2673900919633458,1.2667851923315727,1.2673900919633458,0.0,0.0,0.0,0.0,0.0,0.0,0.0,0.0,0.0,0.0,0.0,0.0,0.0,0.0,0.0,0.21,594.625,10.5,956.867816091954,35328.4544600798,1740.3179536985126,1740.3179536985126,4430.776422413793,23736.302262931036,16022.928619562561,562.2080217390372,562.2080217390372,562.2080217390372,1.3333333333333333,1093.5632183908046,683.4770114942528,35328.4544600798,71.44613026819921,637.9118773946359,26496.340845059854,53.58459770114943,637.9118773946359,546.7816091954023,45.56513409961685,36037.81246774264,27780.184063450655,1264.4846479909697,974.7433004719528,1264.4846479909697,974.7433004719528,1264.4846479909697,D,1.516480625680695,3.918954644265313,0.0
5,C-4.2,y,29.0,120.33333333333333,0.0,67.0,C-4.2,1,1.1154705869492074,1.1144060579934303,988.25,,79726.59414133159,66011.3777777778,0.8592064467944897,10.5,0.3620689655172414,5.942207210354892,988.25,29.0,5872.386275633223,202.49607847011114,5872.386275633223,202.49607847011114,5872.386275633223,5872.386275633223,5872.386275633223,240.39881709700867,202.49607847011114,168.27917196790605,141.7472549290778,310.7142857142857,6,14.0,0.5415881396668241,310.7142857142857,1,6,1600000,10.5,0.25,0.02294883367754214,255890.40201986273,3137210.760280907,78438.26159519704,0.08156621329354047,9.740862169153399,0.0,106.26128831833978,0.0,14.072045014993549,0.0,8.092548432122697,6.43569498491206,504804.72677342984,634765.4308906418,52819574.58707647,0.0,8385102124.84045,225.97101676798704,0.0,225.97101676798704,6745.5946790452645,6971.565695813251,6971.565695813251,6971.565695813251,240.39881709700867,206.55221345151924,144.58654941606346,168.27917196790605,0.025289472730368905,4.962166551072947e-05,5.854679168032789e-05,5.854679168032789e-05,115.23871168166022,-115.23871168166022,115.5,-115.5,0.006762154439077871,-0.006762154439077871,0.006746856846335528,-0.006746856846335528,-0.006762154439077871,0.006762154439077871,-0.006746856846335528,0.006746856846335528,0.032051627169446775,0.018527318291291034,0.032036329576704436,0.018542615884033376,0.018527318291291034,0.032051627169446775,0.018542615884033376,0.032036329576704436,0.025289472730368905,0.025289472730368905,0.025289472730368905,0.025289472730368905,0.032051627169446775,0.032036329576704436,0.025289472730368905,0.025289472730368905,1.2673900919633458,1.2667851923315727,1.2673900919633458,0.0,0.0,0.0,0.0,0.0,0.0,0.0,0.0,0.0,0.0,0.0,0.0,0.0,0.0,0.0,0.21,247.0625,10.5,397.57183908045977,51241.007864227395,2524.187579518591,2524.187579518591,1840.9564008620687,9862.266433189654,43219.69783189981,1516.480625680695,1516.480625680695,1516.480625680695,1.3333333333333333,454.367816091954,283.9798850574713,51241.007864227395,29.685363984674325,265.0478927203065,38430.75589817055,22.26402298850575,265.0478927203065,227.183908045977,18.93199233716475,51535.741120932376,38964.18371426251,1808.271618278329,1367.1643408513162,1808.271618278329,1367.1643408513162,1808.271618278329,D,1.516480625680695,3.918954644265313,0.0
5,C-5,y,29.0,102.16666666666667,0.0,67.0,C-5,1,1.7818714030759952,1.7788436381475552,735.9041666666667,,79726.59414133159,66011.3777777778,0.8592064467944897,10.5,0.3620689655172414,5.942207210354892,735.9041666666667,29.0,4372.895045296876,150.78948432058192,4372.895045296876,150.78948432058192,4372.895045296876,4372.895045296876,4372.895045296876,192.50368090913886,150.78948432058192,134.7525766363972,105.55263902440734,310.7142857142857,6,14.0,0.4336864535424278,310.7142857142857,1,6,1600000,10.5,0.25,0.019879519292744056,219969.85847102272,3137210.760280907,78438.26159519704,0.07011637893634105,7.344498873784543,0.0,106.26128831833978,0.0,4.094621651673108,0.0,23.99551410740642,10.272822010302132,805782.3001649765,1882166.4126679858,3644346.256077579,0.0,8385102124.84045,85.5293599120261,0.0,85.5293599120261,5497.077386453001,5582.606746365027,5582.606746365027,5582.606746365027,192.50368090913886,165.40040366880143,115.780282568161,134.7525766363972,0.025289472730368905,4.962166551072947e-05,0.00013177699897987263,0.00013177699897987263,115.23871168166022,-115.23871168166022,115.5,-115.5,0.015220243382175288,-0.015220243382175288,0.015185811591715975,-0.015185811591715975,-0.015220243382175288,0.015220243382175288,-0.015185811591715975,0.015185811591715975,0.04050971611254419,0.010069229348193617,0.04047528432208488,0.01010366113865293,0.010069229348193617,0.04050971611254419,0.01010366113865293,0.04047528432208488,0.025289472730368905,0.025289472730368905,0.025289472730368905,0.025289472730368905,0.04050971611254419,0.04047528432208488,0.025289472730368905,0.025289472730368905,1.6018410721508651,1.6004795652967516,1.6018410721508651,0.0,0.0,0.0,0.0,0.0,0.0,0.0,0.0,0.0,0.0,0.0,0.0,0.0,0.0,0.0,0.21,735.9041666666667,10.5,1184.213601532567,41032.159585782945,2021.2886495459582,2021.2886495459582,5483.501081896551,29375.89865301724,17139.762014662258,601.395158409202,601.395158409202,601.395158409202,1.3333333333333333,1353.3869731800767,845.8668582375478,41032.159585782945,88.42128224776499,789.4757343550447,30774.119689337214,66.31596168582377,789.4757343550447,676.6934865900382,56.391123882503194,41910.056602385754,32362.995995850622,1470.5283018380967,1135.5437191526535,1470.5283018380967,1135.5437191526535,1470.5283018380967,A,1.3269006684855473,1.7958183636665237,0.0
5,C-5.5,y,29.0,104.91666666666667,0.0,67.0,C-5.5,1,1.7818714030759952,1.7788436381475552,703.1666666666667,,79726.59414133159,66011.3777777778,0.8592064467944897,10.5,0.3620689655172414,5.942207210354892,703.1666666666667,29.0,4178.3620367478825,144.08144954303043,4178.3620367478825,144.08144954303043,4178.3620367478825,4178.3620367478825,4178.3620367478825,185.0516951867852,144.08144954303043,129.53618663074963,100.8570146801213,310.7142857142857,6,14.0,0.41689807191505623,310.7142857142857,1,6,1600000,10.5,0.25,0.01940196585426521,215357.66365805332,3137210.760280907,78438.26159519704,0.06864622115435116,7.39132993257956,0.0,106.26128831833978,0.0,1.3446216516731084,0.0,23.99551410740642,10.272822010302132,805782.3001649765,1882166.4126679858,381714.06078081107,0.0,8385102124.84045,27.28019213548447,0.0,27.28019213548447,5339.218968281286,5366.499160416771,5366.499160416771,5366.499160416771,185.0516951867852,158.99760949473466,111.29832664631425,129.53618663074963,0.025289472730368905,4.962166551072947e-05,0.00013177699897987263,0.00013177699897987263,115.23871168166022,-115.23871168166022,115.5,-115.5,0.015220243382175288,-0.015220243382175288,0.015185811591715975,-0.015185811591715975,-0.015220243382175288,0.015220243382175288,-0.015185811591715975,0.015185811591715975,0.04050971611254419,0.010069229348193617,0.04047528432208488,0.01010366113865293,0.010069229348193617,0.04050971611254419,0.01010366113865293,0.04047528432208488,0.025289472730368905,0.025289472730368905,0.025289472730368905,0.025289472730368905,0.04050971611254419,0.04047528432208488,0.025289472730368905,0.025289472730368905,1.6018410721508651,1.6004795652967516,1.6018410721508651,0.0,0.0,0.0,0.0,0.0,0.0,0.0,0.0,0.0,0.0,0.0,0.0,0.0,0.0,0.0,0.21,703.1666666666667,10.5,1131.5325670498084,39443.768829063265,1943.0427994612446,1943.0427994612446,5239.561551724139,28069.07974137931,16614.250639408092,582.9561627862488,582.9561627862488,582.9561627862488,1.3333333333333333,1293.1800766283527,808.2375478927203,39443.768829063265,84.48776500638569,754.3550446998722,29582.82662179745,63.36582375478929,754.3550446998722,646.5900383141764,53.88250319284802,40282.61163876952,31101.020031759133,1413.4249697813868,1091.2638607634783,1413.4249697813868,1091.2638607634783,1413.4249697813868,A,1.3269006684855473,1.7958183636665237,0.0
5,C-5.9,y,29.0,84.25,0.0,90.0,C-5.9,1,1.7818714030759952,1.7788436381475552,773.3333333333333,,76828.30828848146,66011.3777777778,0.8592064467944897,10.5,0.3620689655172414,5.726191271408024,773.3333333333333,29.0,4428.254583222205,152.69843390421397,4428.254583222205,152.69843390421397,4428.254583222205,4428.254583222205,4428.254583222205,202.26479332682368,152.69843390421397,141.58535532877656,106.88890373294977,310.7142857142857,6,14.0,0.4556770056558326,310.7142857142857,1,6,1600000,10.5,0.25,0.0205050509258041,215959.20923315396,3137210.760280907,78438.26159519704,0.06883796650430234,6.089891608636945,0.0,106.26128831833978,0.0,22.01128831833978,0.0,23.99551410740642,10.272822010302132,805782.3001649765,1882166.4126679858,103701332.32913415,0.0,8385102124.84045,452.73934758209367,0.0,452.73934758209367,5412.939658895793,5865.679006477887,5865.679006477887,5865.679006477887,202.26479332682368,173.787214385962,121.65105007017338,141.58535532877656,0.025289472730368905,4.962166551072947e-05,0.00013177699897987263,0.00013177699897987263,115.23871168166022,-115.23871168166022,115.5,-115.5,0.015220243382175288,-0.015220243382175288,0.015185811591715975,-0.015185811591715975,-0.015220243382175288,0.015220243382175288,-0.015185811591715975,0.015185811591715975,0.04050971611254419,0.010069229348193617,0.04047528432208488,0.01010366113865293,0.010069229348193617,0.04050971611254419,0.01010366113865293,0.04047528432208488,0.025289472730368905,0.025289472730368905,0.025289472730368905,0.025289472730368905,0.04050971611254419,0.04047528432208488,0.025289472730368905,0.025289472730368905,1.6018410721508651,1.6004795652967516,1.6018410721508651,0.0,0.0,0.0,0.0,0.0,0.0,0.0,0.0,0.0,0.0,0.0,0.0,0.0,0.0,0.0,0.21,773.3333333333333,10.5,1244.4444444444443,43112.74069761246,2123.780329931649,2123.780329931649,5762.4,30870.0,18005.140697612464,631.7593227232443,631.7593227232443,631.7593227232443,1.3333333333333333,1422.222222222222,888.8888888888888,43112.74069761246,92.91851851851851,829.6296296296296,32334.555523209354,69.6888888888889,829.6296296296296,711.111111111111,59.25925925925925,44035.28884576061,34004.24441209825,1545.0978542372143,1193.1313828806403,1545.0978542372143,1193.1313828806403,1545.0978542372143,A,1.3269006684855473,1.7958183636665237,0.0
5,C-6,y,29.0,84.33333333333333,0.0,90.0,C-6,1,1.7818714030759952,1.7788436381475552,452.3333333333333,,76828.30828848146,66011.3777777778,0.8592064467944897,10.5,0.3620689655172414,5.726191271408024,452.3333333333333,29.0,2590.1471851002293,89.31542017586997,2590.1471851002293,89.31542017586997,2590.1471851002293,2590.1471851002293,2590.1471851002293,139.15200268610982,89.31542017586997,97.40640188027687,62.52079412310898,310.7142857142857,6,14.0,0.31349186812043134,310.7142857142857,1,6,1600000,10.5,0.25,0.016460527585929904,157355.05266029443,3137210.760280907,78438.26159519704,0.05015762876135386,4.65724524190729,0.0,106.26128831833978,0.0,21.92795498500645,0.0,23.99551410740642,10.272822010302132,805782.3001649765,1882166.4126679858,70824866.61342925,0.0,8385102124.84045,310.38233881665843,0.0,310.38233881665843,3725.025739080527,4035.408077897185,4035.408077897185,4035.408077897185,139.15200268610982,119.56029779226971,83.6922084545888,97.40640188027687,0.025289472730368905,4.962166551072947e-05,0.00013177699897987263,0.00013177699897987263,115.23871168166022,-115.23871168166022,115.5,-115.5,0.015220243382175288,-0.015220243382175288,0.015185811591715975,-0.015185811591715975,-0.015220243382175288,0.015220243382175288,-0.015185811591715975,0.015185811591715975,0.04050971611254419,0.010069229348193617,0.04047528432208488,0.01010366113865293,0.010069229348193617,0.04050971611254419,0.01010366113865293,0.04047528432208488,0.025289472730368905,0.025289472730368905,0.025289472730368905,0.025289472730368905,0.04050971611254419,0.04047528432208488,0.025289472730368905,0.025289472730368905,1.6018410721508651,1.6004795652967516,1.6018410721508651,0.0,0.0,0.0,0.0,0.0,0.0,0.0,0.0,0.0,0.0,0.0,0.0,0.0,0.0,0.0,0.21,113.08333333333333,10.5,181.97318007662832,29660.249372544313,1461.0960282041533,1461.0960282041533,842.6268103448274,4514.072198275861,25988.803984613278,911.8878591092379,911.8878591092379,911.8878591092379,1.3333333333333333,207.9693486590038,129.98084291187737,29660.249372544313,13.587330779054913,121.31545338441887,22245.187029408233,10.190498084291189,121.31545338441887,103.9846743295019,8.66538952745849,29795.152156707783,22489.3430447339,1045.44393532308,789.0997559555755,1045.44393532308,789.0997559555755,1045.44393532308,A,1.3269006684855473,1.7958183636665237,0.0
5,C-7--C-W,y,29.0,63.0,0.0,90.0,C-7,1,1.7818714030759952,1.7788436381475552,484.35416666666663,,76828.30828848146,66011.3777777778,0.8592064467944897,10.5,0.3620689655172414,5.726191271408024,1000.8124999999999,58.0,5730.843801816042,98.807651755449,5730.843801816042,98.807651755449,2865.421900908021,2865.421900908021,2865.421900908021,156.02577326311348,98.807651755449,109.21804128417944,69.16535622881429,310.7142857142857,6,14.0,0.3515063397651752,310.7142857142857,1,6,1600000,10.5,0.25,0.01754186717236784,163347.59993062014,3137210.760280907,78438.26159519704,0.052067780079905736,3.680141852405898,0.0,106.26128831833978,0.0,43.26128831833978,0.0,23.99551410740642,10.272822010302132,805782.3001649765,1882166.4126679858,287578155.6697192,0.0,8385102124.84045,638.8013313635212,0.0,638.8013313635212,3885.9460932667694,4524.747424630291,4524.747424630291,4524.747424630291,156.02577326311348,134.05835025376243,93.8408451776337,109.21804128417944,0.025289472730368905,4.962166551072947e-05,0.00013177699897987263,0.00013177699897987263,115.23871168166022,-115.23871168166022,115.5,-115.5,0.015220243382175288,-0.015220243382175288,0.015185811591715975,-0.015185811591715975,-0.015220243382175288,0.015220243382175288,-0.015185811591715975,0.015185811591715975,0.04050971611254419,0.010069229348193617,0.04047528432208488,0.01010366113865293,0.010069229348193617,0.04050971611254419,0.01010366113865293,0.04047528432208488,0.025289472730368905,0.025289472730368905,0.025289472730368905,0.025289472730368905,0.04050971611254419,0.04047528432208488,0.025289472730368905,0.025289472730368905,1.6018410721508651,1.6004795652967516,1.6018410721508651,0.0,0.0,0.0,0.0,0.0,0.0,0.0,0.0,0.0,0.0,0.0,0.0,0.0,0.0,0.0,0.21,484.35416666666663,10.5,779.4204980842911,33256.89357103264,1638.2706192626915,1638.2706192626915,3609.10661637931,19334.499730603446,17531.500456808502,615.1403669055615,615.1403669055615,615.1403669055615,1.3333333333333333,890.766283524904,556.728927203065,33256.89357103264,58.19673052362706,519.6136653895273,24942.67017827448,43.64754789272031,519.6136653895273,445.383141762452,37.11526181353767,33834.703966945795,25988.429795132717,1187.1825953314315,911.8747296537796,1187.1825953314315,911.8747296537796,1187.1825953314315,A,1.3269006684855473,1.7958183636665237,0.0
5,C-7--C-Y,y,29.0,63.0,0.0,90.0,C-7,1,1.7818714030759952,1.7788436381475552,516.4583333333333,,76828.30828848146,66011.3777777778,0.8592064467944897,10.5,0.3620689655172414,5.726191271408024,1000.8124999999999,58.0,5730.843801816042,98.807651755449,5730.843801816042,98.807651755449,2865.421900908021,2865.421900908021,2865.421900908021,156.02577326311348,98.807651755449,109.21804128417944,69.16535622881429,310.7142857142857,6,14.0,0.3515063397651752,310.7142857142857,1,6,1600000,10.5,0.25,0.01754186717236784,163347.59993062014,3137210.760280907,78438.26159519704,0.052067780079905736,3.680141852405898,0.0,106.26128831833978,0.0,43.26128831833978,0.0,23.99551410740642,10.272822010302132,805782.3001649765,1882166.4126679858,287578155.6697192,0.0,8385102124.84045,638.8013313635212,0.0,638.8013313635212,3885.9460932667694,4524.747424630291,4524.747424630291,4524.747424630291,156.02577326311348,134.05835025376243,93.8408451776337,109.21804128417944,0.025289472730368905,4.962166551072947e-05,0.00013177699897987263,0.00013177699897987263,115.23871168166022,-115.23871168166022,115.5,-115.5,0.015220243382175288,-0.015220243382175288,0.015185811591715975,-0.015185811591715975,-0.015220243382175288,0.015220243382175288,-0.015185811591715975,0.015185811591715975,0.04050971611254419,0.010069229348193617,0.04047528432208488,0.01010366113865293,0.010069229348193617,0.04050971611254419,0.01010366113865293,0.04047528432208488,0.025289472730368905,0.025289472730368905,0.025289472730368905,0.025289472730368905,0.04050971611254419,0.04047528432208488,0.025289472730368905,0.025289472730368905,1.6018410721508651,1.6004795652967516,1.6018410721508651,0.0,0.0,0.0,0.0,0.0,0.0,0.0,0.0,0.0,0.0,0.0,0.0,0.0,0.0,0.0,0.21,516.4583333333333,10.5,831.0823754789271,33256.89357103264,1638.2706192626915,1638.2706192626915,3848.326939655172,20616.037176724134,16489.183333963676,578.5678362794272,578.5678362794272,578.5678362794272,1.3333333333333333,949.8084291187736,593.6302681992336,33256.89357103264,62.05415070242655,554.0549169859514,24942.67017827448,46.540613026819926,554.0549169859514,474.9042145593868,39.57535121328224,33873.00263872102,26057.745274059922,1188.526408376176,914.3068517214008,1188.526408376176,914.3068517214008,1188.526408376176,A,1.3269006684855473,1.7958183636665237,0.0
5,C-7.3,y,11.0,55.41666666666667,0.0,90.0,C-7.3,1,1.7818714030759952,1.7788436381475552,443.875,,76828.30828848146,66011.3777777778,0.8592064467944897,10.5,0.9545454545454546,5.726191271408024,443.875,11.0,2541.7131505962366,231.06483187238516,2541.7131505962366,231.06483187238516,2541.7131505962366,2541.7131505962366,2541.7131505962366,231.06483187238516,231.06483187238516,161.7453823106696,161.7453823106696,310.7142857142857,6,14.0,0.5205598511147987,310.7142857142857,1,6,1600000,10.5,0.25,0.0352928738751275,72017.74385359697,3137210.760280907,78438.26159519704,0.022955978847639957,1.1288894321675895,0.0,106.26128831833978,0.0,50.84462165167311,0.0,23.99551410740642,10.272822010302132,805782.3001649765,1882166.4126679858,186178510.64142624,0.0,8385102124.84045,351.8794454400751,0.0,351.8794454400751,1821.2907692882332,2173.170214728308,2541.7131505962366,2541.7131505962366,231.06483187238516,198.5323931722382,138.9726752205667,161.7453823106696,0.025289472730368905,4.962166551072947e-05,0.00013177699897987263,0.00013177699897987263,115.23871168166022,-115.23871168166022,115.5,-115.5,0.015220243382175288,-0.015220243382175288,0.015185811591715975,-0.015185811591715975,-0.015220243382175288,0.015220243382175288,-0.015185811591715975,0.015185811591715975,0.04050971611254419,0.010069229348193617,0.04047528432208488,0.01010366113865293,0.010069229348193617,0.04050971611254419,0.01010366113865293,0.04047528432208488,0.025289472730368905,0.025289472730368905,0.025289472730368905,0.025289472730368905,0.04050971611254419,0.04047528432208488,0.025289472730368905,0.025289472730368905,1.6018410721508651,1.6004795652967516,1.6018410721508651,0.0,0.0,0.0,0.0,0.0,0.0,0.0,0.0,0.0,0.0,0.0,0.0,0.0,0.0,0.0,0.21,55.484375,10.5,235.38825757575756,18681.591656882338,2426.180734660044,2426.180734660044,1089.9653267045455,5839.099964488636,13932.457019098249,1326.9006684855474,1326.9006684855474,1326.9006684855474,1.3333333333333333,269.0151515151515,168.1344696969697,18681.591656882338,17.575656565656562,156.92550505050502,14011.193742661755,13.181742424242426,156.92550505050502,134.50757575757575,11.208964646464645,18856.0928184985,14327.017530540543,1795.8183636665237,1364.4778600514803,1795.8183636665237,1364.4778600514803,1795.8183636665237,A,1.3269006684855473,1.7958183636665237,0.0
5,C-7.4,y,10.833333333333334,65.66666666666667,0.0,90.0,C-7.4,1,1.7818714030759952,1.7788436381475552,435.5,,76828.30828848146,66011.3777777778,0.8592064467944897,10.5,0.9692307692307692,5.726191271408024,435.5,10.833333333333334,2493.7562986981943,230.19288911060255,2493.7562986981943,230.19288911060255,2493.7562986981943,2493.7562986981943,2493.7562986981943,230.19288911060255,230.19288911060255,161.13502237742176,161.13502237742176,310.7142857142857,6,14.0,0.518595474318139,310.7142857142857,1,6,1600000,10.5,0.25,0.035555469647275885,70137.06536398559,3137210.760280907,78438.26159519704,0.02235650414437106,1.302758928478466,0.0,106.26128831833978,0.0,40.59462165167311,0.0,23.99551410740642,10.272822010302132,805782.3001649765,1882166.4126679858,115580504.70087421,0.0,8385102124.84045,273.60589830941717,0.0,273.60589830941717,1773.7294019106148,2047.335300220032,2493.7562986981943,2493.7562986981943,230.19288911060255,197.78321433007878,138.44825003105512,161.13502237742176,0.025289472730368905,4.962166551072947e-05,0.00013177699897987263,0.00013177699897987263,115.23871168166022,-115.23871168166022,115.5,-115.5,0.015220243382175288,-0.015220243382175288,0.015185811591715975,-0.015185811591715975,-0.015220243382175288,0.015220243382175288,-0.015185811591715975,0.015185811591715975,0.04050971611254419,0.010069229348193617,0.04047528432208488,0.01010366113865293,0.010069229348193617,0.04050971611254419,0.01010366113865293,0.04047528432208488,0.025289472730368905,0.025289472730368905,0.025289472730368905,0.025289472730368905,0.04050971611254419,0.04047528432208488,0.025289472730368905,0.025289472730368905,1.6018410721508651,1.6004795652967516,1.6018410721508651,0.0,0.0,0.0,0.0,0.0,0.0,0.0,0.0,0.0,0.0,0.0,0.0,0.0,0.0,0.0,0.21,435.5,10.5,1876.0,18329.108795431726,2417.0253356613266,2417.0253356613266,8686.818,46536.525,-19520.598204568276,-1889.090148829188,-1889.090148829188,-1889.090148829188,1.3333333333333333,2144.0,1340.0,18329.108795431726,140.07466666666664,1250.6666666666665,13746.831596573797,105.05600000000001,1250.6666666666665,1072.0,89.33333333333333,19719.85012876506,16263.887596573797,1908.372593106296,1573.9246061200447,1908.372593106296,1573.9246061200447,1908.372593106296,B,1.75469267904146,3.382860304038001,0.0
5,C-7.9,y,7.583333333333333,49.0,0.0,90.0,C-7.9,1,1.7818714030759952,1.7788436381475552,304.2916666666667,,76828.30828848146,66011.3777777778,0.8592064467944897,10.5,1.3846153846153846,5.726191271408024,304.2916666666667,7.583333333333333,1742.4322856288668,229.77129041259784,1742.4322856288668,229.77129041259784,1742.4322856288668,1742.4322856288668,1742.4322856288668,229.77129041259784,229.77129041259784,160.83990328881848,160.83990328881848,310.7142857142857,6,14.0,0.5176456657571169,310.7142857142857,1,6,1600000,10.5,0.25,0.04459874327540214,39069.089343373555,3137210.760280907,78438.26159519704,0.012453447450204236,0.5415029973431381,0.0,106.26128831833978,0.0,57.26128831833978,0.0,23.99551410740642,10.272822010302132,805782.3001649765,1882166.4126679858,128101884.40379642,0.0,8385102124.84045,214.9828274572755,0.0,214.9828274572755,988.0366695495918,1203.0194970068674,1742.4322856288668,1742.4322856288668,229.77129041259784,197.42097401079297,138.19468180755507,160.83990328881848,0.025289472730368905,4.962166551072947e-05,0.00013177699897987263,0.00013177699897987263,115.23871168166022,-115.23871168166022,115.5,-115.5,0.015220243382175288,-0.015220243382175288,0.015185811591715975,-0.015185811591715975,-0.015220243382175288,0.015220243382175288,-0.015185811591715975,0.015185811591715975,0.04050971611254419,0.010069229348193617,0.04047528432208488,0.01010366113865293,0.010069229348193617,0.04050971611254419,0.01010366113865293,0.04047528432208488,0.025289472730368905,0.025289472730368905,0.025289472730368905,0.025289472730368905,0.04050971611254419,0.04047528432208488,0.025289472730368905,0.025289472730368905,1.6018410721508651,1.6004795652967516,1.6018410721508651,0.0,0.0,0.0,0.0,0.0,0.0,0.0,0.0,0.0,0.0,0.0,0.0,0.0,0.0,0.0,0.21,304.2916666666667,7.583333333333333,1872.5641025641028,12806.87729937217,2412.598549332277,2412.598549332277,4522.788472222222,24229.223958333332,-6899.558186738941,-974.0552734219682,-974.0552734219682,-974.0552734219682,1.3333333333333333,2140.07326007326,1337.5457875457876,12806.87729937217,139.81811965811966,1248.3760683760684,9605.15797452913,104.86358974358978,1248.3760683760684,1070.03663003663,89.16971916971917,14195.071487406358,12117.603981855136,2004.0100923397213,1710.7205621442547,2004.0100923397213,1710.7205621442547,2004.0100923397213,B,1.75469267904146,3.382860304038001,0.0
5,C-8--C-W.6,y,17.5,36.5,0.0,90.0,C-8,1,1.7818714030759952,1.7788436381475552,1305.1041666666667,,76828.30828848146,66011.3777777778,0.8592064467944897,10.5,0.6,5.726191271408024,1305.1041666666667,17.5,7473.27608744491,427.0443478539949,7473.27608744491,427.0443478539949,7473.27608744491,7473.27608744491,7473.27608744491,427.0443478539949,427.0443478539949,298.9310434977964,298.9310434977964,310.7142857142857,6,14.0,0.9620769216021033,310.7142857142857,1,6,1600000,10.5,0.25,0.04031126315399142,185389.28087905736,3137210.760280907,78438.26159519704,0.05909366473754461,1.9140310586601066,0.0,106.26128831833978,0.0,69.76128831833978,0.0,23.99551410740642,10.272822010302132,805782.3001649765,1882166.4126679858,902222398.2142066,0.0,8385102124.84045,1242.82070319785,0.0,1242.82070319785,4688.397163293623,5931.217866491473,7473.27608744491,7473.27608744491,427.0443478539949,366.919256743301,256.84347972031065,298.9310434977964,0.025289472730368905,4.962166551072947e-05,0.00013177699897987263,0.00013177699897987263,115.23871168166022,-115.23871168166022,115.5,-115.5,0.015220243382175288,-0.015220243382175288,0.015185811591715975,-0.015185811591715975,-0.015220243382175288,0.015220243382175288,-0.015185811591715975,0.015185811591715975,0.04050971611254419,0.010069229348193617,0.04047528432208488,0.01010366113865293,0.010069229348193617,0.04050971611254419,0.01010366113865293,0.04047528432208488,0.025289472730368905,0.025289472730368905,0.025289472730368905,0.025289472730368905,0.04050971611254419,0.04047528432208488,0.025289472730368905,0.025289472730368905,1.6018410721508651,1.6004795652967516,1.6018410721508651,0.0,0.0,0.0,0.0,0.0,0.0,0.0,0.0,0.0,0.0,0.0,0.0,0.0,0.0,0.0,0.21,1305.1041666666667,10.5,3480.277777777778,54928.579242720094,4483.965652466946,4483.965652466946,16115.426249999997,86332.640625,-15288.635132279916,-899.3314783694068,-899.3314783694068,-899.3314783694068,1.3333333333333333,3977.460317460318,2485.9126984126983,54928.579242720094,259.8607407407407,2320.185185185185,41196.43443204007,194.8955555555556,2320.185185185185,1988.730158730159,165.7275132275132,57508.62516864602,45865.972844738484,3382.860304038001,2697.9984026316756,3382.860304038001,2697.9984026316756,3382.860304038001,B,1.75469267904146,3.382860304038001,0.0
5,C-8.1,y,14.25,34.916666666666664,0.0,90.0,C-8.1,1,1.7818714030759952,1.7788436381475552,203.79166666666666,,76828.30828848146,66011.3777777778,0.8592064467944897,10.5,0.7368421052631579,5.726191271408024,203.79166666666666,14.25,1166.9500628523601,81.89123248086737,1166.9500628523601,81.89123248086737,1166.9500628523601,1166.9500628523601,1166.9500628523601,119.49554753201942,81.89123248086737,83.64688327241359,57.323862736607154,310.7142857142857,6,14.0,0.26920835995719317,310.7142857142857,1,6,1600000,10.5,0.25,0.023204564823540837,50289.67669622052,3137210.760280907,78438.26159519704,0.016030059992436584,0.5558951903778666,0.0,106.26128831833978,0.0,71.34462165167312,0.0,23.99551410740642,10.272822010302132,805782.3001649765,1882166.4126679858,269630671.0801074,0.0,8385102124.84045,363.1762336924384,0.0,363.1762336924384,1339.6353186388383,1702.8115523312767,1702.8115523312767,1702.8115523312767,119.49554753201942,102.67134480274845,71.8699413619239,83.64688327241359,0.025289472730368905,4.962166551072947e-05,0.00013177699897987263,0.00013177699897987263,115.23871168166022,-115.23871168166022,115.5,-115.5,0.015220243382175288,-0.015220243382175288,0.015185811591715975,-0.015185811591715975,-0.015220243382175288,0.015220243382175288,-0.015185811591715975,0.015185811591715975,0.04050971611254419,0.010069229348193617,0.04047528432208488,0.01010366113865293,0.010069229348193617,0.04050971611254419,0.01010366113865293,0.04047528432208488,0.025289472730368905,0.025289472730368905,0.025289472730368905,0.025289472730368905,0.04050971611254419,0.04047528432208488,0.025289472730368905,0.025289472730368905,1.6018410721508651,1.6004795652967516,1.6018410721508651,0.0,0.0,0.0,0.0,0.0,0.0,0.0,0.0,0.0,0.0,0.0,0.0,0.0,0.0,0.0,0.21,50.947916666666664,10.5,166.84697855750485,12515.664909634883,1254.7032490862039,1254.7032490862039,772.5849342105262,4138.847861842105,9149.401982003305,665.411053236604,665.411053236604,665.411053236604,1.3333333333333333,190.682261208577,119.17641325536061,12515.664909634883,12.457907732293693,111.23131903833657,9386.748682226164,9.343430799220274,111.23131903833657,95.3411306042885,7.945094217024041,12639.354136405515,9610.609656885035,919.2257553749465,698.953429591639,919.2257553749465,698.953429591639,919.2257553749465,B,1.75469267904146,3.382860304038001,0.0
5,C-8.3,y,19.0,26.083333333333332,0.0,90.0,C-8.3,1,1.7818714030759952,1.7788436381475552,1045.25,,76828.30828848146,66011.3777777778,0.8592064467944897,10.5,0.5526315789473685,5.726191271408024,1045.25,19.0,5985.301426439237,315.0158645494335,5985.301426439237,315.0158645494335,5985.301426439237,5985.301426439237,5985.301426439237,325.1773574426945,315.0158645494335,227.62415020988612,220.51110518460345,310.7142857142857,6,14.0,0.7325834719398634,310.7142857142857,1,6,1600000,10.5,0.25,0.032622944569511765,183469.073850338,3137210.760280907,78438.26159519704,0.058481590135152445,1.381558350890717,0.0,106.26128831833978,0.0,80.17795498500645,0.0,23.99551410740642,10.272822010302132,805782.3001649765,1882166.4126679858,1203772989.4757204,0.0,8385102124.84045,1442.776255790148,0.0,1442.776255790148,4735.593535621047,6178.3697914111945,6178.3697914111945,6178.3697914111945,325.1773574426945,279.39448186635923,195.57613730645144,227.62415020988612,0.025289472730368905,4.962166551072947e-05,0.00013177699897987263,0.00013177699897987263,115.23871168166022,-115.23871168166022,115.5,-115.5,0.015220243382175288,-0.015220243382175288,0.015185811591715975,-0.015185811591715975,-0.015220243382175288,0.015220243382175288,-0.015185811591715975,0.015185811591715975,0.04050971611254419,0.010069229348193617,0.04047528432208488,0.01010366113865293,0.010069229348193617,0.04050971611254419,0.01010366113865293,0.04047528432208488,0.025289472730368905,0.025289472730368905,0.025289472730368905,0.025289472730368905,0.04050971611254419,0.04047528432208488,0.025289472730368905,0.025289472730368905,1.6018410721508651,1.6004795652967516,1.6018410721508651,0.0,0.0,0.0,0.0,0.0,0.0,0.0,0.0,0.0,0.0,0.0,0.0,0.0,0.0,0.0,0.21,261.3125,10.5,641.8201754385964,45411.01796687227,3414.362253148292,3414.362253148292,2971.948322368421,15921.151726973683,32461.81456226701,1754.69267904146,1754.69267904146,1754.69267904146,1.3333333333333333,733.5087719298245,458.4429824561403,45411.01796687227,47.92257309941519,427.88011695906425,34058.263475154214,35.9419298245614,427.88011695906425,366.7543859649123,30.56286549707602,45886.82065693075,34919.40277339984,2480.368684158419,1887.53528504864,2480.368684158419,1887.53528504864,2480.368684158419,B,1.75469267904146,3.382860304038001,0.0
5,C-A.5--C-2,x,14.75,0.0,97.33333333333333,-23.0,C-A.5,1,1.0,1.616233012147755,935.3263888888888,,79726.5941413316,66011.3777777778,0.8592064467944897,10.5,0.711864406779661,5.942207210354893,935.3263888888888,14.75,5557.90321209076,376.806997429882,5557.90321209076,376.806997429882,5557.90321209076,5557.90321209076,5557.90321209076,407.1661772175598,376.806997429882,285.01632405229185,263.7648982009174,310.7142857142857,6,14.0,0.9172939164901347,310.7142857142857,1,6,1600000,10.5,0.25,0.04154647565344878,133775.56398407518,2003826.5809639434,78452.45956347286,0.06676005062260541,0.0,6.648994349300921,0.0,54.784244767055746,0.0,42.54908856627758,11.075000000000001,9.333745645153286,732255.3028021291,868860.989665462,0.0,244215641.857538,8385102124.84045,0.0,594.7372732948562,594.7372732948562,5410.963840664151,6005.701113959007,6005.701113959007,6005.701113959007,407.1661772175598,349.839804381995,244.8878630673965,285.01632405229185,0.04011267992612958,4.963064743891588e-05,9.517912041315904e-05,9.517912041315904e-05,221.5,-221.5,60.715755232944254,-60.715755232944254,0.005778872178292292,-0.005778872178292292,0.021082175171514728,-0.021082175171514728,-0.005778872178292292,0.005778872178292292,-0.021082175171514728,0.021082175171514728,0.045891552104421876,0.034333807747837286,0.06119485509764431,0.019030504754614853,0.034333807747837286,0.045891552104421876,0.019030504754614853,0.06119485509764431,0.04011267992612958,0.04011267992612958,0.04011267992612958,0.04011267992612958,0.045891552104421876,0.06119485509764431,0.04011267992612958,0.04011267992612958,1.1440659708833842,1.525573838754705,1.525573838754705,0.0,0.0,0.0,0.0,0.0,0.0,0.0,0.0,0.0,0.0,0.0,0.0,0.0,0.0,0.0,0.21,467.6631944444444,10.5,1479.612366603892,44141.9031875987,4275.244860784377,4275.244860784377,6851.345063559322,36703.6342690678,14289.613982090217,1002.7799285677345,1002.7799285677345,1002.7799285677345,1.3333333333333333,1690.9855618330193,1056.865976145637,44141.9031875987,110.47772337309058,986.4082444025946,33106.42739069903,82.85829252981797,986.4082444025946,845.4927809165097,70.45773174304247,45238.78915537438,35091.64444029099,3174.651870552588,2462.571539669543,3174.651870552588,2462.571539669543,3174.651870552588,B,1.75469267904146,3.382860304038001,0.0
5,C-B--C-2,x,23.25,0.0,82.33333333333333,-23.0,C-B,1,1.0,1.616233012147755,597.0,,79726.5941413316,66011.3777777778,0.8592064467944897,10.5,0.45161290322580644,5.942207210354893,2198.298333333333,51.833333333333336,13062.744206844478,252.0143576883179,13062.744206844478,252.0143576883179,5859.333816253391,5859.333816253391,5859.333816253391,307.41934481350376,252.0143576883179,215.19354136945262,176.41005038182251,310.7142857142857,6,14.0,0.6925769147522612,310.7142857142857,1,6,1600000,10.5,0.25,0.029229712326214755,200458.1417312968,2003826.5809639434,78452.45956347286,0.10003766974428803,0.0,9.140917567271186,0.0,54.784244767055746,0.0,27.549088566277582,11.075000000000001,9.333745645153286,732255.3028021291,868860.989665462,0.0,126249741.8975105,8385102124.84045,0.0,474.85958203220923,474.85958203220923,6672.640184881753,7147.499766913962,7147.499766913962,7147.499766913962,307.41934481350376,264.1366829331006,184.8956780531704,215.19354136945262,0.04011267992612958,4.963064743891588e-05,9.517912041315904e-05,9.517912041315904e-05,221.5,-221.5,60.715755232944254,-60.715755232944254,0.005778872178292292,-0.005778872178292292,0.021082175171514728,-0.021082175171514728,-0.005778872178292292,0.005778872178292292,-0.021082175171514728,0.021082175171514728,0.045891552104421876,0.034333807747837286,0.06119485509764431,0.019030504754614853,0.034333807747837286,0.045891552104421876,0.019030504754614853,0.06119485509764431,0.04011267992612958,0.04011267992612958,0.04011267992612958,0.04011267992612958,0.045891552104421876,0.06119485509764431,0.04011267992612958,0.04011267992612958,1.1440659708833842,1.525573838754705,1.525573838754705,0.0,0.0,0.0,0.0,0.0,0.0,0.0,0.0,0.0,0.0,0.0,0.0,0.0,0.0,0.0,0.21,298.5,10.5,599.1397849462365,52534.123286817616,3227.903120541789,3227.903120541789,2774.316774193548,14862.411290322578,40446.02877068859,1777.847418491806,1777.847418491806,1777.847418491806,1.3333333333333333,684.7311827956988,427.95698924731175,52534.123286817616,44.73577060931899,399.42652329749103,39400.592465113215,33.55182795698925,399.42652329749103,342.3655913978494,28.530465949820783,52978.28558072443,40204.46687371537,2328.715849702173,1767.2293131303459,2328.715849702173,1767.2293131303459,2328.715849702173,E,4.087814672882898,4.087814672882898,0.0
5,C-B--C-4,x,9.916666666666666,0.0,63.333333333333336,-23.0,C-B,1,1.0,1.616233012147755,949.1666666666666,,79726.5941413316,66011.3777777778,0.8592064467944897,10.5,1.0588235294117647,5.942207210354893,2198.298333333333,51.833333333333336,13062.744206844478,252.0143576883179,13062.744206844478,252.0143576883179,2499.1423804091523,2499.1423804091523,2499.1423804091523,265.0840698667069,252.0143576883179,185.5588489066948,176.41005038182251,310.7142857142857,6,14.0,0.5972008930330407,310.7142857142857,1,6,1600000,10.5,0.25,0.03985454086678701,62706.59066836285,2003826.5809639434,78452.45956347286,0.03129342192785853,0.0,1.9742056790846063,0.0,54.784244767055746,0.0,8.54908856627759,11.075000000000001,9.333745645153286,732255.3028021291,868860.989665462,0.0,4686198.267503262,8385102124.84045,0.0,56.7992740538883,56.7992740538883,2571.9510854576215,2628.75035951151,2628.75035951151,2628.75035951151,265.0840698667069,227.76194177199548,159.43335924039684,185.5588489066948,0.04011267992612958,4.963064743891588e-05,9.517912041315904e-05,9.517912041315904e-05,221.5,-221.5,60.715755232944254,-60.715755232944254,0.005778872178292292,-0.005778872178292292,0.021082175171514728,-0.021082175171514728,-0.005778872178292292,0.005778872178292292,-0.021082175171514728,0.021082175171514728,0.045891552104421876,0.034333807747837286,0.06119485509764431,0.019030504754614853,0.034333807747837286,0.045891552104421876,0.019030504754614853,0.06119485509764431,0.04011267992612958,0.04011267992612958,0.04011267992612958,0.04011267992612958,0.045891552104421876,0.06119485509764431,0.04011267992612958,0.04011267992612958,1.1440659708833842,1.525573838754705,1.525573838754705,0.0,0.0,0.0,0.0,0.0,0.0,0.0,0.0,0.0,0.0,0.0,0.0,0.0,0.0,0.0,0.21,0.0,9.916666666666666,0.0,19321.315142409596,2783.3827336004224,2783.3827336004224,0.0,0.0,19321.315142409596,2051.8210770700457,2051.8210770700457,2051.8210770700457,1.3333333333333333,0.0,0.0,19321.315142409596,0.0,0.0,14490.9863568072,0.0,0.0,0.0,0.0,19321.315142409596,14490.9863568072,2051.8210770700457,1538.8658078025346,2051.8210770700457,1538.8658078025346,2051.8210770700457,E,4.087814672882898,4.087814672882898,0.0
5,C-B--C-4.9,x,18.666666666666668,0.0,55.666666666666664,-23.0,C-B,1,1.0,1.616233012147755,652.1316666666667,,79726.5941413316,66011.3777777778,0.8592064467944897,10.5,0.5625,5.942207210354893,2198.298333333333,51.833333333333336,13062.744206844478,252.0143576883179,13062.744206844478,252.0143576883179,4704.268010181934,4704.268010181934,4704.268010181934,298.032060168337,252.0143576883179,208.6224421178359,176.41005038182251,310.7142857142857,6,14.0,0.6714285493447593,310.7142857142857,1,6,1600000,10.5,0.25,0.03107919203359158,151363.9094960185,2003826.5809639434,78452.45956347286,0.07553742970272641,0.0,4.532283291410178,0.0,54.784244767055746,0.0,0.8824218996109181,11.075000000000001,9.333745645153286,732255.3028021291,868860.989665462,0.0,107748.63914555675,8385102124.84045,0.0,12.65253240473213,12.65253240473213,5550.612590737559,5563.2651231422915,5563.2651231422915,5563.2651231422915,298.032060168337,256.0710674480784,179.24974721365487,208.6224421178359,0.04011267992612958,4.963064743891588e-05,9.517912041315904e-05,9.517912041315904e-05,221.5,-221.5,60.715755232944254,-60.715755232944254,0.005778872178292292,-0.005778872178292292,0.021082175171514728,-0.021082175171514728,-0.005778872178292292,0.005778872178292292,-0.021082175171514728,0.021082175171514728,0.045891552104421876,0.034333807747837286,0.06119485509764431,0.019030504754614853,0.034333807747837286,0.045891552104421876,0.019030504754614853,0.06119485509764431,0.04011267992612958,0.04011267992612958,0.04011267992612958,0.04011267992612958,0.045891552104421876,0.06119485509764431,0.04011267992612958,0.04011267992612958,1.1440659708833842,1.525573838754705,1.525573838754705,0.0,0.0,0.0,0.0,0.0,0.0,0.0,0.0,0.0,0.0,0.0,0.0,0.0,0.0,0.0,0.21,0.0,10.5,0.0,40889.998655095835,3129.3366317675386,3129.3366317675386,0.0,0.0,40889.998655095835,2250.8256140419726,2250.8256140419726,2250.8256140419726,1.3333333333333333,0.0,0.0,40889.998655095835,0.0,0.0,30667.498991321885,0.0,0.0,0.0,0.0,40889.998655095835,30667.498991321885,2250.8256140419726,1688.11921053148,2250.8256140419726,1688.11921053148,2250.8256140419726,E,4.087814672882898,4.087814672882898,0.0
5,C-C--C-2.5,x,28.0,0.0,69.91666666666667,-23.0,C-C,1,1.0,1.616233012147755,2590.6666666666665,,79726.5941413316,66011.3777777778,0.8592064467944897,10.5,0.375,5.942207210354893,4384.958333333333,59.416666666666664,26056.331025439107,438.53572553333703,26056.331025439107,438.53572553333703,12279.000314933437,12279.000314933437,12279.000314933437,546.2337390878507,438.53572553333703,382.36361736149547,306.9750078733359,460.7142857142857,4,17.0,0.8299365338078971,310.7142857142857,1,6,1600000,10.5,0.25,0.036823636593006845,333454.3095416419,2003826.5809639434,78452.45956347286,0.1664087664618329,0.0,11.612859512764881,0.0,54.784244767055746,0.0,15.132421899610925,11.075000000000001,9.333745645153286,732255.3028021291,868860.989665462,0.0,84026926.35091692,8385102124.84045,0.0,575.3763126660897,575.3763126660897,14719.16838179373,15294.544694459819,15294.544694459819,15294.544694459819,546.2337390878507,469.32755008094057,328.52928505665835,382.36361736149547,0.04011267992612958,4.963064743891588e-05,9.517912041315904e-05,9.517912041315904e-05,221.5,-221.5,60.715755232944254,-60.715755232944254,0.005778872178292292,-0.005778872178292292,0.021082175171514728,-0.021082175171514728,-0.005778872178292292,0.005778872178292292,-0.021082175171514728,0.021082175171514728,0.045891552104421876,0.034333807747837286,0.06119485509764431,0.019030504754614853,0.034333807747837286,0.045891552104421876,0.019030504754614853,0.06119485509764431,0.04011267992612958,0.04011267992612958,0.04011267992612958,0.04011267992612958,0.045891552104421876,0.06119485509764431,0.04011267992612958,0.04011267992612958,1.1440659708833842,1.525573838754705,1.525573838754705,0.0,0.0,0.0,0.0,0.0,0.0,0.0,0.0,0.0,0.0,0.0,0.0,0.0,0.0,0.0,0.21,0.0,10.5,0.0,112414.90350427967,5735.4542604224325,5735.4542604224325,0.0,0.0,112414.90350427967,4087.8146728828974,4087.8146728828974,4087.8146728828974,1.3333333333333333,0.0,0.0,112414.90350427967,0.0,0.0,84311.17762820976,0.0,0.0,0.0,0.0,112414.90350427967,84311.17762820976,4087.8146728828974,3065.861004662173,4087.8146728828974,3065.861004662173,4087.8146728828974,E,4.087814672882898,4.087814672882898,0.0
5,C-C--C-3.6,x,19.333333333333332,0.0,56.25,-23.0,C-C,1,1.0,1.616233012147755,1058.0416666666665,,79726.5941413316,66011.3777777778,0.8592064467944897,10.5,0.5431034482758621,5.942207210354893,4384.958333333333,59.416666666666664,26056.331025439107,438.53572553333703,26056.331025439107,438.53572553333703,8478.357360311182,8478.357360311182,8478.357360311182,444.043490654418,438.53572553333703,310.8304434580926,306.9750078733359,460.7142857142857,4,17.0,0.6746707299865575,310.7142857142857,1,6,1600000,10.5,0.25,0.03522491662389504,240692.04906392412,2003826.5809639434,78452.45956347286,0.12011620733573605,0.0,5.830567537717172,0.0,54.784244767055746,0.0,1.4657552329442538,11.075000000000001,9.333745645153286,732255.3028021291,868860.989665462,0.0,458070.3547534547,8385102124.84045,0.0,32.38267155793395,32.38267155793395,8552.458147760814,8584.840819318748,8584.840819318748,8584.840819318748,444.043490654418,381.5250298274047,267.0675208791833,310.8304434580926,0.04011267992612958,4.963064743891588e-05,9.517912041315904e-05,9.517912041315904e-05,221.5,-221.5,60.715755232944254,-60.715755232944254,0.005778872178292292,-0.005778872178292292,0.021082175171514728,-0.021082175171514728,-0.005778872178292292,0.005778872178292292,-0.021082175171514728,0.021082175171514728,0.045891552104421876,0.034333807747837286,0.06119485509764431,0.019030504754614853,0.034333807747837286,0.045891552104421876,0.019030504754614853,0.06119485509764431,0.04011267992612958,0.04011267992612958,0.04011267992612958,0.04011267992612958,0.045891552104421876,0.06119485509764431,0.04011267992612958,0.04011267992612958,1.1440659708833842,1.525573838754705,1.525573838754705,0.0,0.0,0.0,0.0,0.0,0.0,0.0,0.0,0.0,0.0,0.0,0.0,0.0,0.0,0.0,0.21,0.0,10.5,0.0,63098.58002199279,4662.456651871389,4662.456651871389,0.0,0.0,63098.58002199279,3350.3670808137767,3350.3670808137767,3350.3670808137767,1.3333333333333333,0.0,0.0,63098.58002199279,0.0,0.0,47323.93501649459,0.0,0.0,0.0,0.0,63098.58002199279,47323.93501649459,3350.3670808137767,2512.775310610333,3350.3670808137767,2512.775310610333,3350.3670808137767,E,4.087814672882898,4.087814672882898,0.0
5,C-C--C-5.2,x,12.083333333333334,0.0,47.416666666666664,-23.0,C-C,1,1.042376952651082,2.303882263335645,736.25,,79726.5941413316,66011.3777777778,0.8592064467944897,10.5,0.8689655172413793,5.942207210354893,4384.958333333333,59.416666666666664,26056.331025439107,438.53572553333703,26056.331025439107,438.53572553333703,5298.973350194489,5298.973350194489,5298.973350194489,438.53572553333703,438.53572553333703,306.9750078733359,306.9750078733359,310.7142857142857,6,14.0,0.9879655425808512,310.7142857142857,1,6,1600000,10.5,0.25,0.04717912297480081,112316.06303967886,2003826.5809639434,78452.45956347286,0.05605079007667873,0.0,2.589118431299842,0.0,54.784244767055746,0.0,7.367578100389082,11.544324750610734,24.839164837819098,1948693.5750294398,905680.6706848876,0.0,6096651.47461978,8385102124.84045,0.0,89.37856195531896,89.37856195531896,4505.298287273631,4594.67684922895,5298.973350194489,5298.973350194489,438.53572553333703,376.79272252794203,263.7549057695594,306.9750078733359,0.04011267992612958,0.00014875654103335814,9.517912041315904e-05,0.00014875654103335814,221.5,-221.5,60.715755232944254,-60.715755232944254,0.0090318657346808,-0.0090318657346808,0.03294957383888883,-0.03294957383888883,-0.0090318657346808,0.0090318657346808,-0.03294957383888883,0.03294957383888883,0.04914454566081038,0.03108081419144878,0.0730622537650184,0.007163106087240752,0.03108081419144878,0.04914454566081038,0.007163106087240752,0.0730622537650184,0.04011267992612958,0.040112679926129574,0.04011267992612958,0.040112679926129574,0.04914454566081038,0.0730622537650184,0.04011267992612958,0.040112679926129574,1.225162361410747,1.8214253921594836,1.8214253921594836,0.0,0.0,0.0,0.0,0.0,0.0,0.0,0.0,0.0,0.0,0.0,0.0,0.0,0.0,0.0,0.21,0.0,10.5,0.0,38947.45412392949,4604.625118100039,4604.625118100039,0.0,0.0,38947.45412392949,3362.3701401953517,3362.3701401953517,3362.3701401953517,1.3333333333333333,0.0,0.0,38947.45412392949,0.0,0.0,29210.590592947126,0.0,0.0,0.0,0.0,38947.45412392949,29210.590592947126,3362.3701401953517,2521.7776051465144,3362.3701401953517,2521.7776051465144,3362.3701401953517,E,4.087814672882898,4.087814672882898,0.0
5,C-X--C-6.5,x,13.0,0.0,36.25,0.0,C-X,1,1.042376952651082,2.303882263335645,1083.5,,76828.30828848146,66011.3777777778,0.8592064467944897,10.5,0.8076923076923077,5.726191271408024,1801.0033333333333,24.0,10312.889567110089,429.70373196292036,10312.889567110089,429.70373196292036,5586.148515517964,5586.148515517964,5586.148515517964,429.70373196292036,429.70373196292036,300.7926123740442,300.7926123740442,310.7142857142857,6,14.0,0.9680681777555445,310.7142857142857,1,6,1600000,10.5,0.25,0.04520183056976303,123582.35153544247,2003826.5809639434,78452.45956347286,0.061673177065049725,0.0,2.177927856529029,0.0,54.784244767055746,0.0,18.534244767055746,11.544324750610734,24.839164837819098,1948693.5750294398,905680.6706848876,0.0,42452790.54563161,8385102124.84045,0.0,247.3990863653657,247.3990863653657,4957.219311659633,5204.618398024998,5586.148515517964,5586.148515517964,429.70373196292036,369.20421671419257,258.4429516999348,300.7926123740442,0.04011267992612958,0.00014875654103335814,9.517912041315904e-05,0.00014875654103335814,221.5,-221.5,60.715755232944254,-60.715755232944254,0.0090318657346808,-0.0090318657346808,0.03294957383888883,-0.03294957383888883,-0.0090318657346808,0.0090318657346808,-0.03294957383888883,0.03294957383888883,0.04914454566081038,0.03108081419144878,0.0730622537650184,0.007163106087240752,0.03108081419144878,0.04914454566081038,0.007163106087240752,0.0730622537650184,0.04011267992612958,0.040112679926129574,0.04011267992612958,0.040112679926129574,0.04914454566081038,0.0730622537650184,0.04011267992612958,0.040112679926129574,1.225162361410747,1.8214253921594836,1.8214253921594836,0.0,0.0,0.0,0.0,0.0,0.0,0.0,0.0,0.0,0.0,0.0,0.0,0.0,0.0,0.0,0.21,0.0,10.5,0.0,41058.19158905704,4511.889185610663,4511.889185610663,0.0,0.0,41058.19158905704,3284.655327124563,3284.655327124563,3284.655327124563,1.3333333333333333,0.0,0.0,41058.19158905704,0.0,0.0,30793.64369179278,0.0,0.0,0.0,0.0,41058.19158905704,30793.64369179278,3284.655327124563,2463.4914953434222,3284.655327124563,2463.4914953434222,3284.655327124563,E,4.087814672882898,4.087814672882898,0.0
5,C-X--C-8.5,x,11.0,0.0,36.25,0.0,C-X,1,1.042376952651082,2.303882263335645,717.5033333333333,,76828.30828848146,66011.3777777778,0.8592064467944897,10.5,0.9545454545454546,5.726191271408024,1801.0033333333333,24.0,10312.889567110089,429.70373196292036,10312.889567110089,429.70373196292036,4726.741051592124,4726.741051592124,4726.741051592124,429.70373196292036,429.70373196292036,300.7926123740442,300.7926123740442,310.7142857142857,6,14.0,0.9680681777555445,310.7142857142857,1,6,1600000,10.5,0.25,0.04853734826468677,97383.58646656956,2003826.5809639434,78452.45956347286,0.048598809593454466,0.0,1.7162193719336871,0.0,54.784244767055746,0.0,18.534244767055746,11.544324750610734,24.839164837819098,1948693.5750294398,905680.6706848876,0.0,33453037.16495493,8385102124.84045,0.0,194.951868284383,194.951868284383,3906.316633992069,4101.268502276452,4726.741051592124,4726.741051592124,429.70373196292036,369.20421671419257,258.4429516999348,300.7926123740442,0.04011267992612958,0.00014875654103335814,9.517912041315904e-05,0.00014875654103335814,221.5,-221.5,60.715755232944254,-60.715755232944254,0.0090318657346808,-0.0090318657346808,0.03294957383888883,-0.03294957383888883,-0.0090318657346808,0.0090318657346808,-0.03294957383888883,0.03294957383888883,0.04914454566081038,0.03108081419144878,0.0730622537650184,0.007163106087240752,0.03108081419144878,0.04914454566081038,0.007163106087240752,0.0730622537650184,0.04011267992612958,0.040112679926129574,0.04011267992612958,0.040112679926129574,0.04914454566081038,0.0730622537650184,0.04011267992612958,0.040112679926129574,1.225162361410747,1.8214253921594836,1.8214253921594836,0.0,0.0,0.0,0.0,0.0,0.0,0.0,0.0,0.0,0.0,0.0,0.0,0.0,0.0,0.0,0.21,179.37583333333333,10.5,760.9883838383837,34741.546729202106,4511.889185610664,4511.889185610664,3523.756711363636,18877.26809659091,19388.03534397483,1846.4795565690313,1846.4795565690313,1846.4795565690313,1.3333333333333333,869.7010101010101,543.5631313131312,34741.546729202106,56.82046599326598,507.3255892255891,26056.160046901583,42.6153494949495,507.3255892255891,434.85050505050503,36.23754208754208,35305.692784420964,27077.18903276017,3362.446931849616,2578.7799078819207,3362.446931849616,2578.7799078819207,3362.446931849616,C,3.8269257891914217,3.8269257891914217,0.0
5,C-W.6--C-7.3,x,19.083333333333332,0.0,47.08333333333333,0.0,C-W.6,1,1.042376952651082,2.303882263335645,956.8333333333334,,76828.30828848146,66011.3777777778,0.8592064467944897,10.5,0.5502183406113538,5.726191271408024,956.8333333333334,19.083333333333332,5479.010681525578,287.1097300362748,5479.010681525578,287.1097300362748,5479.010681525578,5479.010681525578,5479.010681525578,330.8492114431234,287.1097300362748,231.59444801018637,200.97681102539235,310.7142857142857,6,14.0,0.7453614418718641,310.7142857142857,1,6,1600000,10.5,0.25,0.032937379766758625,166346.28256177064,2003826.5809639434,78452.45956347286,0.08301431079018302,0.0,4.166825982002097,0.0,54.784244767055746,0.0,7.700911433722418,11.544324750610734,24.839164837819098,1948693.5750294398,905680.6706848876,0.0,9144783.802868944,8385102124.84045,0.0,128.2620144140219,128.2620144140219,6185.443770625583,6313.705785039605,6313.705785039605,6313.705785039605,330.8492114431234,284.26777538880486,198.9874427721634,231.59444801018637,0.04011267992612958,0.00014875654103335814,9.517912041315904e-05,0.00014875654103335814,221.5,-221.5,60.715755232944254,-60.715755232944254,0.0090318657346808,-0.0090318657346808,0.03294957383888883,-0.03294957383888883,-0.0090318657346808,0.0090318657346808,-0.03294957383888883,0.03294957383888883,0.04914454566081038,0.03108081419144878,0.0730622537650184,0.007163106087240752,0.03108081419144878,0.04914454566081038,0.007163106087240752,0.0730622537650184,0.04011267992612958,0.040112679926129574,0.04011267992612958,0.040112679926129574,0.04914454566081038,0.0730622537650184,0.04011267992612958,0.040112679926129574,1.225162361410747,1.8214253921594836,1.8214253921594836,0.0,0.0,0.0,0.0,0.0,0.0,0.0,0.0,0.0,0.0,0.0,0.0,0.0,0.0,0.0,0.21,0.0,10.5,0.0,46405.73752004109,3473.9167201527957,3473.9167201527957,0.0,0.0,46405.73752004109,2497.1697320201483,2497.1697320201483,2497.1697320201483,1.3333333333333333,0.0,0.0,46405.73752004109,0.0,0.0,34804.303140030825,0.0,0.0,0.0,0.0,46405.73752004109,34804.303140030825,2497.1697320201483,1872.8772990151117,2497.1697320201483,1872.8772990151117,2497.1697320201483,C,3.8269257891914217,3.8269257891914217,0.0
5,C-Y--C-6.5,x,11.333333333333334,0.0,30.75,0.0,C-Y,1,1.042376952651082,2.303882263335645,1137.1666666666665,,76828.30828848146,66011.3777777778,0.8592064467944897,10.5,0.926470588235294,5.726191271408024,1600.5833333333333,20.166666666666668,9165.246312494493,454.4750237600575,9165.246312494493,454.4750237600575,5150.716935947319,5150.716935947319,5150.716935947319,454.4750237600575,454.4750237600575,318.1325166320402,318.1325166320402,460.7142857142857,4,17.0,0.6905201911393121,460.7142857142857,1,4,1600000,10.5,0.25,0.0445356950232951,115653.67809468685,2003826.5809639434,78452.45956347286,0.057716410787929315,0.0,1.7289546150964303,0.0,54.784244767055746,0.0,24.034244767055746,11.544324750610734,24.839164837819098,1948693.5750294398,905680.6706848876,0.0,66806759.80682237,8385102124.84045,0.0,300.23178713847153,300.23178713847153,4639.178971691798,4939.4107588302695,5150.716935947319,5150.716935947319,454.4750237600575,390.48787032172027,273.34150922520416,318.1325166320402,0.04011267992612958,0.00014875654103335814,9.517912041315904e-05,0.00014875654103335814,221.5,-221.5,60.715755232944254,-60.715755232944254,0.0090318657346808,-0.0090318657346808,0.03294957383888883,-0.03294957383888883,-0.0090318657346808,0.0090318657346808,-0.03294957383888883,0.03294957383888883,0.04914454566081038,0.03108081419144878,0.0730622537650184,0.007163106087240752,0.03108081419144878,0.04914454566081038,0.007163106087240752,0.0730622537650184,0.04011267992612958,0.040112679926129574,0.04011267992612958,0.040112679926129574,0.04914454566081038,0.0730622537650184,0.04011267992612958,0.040112679926129574,1.225162361410747,1.8214253921594836,1.8214253921594836,0.0,0.0,0.0,0.0,0.0,0.0,0.0,0.0,0.0,0.0,0.0,0.0,0.0,0.0,0.0,0.21,0.0,10.5,0.0,37857.769479212795,4771.987749480604,4771.987749480604,0.0,0.0,37857.769479212795,3494.5633365427193,3494.5633365427193,3494.5633365427193,1.3333333333333333,0.0,0.0,37857.769479212795,0.0,0.0,28393.327109409598,0.0,0.0,0.0,0.0,37857.769479212795,28393.327109409598,3494.5633365427193,2620.9225024070397,3494.5633365427193,2620.9225024070397,3494.5633365427193,C,3.8269257891914217,3.8269257891914217,0.0
5,C-Y--C-7.2,x,8.833333333333334,0.0,30.75,0.0,C-Y,1,1.042376952651082,2.303882263335645,463.4166666666667,,76828.30828848146,66011.3777777778,0.8592064467944897,10.5,1.1886792452830188,5.726191271408024,1600.5833333333333,20.166666666666668,9165.246312494493,454.4750237600575,9165.246312494493,454.4750237600575,4014.529376547175,4014.529376547175,4014.529376547175,454.4750237600575,454.4750237600575,318.1325166320402,318.1325166320402,460.7142857142857,4,17.0,0.6905201911393121,460.7142857142857,1,4,1600000,10.5,0.25,0.05051973225313916,79464.58141210207,2003826.5809639434,78452.45956347286,0.039656416461885405,0.0,1.18794885759428,0.0,54.784244767055746,0.0,24.034244767055746,11.544324750610734,24.839164837819098,1948693.5750294398,905680.6706848876,0.0,45902311.8936316,8385102124.84045,0.0,206.2865071358418,206.2865071358418,3187.537319647516,3393.823826783358,4014.529376547175,4014.529376547175,454.4750237600575,390.48787032172027,273.34150922520416,318.1325166320402,0.04011267992612958,0.00014875654103335814,9.517912041315904e-05,0.00014875654103335814,221.5,-221.5,60.715755232944254,-60.715755232944254,0.0090318657346808,-0.0090318657346808,0.03294957383888883,-0.03294957383888883,-0.0090318657346808,0.0090318657346808,-0.03294957383888883,0.03294957383888883,0.04914454566081038,0.03108081419144878,0.0730622537650184,0.007163106087240752,0.03108081419144878,0.04914454566081038,0.007163106087240752,0.0730622537650184,0.04011267992612958,0.040112679926129574,0.04011267992612958,0.040112679926129574,0.04914454566081038,0.0730622537650184,0.04011267992612958,0.040112679926129574,1.225162361410747,1.8214253921594836,1.8214253921594836,0.0,0.0,0.0,0.0,0.0,0.0,0.0,0.0,0.0,0.0,0.0,0.0,0.0,0.0,0.0,0.21,0.0,8.833333333333334,0.0,29506.790917621736,4771.987749480604,4771.987749480604,0.0,0.0,29506.790917621736,3540.814910114608,3540.814910114608,3540.814910114608,1.3333333333333333,0.0,0.0,29506.790917621736,0.0,0.0,22130.093188216306,0.0,0.0,0.0,0.0,29506.790917621736,22130.093188216306,3540.814910114608,2655.6111825859566,3540.814910114608,2655.6111825859566,3540.814910114608,C,3.8269257891914217,3.8269257891914217,0.0
5,C-Y.3--C-8,x,8.583333333333334,0.0,21.916666666666668,0.0,C-Y.3,1,1.042376952651082,2.303882263335645,735.0,,76828.30828848146,66011.3777777778,0.8592064467944897,10.5,1.2233009708737863,5.726191271408024,735.0,8.583333333333334,4208.750584484897,490.33987392057054,4208.750584484897,490.33987392057054,4208.750584484897,4208.750584484897,4208.750584484897,490.33987392057054,490.33987392057054,343.23791174439936,343.23791174439936,460.7142857142857,4,17.0,0.7450125216157505,460.7142857142857,1,4,1600000,10.5,0.25,0.053347789080850694,78892.68996895764,2003826.5809639434,78452.45956347286,0.03937101679278364,0.0,0.840601751882266,0.0,54.784244767055746,0.0,32.86757810038908,11.544324750610734,24.839164837819098,1948693.5750294398,905680.6706848876,0.0,85226012.89216076,8385102124.84045,0.0,280.0729787771515,280.0729787771515,3164.597221236171,3444.6702000133228,4208.750584484897,4208.750584484897,490.33987392057054,421.3031807929515,294.912226555066,343.23791174439936,0.04011267992612958,0.00014875654103335814,9.517912041315904e-05,0.00014875654103335814,221.5,-221.5,60.715755232944254,-60.715755232944254,0.0090318657346808,-0.0090318657346808,0.03294957383888883,-0.03294957383888883,-0.0090318657346808,0.0090318657346808,-0.03294957383888883,0.03294957383888883,0.04914454566081038,0.03108081419144878,0.0730622537650184,0.007163106087240752,0.03108081419144878,0.04914454566081038,0.007163106087240752,0.0730622537650184,0.04011267992612958,0.040112679926129574,0.04011267992612958,0.040112679926129574,0.04914454566081038,0.0730622537650184,0.04011267992612958,0.040112679926129574,1.225162361410747,1.8214253921594836,1.8214253921594836,0.0,0.0,0.0,0.0,0.0,0.0,0.0,0.0,0.0,0.0,0.0,0.0,0.0,0.0,0.0,0.21,0.0,8.583333333333334,0.0,30934.316795963994,5148.568676165991,5148.568676165991,0.0,0.0,30934.316795963994,3826.9257891914217,3826.9257891914217,3826.9257891914217,1.3333333333333333,0.0,0.0,30934.316795963994,0.0,0.0,23200.737596973,0.0,0.0,0.0,0.0,30934.316795963994,23200.737596973,3826.9257891914217,2870.1943418935666,3826.9257891914217,2870.1943418935666,3826.9257891914217,C,3.8269257891914217,3.8269257891914217,0.0
5,C-Y.6--C-8,x,12.75,0.0,11.666666666666666,0.0,C-Y.6,1,1.042376952651082,2.303882263335645,805.0,,76828.30828848146,66011.3777777778,0.8592064467944897,10.5,0.8235294117647058,5.726191271408024,805.0,12.75,4609.583973483459,361.5359979202713,4609.583973483459,361.5359979202713,4609.583973483459,4609.583973483459,4609.583973483459,387.70963256410397,361.5359979202713,271.39674279487275,253.0751985441899,310.7142857142857,6,14.0,0.8734607814087858,310.7142857142857,1,6,1600000,10.5,0.25,0.042785609780034026,107736.78339941596,2003826.5809639434,78452.45956347286,0.053765522636988396,0.0,0.6368199631691663,0.0,54.784244767055746,0.0,43.11757810038908,11.544324750610734,24.839164837819098,1948693.5750294398,905680.6706848876,0.0,205276841.90224278,8385102124.84045,0.0,514.2239991414975,514.2239991414975,4429.073816050828,4943.297815192325,4943.297815192325,4943.297815192325,387.70963256410397,333.12261578340093,233.18583104838063,271.39674279487275,0.04011267992612958,0.00014875654103335814,9.517912041315904e-05,0.00014875654103335814,221.5,-221.5,60.715755232944254,-60.715755232944254,0.0090318657346808,-0.0090318657346808,0.03294957383888883,-0.03294957383888883,-0.0090318657346808,0.0090318657346808,-0.03294957383888883,0.03294957383888883,0.04914454566081038,0.03108081419144878,0.0730622537650184,0.007163106087240752,0.03108081419144878,0.04914454566081038,0.007163106087240752,0.0730622537650184,0.04011267992612958,0.040112679926129574,0.04011267992612958,0.040112679926129574,0.04914454566081038,0.0730622537650184,0.04011267992612958,0.040112679926129574,1.225162361410747,1.8214253921594836,1.8214253921594836,0.0,0.0,0.0,0.0,0.0,0.0,0.0,0.0,0.0,0.0,0.0,0.0,0.0,0.0,0.0,0.21,0.0,10.5,0.0,36333.23894166359,4070.951141923091,4070.951141923091,0.0,0.0,36333.23894166359,2965.9786891153954,2965.9786891153954,2965.9786891153954,1.3333333333333333,0.0,0.0,36333.23894166359,0.0,0.0,27249.929206247692,0.0,0.0,0.0,0.0,36333.23894166359,27249.929206247692,2965.9786891153954,2224.4840168365463,2965.9786891153954,2224.4840168365463,2965.9786891153954,C,3.8269257891914217,3.8269257891914217,0.0
4,C-1.7,y,20.0,192.66666666666666,0.0,67.0,C-1.7,1,1.2882273981128776,1.3025419412129033,996.625,,94249.27336230273,96244.08888888889,1.0596879510465371,10.5,0.525,7.024616036543395,996.625,20.0,7000.907957420061,350.04539787100305,12923.060218440005,646.1530109220002,7000.9079574200605,12923.060218440005,12923.060218440005,672.4372083935282,646.1530109220002,470.70604587546967,452.30710764540015,600.0,3,19.0,0.7845100764591161,460.7142857142857,1,4,1600000,10.5,0.25,0.04344950723115189,297427.08357287396,4546160.292113497,171164.52487999742,0.06542380040775046,10.984762303990776,0.0,103.59229699689692,0.0,89.07436966976974,0.0,12.674821437203192,7.522179710504516,1287530.316210462,2169479.7892376906,2244654294.140234,0.0,12858410796.420053,2523.288295163147,0.0,2523.288295163147,10925.455872707416,13448.744167870564,13448.744167870564,7454.452951924518,372.7226475962259,394.96969873988513,276.4787891179196,260.9058533173581,0.0386185194014572,7.371291168977569e-05,0.00012103855394772438,0.00012103855394772438,117.90770300310308,-117.90770300310308,115.5,-115.5,0.013979952980962166,-0.013979952980962166,0.014271377870793356,-0.014271377870793356,-0.013979952980962166,0.013979952980962166,-0.014271377870793356,0.014271377870793356,0.05259847238241937,0.024638566420495032,0.052889897272250554,0.024347141530663842,0.024638566420495032,0.05259847238241937,0.024347141530663842,0.052889897272250554,0.0386185194014572,0.0386185194014572,0.0386185194014572,0.0386185194014572,0.05259847238241937,0.052889897272250554,0.0386185194014572,0.0386185194014572,1.362001267724279,1.3695475148188838,1.3695475148188838,0.013329046671088293,0.020546845212972592,0.006111248129203998,0.006111248129203998,0.020546845212972592,0.020853567695546117,0.005804525646630466,0.005804525646630466,0.020853567695546117,0.020546845212972592,0.020853567695546117,0.020546845212972592,0.020546845212972592,0.08218738085189037,0.08218738085189037,0.21,996.625,10.5,2325.458333333333,98848.26963384863,7060.590688132046,10207.593576503721,10768.034812499998,57685.90078125,51930.40366509863,2663.0976238512117,2516.439904284721,2516.439904284721,1.3333333333333333,2657.6666666666665,1661.0416666666665,98848.26963384863,173.63422222222215,1550.3055555555552,74136.20222538649,130.22566666666665,1550.3055555555552,1328.8333333333333,110.7361111111111,100572.2094116264,77256.30289205315,5157.549200596226,3961.8616867719566,7505.3430577747495,5816.406865980635,7505.3430577747495,D,6.365154136789357,12.345445748816054,0.0
4,C-2.1,y,29.0,182.66666666666666,0.0,67.0,C-2.1,1,1.2882273981128776,1.3025419412129033,803.0,,94249.27336230273,96244.08888888889,1.0596879510465371,10.5,0.3620689655172414,7.024616036543395,803.0,29.0,5640.766677344346,194.5091957704947,10412.359067259324,359.0468643882525,5640.766677344346,10412.359067259324,10412.359067259324,511.21169635428004,359.0468643882525,357.848187447996,251.33280507177673,460.7142857142857,4,17.0,0.7767247479491386,310.7142857142857,1,6,1600000,10.5,0.25,0.034665255941402684,300368.73476024886,4546160.292113497,171164.52487999742,0.06607086320324361,12.54598975107748,0.0,103.59229699689692,0.0,79.07436966976974,0.0,12.674821437203192,7.522179710504516,1287530.316210462,2169479.7892376906,1991947972.370901,0.0,12858410796.420053,2522.391066535044,0.0,2522.391066535044,12302.748127739078,14825.139194274121,14825.139194274121,8538.893494641023,294.44460326348354,312.0193983289914,218.41357883029394,206.11122228443847,0.0386185194014572,7.371291168977569e-05,0.00012103855394772438,0.00012103855394772438,117.90770300310308,-117.90770300310308,115.5,-115.5,0.013979952980962166,-0.013979952980962166,0.014271377870793356,-0.014271377870793356,-0.013979952980962166,0.013979952980962166,-0.014271377870793356,0.014271377870793356,0.05259847238241937,0.024638566420495032,0.052889897272250554,0.024347141530663842,0.024638566420495032,0.05259847238241937,0.024347141530663842,0.052889897272250554,0.0386185194014572,0.0386185194014572,0.0386185194014572,0.0386185194014572,0.05259847238241937,0.052889897272250554,0.0386185194014572,0.0386185194014572,1.362001267724279,1.3695475148188838,1.3695475148188838,0.013329046671088293,0.020546845212972592,0.006111248129203998,0.006111248129203998,0.020546845212972592,0.020853567695546117,0.005804525646630466,0.005804525646630466,0.020853567695546117,0.020546845212972592,0.020853567695546117,0.020546845212972592,0.020546845212972592,0.08218738085189037,0.08218738085189037,0.21,200.75,10.5,323.04597701149424,108964.77307791478,5367.72281171994,7643.777289173304,1495.864396551724,8013.559267241379,102447.07820722513,3594.6343230605307,4987.132955397851,4987.132955397851,1.3333333333333333,369.1954022988505,230.74712643678163,108964.77307791478,24.1207662835249,215.3639846743295,81723.57980843609,18.09057471264368,215.3639846743295,184.59770114942526,15.383141762452109,109204.25782887264,82157.01521073493,3831.728344872724,2882.7022880959626,5461.320999022238,4113.802808149518,5461.320999022238,D,6.365154136789357,12.345445748816054,0.0
4,C-2.9,y,29.0,160.0,0.0,67.0,C-2.9,1,1.2882273981128776,1.3025419412129033,988.25,,94249.27336230273,96244.08888888889,1.0596879510465371,10.5,0.3620689655172414,7.024616036543395,988.25,29.0,6942.07679811401,239.3819585556555,12814.463073747233,441.8780370257666,6942.07679811401,12814.463073747233,12814.463073747233,596.1329622716888,441.8780370257666,417.29307359018213,309.3146259180366,460.7142857142857,4,17.0,0.9057524077926433,310.7142857142857,1,6,1600000,10.5,0.25,0.03917072312955,327143.89855315513,4546160.292113497,171164.52487999742,0.07196048478991639,11.522452694442824,0.0,103.59229699689692,0.0,56.40770300310308,0.0,12.674821437203192,7.522179710504516,1287530.316210462,2169479.7892376906,1242627085.8075707,0.0,12858410796.420053,2205.8326877300733,0.0,2205.8326877300733,15082.023218148905,17287.855905878976,17287.855905878976,10086.481678333847,347.8097130459947,368.5697621717942,257.9988335202559,243.4667991321963,0.0386185194014572,7.371291168977569e-05,0.00012103855394772438,0.00012103855394772438,117.90770300310308,-117.90770300310308,115.5,-115.5,0.013979952980962166,-0.013979952980962166,0.014271377870793356,-0.014271377870793356,-0.013979952980962166,0.013979952980962166,-0.014271377870793356,0.014271377870793356,0.05259847238241937,0.024638566420495032,0.052889897272250554,0.024347141530663842,0.024638566420495032,0.05259847238241937,0.024347141530663842,0.052889897272250554,0.0386185194014572,0.0386185194014572,0.0386185194014572,0.0386185194014572,0.05259847238241937,0.052889897272250554,0.0386185194014572,0.0386185194014572,1.362001267724279,1.3695475148188838,1.3695475148188838,0.013329046671088293,0.020546845212972592,0.006111248129203998,0.006111248129203998,0.020546845212972592,0.020853567695546117,0.005804525646630466,0.005804525646630466,0.020853567695546117,0.020546845212972592,0.020853567695546117,0.020546845212972592,0.020546845212972592,0.08218738085189037,0.08218738085189037,0.21,494.125,10.5,795.1436781609195,127065.74090821046,6259.396103852732,8866.79022072252,3681.9128017241374,19724.532866379308,111023.12084355528,3895.5480997738696,5189.845661451116,5189.845661451116,1.3333333333333333,908.735632183908,567.9597701149426,127065.74090821046,59.37072796934865,530.095785440613,95299.30568115786,44.5280459770115,530.095785440613,454.367816091954,37.8639846743295,127655.20742162042,96366.16131334177,4479.130084969138,3381.268818011992,6357.009631841653,4811.599732451516,6357.009631841653,D,6.365154136789357,12.345445748816054,0.0
4,C-3,y,14.25,145.08333333333334,0.0,67.0,C-3,1,1.2882273981128776,1.3025419412129033,1200.4166666666667,,94249.27336230273,96244.08888888889,1.0596879510465371,10.5,0.7368421052631579,7.024616036543395,1200.4166666666667,14.25,8432.466167200635,591.7520117333779,15565.590739297488,1092.3221571436834,8432.466167200635,15565.590739297488,15565.590739297488,1092.3221571436834,1092.3221571436834,764.6255100005783,764.6255100005783,769.6428571428571,2,23.0,0.9934809410680367,769.6428571428571,1,2,1600000,10.5,0.25,0.060427913122936466,257589.4141442607,4546160.292113497,171164.52487999742,0.056660873702829365,7.531572630297649,0.0,103.59229699689692,0.0,41.49103633643642,0.0,12.674821437203192,7.522179710504516,1287530.316210462,2169479.7892376906,443441746.78434575,0.0,12858410796.420053,1070.1692335834462,0.0,1070.1692335834462,9947.721787740125,11017.891021323572,15565.590739297488,8432.466167200635,591.7520117333779,627.0724768414096,438.9507337889867,414.2264082133645,0.0386185194014572,7.371291168977569e-05,0.00012103855394772438,0.00012103855394772438,117.90770300310308,-117.90770300310308,115.5,-115.5,0.013979952980962166,-0.013979952980962166,0.014271377870793356,-0.014271377870793356,-0.013979952980962166,0.013979952980962166,-0.014271377870793356,0.014271377870793356,0.05259847238241937,0.024638566420495032,0.052889897272250554,0.024347141530663842,0.024638566420495032,0.05259847238241937,0.024347141530663842,0.052889897272250554,0.0386185194014572,0.0386185194014572,0.0386185194014572,0.0386185194014572,0.05259847238241937,0.052889897272250554,0.0386185194014572,0.0386185194014572,1.362001267724279,1.3695475148188838,1.3695475148188838,0.013329046671088293,0.020546845212972592,0.006111248129203998,0.006111248129203998,0.020546845212972592,0.020853567695546117,0.005804525646630466,0.005804525646630466,0.020853567695546117,0.020546845212972592,0.020853567695546117,0.020546845212972592,0.020546845212972592,0.08218738085189037,0.08218738085189037,0.21,600.2083333333334,10.5,1965.5945419103314,114407.09193383653,11469.382650008674,16725.369176816883,9101.68552631579,48759.02960526316,74749.74785488917,5436.345298537394,6365.154136789357,6365.154136789357,1.3333333333333333,2246.393762183236,1403.9961013645225,114407.09193383653,146.76439246263806,1310.3963612735542,85805.3189503774,110.07329434697859,1310.3963612735542,1123.196881091618,93.59974009096817,115864.25268757272,88442.58522718052,8426.491104550743,6432.188016522219,12345.445748816055,9483.723687830367,12345.445748816055,D,6.365154136789357,12.345445748816054,860.4050993502042
4,C-3.3,y,19.0,137.08333333333334,0.0,67.0,C-3.3,1,1.2882273981128776,1.3025419412129033,442.47916666666674,,94249.27336230273,96244.08888888889,1.0596879510465371,10.5,0.5526315789473685,7.024616036543395,442.47916666666674,19.0,3108.2462500030247,163.59190789489602,5737.549144601516,301.97627076850085,3108.2462500030247,5737.549144601516,5737.549144601516,364.20872469520623,301.97627076850085,254.94610728664435,211.3833895379506,310.7142857142857,6,14.0,0.8205162073593151,310.7142857142857,1,6,1600000,10.5,0.25,0.035156773624539124,163198.9671713435,4546160.292113497,171164.52487999742,0.03589819907020322,5.093971733083793,0.0,103.59229699689692,0.0,33.49103633643642,0.0,12.674821437203192,7.522179710504516,1287530.316210462,2169479.7892376906,184927380.8118858,0.0,12858410796.420053,552.8951745638765,0.0,552.8951745638765,6367.070594645042,6919.965769208919,6919.965769208919,3662.1282545292156,192.74359234364292,204.24806244798398,142.97364371358879,134.92051464055004,0.0386185194014572,7.371291168977569e-05,0.00012103855394772438,0.00012103855394772438,117.90770300310308,-117.90770300310308,115.5,-115.5,0.013979952980962166,-0.013979952980962166,0.014271377870793356,-0.014271377870793356,-0.013979952980962166,0.013979952980962166,-0.014271377870793356,0.014271377870793356,0.05259847238241937,0.024638566420495032,0.052889897272250554,0.024347141530663842,0.024638566420495032,0.05259847238241937,0.024347141530663842,0.052889897272250554,0.0386185194014572,0.0386185194014572,0.0386185194014572,0.0386185194014572,0.05259847238241937,0.052889897272250554,0.0386185194014572,0.0386185194014572,1.362001267724279,1.3695475148188838,1.3695475148188838,0.013329046671088293,0.020546845212972592,0.006111248129203998,0.006111248129203998,0.020546845212972592,0.020853567695546117,0.005804525646630466,0.005804525646630466,0.020853567695546117,0.020546845212972592,0.020853567695546117,0.020546845212972592,0.020546845212972592,0.08218738085189037,0.08218738085189037,0.21,442.47916666666674,10.5,1086.7909356725147,50861.748403685546,3824.1916092996657,5624.57549899108,5032.385427631579,26959.207648026317,28934.926183290805,1564.050063961665,1673.1464700428044,1673.1464700428044,1.3333333333333333,1242.0467836257312,776.2792397660819,50861.748403685546,81.14705653021441,724.5272904483431,38146.31130276417,60.860292397660835,724.5272904483431,621.0233918128656,51.7519493177388,51667.422750664104,39604.47422674077,2792.8336621980598,2140.782390634636,4130.713666515594,3190.3495378588777,4130.713666515594,D,6.365154136789357,12.345445748816054,0.0
4,C-4,y,29.0,118.75,0.0,67.0,C-4,1,1.2882273981128776,1.3025419412129033,594.625,,94249.27336230273,96244.08888888889,1.0596879510465371,10.5,0.3620689655172414,7.024616036543395,594.625,29.0,4177.012310729616,144.03490726653848,7710.397273186894,265.87576804092737,4177.012310729616,7710.397273186894,7710.397273186894,331.12534196984575,265.87576804092737,231.787739378892,186.11303762864915,310.7142857142857,6,14.0,0.7459835290355145,310.7142857142857,1,6,1600000,10.5,0.25,0.028762956990244316,268066.91939921444,4546160.292113497,171164.52487999742,0.05896556702240494,7.506580158535777,0.0,103.59229699689692,0.0,15.15770300310308,0.0,12.674821437203192,7.522179710504516,1287530.316210462,2169479.7892376906,54969283.45251841,0.0,12858410796.420053,363.12558538215904,0.0,363.12558538215904,9239.509331743368,9602.634917125526,9602.634917125526,4796.042473577253,165.38077495093975,175.2520145502498,122.67641018517486,115.76654246565782,0.0386185194014572,7.371291168977569e-05,0.00012103855394772438,0.00012103855394772438,117.90770300310308,-117.90770300310308,115.5,-115.5,0.013979952980962166,-0.013979952980962166,0.014271377870793356,-0.014271377870793356,-0.013979952980962166,0.013979952980962166,-0.014271377870793356,0.014271377870793356,0.05259847238241937,0.024638566420495032,0.052889897272250554,0.024347141530663842,0.024638566420495032,0.05259847238241937,0.024347141530663842,0.052889897272250554,0.0386185194014572,0.0386185194014572,0.0386185194014572,0.0386185194014572,0.05259847238241937,0.052889897272250554,0.0386185194014572,0.0386185194014572,1.362001267724279,1.3695475148188838,1.3695475148188838,0.013329046671088293,0.020546845212972592,0.006111248129203998,0.006111248129203998,0.020546845212972592,0.020853567695546117,0.005804525646630466,0.005804525646630466,0.020853567695546117,0.020546845212972592,0.020853567695546117,0.020546845212972592,0.020546845212972592,0.08218738085189037,0.08218738085189037,0.21,594.625,10.5,956.867816091954,70579.36664087261,3476.81609068338,5217.134044381893,4430.776422413793,23736.302262931036,51273.84080035537,1799.0821333458025,2361.2901550848396,2361.2901550848396,1.3333333333333333,1093.5632183908046,683.4770114942528,70579.36664087261,71.44613026819921,637.9118773946359,52934.52498065447,53.58459770114943,637.9118773946359,546.7816091954023,45.56513409961685,71288.72464853546,54218.368199045275,2501.358759597735,1902.3988841770272,3765.843407588705,2877.14218464898,3765.843407588705,D,6.365154136789357,12.345445748816054,0.0
4,C-4.2,y,29.0,120.33333333333333,0.0,67.0,C-4.2,1,1.2882273981128776,1.3025419412129033,988.25,,94249.27336230273,96244.08888888889,1.0596879510465371,10.5,0.3620689655172414,7.024616036543395,988.25,29.0,6942.07679811401,239.3819585556555,12814.463073747233,441.8780370257666,6942.07679811401,12814.463073747233,12814.463073747233,496.5192222461082,441.8780370257666,347.5634555722757,309.3146259180366,460.7142857142857,4,17.0,0.7544012989165674,310.7142857142857,1,6,1600000,10.5,0.25,0.03388575201748035,378166.7016608263,4546160.292113497,171164.52487999742,0.08318375890019876,8.665844630612208,0.0,103.59229699689692,0.0,16.74103633643641,0.0,12.674821437203192,7.522179710504516,1287530.316210462,2169479.7892376906,100149664.11855304,0.0,12858410796.420053,599.0144865049474,0.0,599.0144865049474,13800.04295863219,14399.057445137138,14399.057445137138,7427.491749323886,256.12040514909955,271.4077073536583,189.98539514756078,179.28428360436968,0.0386185194014572,7.371291168977569e-05,0.00012103855394772438,0.00012103855394772438,117.90770300310308,-117.90770300310308,115.5,-115.5,0.013979952980962166,-0.013979952980962166,0.014271377870793356,-0.014271377870793356,-0.013979952980962166,0.013979952980962166,-0.014271377870793356,0.014271377870793356,0.05259847238241937,0.024638566420495032,0.052889897272250554,0.024347141530663842,0.024638566420495032,0.05259847238241937,0.024347141530663842,0.052889897272250554,0.0386185194014572,0.0386185194014572,0.0386185194014572,0.0386185194014572,0.05259847238241937,0.052889897272250554,0.0386185194014572,0.0386185194014572,1.362001267724279,1.3695475148188838,1.3695475148188838,0.013329046671088293,0.020546845212972592,0.006111248129203998,0.006111248129203998,0.020546845212972592,0.020853567695546117,0.005804525646630466,0.005804525646630466,0.020853567695546117,0.020546845212972592,0.020853567695546117,0.020546845212972592,0.020546845212972592,0.08218738085189037,0.08218738085189037,0.21,247.0625,10.5,397.57183908045977,105833.07222175796,5213.451833584136,7737.639413102726,1840.9564008620687,9862.266433189654,97811.76218943037,3431.991655769487,4948.472281450182,4948.472281450182,1.3333333333333333,454.367816091954,283.9798850574713,105833.07222175796,29.685363984674325,265.0478927203065,79374.80416631847,22.26402298850575,265.0478927203065,227.183908045977,18.93199233716475,106127.80547846295,79908.23198241042,3723.782648367121,2803.7976134179094,5532.05426664545,4170.961954269225,5532.05426664545,D,6.365154136789357,12.345445748816054,0.0
4,C-5,y,29.0,102.16666666666667,0.0,67.0,C-5,1,1.5284641359459237,1.5493057891045643,735.9041666666667,,94249.27336230273,96244.08888888889,1.0596879510465371,10.5,0.3620689655172414,7.024616036543395,735.9041666666667,29.0,5169.44421052577,178.25669691468173,9542.339255822646,329.04618123526365,5169.44421052577,9542.339255822646,9542.339255822646,386.44659300583453,329.04618123526365,270.51261510408415,230.33232686468455,310.7142857142857,6,14.0,0.8706153129786616,310.7142857142857,1,6,1600000,10.5,0.25,0.03230816690307864,295353.781118215,4546160.292113497,171164.52487999742,0.06496774467688333,6.862576045148823,0.0,103.59229699689692,0.0,1.4256303302302484,0.0,18.520037302498025,8.94724093207886,1531450.2431261432,3169973.3856419036,587219.4564991632,0.0,12858410796.420053,49.057917115293,0.0,49.057917115293,11157.893280053908,11206.9511971692,11206.9511971692,5624.344450804174,193.94291209669566,205.51896713974608,143.86327699782225,135.76003846768697,0.0386185194014572,7.371291168977569e-05,0.00016168715928665343,0.00016168715928665343,117.90770300310308,-117.90770300310308,115.5,-115.5,0.018674866897608472,-0.018674866897608472,0.019064161556586152,-0.019064161556586152,-0.018674866897608472,0.018674866897608472,-0.019064161556586152,0.019064161556586152,0.05729338629906567,0.019943652503848726,0.05768268095804335,0.019554357844871046,0.019943652503848726,0.05729338629906567,0.019554357844871046,0.05768268095804335,0.0386185194014572,0.0386185194014572,0.0386185194014572,0.0386185194014572,0.05729338629906567,0.05768268095804335,0.0386185194014572,0.0386185194014572,1.483572834667085,1.493653352123769,1.493653352123769,0.013329046671088293,0.01678367018652148,0.009874423155655109,0.009874423155655109,0.01678367018652148,0.017207396635958473,0.009450696706218117,0.009450696706218117,0.017207396635958473,0.01678367018652148,0.017207396635958473,0.01678367018652148,0.01678367018652148,0.06713468074608592,0.06713468074608592,0.21,735.9041666666667,10.5,1184.213601532567,82371.09129919362,4057.689226561263,6078.977876107221,5483.501081896551,29375.89865301724,58478.69372807293,2051.8839904586994,2653.2791488679013,2653.2791488679013,1.3333333333333333,1353.3869731800767,845.8668582375478,82371.09129919362,88.42128224776499,789.4757343550447,61778.31847439522,66.31596168582377,789.4757343550447,676.6934865900382,56.391123882503194,83248.98831579644,63367.194780908634,2921.0171338875944,2223.4103431897765,4391.545435725691,3358.95406234243,4391.545435725691,A,4.757092391648679,5.694927782010632,0.0
4,C-5.5,y,29.0,104.91666666666667,0.0,67.0,C-5.5,1,1.2882273981128776,1.3025419412129033,703.1666666666667,,94249.27336230273,96244.08888888889,1.0596879510465371,10.5,0.3620689655172414,7.024616036543395,703.1666666666667,29.0,4939.475843029431,170.32675320791142,9117.837879777315,314.4082027509419,4939.475843029431,9117.837879777315,9117.837879777315,372.4448069207096,314.4082027509419,260.7113648444967,220.0857419256593,310.7142857142857,6,14.0,0.8390710592696445,310.7142857142857,1,6,1600000,10.5,0.25,0.03141087571936918,290276.4622431363,4546160.292113497,171164.52487999742,0.06385090792920274,6.961896624075598,0.0,103.59229699689692,0.0,1.3243696697697516,0.0,12.674821437203192,7.522179710504516,1287530.316210462,2169479.7892376906,488870.6877786666,0.0,12858410796.420053,36.96195546411263,0.0,36.96195546411263,10763.937445236466,10800.899400700579,10800.899400700579,5434.400240283808,187.3931117339244,198.57822261355713,139.00475582949,131.17517821374707,0.0386185194014572,7.371291168977569e-05,0.00012103855394772438,0.00012103855394772438,117.90770300310308,-117.90770300310308,115.5,-115.5,0.013979952980962166,-0.013979952980962166,0.014271377870793356,-0.014271377870793356,-0.013979952980962166,0.013979952980962166,-0.014271377870793356,0.014271377870793356,0.05259847238241937,0.024638566420495032,0.052889897272250554,0.024347141530663842,0.024638566420495032,0.05259847238241937,0.024347141530663842,0.052889897272250554,0.0386185194014572,0.0386185194014572,0.0386185194014572,0.0386185194014572,0.05259847238241937,0.052889897272250554,0.0386185194014572,0.0386185194014572,1.362001267724279,1.3695475148188838,1.3695475148188838,0.013329046671088293,0.012088756269875177,0.014569337072301415,0.014569337072301415,0.012088756269875177,0.012414612950165674,0.014243480392010913,0.014243480392010913,0.012414612950165674,0.014569337072301415,0.014243480392010913,0.014569337072301415,0.014569337072301415,0.05827734828920566,0.05827734828920566,0.21,703.1666666666667,10.5,1131.5325670498084,79386.61059514925,3910.6704726674507,5853.713272128695,5239.561551724139,28069.07974137931,56557.09240549408,1984.459382648915,2567.415545435164,2567.415545435164,1.3333333333333333,1293.1800766283527,808.2375478927203,79386.61059514925,84.48776500638569,754.3550446998722,59539.95794636194,63.36582375478929,754.3550446998722,646.5900383141764,53.88250319284802,80225.4534048555,61058.15135632362,2814.928189644053,2142.391275660478,4228.35315942544,3233.6551364239567,4228.35315942544,A,4.757092391648679,5.694927782010632,0.0
4,C-5.9,y,29.0,84.25,0.0,90.0,C-5.9,1,1.5284641359459237,1.5493057891045643,773.3333333333333,,90823.0472884392,96244.08888888889,1.0596879510465371,10.5,0.3620689655172414,6.769251493511157,773.3333333333333,29.0,5234.887821648627,180.5133731602975,9663.142404870832,333.21180706451145,5234.887821648627,9663.142404870832,9663.142404870832,400.0271779194007,333.21180706451145,280.0190245435805,233.24826494515798,310.7142857142857,6,14.0,0.9012106537034774,310.7142857142857,1,6,1600000,10.5,0.25,0.03317846580912366,291247.4151295323,4546160.292113497,171164.52487999742,0.06406448440341557,5.677807724028459,0.0,103.59229699689692,0.0,19.34229699689692,0.0,18.520037302498025,8.94724093207886,1531450.2431261432,3169973.3856419036,106058270.35114247,0.0,12858410796.420053,653.0585014549653,0.0,653.0585014549653,10947.729658207654,11600.78815966262,11600.78815966262,5735.109153184732,197.76238459257698,209.56641612298517,146.6964912860896,138.43366921480387,0.0386185194014572,7.371291168977569e-05,0.00016168715928665343,0.00016168715928665343,117.90770300310308,-117.90770300310308,115.5,-115.5,0.018674866897608472,-0.018674866897608472,0.019064161556586152,-0.019064161556586152,-0.018674866897608472,0.018674866897608472,-0.019064161556586152,0.019064161556586152,0.05729338629906567,0.019943652503848726,0.05768268095804335,0.019554357844871046,0.019943652503848726,0.05729338629906567,0.019554357844871046,0.05768268095804335,0.0386185194014572,0.0386185194014572,0.0386185194014572,0.0386185194014572,0.05729338629906567,0.05768268095804335,0.0386185194014572,0.0386185194014572,1.483572834667085,1.493653352123769,1.493653352123769,0.013329046671088293,0.01678367018652148,0.009874423155655109,0.009874423155655109,0.01678367018652148,0.017207396635958473,0.009450696706218117,0.009450696706218117,0.017207396635958473,0.01678367018652148,0.017207396635958473,0.01678367018652148,0.01678367018652148,0.06713468074608592,0.06713468074608592,0.21,773.3333333333333,10.5,1244.4444444444443,85265.79297352025,4200.285368153707,6324.065698085356,5762.4,30870.0,60158.19297352024,2110.81378854457,2742.573111267814,2742.573111267814,1.3333333333333333,1422.222222222222,888.8888888888888,85265.79297352025,92.91851851851851,829.6296296296296,63949.34473014019,69.6888888888889,829.6296296296296,711.111111111111,59.25925925925925,86188.3411216684,65619.03361902907,3024.1523200585407,2302.422232246634,4569.250174295755,3495.5536151272745,4569.250174295755,A,4.757092391648679,5.694927782010632,0.0
4,C-6,y,29.0,84.33333333333333,0.0,90.0,C-6,1,1.5284641359459237,1.5493057891045643,452.3333333333333,,90823.0472884392,96244.08888888889,1.0596879510465371,10.5,0.3620689655172414,6.769251493511157,452.3333333333333,29.0,3061.9580922315467,105.58476180108782,5652.105277331776,194.90018197695778,3061.9580922315467,5652.105277331776,5652.105277331776,266.37427786371967,194.90018197695778,186.46199450460375,136.43012738387043,310.7142857142857,6,14.0,0.6001075685205638,310.7142857142857,1,6,1600000,10.5,0.25,0.024613446448874365,229634.85788436836,4546160.292113497,171164.52487999742,0.05051182605301666,4.79514287390445,0.0,103.59229699689692,0.0,19.25896366356359,0.0,18.520037302498025,8.94724093207886,1531450.2431261432,3169973.3856419036,70032947.37760188,0.0,12858410796.420053,433.0969100830059,0.0,433.0969100830059,7291.757147964865,7724.854058047871,7724.854058047871,3689.445980150686,127.22227517760986,134.8159121104401,94.37113847730807,89.05559262432689,0.0386185194014572,7.371291168977569e-05,0.00016168715928665343,0.00016168715928665343,117.90770300310308,-117.90770300310308,115.5,-115.5,0.018674866897608472,-0.018674866897608472,0.019064161556586152,-0.019064161556586152,-0.018674866897608472,0.018674866897608472,-0.019064161556586152,0.019064161556586152,0.05729338629906567,0.019943652503848726,0.05768268095804335,0.019554357844871046,0.019943652503848726,0.05729338629906567,0.019554357844871046,0.05768268095804335,0.0386185194014572,0.0386185194014572,0.0386185194014572,0.0386185194014572,0.05729338629906567,0.05768268095804335,0.0386185194014572,0.0386185194014572,1.483572834667085,1.493653352123769,1.493653352123769,0.013329046671088293,0.01678367018652148,0.009874423155655109,0.009874423155655109,0.01678367018652148,0.017207396635958473,0.009450696706218117,0.009450696706218117,0.017207396635958473,0.01678367018652148,0.017207396635958473,0.01678367018652148,0.01678367018652148,0.06713468074608592,0.06713468074608592,0.21,113.08333333333333,10.5,181.97318007662832,56777.67732665184,2796.929917569057,4258.02594577321,842.6268103448274,4514.072198275861,53106.231938720804,1863.3765592533616,2775.2644183625994,2775.2644183625994,1.3333333333333333,207.9693486590038,129.98084291187737,56777.67732665184,13.587330779054913,121.31545338441887,42583.25799498889,10.190498084291189,121.31545338441887,103.9846743295019,8.66538952745849,56912.58011081532,42827.414010314555,1996.9326354672041,1502.7162810636685,3042.376570790284,2291.816037019244,3042.376570790284,A,4.757092391648679,5.694927782010632,0.0
4,C-7--C-W,y,29.0,63.0,0.0,90.0,C-7,1,1.5284641359459237,1.5493057891045643,484.35416666666663,,90823.0472884392,96244.08888888889,1.0596879510465371,10.5,0.3620689655172414,6.769251493511157,1000.8124999999999,58.0,6774.751510349634,116.80606052326957,12505.595312165677,215.61371227871857,3387.375755174817,6252.797656082838,6252.797656082838,294.6976371938449,215.61371227871857,206.28834603569143,150.929598595103,310.7142857142857,6,14.0,0.6639165159769379,310.7142857142857,1,6,1600000,10.5,0.25,0.026428522073187456,236592.78558094223,4546160.292113497,171164.52487999742,0.05204233251330232,3.716580690298221,0.0,103.59229699689692,0.0,40.59229699689692,0.0,18.520037302498025,8.94724093207886,1531450.2431261432,3169973.3856419036,324071690.89828134,0.0,12858410796.420053,950.8523024941973,0.0,950.8523024941973,7595.379176127306,8546.231478621503,8546.231478621503,4021.484053991212,138.67186393073146,146.948903356561,102.8642323495927,97.07030475151201,0.0386185194014572,7.371291168977569e-05,0.00016168715928665343,0.00016168715928665343,117.90770300310308,-117.90770300310308,115.5,-115.5,0.018674866897608472,-0.018674866897608472,0.019064161556586152,-0.019064161556586152,-0.018674866897608472,0.018674866897608472,-0.019064161556586152,0.019064161556586152,0.05729338629906567,0.019943652503848726,0.05768268095804335,0.019554357844871046,0.019943652503848726,0.05729338629906567,0.019554357844871046,0.05768268095804335,0.0386185194014572,0.0386185194014572,0.0386185194014572,0.0386185194014572,0.05729338629906567,0.05768268095804335,0.0386185194014572,0.0386185194014572,1.483572834667085,1.493653352123769,1.493653352123769,0.013329046671088293,0.01678367018652148,0.009874423155655109,0.009874423155655109,0.01678367018652148,0.017207396635958473,0.009450696706218117,0.009450696706218117,0.017207396635958473,0.01678367018652148,0.017207396635958473,0.01678367018652148,0.01678367018652148,0.06713468074608592,0.06713468074608592,0.21,484.35416666666663,10.5,779.4204980842911,62814.80136786804,3094.325190535372,4732.595809798064,3609.10661637931,19334.499730603446,47089.40825364391,1652.2599387243476,2267.400305629909,2267.400305629909,1.3333333333333333,890.766283524904,556.728927203065,62814.80136786804,58.19673052362706,519.6136653895273,47111.101025901036,43.64754789272031,519.6136653895273,445.383141762452,37.11526181353767,63392.6117637812,48156.860642759275,2224.3021671502174,1689.7144085178693,3411.484762481649,2601.5891381716488,3411.484762481649,A,4.757092391648679,5.694927782010632,0.0
4,C-7--C-Y,y,29.0,63.0,0.0,90.0,C-7,1,1.5284641359459237,1.5493057891045643,516.4583333333333,,90823.0472884392,96244.08888888889,1.0596879510465371,10.5,0.3620689655172414,6.769251493511157,1000.8124999999999,58.0,6774.751510349634,116.80606052326957,12505.595312165677,215.61371227871857,3387.375755174817,6252.797656082838,6252.797656082838,294.6976371938449,215.61371227871857,206.28834603569143,150.929598595103,310.7142857142857,6,14.0,0.6639165159769379,310.7142857142857,1,6,1600000,10.5,0.25,0.026428522073187456,236592.78558094223,4546160.292113497,171164.52487999742,0.05204233251330232,3.716580690298221,0.0,103.59229699689692,0.0,40.59229699689692,0.0,18.520037302498025,8.94724093207886,1531450.2431261432,3169973.3856419036,324071690.89828134,0.0,12858410796.420053,950.8523024941973,0.0,950.8523024941973,7595.379176127306,8546.231478621503,8546.231478621503,4021.484053991212,138.67186393073146,146.948903356561,102.8642323495927,97.07030475151201,0.0386185194014572,7.371291168977569e-05,0.00016168715928665343,0.00016168715928665343,117.90770300310308,-117.90770300310308,115.5,-115.5,0.018674866897608472,-0.018674866897608472,0.019064161556586152,-0.019064161556586152,-0.018674866897608472,0.018674866897608472,-0.019064161556586152,0.019064161556586152,0.05729338629906567,0.019943652503848726,0.05768268095804335,0.019554357844871046,0.019943652503848726,0.05729338629906567,0.019554357844871046,0.05768268095804335,0.0386185194014572,0.0386185194014572,0.0386185194014572,0.0386185194014572,0.05729338629906567,0.05768268095804335,0.0386185194014572,0.0386185194014572,1.483572834667085,1.493653352123769,1.493653352123769,0.013329046671088293,0.01678367018652148,0.009874423155655109,0.009874423155655109,0.01678367018652148,0.017207396635958473,0.009450696706218117,0.009450696706218117,0.017207396635958473,0.01678367018652148,0.017207396635958473,0.01678367018652148,0.01678367018652148,0.06713468074608592,0.06713468074608592,0.21,516.4583333333333,10.5,831.0823754789271,62814.80136786804,3094.325190535372,4732.595809798064,3848.326939655172,20616.037176724134,46047.09113079909,1615.6874080982136,2194.255244377641,2194.255244377641,1.3333333333333333,949.8084291187736,593.6302681992336,62814.80136786804,62.05415070242655,554.0549169859514,47111.101025901036,46.540613026819926,554.0549169859514,474.9042145593868,39.57535121328224,63430.91043555642,48226.17612168647,2225.6459801949622,1692.1465305854902,3414.172388571138,2606.453382306891,3414.172388571138,A,4.757092391648679,5.694927782010632,0.0
4,C-7.3,y,11.0,55.41666666666667,0.0,90.0,C-7.3,1,1.5284641359459237,1.5493057891045643,443.875,,90823.0472884392,96244.08888888889,1.0596879510465371,10.5,0.9545454545454546,6.769251493511157,443.875,11.0,3004.7015066822646,273.15468242566044,5546.414657278501,504.21951429804557,3004.701506682265,5546.414657278501,5546.414657278501,504.21951429804557,504.21951429804557,352.95366000863186,352.95366000863186,460.7142857142857,4,17.0,0.7661009674605963,460.7142857142857,1,4,1600000,10.5,0.25,0.047944528085913464,115683.9972924478,4546160.292113497,171164.52487999742,0.025446528467799944,1.2919741311986954,0.0,103.59229699689692,0.0,48.17563033023025,0.0,18.520037302498025,8.94724093207886,1531450.2431261432,3169973.3856419036,268489989.54196763,0.0,12858410796.420053,663.7679628185624,0.0,663.7679628185624,4467.544693876517,5131.31265669508,5546.414657278501,3004.7015066822646,273.15468242566044,289.45872573841564,202.62110801689093,191.2082776979623,0.0386185194014572,7.371291168977569e-05,0.00016168715928665343,0.00016168715928665343,117.90770300310308,-117.90770300310308,115.5,-115.5,0.018674866897608472,-0.018674866897608472,0.019064161556586152,-0.019064161556586152,-0.018674866897608472,0.018674866897608472,-0.019064161556586152,0.019064161556586152,0.05729338629906567,0.019943652503848726,0.05768268095804335,0.019554357844871046,0.019943652503848726,0.05729338629906567,0.019554357844871046,0.05768268095804335,0.0386185194014572,0.0386185194014572,0.0386185194014572,0.0386185194014572,0.05729338629906567,0.05768268095804335,0.0386185194014572,0.0386185194014572,1.483572834667085,1.493653352123769,1.493653352123769,0.013329046671088293,0.01678367018652148,0.009874423155655109,0.009874423155655109,0.01678367018652148,0.017207396635958473,0.009450696706218117,0.009450696706218117,0.017207396635958473,0.01678367018652148,0.017207396635958473,0.01678367018652148,0.01678367018652148,0.06713468074608592,0.06713468074608592,0.21,55.484375,10.5,235.38825757575756,40766.14773099698,5294.3049001294785,7720.485634789522,1089.9653267045455,5839.099964488636,36017.01309321288,3430.1917231631314,4757.092391648679,4757.092391648679,1.3333333333333333,269.0151515151515,168.1344696969697,40766.14773099698,17.575656565656562,156.92550505050502,30574.61079824774,13.181742424242426,156.92550505050502,134.50757575757575,11.208964646464645,40940.648892613135,30890.43458612653,3899.1094183441082,2941.9461510596693,5694.927782010632,4306.424011111149,5694.927782010632,A,4.757092391648679,5.694927782010632,0.0
4,C-7.4,y,10.833333333333334,65.66666666666667,0.0,90.0,C-7.4,1,1.5284641359459237,1.5493057891045643,435.5,,90823.0472884392,96244.08888888889,1.0596879510465371,10.5,0.9692307692307692,6.769251493511157,435.5,10.833333333333334,2948.009025424109,272.1239100391485,5441.765324122303,502.31679914975103,2948.0090254241086,5441.765324122303,5441.765324122303,502.31679914975103,502.31679914975103,351.6217594048257,351.6217594048257,460.7142857142857,4,17.0,0.7632100204135751,460.7142857142857,1,4,1600000,10.5,0.25,0.04817686525217932,112953.91046382248,4546160.292113497,171164.52487999742,0.024846002605708944,1.4948113072998037,0.0,103.59229699689692,0.0,37.92563033023025,0.0,18.520037302498025,8.94724093207886,1531450.2431261432,3169973.3856419036,162467645.21909463,0.0,12858410796.420053,510.2108302367927,0.0,510.2108302367927,4362.112782717588,4872.32361295438,5441.765324122303,2948.009025424109,272.1239100391485,288.36642866015745,201.8565000621102,190.48673702740393,0.0386185194014572,7.371291168977569e-05,0.00016168715928665343,0.00016168715928665343,117.90770300310308,-117.90770300310308,115.5,-115.5,0.018674866897608472,-0.018674866897608472,0.019064161556586152,-0.019064161556586152,-0.018674866897608472,0.018674866897608472,-0.019064161556586152,0.019064161556586152,0.05729338629906567,0.019943652503848726,0.05768268095804335,0.019554357844871046,0.019943652503848726,0.05729338629906567,0.019554357844871046,0.05768268095804335,0.0386185194014572,0.0386185194014572,0.0386185194014572,0.0386185194014572,0.05729338629906567,0.05768268095804335,0.0386185194014572,0.0386185194014572,1.483572834667085,1.493653352123769,1.493653352123769,0.013329046671088293,0.01678367018652148,0.009874423155655109,0.009874423155655109,0.01678367018652148,0.017207396635958473,0.009450696706218117,0.009450696706218117,0.017207396635958473,0.01678367018652148,0.017207396635958473,0.01678367018652148,0.01678367018652148,0.06713468074608592,0.06713468074608592,0.21,435.5,10.5,1876.0,39996.975132298925,5274.326391072386,7691.351726733713,8686.818,46536.525,2147.268132298923,207.80014183537963,-1681.2900069938082,-1681.2900069938082,1.3333333333333333,2144.0,1340.0,39996.975132298925,140.07466666666664,1250.6666666666665,29997.7313492242,105.05600000000001,1250.6666666666665,1072.0,89.33333333333333,41387.71646563226,32514.7873492242,4005.2628837708635,3146.592324118471,5913.63547687716,4720.516930238516,5913.63547687716,B,6.5930410982189365,10.58537653284426,0.0
4,C-7.9,y,7.583333333333333,49.0,0.0,90.0,C-7.9,1,1.5284641359459237,1.5493057891045643,304.2916666666667,,90823.0472884392,96244.08888888889,1.0596879510465371,10.5,1.3846153846153846,6.769251493511157,304.2916666666667,7.583333333333333,2059.8268190463327,271.6255145995164,3802.2591046751995,501.3968050121142,2059.8268190463327,3802.2591046751995,3802.2591046751995,501.3968050121142,501.3968050121142,350.97776350847994,350.97776350847994,460.7142857142857,4,17.0,0.7618121998633673,460.7142857142857,1,4,1600000,10.5,0.25,0.05769064990824781,65907.71833429468,4546160.292113497,171164.52487999742,0.014497447098077215,0.650837381567827,0.0,103.59229699689692,0.0,54.59229699689692,0.0,18.520037302498025,8.94724093207886,1531450.2431261432,3169973.3856419036,196426018.04059726,0.0,12858410796.420053,428.5319821000104,0.0,428.5319821000104,2545.2584991987355,2973.790481298746,3802.2591046751995,2059.8268190463327,271.6255145995164,287.8382850179228,201.48679951254593,190.13786021966146,0.0386185194014572,7.371291168977569e-05,0.00016168715928665343,0.00016168715928665343,117.90770300310308,-117.90770300310308,115.5,-115.5,0.018674866897608472,-0.018674866897608472,0.019064161556586152,-0.019064161556586152,-0.018674866897608472,0.018674866897608472,-0.019064161556586152,0.019064161556586152,0.05729338629906567,0.019943652503848726,0.05768268095804335,0.019554357844871046,0.019943652503848726,0.05729338629906567,0.019554357844871046,0.05768268095804335,0.0386185194014572,0.0386185194014572,0.0386185194014572,0.0386185194014572,0.05729338629906567,0.05768268095804335,0.0386185194014572,0.0386185194014572,1.483572834667085,1.493653352123769,1.493653352123769,0.013329046671088293,0.01678367018652148,0.009874423155655109,0.009874423155655109,0.01678367018652148,0.017207396635958473,0.009450696706218117,0.009450696706218117,0.017207396635958473,0.01678367018652148,0.017207396635958473,0.01678367018652148,0.01678367018652148,0.06713468074608592,0.06713468074608592,0.21,304.2916666666667,7.583333333333333,1872.5641025641028,27946.604419362717,5264.6664526272,7677.265001959477,4522.788472222222,24229.223958333332,8240.168933251607,1163.3179670472857,189.26269362531752,189.26269362531752,1.3333333333333333,2140.07326007326,1337.5457875457876,27946.604419362717,139.81811965811966,1248.3760683760684,20959.953314522038,104.86358974358978,1248.3760683760684,1070.03663003663,89.16971916971917,29334.798607396908,23472.399321848043,4141.383332808975,3313.7504924961945,6145.393425148696,5024.471054640449,6145.393425148696,B,6.5930410982189365,10.58537653284426,0.0
4,C-8--C-W.6,y,17.5,36.5,0.0,90.0,C-8,1,1.5284641359459237,1.5493057891045643,1305.1041666666667,,90823.0472884392,96244.08888888889,1.0596879510465371,10.5,0.6,6.769251493511157,1305.1041666666667,17.5,8834.578329395968,504.8330473940553,16307.854416840879,931.8773952480502,8834.578329395968,16307.854416840879,16307.854416840879,931.8773952480502,931.8773952480502,652.3141766736351,652.3141766736351,769.6428571428571,2,23.0,0.8475543826850015,769.6428571428571,1,2,1600000,10.5,0.25,0.05039803559044109,323581.15203867113,4546160.292113497,171164.52487999742,0.07117680223462583,2.3802151408067918,0.0,103.59229699689692,0.0,67.09229699689692,0.0,18.520037302498025,8.94724093207886,1531450.2431261432,3169973.3856419036,1456560534.1943583,0.0,12858410796.420053,2585.6603303490906,0.0,2585.6603303490906,12496.224997951293,15081.885328300383,16307.854416840879,8834.578329395968,504.8330473940553,534.9654976135859,374.4758483295101,353.3831331758387,0.0386185194014572,7.371291168977569e-05,0.00016168715928665343,0.00016168715928665343,117.90770300310308,-117.90770300310308,115.5,-115.5,0.018674866897608472,-0.018674866897608472,0.019064161556586152,-0.019064161556586152,-0.018674866897608472,0.018674866897608472,-0.019064161556586152,0.019064161556586152,0.05729338629906567,0.019943652503848726,0.05768268095804335,0.019554357844871046,0.019943652503848726,0.05729338629906567,0.019554357844871046,0.05768268095804335,0.0386185194014572,0.0386185194014572,0.0386185194014572,0.0386185194014572,0.05729338629906567,0.05768268095804335,0.0386185194014572,0.0386185194014572,1.483572834667085,1.493653352123769,1.493653352123769,0.013329046671088293,0.01678367018652148,0.009874423155655109,0.009874423155655109,0.01678367018652148,0.017207396635958473,0.009450696706218117,0.009450696706218117,0.017207396635958473,0.01678367018652148,0.017207396635958473,0.01678367018652148,0.01678367018652148,0.06713468074608592,0.06713468074608592,0.21,1305.1041666666667,10.5,3480.277777777778,119862.72996378045,9784.712650104528,14268.678302571474,16115.426249999997,86332.640625,49645.51558878046,2920.3244463988503,2020.9929680294435,2020.9929680294435,1.3333333333333333,3977.460317460318,2485.9126984126983,119862.72996378045,259.8607407407407,2320.185185185185,89897.04747283534,194.8955555555556,2320.185185185185,1988.730158730159,165.7275132275132,122442.77588970638,94566.58588553376,7202.5162288062575,5562.740346207868,10585.376532844259,8260.738748839543,10585.376532844259,B,6.5930410982189365,10.58537653284426,0.0
4,C-8.1,y,14.25,34.916666666666664,0.0,90.0,C-8.1,1,1.5284641359459237,1.5493057891045643,203.79166666666666,,90823.0472884392,96244.08888888889,1.0596879510465371,10.5,0.7368421052631579,6.769251493511157,203.79166666666666,14.25,1379.5170439484612,96.80821361041832,2546.467106800821,178.6994460912857,1379.5170439484612,2546.467106800821,2546.467106800821,257.3379813789498,178.6994460912857,180.13658696526485,125.08961226389998,310.7142857142857,6,14.0,0.5797499350606226,310.7142857142857,1,6,1600000,10.5,0.25,0.032264077416506845,78925.76855453507,4546160.292113497,171164.52487999742,0.017360973543201378,0.6613192964509131,0.0,103.59229699689692,0.0,68.67563033023026,0.0,18.520037302498025,8.94724093207886,1531450.2431261432,3169973.3856419036,369571162.9684088,0.0,12858410796.420053,640.9306155004145,0.0,640.9306155004145,3026.1356191496197,3667.0662346500344,3667.0662346500344,1964.2546823187577,137.84243384693036,146.06996629052148,102.24897640336503,96.48970369285125,0.0386185194014572,7.371291168977569e-05,0.00016168715928665343,0.00016168715928665343,117.90770300310308,-117.90770300310308,115.5,-115.5,0.018674866897608472,-0.018674866897608472,0.019064161556586152,-0.019064161556586152,-0.018674866897608472,0.018674866897608472,-0.019064161556586152,0.019064161556586152,0.05729338629906567,0.019943652503848726,0.05768268095804335,0.019554357844871046,0.019943652503848726,0.05729338629906567,0.019554357844871046,0.05768268095804335,0.0386185194014572,0.0386185194014572,0.0386185194014572,0.0386185194014572,0.05729338629906567,0.05768268095804335,0.0386185194014572,0.0386185194014572,1.483572834667085,1.493653352123769,1.493653352123769,0.013329046671088293,0.01678367018652148,0.009874423155655109,0.009874423155655109,0.01678367018652148,0.017207396635958473,0.009450696706218117,0.009450696706218117,0.017207396635958473,0.01678367018652148,0.017207396635958473,0.01678367018652148,0.01678367018652148,0.06713468074608592,0.06713468074608592,0.21,50.947916666666664,10.5,166.84697855750485,26952.936824677752,2702.0488044789727,3956.7520535651765,772.5849342105262,4138.847861842105,23586.673897046174,1715.3944652397217,2380.8055184763257,2380.8055184763257,1.3333333333333333,190.682261208577,119.17641325536061,26952.936824677752,12.457907732293693,111.23131903833657,20214.702618508316,9.343430799220274,111.23131903833657,95.3411306042885,7.945094217024041,27076.62605144838,20438.563593167182,1969.209167378064,1486.440988593977,2888.4349227530106,2185.394418185616,2888.4349227530106,B,6.5930410982189365,10.58537653284426,0.0
4,C-8.3,y,19.0,26.083333333333332,0.0,90.0,C-8.3,1,1.5284641359459237,1.5493057891045643,1045.25,,90823.0472884392,96244.08888888889,1.0596879510465371,10.5,0.5526315789473685,6.769251493511157,1045.25,19.0,7075.560123592537,372.3979012417125,13060.861550031774,687.413765791146,7075.560123592537,13060.861550031774,13060.861550031774,733.6816982412358,687.413765791146,513.5771887688651,481.1896360538022,600.0,3,19.0,0.8559619812814419,600.0,1,3,1600000,10.5,0.25,0.047074999419686216,277447.93863066676,4546160.292113497,171164.52487999742,0.06102907086491709,1.5313811897786103,0.0,103.59229699689692,0.0,77.50896366356359,0.0,18.520037302498025,8.94724093207886,1531450.2431261432,3169973.3856419036,1750184950.1111665,0.0,12858410796.420053,2689.351754553451,0.0,2689.351754553451,11250.60051203003,13939.952266583481,13939.952266583481,7761.582475172287,408.5043407985414,432.8871278944227,303.0209895260959,285.95303855897896,0.0386185194014572,7.371291168977569e-05,0.00016168715928665343,0.00016168715928665343,117.90770300310308,-117.90770300310308,115.5,-115.5,0.018674866897608472,-0.018674866897608472,0.019064161556586152,-0.019064161556586152,-0.018674866897608472,0.018674866897608472,-0.019064161556586152,0.019064161556586152,0.05729338629906567,0.019943652503848726,0.05768268095804335,0.019554357844871046,0.019943652503848726,0.05729338629906567,0.019554357844871046,0.05768268095804335,0.0386185194014572,0.0386185194014572,0.0386185194014572,0.0386185194014572,0.05729338629906567,0.05768268095804335,0.0386185194014572,0.0386185194014572,1.483572834667085,1.493653352123769,1.493653352123769,0.013329046671088293,0.01678367018652148,0.009874423155655109,0.009874423155655109,0.01678367018652148,0.017207396635958473,0.009450696706218117,0.009450696706218117,0.017207396635958473,0.01678367018652148,0.017207396635958473,0.01678367018652148,0.01678367018652148,0.06713468074608592,0.06713468074608592,0.21,261.3125,10.5,641.8201754385964,102458.64915938857,7703.657831532975,11118.020084681268,2971.948322368421,15921.151726973683,89509.44575478332,4838.348419177477,6593.041098218937,6593.041098218937,1.3333333333333333,733.5087719298245,458.4429824561403,102458.64915938857,47.92257309941519,427.88011695906425,76843.98686954145,35.9419298245614,427.88011695906425,366.7543859649123,30.56286549707602,102934.45184944705,77705.12616778706,5564.024424294435,4200.277090150652,8044.393108452854,6087.812375199292,8044.393108452854,B,6.5930410982189365,10.58537653284426,0.0
4,C-A.5--C-2,x,14.75,0.0,97.33333333333333,-23.0,C-A.5,1,1.0,1.8012647739263434,935.3263888888888,,94249.27336230275,96244.08888888889,1.0596879510465371,10.5,0.711864406779661,7.024616036543396,935.3263888888888,14.75,6570.308750791113,445.44466107058395,12128.211962881873,822.251658500466,6570.308750791113,12128.211962881873,12128.211962881873,833.0406511251846,822.251658500466,583.1284557876292,575.5761609503261,600.0,3,19.0,0.9718807596460486,600.0,1,3,1600000,10.5,0.25,0.05578865012272832,217395.6877644694,3333340.6484930543,171195.50706196795,0.06521856320407883,0.0,6.414561231267269,0.0,54.39917556834366,0.0,42.93415776498967,11.075000000000001,10.402304069424634,1780827.7197779228,1895990.2407112953,0.0,393048131.8106553,12858410796.420053,0.0,1349.8688942389417,1349.8688942389417,10937.480709857531,12287.349604096473,12287.349604096473,6281.648490137466,425.8744739076248,451.2940486581929,315.905834060735,298.11213173533736,0.05129528643918603,7.372625433098683e-05,0.00014138844445293149,0.00014138844445293149,221.5,-221.5,61.10082443165634,-61.10082443165634,0.008638950521183561,-0.008638950521183561,0.03131754044632432,-0.03131754044632432,-0.008638950521183561,0.008638950521183561,-0.03131754044632432,0.03131754044632432,0.05993423696036959,0.04265633591800247,0.08261282688551036,0.019977745992861708,0.04265633591800247,0.05993423696036959,0.019977745992861708,0.08261282688551036,0.05129528643918603,0.05129528643918603,0.05129528643918603,0.05129528643918603,0.05993423696036959,0.08261282688551036,0.05129528643918603,0.05129528643918603,1.1684160694067984,1.610534468570584,1.610534468570584,0.01118260651305645,0.014042684855947715,0.008322528170165183,0.008322528170165183,0.014042684855947715,0.02141797178786605,0.0009472412382468542,0.0009472412382468542,0.02141797178786605,0.014042684855947715,0.02141797178786605,0.01118260651305645,0.01118260651305645,0.0447304260522258,0.0447304260522258,0.21,467.6631944444444,10.5,1479.612366603892,90312.01959010906,8746.926836814439,13022.171697598817,6851.345063559322,36703.6342690678,60459.73038460058,4242.788097164953,5245.568025732688,5245.568025732688,1.3333333333333333,1690.9855618330193,1056.865976145637,90312.01959010906,110.47772337309058,986.4082444025946,67734.01469258181,82.85829252981797,986.4082444025946,845.4927809165097,70.45773174304247,91408.90555788475,69719.23174217378,6414.660039149807,4892.577666117459,9589.311909702395,7355.149205787002,9589.311909702395,B,6.5930410982189365,10.58537653284426,0.0
4,C-B--C-2,x,23.25,0.0,82.33333333333333,-23.0,C-B,1,1.0,1.8012647739263434,597.0,,94249.27336230275,96244.08888888889,1.0596879510465371,10.5,0.45161290322580644,7.024616036543396,2198.298333333333,51.833333333333336,15442.201725439952,297.92029052295726,28504.94593228443,549.9346482112752,6926.646754658756,12785.980570912147,12785.980570912147,647.1598475555959,549.9346482112751,453.01189328891707,384.95425374789255,460.7142857142857,4,17.0,0.983281628844161,460.7142857142857,1,4,1600000,10.5,0.25,0.04399696278851259,290610.5276487519,3333340.6484930543,171195.50706196795,0.08718296696742708,0.0,8.146596678308361,0.0,54.39917556834366,0.0,27.93415776498967,11.075000000000001,10.402304069424634,1780827.7197779228,1895990.2407112953,0.0,211877329.24010488,12858410796.420053,0.0,1118.4014192503287,1118.4014192503287,13928.065036417276,15046.466455667605,15046.466455667605,7898.966688753643,339.7405027420922,360.0189172382881,252.01324206680167,237.8183519194645,0.05129528643918603,7.372625433098683e-05,0.00014138844445293149,0.00014138844445293149,221.5,-221.5,61.10082443165634,-61.10082443165634,0.008638950521183561,-0.008638950521183561,0.03131754044632432,-0.03131754044632432,-0.008638950521183561,0.008638950521183561,-0.03131754044632432,0.03131754044632432,0.05993423696036959,0.04265633591800247,0.08261282688551036,0.019977745992861708,0.04265633591800247,0.05993423696036959,0.019977745992861708,0.08261282688551036,0.05129528643918603,0.05129528643918603,0.05129528643918603,0.05129528643918603,0.05993423696036959,0.08261282688551036,0.05129528643918603,0.05129528643918603,1.1684160694067984,1.610534468570584,1.610534468570584,0.01118260651305645,0.014042684855947715,0.008322528170165183,0.008322528170165183,0.014042684855947715,0.02141797178786605,0.0009472412382468542,0.0009472412382468542,0.02141797178786605,0.014042684855947715,0.02141797178786605,0.01118260651305645,0.01118260651305645,0.0447304260522258,0.0447304260522258,0.21,298.5,10.5,599.1397849462365,110591.52844915689,6795.178399333757,10023.081519875546,2774.316774193548,14862.411290322578,98503.43393302786,4329.821271781444,6107.66869027325,6107.66869027325,1.3333333333333333,684.7311827956988,427.95698924731175,110591.52844915689,44.73577060931899,399.42652329749103,82943.64633686768,33.55182795698925,399.42652329749103,342.3655913978494,28.530465949820783,111035.6907430637,83747.52074546982,4880.689702991811,3681.2097030975747,7209.405552693984,5448.439016227921,7209.405552693984,E,14.060633739362498,14.060633739362498,0.0
4,C-B--C-4,x,9.916666666666666,0.0,63.333333333333336,-23.0,C-B,1,1.0,1.8012647739263434,949.1666666666666,,94249.27336230275,96244.08888888889,1.0596879510465371,10.5,1.0588235294117647,7.024616036543396,2198.298333333333,51.833333333333336,15442.201725439952,297.92029052295726,28504.94593228443,549.9346482112752,2954.376214352659,5453.518594761812,5453.518594761812,549.9346482112752,549.9346482112752,384.9542537478926,384.9542537478926,460.7142857142857,4,17.0,0.8355596205380614,460.7142857142857,1,4,1600000,10.5,0.25,0.05291177474891198,103068.1473195898,3333340.6484930543,171195.50706196795,0.030920376339629473,0.0,1.9600268915864867,0.0,54.39917556834366,0.0,8.934157764989678,11.075000000000001,10.402304069424634,1780827.7197779228,1895990.2407112953,0.0,8226814.484707767,12858410796.420053,0.0,135.77721237844267,135.77721237844267,5286.910139514583,5422.687351893025,5453.518594761812,2824.768235250302,284.8505783445683,301.85272572037667,211.29690800426366,199.3954048411978,0.05129528643918603,7.372625433098683e-05,0.00014138844445293149,0.00014138844445293149,221.5,-221.5,61.10082443165634,-61.10082443165634,0.008638950521183561,-0.008638950521183561,0.03131754044632432,-0.03131754044632432,-0.008638950521183561,0.008638950521183561,-0.03131754044632432,0.03131754044632432,0.05993423696036959,0.04265633591800247,0.08261282688551036,0.019977745992861708,0.04265633591800247,0.05993423696036959,0.019977745992861708,0.08261282688551036,0.05129528643918603,0.05129528643918603,0.05129528643918603,0.05129528643918603,0.05993423696036959,0.08261282688551036,0.05129528643918603,0.05129528643918603,1.1684160694067984,1.610534468570584,1.610534468570584,0.01118260651305645,0.014042684855947715,0.008322528170165183,0.008322528170165183,0.014042684855947715,0.02141797178786605,0.0009472412382468542,0.0009472412382468542,0.02141797178786605,0.014042684855947715,0.02141797178786605,0.01118260651305645,0.01118260651305645,0.0447304260522258,0.0447304260522258,0.21,0.0,9.916666666666666,0.0,40083.36167149932,5774.31380621839,8557.696539818811,0.0,0.0,40083.36167149932,4256.640177504352,6308.4612545743985,6308.4612545743985,1.3333333333333333,0.0,0.0,40083.36167149932,0.0,0.0,30062.521253624487,0.0,0.0,0.0,0.0,40083.36167149932,30062.521253624487,4256.640177504352,3192.4801331282642,6308.4612545743985,4731.345940930799,6308.4612545743985,E,14.060633739362498,14.060633739362498,0.0
4,C-B--C-4.9,x,18.666666666666668,0.0,55.666666666666664,-23.0,C-B,1,1.0,1.8012647739263434,652.1316666666667,,94249.27336230275,96244.08888888889,1.0596879510465371,10.5,0.5625,7.024616036543396,2198.298333333333,51.833333333333336,15442.201725439952,297.92029052295726,28504.94593228443,549.9346482112752,5561.178756428536,10265.44676661047,10265.44676661047,629.4532406518813,549.9346482112752,440.6172684563169,384.9542537478926,460.7142857142857,4,17.0,0.9563785671920056,460.7142857142857,1,4,1600000,10.5,0.25,0.04566612364738122,224793.47811250354,3333340.6484930543,171195.50706196795,0.06743789543805814,0.0,4.146802579984063,0.0,54.39917556834366,0.0,1.2674910983230063,11.075000000000001,10.402304069424634,1780827.7197779228,1895990.2407112953,0.0,366659.68034600373,12858410796.420053,0.0,42.654714431645424,42.654714431645424,11707.13911107014,11749.793825501785,11749.793825501785,6186.528702359494,331.4211804835443,351.2030316800316,245.8421221760221,231.99482633848098,0.05129528643918603,7.372625433098683e-05,0.00014138844445293149,0.00014138844445293149,221.5,-221.5,61.10082443165634,-61.10082443165634,0.008638950521183561,-0.008638950521183561,0.03131754044632432,-0.03131754044632432,-0.008638950521183561,0.008638950521183561,-0.03131754044632432,0.03131754044632432,0.05993423696036959,0.04265633591800247,0.08261282688551036,0.019977745992861708,0.04265633591800247,0.05993423696036959,0.019977745992861708,0.08261282688551036,0.05129528643918603,0.05129528643918603,0.05129528643918603,0.05129528643918603,0.05993423696036959,0.08261282688551036,0.05129528643918603,0.05129528643918603,1.1684160694067984,1.610534468570584,1.610534468570584,0.01118260651305645,0.014042684855947715,0.008322528170165183,0.008322528170165183,0.014042684855947715,0.02141797178786605,0.0009472412382468542,0.0009472412382468542,0.02141797178786605,0.014042684855947715,0.02141797178786605,0.01118260651305645,0.01118260651305645,0.0447304260522258,0.0447304260522258,0.21,0.0,10.5,0.0,86360.98461743811,6609.259026844754,9738.595658612292,0.0,0.0,86360.98461743811,4753.815667014941,7004.641281056914,7004.641281056914,1.3333333333333333,0.0,0.0,86360.98461743811,0.0,0.0,64770.7384630786,0.0,0.0,0.0,0.0,86360.98461743811,64770.7384630786,4753.815667014941,3565.361750261207,7004.641281056914,5253.480960792687,7004.641281056914,E,14.060633739362498,14.060633739362498,0.0
4,C-C--C-2.5,x,28.0,0.0,69.91666666666667,-23.0,C-C,2,1.0,1.8012647739263434,2590.6666666666665,,94249.27336230275,96244.08888888889,1.0596879510465371,10.5,0.375,7.024616036543396,4384.958333333333,59.416666666666664,30802.648627907933,518.4176487165431,56858.979653347036,956.9533742498801,14515.694164063207,26794.694478996644,26794.694478996644,1332.6167362885767,956.9533742498801,932.8317154020036,669.867361974916,1200.0,3,19.0,0.777359762835003,769.6428571428571,1,2,1600000,10.5,0.25,0.040684078129091986,658603.9480598811,3333340.6484930543,171195.50706196795,0.1975807508175393,0.0,12.28513327823089,0.0,54.39917556834366,0.0,15.517491098323013,11.075000000000001,10.402304069424634,1780827.7197779228,1895990.2407112953,0.0,167678101.3075607,12858410796.420053,0.0,1593.3223343944676,1593.3223343944676,35719.946281685676,37313.268616080146,37313.268616080146,22018.723921620327,786.382997200726,833.3205870414721,583.3244109290305,550.4680980405082,0.05129528643918603,7.372625433098683e-05,0.00014138844445293149,0.00014138844445293149,221.5,-221.5,61.10082443165634,-61.10082443165634,0.008638950521183561,-0.008638950521183561,0.03131754044632432,-0.03131754044632432,-0.008638950521183561,0.008638950521183561,-0.03131754044632432,0.03131754044632432,0.05993423696036959,0.04265633591800247,0.08261282688551036,0.019977745992861708,0.04265633591800247,0.05993423696036959,0.019977745992861708,0.08261282688551036,0.05129528643918603,0.05129528643918603,0.05129528643918603,0.05129528643918603,0.05993423696036959,0.08261282688551036,0.05129528643918603,0.05129528643918603,1.1684160694067984,1.610534468570584,1.610534468570584,0.01118260651305645,0.014042684855947715,0.008322528170165183,0.008322528170165183,0.014042684855947715,0.02141797178786605,0.0009472412382468542,0.0009472412382468542,0.02141797178786605,0.014042684855947715,0.02141797178786605,0.01118260651305645,0.01118260651305645,0.0447304260522258,0.0447304260522258,0.21,0.0,10.5,0.0,274252.524328189,13992.475731030054,19727.929991452485,0.0,0.0,274252.524328189,9972.8190664796,14060.633739362498,14060.633739362498,1.3333333333333333,0.0,0.0,274252.524328189,0.0,0.0,205689.39324614182,0.0,0.0,0.0,0.0,274252.524328189,205689.39324614182,9972.8190664796,7479.614299859702,14060.633739362498,10545.475304521875,14060.633739362498,E,14.060633739362498,14.060633739362498,5733.083506012854
4,C-C--C-3.6,x,19.333333333333332,0.0,56.25,-23.0,C-C,1,1.0,1.8012647739263434,1058.0416666666665,,94249.27336230275,96244.08888888889,1.0596879510465371,10.5,0.5431034482758621,7.024616036543396,4384.958333333333,59.416666666666664,30802.648627907933,518.4176487165431,56858.979653347036,956.9533742498801,10022.741208519832,18501.098568831014,18501.098568831014,962.1911592493298,956.9533742498801,673.5338114745308,669.867361974916,769.6428571428571,2,23.0,0.8751251378787408,769.6428571428571,1,2,1600000,10.5,0.25,0.05020599446925531,368503.7765791204,3333340.6484930543,171195.50706196795,0.11055089036451002,0.0,6.250357980634548,0.0,54.39917556834366,0.0,1.850824431656342,11.075000000000001,10.402304069424634,1780827.7197779228,1895990.2407112953,0.0,1235710.2090940347,12858410796.420053,0.0,98.44648449483968,98.44648449483968,18503.91592765887,18602.362412153707,18602.362412153707,10017.521592834959,518.1476685949117,549.0748412728822,384.3523888910175,362.70336801643816,0.05129528643918603,7.372625433098683e-05,0.00014138844445293149,0.00014138844445293149,221.5,-221.5,61.10082443165634,-61.10082443165634,0.008638950521183561,-0.008638950521183561,0.03131754044632432,-0.03131754044632432,-0.008638950521183561,0.008638950521183561,-0.03131754044632432,0.03131754044632432,0.05993423696036959,0.04265633591800247,0.08261282688551036,0.019977745992861708,0.04265633591800247,0.05993423696036959,0.019977745992861708,0.08261282688551036,0.05129528643918603,0.05129528643918603,0.05129528643918603,0.05129528643918603,0.05993423696036959,0.08261282688551036,0.05129528643918603,0.05129528643918603,1.1684160694067984,1.610534468570584,1.610534468570584,0.01118260651305645,0.014042684855947715,0.008322528170165183,0.008322528170165183,0.014042684855947715,0.02141797178786605,0.0009472412382468542,0.0009472412382468542,0.02141797178786605,0.014042684855947715,0.02141797178786605,0.01118260651305645,0.01118260651305645,0.0447304260522258,0.0447304260522258,0.21,0.0,10.5,0.0,136727.36372932975,10103.007172117963,14765.463823989352,0.0,0.0,136727.36372932975,7259.8600210263585,10610.227101840135,10610.227101840135,1.3333333333333333,0.0,0.0,136727.36372932975,0.0,0.0,102545.52279699732,0.0,0.0,0.0,0.0,136727.36372932975,102545.52279699732,7259.8600210263585,5444.89501576977,10610.227101840135,7957.670326380103,10610.227101840135,E,14.060633739362498,14.060633739362498,111.76523284538598
4,C-C--C-5.2,x,12.083333333333334,0.0,47.416666666666664,-23.0,C-C,1,1.0978913250434041,2.5947397964983487,736.25,,94249.27336230275,96244.08888888889,1.0596879510465371,10.5,0.8689655172413793,7.024616036543396,4384.958333333333,59.416666666666664,30802.648627907933,518.4176487165431,56858.979653347036,956.9533742498801,6264.213255324897,11563.186605519386,11563.186605519386,956.9533742498802,956.9533742498802,669.8673619749161,669.8673619749161,769.6428571428571,2,23.0,0.8703613055822577,769.6428571428571,1,2,1600000,10.5,0.25,0.05814735590756348,198860.05863966228,3333340.6484930543,171195.50706196795,0.0596578866698078,0.0,2.8312863661068026,0.0,54.39917556834366,0.0,6.982508901676994,12.1591464248557,26.133797893121624,4473988.781767946,2081591.2376438864,0.0,9695507.780560996,12858410796.420053,0.0,224.78494239440383,224.78494239440383,10200.583669234808,10425.368611629212,11563.186605519386,6264.213255324897,518.4176487165431,549.360935954797,384.5526551683579,362.89235410158017,0.05129528643918603,0.0002160616575400828,0.00014138844445293149,0.0002160616575400828,221.5,-221.5,61.10082443165634,-61.10082443165634,0.013201545403769256,-0.013201545403769256,0.04785765714512834,-0.04785765714512834,-0.013201545403769256,0.013201545403769256,-0.04785765714512834,0.04785765714512834,0.0644968318429553,0.038093741035416774,0.09915294358431437,0.0034376292940576925,0.038093741035416774,0.0644968318429553,0.0034376292940576925,0.09915294358431437,0.05129528643918603,0.05129528643918603,0.05129528643918603,0.05129528643918603,0.0644968318429553,0.09915294358431437,0.05129528643918603,0.05129528643918603,1.2573637135143123,1.9329835247506955,1.9329835247506955,0.01118260651305645,0.01535228618214491,0.007012926843967995,0.007012926843967995,0.01535228618214491,0.026090689819295965,-0.0037254767931830593,-0.0037254767931830593,0.026090689819295965,0.01535228618214491,0.026090689819295965,0.01535228618214491,0.01535228618214491,0.06140914472857964,0.06140914472857964,0.21,0.0,10.5,0.0,84989.42155056748,10048.010429623742,14652.635547723781,0.0,0.0,84989.42155056748,7337.216248969854,10699.586389165206,10699.586389165206,1.3333333333333333,0.0,0.0,84989.42155056748,0.0,0.0,63742.06616292562,0.0,0.0,0.0,0.0,84989.42155056748,63742.06616292562,7337.216248969854,5502.912186727392,10699.586389165206,8024.689791873906,10699.586389165206,E,14.060633739362498,14.060633739362498,72.27315471289603
4,C-X--C-6.5,x,13.0,0.0,36.25,0.0,C-X,1,1.0978913250434041,2.5947397964983487,1083.5,,90823.0472884392,96244.08888888889,1.0596879510465371,10.5,0.8076923076923077,6.769251493511157,1801.0033333333333,24.0,12191.444503985238,507.97685433271823,22504.334071095327,937.6805862956386,6603.699106325337,12189.847621843302,12189.847621843302,937.6805862956387,937.6805862956387,656.376410406947,656.376410406947,769.6428571428571,2,23.0,0.8528324589974253,769.6428571428571,1,2,1600000,10.5,0.25,0.05581299268752801,218405.19626117896,3333340.6484930543,171195.50706196795,0.06552141508846873,0.0,2.377257311942678,0.0,54.39917556834366,0.0,18.149175568343658,12.1591464248557,26.133797893121624,4473988.781767946,2081591.2376438864,0.0,71941049.73007074,12858410796.420053,0.0,641.6940662952387,641.6940662952387,11203.157102023817,11844.851168319055,12189.847621843302,6603.699106325338,507.9768543327183,538.2969519469035,376.80786636283244,355.5837980329028,0.05129528643918603,0.0002160616575400828,0.00014138844445293149,0.0002160616575400828,221.5,-221.5,61.10082443165634,-61.10082443165634,0.013201545403769256,-0.013201545403769256,0.04785765714512834,-0.04785765714512834,-0.013201545403769256,0.013201545403769256,-0.04785765714512834,0.04785765714512834,0.0644968318429553,0.038093741035416774,0.09915294358431437,0.0034376292940576925,0.038093741035416774,0.0644968318429553,0.0034376292940576925,0.09915294358431437,0.05129528643918603,0.05129528643918603,0.05129528643918603,0.05129528643918603,0.0644968318429553,0.09915294358431437,0.05129528643918603,0.05129528643918603,1.2573637135143123,1.9329835247506955,1.9329835247506955,0.01118260651305645,0.01535228618214491,0.007012926843967995,0.007012926843967995,0.01535228618214491,0.026090689819295965,-0.0037254767931830593,-0.0037254767931830593,0.026090689819295965,0.01535228618214491,0.026090689819295965,0.01535228618214491,0.01535228618214491,0.06140914472857964,0.06140914472857964,0.21,0.0,10.5,0.0,89595.38002054827,9845.646156104205,14357.535341714869,0.0,0.0,89595.38002054827,7167.630401643862,10452.285728768424,10452.285728768424,1.3333333333333333,0.0,0.0,89595.38002054827,0.0,0.0,67196.53501541121,0.0,0.0,0.0,0.0,89595.38002054827,67196.53501541121,7167.630401643862,5375.722801232897,10452.285728768424,7839.21429657632,10452.285728768424,E,14.060633739362498,14.060633739362498,0.0
4,C-X--C-8.5,x,11.0,0.0,36.25,0.0,C-X,1,1.0978913250434041,2.5947397964983487,717.5033333333333,,90823.0472884392,96244.08888888889,1.0596879510465371,10.5,0.9545454545454546,6.769251493511157,1801.0033333333333,24.0,12191.444503985238,507.97685433271823,22504.334071095327,937.6805862956386,5587.745397659901,10314.486449252025,10314.486449252025,937.6805862956386,937.6805862956386,656.376410406947,656.376410406947,769.6428571428571,2,23.0,0.8528324589974253,769.6428571428571,1,2,1600000,10.5,0.25,0.059474876630646274,173425.94106260265,3333340.6484930543,171195.50706196795,0.05202766814157009,0.0,1.887675263818316,0.0,54.39917556834366,0.0,18.149175568343658,12.1591464248557,26.133797893121624,4473988.781767946,2081591.2376438864,0.0,57125217.09212958,12858410796.420053,0.0,509.5409780839579,509.5409780839579,8895.933322791598,9405.474300875556,10314.486449252025,5587.745397659901,507.97685433271823,538.2969519469034,376.8078663628323,355.58379803290273,0.05129528643918603,0.0002160616575400828,0.00014138844445293149,0.0002160616575400828,221.5,-221.5,61.10082443165634,-61.10082443165634,0.013201545403769256,-0.013201545403769256,0.04785765714512834,-0.04785765714512834,-0.013201545403769256,0.013201545403769256,-0.04785765714512834,0.04785765714512834,0.0644968318429553,0.038093741035416774,0.09915294358431437,0.0034376292940576925,0.038093741035416774,0.0644968318429553,0.0034376292940576925,0.09915294358431437,0.05129528643918603,0.05129528643918603,0.05129528643918603,0.05129528643918603,0.0644968318429553,0.09915294358431437,0.05129528643918603,0.05129528643918603,1.2573637135143123,1.9329835247506955,1.9329835247506955,0.01118260651305645,0.01535228618214491,0.007012926843967995,0.007012926843967995,0.01535228618214491,0.026090689819295965,-0.0037254767931830593,-0.0037254767931830593,0.026090689819295965,0.01535228618214491,0.026090689819295965,0.01535228618214491,0.01535228618214491,0.06140914472857964,0.06140914472857964,0.21,179.37583333333333,10.5,760.9883838383837,75811.47540200237,9845.646156104205,14357.535341714869,3523.756711363636,18877.26809659091,60457.96401677509,5757.901334930961,7604.380891499992,7604.380891499992,1.3333333333333333,869.7010101010101,543.5631313131312,75811.47540200237,56.82046599326598,507.3255892255891,56858.60655150179,42.6153494949495,507.3255892255891,434.85050505050503,36.23754208754208,76375.62145722122,57879.63553736037,7273.868710211545,5512.346241653368,10636.31564206116,8091.126149535289,10636.31564206116,C,12.177874945082305,12.177874945082305,0.0
4,C-W.6--C-7.3,x,19.083333333333332,0.0,47.08333333333333,0.0,C-W.6,1,1.0978913250434041,2.5947397964983487,956.8333333333334,,90823.0472884392,96244.08888888889,1.0596879510465371,10.5,0.5502183406113538,6.769251493511157,956.8333333333334,19.083333333333332,6477.045470707925,339.408496281638,11956.056152233503,626.5182263179129,6477.045470707925,11956.056152233503,11956.056152233503,704.4835457611025,626.5182263179129,493.1384820327717,438.562758422539,600.0,3,19.0,0.8218974700546195,460.7142857142857,1,4,1600000,10.5,0.25,0.04560203976540939,262182.48599709687,3333340.6484930543,171195.50706196795,0.07865457318789937,0.0,3.738058681179397,0.0,54.39917556834366,0.0,7.315842235010329,12.1591464248557,26.133797893121624,4473988.781767946,2081591.2376438864,0.0,13710809.80494532,12858410796.420053,0.0,303.39395940777814,303.39395940777814,13140.500372199927,13443.894331607706,13443.894331607706,7130.188546568101,373.6343343179791,395.9358021740561,277.15506152183923,261.5440340225854,0.05129528643918603,0.0002160616575400828,0.00014138844445293149,0.0002160616575400828,221.5,-221.5,61.10082443165634,-61.10082443165634,0.013201545403769256,-0.013201545403769256,0.04785765714512834,-0.04785765714512834,-0.013201545403769256,0.013201545403769256,-0.04785765714512834,0.04785765714512834,0.0644968318429553,0.038093741035416774,0.09915294358431437,0.0034376292940576925,0.038093741035416774,0.0644968318429553,0.0034376292940576925,0.09915294358431437,0.05129528643918603,0.05129528643918603,0.05129528643918603,0.05129528643918603,0.0644968318429553,0.09915294358431437,0.05129528643918603,0.05129528643918603,1.2573637135143123,1.9329835247506955,1.9329835247506955,0.01118260651305645,0.01535228618214491,0.007012926843967995,0.007012926843967995,0.01535228618214491,0.026090689819295965,-0.0037254767931830593,-0.0037254767931830593,0.026090689819295965,0.01535228618214491,0.026090689819295965,0.01535228618214491,0.01535228618214491,0.06140914472857964,0.06140914472857964,0.21,0.0,10.5,0.0,98812.62333731662,7397.077230491577,10870.993950644373,0.0,0.0,98812.62333731662,5317.271210976679,7814.440942996827,7814.440942996827,1.3333333333333333,0.0,0.0,98812.62333731662,0.0,0.0,74109.46750298748,0.0,0.0,0.0,0.0,98812.62333731662,74109.46750298748,5317.271210976679,3987.9534082325104,7814.440942996827,5860.830707247622,7814.440942996827,C,12.177874945082305,12.177874945082305,0.0
4,C-Y--C-6.5,x,11.333333333333334,0.0,30.75,0.0,C-Y,1,1.0978913250434041,2.5947397964983487,1137.1666666666665,,90823.0472884392,96244.08888888889,1.0596879510465371,10.5,0.926470588235294,6.769251493511157,1600.5833333333333,20.166666666666668,10834.751119655732,537.2603860986313,19999.997432150223,991.7354098586887,6088.951042451155,11239.667978398475,11239.667978398475,991.7354098586889,991.7354098586889,694.2147869010821,694.2147869010821,769.6428571428571,2,23.0,0.9019960108227517,769.6428571428571,1,2,1600000,10.5,0.25,0.06105034498111567,184104.90525279052,3333340.6484930543,171195.50706196795,0.05523135036799229,0.0,1.699869940550368,0.0,54.39917556834366,0.0,23.649175568343658,12.1591464248557,26.133797893121624,4473988.781767946,2081591.2376438864,0.0,102966836.70895116,12858410796.420053,0.0,704.8383406312514,704.8383406312514,9443.713849801094,10148.552190432345,11239.667978398475,6088.951042451155,537.2603860986313,569.3283577233301,398.52985040633104,376.0822702690419,0.05129528643918603,0.0002160616575400828,0.00014138844445293149,0.0002160616575400828,221.5,-221.5,61.10082443165634,-61.10082443165634,0.013201545403769256,-0.013201545403769256,0.04785765714512834,-0.04785765714512834,-0.013201545403769256,0.013201545403769256,-0.04785765714512834,0.04785765714512834,0.0644968318429553,0.038093741035416774,0.09915294358431437,0.0034376292940576925,0.038093741035416774,0.0644968318429553,0.0034376292940576925,0.09915294358431437,0.05129528643918603,0.05129528643918603,0.05129528643918603,0.05129528643918603,0.0644968318429553,0.09915294358431437,0.05129528643918603,0.05129528643918603,1.2573637135143123,1.9329835247506955,1.9329835247506955,0.01118260651305645,0.01535228618214491,0.007012926843967995,0.007012926843967995,0.01535228618214491,0.026090689819295965,-0.0037254767931830593,-0.0037254767931830593,0.026090689819295965,0.01535228618214491,0.026090689819295965,0.01535228618214491,0.01535228618214491,0.06140914472857964,0.06140914472857964,0.21,0.0,10.5,0.0,82611.55964122879,10413.221803516233,15185.209552996837,0.0,0.0,82611.55964122879,7625.682428421118,11120.245764963838,11120.245764963838,1.3333333333333333,0.0,0.0,82611.55964122879,0.0,0.0,61958.669730921596,0.0,0.0,0.0,0.0,82611.55964122879,61958.669730921596,7625.682428421118,5719.261821315839,11120.245764963838,8340.184323722879,11120.245764963838,C,12.177874945082305,12.177874945082305,226.195447462228
4,C-Y--C-7.2,x,8.833333333333334,0.0,30.75,0.0,C-Y,1,1.0978913250434041,2.5947397964983487,463.4166666666667,,90823.0472884392,96244.08888888889,1.0596879510465371,10.5,1.1886792452830188,6.769251493511157,1600.5833333333333,20.166666666666668,10834.751119655732,537.2603860986313,19999.997432150223,991.7354098586887,4745.800077204577,8760.329453751752,8760.329453751752,991.7354098586889,991.7354098586889,694.2147869010821,694.2147869010821,769.6428571428571,2,23.0,0.9019960108227517,769.6428571428571,1,2,1600000,10.5,0.25,0.06765070737987663,129493.53810242047,3333340.6484930543,171195.50706196795,0.03884797617698097,0.0,1.1956344814038131,0.0,54.39917556834366,0.0,23.649175568343658,12.1591464248557,26.133797893121624,4473988.781767946,2081591.2376438864,0.0,72423599.87284572,12858410796.420053,0.0,495.76088368344193,495.76088368344193,6642.408128987308,7138.16901267075,8760.329453751752,4745.800077204577,537.2603860986313,569.3283577233301,398.52985040633104,376.0822702690419,0.05129528643918603,0.0002160616575400828,0.00014138844445293149,0.0002160616575400828,221.5,-221.5,61.10082443165634,-61.10082443165634,0.013201545403769256,-0.013201545403769256,0.04785765714512834,-0.04785765714512834,-0.013201545403769256,0.013201545403769256,-0.04785765714512834,0.04785765714512834,0.0644968318429553,0.038093741035416774,0.09915294358431437,0.0034376292940576925,0.038093741035416774,0.0644968318429553,0.0034376292940576925,0.09915294358431437,0.05129528643918603,0.05129528643918603,0.05129528643918603,0.05129528643918603,0.0644968318429553,0.09915294358431437,0.05129528643918603,0.05129528643918603,1.2573637135143123,1.9329835247506955,1.9329835247506955,0.01118260651305645,0.01535228618214491,0.007012926843967995,0.007012926843967995,0.01535228618214491,0.026090689819295965,-0.0037254767931830593,-0.0037254767931830593,0.026090689819295965,0.01535228618214491,0.026090689819295965,0.01535228618214491,0.01535228618214491,0.06140914472857964,0.06140914472857964,0.21,0.0,8.833333333333334,0.0,64388.42148507538,10413.221803516233,15185.209552996837,0.0,0.0,64388.42148507538,7726.610578209044,11267.425488323654,11267.425488323654,1.3333333333333333,0.0,0.0,64388.42148507538,0.0,0.0,48291.31611380654,0.0,0.0,0.0,0.0,64388.42148507538,48291.31611380654,7726.610578209044,5794.957933656785,11267.425488323654,8450.569116242741,11267.425488323654,C,12.177874945082305,12.177874945082305,176.299392874972
4,C-Y.3--C-8,x,8.583333333333334,0.0,21.916666666666668,0.0,C-Y.3,1,1.0978913250434041,2.5947397964983487,735.0,,90823.0472884392,96244.08888888889,1.0596879510465371,10.5,1.2233009708737863,6.769251493511157,735.0,8.583333333333334,4975.3998477307005,579.6582346870719,9184.150432215598,1069.9981086076425,4975.3998477307005,9184.150432215598,9184.150432215598,1069.9981086076425,1069.9981086076425,748.9986760253497,748.9986760253497,769.6428571428571,2,23.0,0.9731769340468581,769.6428571428571,1,2,1600000,10.5,0.25,0.07191845422447146,127702.27796540344,3333340.6484930543,171195.50706196795,0.03831059931517513,0.0,0.840385133146533,0.0,54.39917556834366,0.0,32.482508901676994,12.1591464248557,26.133797893121624,4473988.781767946,2081591.2376438864,0.0,134740382.71850565,12858410796.420053,0.0,671.5160004050789,671.5160004050789,6550.524927171924,7222.040927577003,9184.150432215598,4975.3998477307005,579.6582346870719,614.2568470227959,429.9797929159571,405.7607642809503,0.05129528643918603,0.0002160616575400828,0.00014138844445293149,0.0002160616575400828,221.5,-221.5,61.10082443165634,-61.10082443165634,0.013201545403769256,-0.013201545403769256,0.04785765714512834,-0.04785765714512834,-0.013201545403769256,0.013201545403769256,-0.04785765714512834,0.04785765714512834,0.0644968318429553,0.038093741035416774,0.09915294358431437,0.0034376292940576925,0.038093741035416774,0.0644968318429553,0.0034376292940576925,0.09915294358431437,0.05129528643918603,0.05129528643918603,0.05129528643918603,0.05129528643918603,0.0644968318429553,0.09915294358431437,0.05129528643918603,0.05129528643918603,1.2573637135143123,1.9329835247506955,1.9329835247506955,0.01118260651305645,0.01535228618214491,0.007012926843967995,0.007012926843967995,0.01535228618214491,0.026090689819295965,-0.0037254767931830593,-0.0037254767931830593,0.026090689819295965,0.01535228618214491,0.026090689819295965,0.01535228618214491,0.01535228618214491,0.06140914472857964,0.06140914472857964,0.21,0.0,8.583333333333334,0.0,67503.50567678464,11234.980140380245,16383.548816546236,0.0,0.0,67503.50567678464,8350.949155890883,12177.874945082305,12177.874945082305,1.3333333333333333,0.0,0.0,67503.50567678464,0.0,0.0,50627.62925758849,0.0,0.0,0.0,0.0,67503.50567678464,50627.62925758849,8350.949155890883,6263.211866918163,12177.874945082305,9133.40620881173,12177.874945082305,C,12.177874945082305,12.177874945082305,441.2551272905366
4,C-Y.6--C-8,x,12.75,0.0,11.666666666666666,0.0,C-Y.6,1,1.0978913250434041,2.5947397964983487,805.0,,90823.0472884392,96244.08888888889,1.0596879510465371,10.5,0.8235294117647058,6.769251493511157,805.0,12.75,5449.247452276481,427.39195704129264,10058.831425759941,788.9279549615641,5449.247452276481,10058.831425759941,10058.831425759941,804.2145913579704,788.9279549615641,562.9502139505793,552.2495684730948,600.0,3,19.0,0.9382503565842988,600.0,1,3,1600000,10.5,0.25,0.05709059889724245,176190.67972758287,3333340.6484930543,171195.50706196795,0.0528570879208627,0.0,0.6255297501841316,0.0,54.39917556834366,0.0,42.732508901676994,12.1591464248557,26.133797893121624,4473988.781767946,2081591.2376438864,0.0,321646228.74838907,12858410796.420053,0.0,1218.5075562607346,1218.5075562607346,9035.228483553388,10253.736039814123,10253.736039814123,5310.438224621797,416.5049587938665,441.36528638499476,308.9557004694963,291.5534711557065,0.05129528643918603,0.0002160616575400828,0.00014138844445293149,0.0002160616575400828,221.5,-221.5,61.10082443165634,-61.10082443165634,0.013201545403769256,-0.013201545403769256,0.04785765714512834,-0.04785765714512834,-0.013201545403769256,0.013201545403769256,-0.04785765714512834,0.04785765714512834,0.0644968318429553,0.038093741035416774,0.09915294358431437,0.0034376292940576925,0.038093741035416774,0.0644968318429553,0.0034376292940576925,0.09915294358431437,0.05129528643918603,0.05129528643918603,0.05129528643918603,0.05129528643918603,0.0644968318429553,0.09915294358431437,0.05129528643918603,0.05129528643918603,1.2573637135143123,1.9329835247506955,1.9329835247506955,0.01118260651305645,0.01535228618214491,0.007012926843967995,0.007012926843967995,0.01535228618214491,0.026090689819295965,-0.0037254767931830593,-0.0037254767931830593,0.026090689819295965,0.01535228618214491,0.026090689819295965,0.01535228618214491,0.01535228618214491,0.06140914472857964,0.06140914472857964,0.21,0.0,10.5,0.0,75364.9598926338,8444.253209258688,12515.20435118178,0.0,0.0,75364.9598926338,6152.2416238884725,9118.220313003869,9118.220313003869,1.3333333333333333,0.0,0.0,75364.9598926338,0.0,0.0,56523.719919475356,0.0,0.0,0.0,0.0,75364.9598926338,56523.719919475356,6152.2416238884725,4614.181217916355,9118.220313003869,6838.665234752902,9118.220313003869,C,12.177874945082305,12.177874945082305,0.0
3,C-1.7,y,20.0,192.66666666666666,0.0,67.0,C-1.7,1,1.253761707696981,1.265079380021023,996.625,,72257.77624443208,96244.08888888889,1.3822016752780921,10.5,0.525,5.385538961349935,996.625,20.0,5367.362767355379,268.36813836776895,18290.422985795383,914.5211492897691,5367.362767355379,18290.422985795383,18290.422985795383,976.4737808112841,914.5211492897691,683.5316465678989,640.1648045028384,769.6428571428571,2,23.0,0.8881153644501703,769.6428571428571,1,2,1600000,10.5,0.25,0.05032879726790411,363418.63860632386,5669370.186068972,242254.66006501103,0.06410211834452657,11.876781557994624,0.0,103.96633420756295,0.0,88.7003324591037,0.0,11.919076705181112,7.3058334196214085,1769872.1915619813,2887451.875502442,3008689974.940485,0.0,17056169250.53023,3519.756341174793,0.0,3519.756341174793,16009.71927505089,19529.47561622568,19529.47561622568,6080.731448355118,304.0365724177559,420.23985974163116,294.1679018191418,212.82560069242913,0.041865547304365265,7.897660962230843e-05,0.00012456650086049793,0.00012456650086049793,117.53366579243705,-117.53366579243705,115.5,-115.5,0.014387430849387511,-0.014387430849387511,0.014640757481071087,-0.014640757481071087,-0.014387430849387511,0.014387430849387511,-0.014640757481071087,0.014640757481071087,0.056252978153752776,0.027478116454977754,0.05650630478543635,0.02722478982329418,0.027478116454977754,0.056252978153752776,0.02722478982329418,0.05650630478543635,0.041865547304365265,0.041865547304365265,0.041865547304365265,0.041865547304365265,0.056252978153752776,0.05650630478543635,0.041865547304365265,0.041865547304365265,1.3436580141850278,1.3497089713083605,1.3497089713083605,0.0032470279029080673,0.003654505771333409,0.002839550034482722,0.002839550034482722,0.003654505771333409,0.0036164075131857945,0.0028776482926303366,0.0028776482926303366,0.0036164075131857945,0.003654505771333409,0.0036164075131857945,0.003654505771333409,0.003654505771333409,0.014618023085333637,0.014618023085333637,0.21,996.625,10.5,2325.458333333333,143541.64577925875,10252.974698518483,20460.568275022204,10768.034812499998,57685.90078125,96623.77981050874,4955.065631308141,7471.505535592862,7471.505535592862,1.3333333333333333,2657.6666666666665,1661.0416666666665,143541.64577925875,173.63422222222215,1550.3055555555552,107656.23433444407,130.22566666666665,1550.3055555555552,1328.8333333333333,110.7361111111111,145265.58555703654,110776.33500111074,7449.517208053156,5680.837692364653,14954.860265827905,11497.244558345288,14954.860265827905,D,15.257277388212243,24.227714806252294,0.0
3,C-2.1,y,29.0,182.66666666666666,0.0,67.0,C-2.1,1,1.253761707696981,1.265079380021023,803.0,,72257.77624443208,96244.08888888889,1.3822016752780921,10.5,0.3620689655172414,5.385538961349935,803.0,29.0,4324.587785963998,149.12371675737924,14736.946853223322,508.1705811456318,4324.587785963998,14736.946853223322,14736.946853223322,646.9108653954161,508.1705811456318,452.83760577679124,355.7194068019422,460.7142857142857,4,17.0,0.982903330368229,460.7142857142857,1,4,1600000,10.5,0.25,0.04186472649767427,352013.4510861312,5669370.186068972,242254.66006501103,0.06209039796891625,12.57661428815298,0.0,103.96633420756295,0.0,78.7003324591037,0.0,11.919076705181112,7.3058334196214085,1769872.1915619813,2887451.875502442,2322454092.5166492,0.0,17056169250.53023,3062.1818628207748,0.0,3062.1818628207748,15698.233233646291,18760.415096467066,18760.415096467066,3935.275902192945,135.69916904113603,187.56361878250323,131.29453314775225,94.98941832879521,0.041865547304365265,7.897660962230843e-05,0.00012456650086049793,0.00012456650086049793,117.53366579243705,-117.53366579243705,115.5,-115.5,0.014387430849387511,-0.014387430849387511,0.014640757481071087,-0.014640757481071087,-0.014387430849387511,0.014387430849387511,-0.014640757481071087,0.014640757481071087,0.056252978153752776,0.027478116454977754,0.05650630478543635,0.02722478982329418,0.027478116454977754,0.056252978153752776,0.02722478982329418,0.05650630478543635,0.041865547304365265,0.041865547304365265,0.041865547304365265,0.041865547304365265,0.056252978153752776,0.05650630478543635,0.041865547304365265,0.041865547304365265,1.3436580141850278,1.3497089713083605,1.3497089713083605,0.0032470279029080673,0.003654505771333409,0.002839550034482722,0.002839550034482722,0.003654505771333409,0.0036164075131857945,0.0028776482926303366,0.0028776482926303366,0.0036164075131857945,0.003654505771333409,0.0036164075131857945,0.003654505771333409,0.003654505771333409,0.014618023085333637,0.014618023085333637,0.21,200.75,10.5,323.04597701149424,137889.05095903293,6792.564086651869,14436.341375825174,1495.864396551724,8013.559267241379,131371.35608834325,4609.521266257658,9596.65422165551,9596.65422165551,1.3333333333333333,369.1954022988505,230.74712643678163,137889.05095903293,24.1207662835249,215.3639846743295,103416.78821927472,18.09057471264368,215.3639846743295,184.59770114942526,15.383141762452109,138128.5357099908,103850.22362157356,4846.615288069853,3643.867495493809,10307.93628709209,7757.670303643326,10307.93628709209,D,15.257277388212243,24.227714806252294,0.0
3,C-2.9,y,29.0,160.0,0.0,67.0,C-2.9,1,1.253761707696981,1.265079380021023,988.25,,72257.77624443208,96244.08888888889,1.3822016752780921,10.5,0.3620689655172414,5.385538961349935,988.25,29.0,5322.258878554074,183.52616822600254,18136.721952301305,625.4042052517691,5322.258878554074,18136.721952301305,18136.721952301305,757.8080285868367,625.4042052517691,530.4656200107856,437.78294367623835,600.0,3,19.0,0.8841093666846427,460.7142857142857,1,4,1600000,10.5,0.25,0.043642564510602416,415574.15691956447,5669370.186068972,242254.66006501103,0.07330164432386718,11.48674041938781,0.0,103.96633420756295,0.0,56.03366579243705,0.0,11.919076705181112,7.3058334196214085,1769872.1915619813,2887451.875502442,1447167999.9037519,0.0,17056169250.53023,2679.972415648673,0.0,2679.972415648673,19296.46041336959,21976.432829018264,21976.432829018264,4688.576923139288,161.67506631514786,223.46754751149402,156.4272832580458,113.1725464206035,0.041865547304365265,7.897660962230843e-05,0.00012456650086049793,0.00012456650086049793,117.53366579243705,-117.53366579243705,115.5,-115.5,0.014387430849387511,-0.014387430849387511,0.014640757481071087,-0.014640757481071087,-0.014387430849387511,0.014387430849387511,-0.014640757481071087,0.014640757481071087,0.056252978153752776,0.027478116454977754,0.05650630478543635,0.02722478982329418,0.027478116454977754,0.056252978153752776,0.02722478982329418,0.05650630478543635,0.041865547304365265,0.041865547304365265,0.041865547304365265,0.041865547304365265,0.056252978153752776,0.05650630478543635,0.041865547304365265,0.041865547304365265,1.3436580141850278,1.3497089713083605,1.3497089713083605,0.0032470279029080673,0.003654505771333409,0.002839550034482722,0.002839550034482722,0.003654505771333409,0.0036164075131857945,0.0028776482926303366,0.0028776482926303366,0.0036164075131857945,0.003654505771333409,0.0036164075131857945,0.003654505771333409,0.003654505771333409,0.014618023085333637,0.014618023085333637,0.21,494.125,10.5,795.1436781609195,161526.78129328424,7956.9843001617855,16823.774520884304,3681.9128017241374,19724.532866379308,145484.16122862906,5104.707411530844,10294.55307298196,10294.55307298196,1.3333333333333333,908.735632183908,567.9597701149426,161526.78129328424,59.37072796934865,530.095785440613,121145.08596996318,44.5280459770115,530.095785440613,454.367816091954,37.8639846743295,162116.2478066942,122211.9416021471,5688.2893967261125,4288.138301829723,12045.299028567766,9099.73803428124,12045.299028567766,D,15.257277388212243,24.227714806252294,0.0
3,C-3,y,14.25,145.08333333333334,0.0,67.0,C-3,2,1.253761707696981,1.265079380021023,1200.4166666666667,,72257.77624443208,96244.08888888889,1.3822016752780921,10.5,0.7368421052631579,5.385538961349935,1200.4166666666667,14.25,6464.890728187152,453.6765423289229,22030.48146748464,1545.9986994726062,6464.890728187152,22030.48146748464,22030.48146748464,1545.9986994726062,1545.9986994726062,1082.1990896308243,1082.1990896308243,1200.0,3,19.0,0.9018325746923537,1200.0,2,3,1600000,10.5,0.25,0.055933343054138364,393870.2795962177,5669370.186068972,242254.66006501103,0.0694733747611072,9.211619232301397,0.0,103.96633420756295,0.0,41.11699912577039,0.0,11.919076705181112,7.3058334196214085,1769872.1915619813,2887451.875502442,665880094.8380609,0.0,17056169250.53023,1680.4865106890898,0.0,1680.4865106890898,16489.594822219024,18170.081332908114,22030.48146748464,6464.890728187151,453.67654232892284,627.0724768414094,438.95073378898655,317.57357963024594,0.041865547304365265,7.897660962230843e-05,0.00012456650086049793,0.00012456650086049793,117.53366579243705,-117.53366579243705,115.5,-115.5,0.014387430849387511,-0.014387430849387511,0.014640757481071087,-0.014640757481071087,-0.014387430849387511,0.014387430849387511,-0.014640757481071087,0.014640757481071087,0.056252978153752776,0.027478116454977754,0.05650630478543635,0.02722478982329418,0.027478116454977754,0.056252978153752776,0.02722478982329418,0.05650630478543635,0.041865547304365265,0.041865547304365265,0.041865547304365265,0.041865547304365265,0.056252978153752776,0.05650630478543635,0.041865547304365265,0.041865547304365265,1.3436580141850278,1.3497089713083605,1.3497089713083605,0.0032470279029080673,0.003654505771333409,0.002839550034482722,0.002839550034482722,0.003654505771333409,0.0036164075131857945,0.0028776482926303366,0.0028776482926303366,0.0036164075131857945,0.003654505771333409,0.0036164075131857945,0.003654505771333409,0.003654505771333409,0.014618023085333637,0.014618023085333637,0.21,600.2083333333334,10.5,1965.5945419103314,161924.03878601207,16232.986344462364,32958.35552127924,9101.68552631579,48759.02960526316,122266.6947070647,8892.123251422887,15257.277388212244,15257.277388212244,1.3333333333333333,2246.393762183236,1403.9961013645225,161924.03878601207,146.76439246263806,1310.3963612735542,121443.02908950907,110.07329434697859,1310.3963612735542,1123.196881091618,93.59974009096817,163381.19953974828,124080.29536631219,11882.269057436239,9024.02148118634,24227.714806252294,18507.745169016707,24227.714806252294,D,15.257277388212243,24.227714806252294,860.4050993502015
3,C-3.3,y,19.0,137.08333333333334,0.0,67.0,C-3.3,1,1.253761707696981,1.265079380021023,442.47916666666674,,72257.77624443208,96244.08888888889,1.3822016752780921,10.5,0.5526315789473685,5.385538961349935,442.47916666666674,19.0,2382.9887916689854,125.42046271942029,8120.537936270501,427.3967334879211,2382.9887916689854,8120.537936270501,8120.537936270501,538.4651212580928,427.3967334879211,376.925584880665,299.17771344154477,460.7142857142857,4,17.0,0.8181330524541566,310.7142857142857,1,6,1600000,10.5,0.25,0.040530155562068994,200357.92667596566,5669370.186068972,242254.66006501103,0.035340420558229564,4.570857697209288,0.0,103.96633420756295,0.0,33.11699912577039,0.0,11.919076705181112,7.3058334196214085,1769872.1915619813,2887451.875502442,247682703.13354063,0.0,17056169250.53023,776.0775327223795,0.0,776.0775327223795,9454.759771181383,10230.837303903763,10230.837303903763,3310.8715346948447,174.25639656288658,240.8574832571454,168.60023828000178,121.9794775940206,0.041865547304365265,7.897660962230843e-05,0.00012456650086049793,0.00012456650086049793,117.53366579243705,-117.53366579243705,115.5,-115.5,0.014387430849387511,-0.014387430849387511,0.014640757481071087,-0.014640757481071087,-0.014387430849387511,0.014387430849387511,-0.014640757481071087,0.014640757481071087,0.056252978153752776,0.027478116454977754,0.05650630478543635,0.02722478982329418,0.027478116454977754,0.056252978153752776,0.02722478982329418,0.05650630478543635,0.041865547304365265,0.041865547304365265,0.041865547304365265,0.041865547304365265,0.056252978153752776,0.05650630478543635,0.041865547304365265,0.041865547304365265,1.3436580141850278,1.3497089713083605,1.3497089713083605,0.0032470279029080673,0.003654505771333409,0.002839550034482722,0.002839550034482722,0.003654505771333409,0.0036164075131857945,0.0028776482926303366,0.0028776482926303366,0.0036164075131857945,0.003654505771333409,0.0036164075131857945,0.003654505771333409,0.003654505771333409,0.014618023085333637,0.014618023085333637,0.21,442.47916666666674,10.5,1086.7909356725147,75196.65418369266,5653.883773209975,11278.459272201055,5032.385427631579,26959.207648026317,53269.831963297926,2879.4503763944826,4552.596846437287,4552.596846437287,1.3333333333333333,1242.0467836257312,776.2792397660819,75196.65418369266,81.14705653021441,724.5272904483431,56397.49063776949,60.860292397660835,724.5272904483431,621.0233918128656,51.7519493177388,76002.32853067122,57855.6535617461,4108.233974630877,3127.3326249592487,8238.947641146471,6317.682162818126,8238.947641146471,D,15.257277388212243,24.227714806252294,0.0
3,C-4,y,29.0,118.75,0.0,67.0,C-4,1,1.253761707696981,1.265079380021023,594.625,,72257.77624443208,96244.08888888889,1.3822016752780921,10.5,0.3620689655172414,5.385538961349935,594.625,29.0,3202.3761048927054,110.4267622376795,10912.773378079599,376.30253027860687,3202.3761048927054,10912.773378079599,10912.773378079599,496.29658284202526,376.30253027860687,347.40760798941767,263.4117711950248,460.7142857142857,4,17.0,0.7540630250933097,310.7142857142857,1,6,1600000,10.5,0.25,0.03387393996405595,322158.3727685434,5669370.186068972,242254.66006501103,0.05682436711579803,6.598560885148682,0.0,103.96633420756295,0.0,14.783665792437048,0.0,11.919076705181112,7.3058334196214085,1769872.1915619813,2887451.875502442,72479927.14616576,0.0,17056169250.53023,508.74015825068716,0.0,508.74015825068716,13883.860744168047,14392.600902418733,14392.600902418733,4789.965985293207,165.17124087217957,228.29996584128787,159.8099760889015,115.61986861052569,0.041865547304365265,7.897660962230843e-05,0.00012456650086049793,0.00012456650086049793,117.53366579243705,-117.53366579243705,115.5,-115.5,0.014387430849387511,-0.014387430849387511,0.014640757481071087,-0.014640757481071087,-0.014387430849387511,0.014387430849387511,-0.014640757481071087,0.014640757481071087,0.056252978153752776,0.027478116454977754,0.05650630478543635,0.02722478982329418,0.027478116454977754,0.056252978153752776,0.02722478982329418,0.05650630478543635,0.041865547304365265,0.041865547304365265,0.041865547304365265,0.041865547304365265,0.056252978153752776,0.05650630478543635,0.041865547304365265,0.041865547304365265,1.3436580141850278,1.3497089713083605,1.3497089713083605,0.0032470279029080673,0.003654505771333409,0.002839550034482722,0.002839550034482722,0.003654505771333409,0.0036164075131857945,0.0028776482926303366,0.0028776482926303366,0.0036164075131857945,0.003654505771333409,0.0036164075131857945,0.003654505771333409,0.003654505771333409,0.014618023085333637,0.014618023085333637,0.21,594.625,10.5,956.867816091954,105785.61663277767,5211.114119841265,10428.248164223158,4430.776422413793,23736.302262931036,86480.09079226042,3034.389150605629,5395.679305690468,5395.679305690468,1.3333333333333333,1093.5632183908046,683.4770114942528,105785.61663277767,71.44613026819921,637.9118773946359,79339.21247458327,53.58459770114943,637.9118773946359,546.7816091954023,45.56513409961685,106494.97464044052,80623.05569297407,3736.665776857562,2828.8791471218974,7502.509184446267,5706.021331770878,7502.509184446267,D,15.257277388212243,24.227714806252294,0.0
3,C-4.2,y,29.0,120.33333333333333,0.0,67.0,C-4.2,1,1.253761707696981,1.265079380021023,988.25,,72257.77624443208,96244.08888888889,1.3822016752780921,10.5,0.3620689655172414,5.385538961349935,988.25,29.0,5322.258878554074,183.52616822600254,18136.721952301305,625.4042052517691,5322.258878554074,18136.721952301305,18136.721952301305,669.0219996690196,625.4042052517691,468.3153997683137,437.78294367623835,600.0,3,19.0,0.7805256662805228,460.7142857142857,1,4,1600000,10.5,0.25,0.03941309256930578,460169.9782986799,5669370.186068972,242254.66006501103,0.08116774230573795,8.638986023747917,0.0,103.96633420756295,0.0,16.366999125770377,0.0,11.919076705181112,7.3058334196214085,1769872.1915619813,2887451.875502442,119302543.05854033,0.0,17056169250.53023,756.3817657816141,0.0,756.3817657816141,18645.256224619952,19401.637990401567,19401.637990401567,5002.580545264429,172.50277742291135,238.43362794407193,166.90353956085033,120.75194419603794,0.041865547304365265,7.897660962230843e-05,0.00012456650086049793,0.00012456650086049793,117.53366579243705,-117.53366579243705,115.5,-115.5,0.014387430849387511,-0.014387430849387511,0.014640757481071087,-0.014640757481071087,-0.014387430849387511,0.014387430849387511,-0.014640757481071087,0.014640757481071087,0.056252978153752776,0.027478116454977754,0.05650630478543635,0.02722478982329418,0.027478116454977754,0.056252978153752776,0.02722478982329418,0.05650630478543635,0.041865547304365265,0.041865547304365265,0.041865547304365265,0.041865547304365265,0.056252978153752776,0.05650630478543635,0.041865547304365265,0.041865547304365265,1.3436580141850278,1.3497089713083605,1.3497089713083605,0.0032470279029080673,0.003654505771333409,0.002839550034482722,0.002839550034482722,0.003654505771333409,0.0036164075131857945,0.0028776482926303366,0.0028776482926303366,0.0036164075131857945,0.003654505771333409,0.0036164075131857945,0.003654505771333409,0.003654505771333409,0.014618023085333637,0.014618023085333637,0.21,247.0625,10.5,397.57183908045977,142602.0392294515,7024.730996524705,14762.370409627432,1840.9564008620687,9862.266433189654,134580.72919712393,4722.130849021893,9670.603130472075,9670.603130472075,1.3333333333333333,454.367816091954,283.9798850574713,142602.0392294515,29.685363984674325,265.0478927203065,106951.52942208864,22.26402298850575,265.0478927203065,227.183908045977,18.93199233716475,142896.77248615646,107484.95723818059,5013.921841619525,3771.4020083572136,10545.976108264975,7942.363962626439,10545.976108264975,D,15.257277388212243,24.227714806252294,0.0
3,C-5,y,29.0,102.16666666666667,0.0,67.0,C-5,1,1.545944992546845,1.5639501173231647,735.9041666666667,,72257.77624443208,96244.08888888889,1.3822016752780921,10.5,0.3620689655172414,5.385538961349935,735.9041666666667,29.0,3963.24056140309,136.6634676345893,13505.579817225736,465.70964886985297,3963.2405614030895,13505.579817225735,13505.579817225735,521.8200278885113,465.7096488698529,365.2740195219579,325.996754208897,460.7142857142857,4,17.0,0.7928428330709163,460.7142857142857,1,4,1600000,10.5,0.25,0.03522807715152162,383375.4467817266,5669370.186068972,242254.66006501103,0.06762222860729289,6.896716016474047,0.0,103.96633420756295,0.0,1.7996675408962801,0.0,19.08767500001926,9.031811927541277,2187998.528277624,4624078.218561076,1164282.115166957,0.0,17056169250.53023,82.99109047271196,0.0,82.99109047271196,15049.789718294116,15132.780808766827,15132.780808766827,3925.8296115976264,135.37343488267678,187.11338848298556,130.97937193808988,94.76140441787373,0.041865547304365265,7.897660962230843e-05,0.0001783481144008236,0.0001783481144008236,117.53366579243705,-117.53366579243705,115.5,-115.5,0.020599207213295126,-0.020599207213295126,0.02096190767269773,-0.02096190767269773,-0.020599207213295126,0.020599207213295126,-0.02096190767269773,0.02096190767269773,0.06246475451766039,0.02126634009107014,0.06282745497706299,0.020903639631667536,0.02126634009107014,0.06246475451766039,0.020903639631667536,0.06282745497706299,0.041865547304365265,0.041865547304365265,0.041865547304365265,0.041865547304365265,0.06246475451766039,0.06282745497706299,0.041865547304365265,0.041865547304365265,1.4920324357290147,1.5006958948918854,1.5006958948918854,0.0032470279029080673,0.005171368218594721,0.0013226875872214133,0.0013226875872214133,0.005171368218594721,0.005144774019019638,0.0013492817867964899,0.0013492817867964899,0.005144774019019638,0.005171368218594721,0.005144774019019638,0.005171368218594721,0.005171368218594721,0.020685472874378885,0.020685472874378885,0.21,735.9041666666667,10.5,1184.213601532567,111225.93894443616,5479.1102928293685,11558.088168936589,5483.501081896551,29375.89865301724,87333.54137331547,3064.334785028613,5717.613933896515,5717.613933896515,1.3333333333333333,1353.3869731800767,845.8668582375478,111225.93894443616,88.42128224776499,789.4757343550447,83419.45420832714,66.31596168582377,789.4757343550447,676.6934865900382,56.391123882503194,112103.83596103897,85008.33051484055,3933.4679284575077,2982.7484391172125,8325.0133641832,6341.702501459642,8325.0133641832,A,9.799807256731293,11.206560342274223,0.0
3,C-5.5,y,29.0,104.91666666666667,0.0,67.0,C-5.5,1,1.253761707696981,1.265079380021023,703.1666666666667,,72257.77624443208,96244.08888888889,1.3822016752780921,10.5,0.3620689655172414,5.385538961349935,703.1666666666667,29.0,3786.9314796558965,130.5838441260654,12904.76935943321,444.9920468770073,3786.9314796558965,12904.76935943321,12904.76935943321,502.04128444548775,444.9920468770073,351.4288991118414,311.49443281390506,460.7142857142857,4,17.0,0.7627914089249271,460.7142857142857,1,4,1600000,10.5,0.25,0.03417872303930203,377567.3346424923,5669370.186068972,242254.66006501103,0.06659775640868672,7.006063837763087,0.0,103.96633420756295,0.0,0.9503324591037199,0.0,11.919076705181112,7.3058334196214085,1769872.1915619813,2887451.875502442,313335.79760563583,0.0,17056169250.53023,34.21329169380092,0.0,34.21329169380092,14524.983957225344,14559.197248919145,14559.197248919145,3758.2978482185663,129.59647752477815,179.12846834488798,125.38992784142158,90.7175342673447,0.041865547304365265,7.897660962230843e-05,0.00012456650086049793,0.00012456650086049793,117.53366579243705,-117.53366579243705,115.5,-115.5,0.014387430849387511,-0.014387430849387511,0.014640757481071087,-0.014640757481071087,-0.014387430849387511,0.014387430849387511,-0.014640757481071087,0.014640757481071087,0.056252978153752776,0.027478116454977754,0.05650630478543635,0.02722478982329418,0.027478116454977754,0.056252978153752776,0.02722478982329418,0.05650630478543635,0.041865547304365265,0.041865547304365265,0.041865547304365265,0.041865547304365265,0.056252978153752776,0.05650630478543635,0.041865547304365265,0.041865547304365265,1.3436580141850278,1.3497089713083605,1.3497089713083605,0.0032470279029080673,0.003654505771333409,0.002839550034482722,0.002839550034482722,0.003654505771333409,0.0036164075131857945,0.0028776482926303366,0.0028776482926303366,0.0036164075131857945,0.003654505771333409,0.0036164075131857945,0.003654505771333409,0.003654505771333409,0.014618023085333637,0.014618023085333637,0.21,703.1666666666667,10.5,1131.5325670498084,107010.0997795557,5271.433486677621,11125.146758806317,5239.561551724139,28069.07974137931,84180.58158990054,2953.7046171894926,5521.120162624657,5521.120162624657,1.3333333333333333,1293.1800766283527,808.2375478927203,107010.0997795557,84.48776500638569,754.3550446998722,80257.57483466678,63.36582375478929,754.3550446998722,646.5900383141764,53.88250319284802,107848.94258926196,81775.76824462846,3784.17342418463,2869.325201565911,8012.52658361007,6102.980337989868,8012.52658361007,A,9.799807256731293,11.206560342274223,0.0
3,C-5.9,y,29.0,84.25,0.0,90.0,C-5.9,1,1.545944992546845,1.5639501173231647,773.3333333333333,,69631.00292113671,96244.08888888889,1.3822016752780921,10.5,0.3620689655172414,5.189759478358553,773.3333333333333,29.0,4013.413996597281,138.3935860895614,13676.556401468113,471.6053931540729,4013.413996597281,13676.556401468113,13676.556401468113,540.372937529113,471.6053931540729,378.2610562703791,330.123775207851,460.7142857142857,4,17.0,0.8210317500442337,460.7142857142857,1,4,1600000,10.5,0.25,0.03621239509270361,377676.1069367595,5669370.186068972,242254.66006501103,0.06661694236597956,5.703937113694792,0.0,103.96633420756295,0.0,19.71633420756295,0.0,19.08767500001926,9.031811927541277,2187998.528277624,4624078.218561076,137218243.94214895,0.0,17056169250.53023,892.7939005267607,0.0,892.7939005267607,14778.021287817515,15670.815188344275,15670.815188344275,4070.027028681656,140.34575960971227,193.9861440507207,135.79030083550447,98.24203172679859,0.041865547304365265,7.897660962230843e-05,0.0001783481144008236,0.0001783481144008236,117.53366579243705,-117.53366579243705,115.5,-115.5,0.020599207213295126,-0.020599207213295126,0.02096190767269773,-0.02096190767269773,-0.020599207213295126,0.020599207213295126,-0.02096190767269773,0.02096190767269773,0.06246475451766039,0.02126634009107014,0.06282745497706299,0.020903639631667536,0.02126634009107014,0.06246475451766039,0.020903639631667536,0.06282745497706299,0.041865547304365265,0.041865547304365265,0.041865547304365265,0.041865547304365265,0.06246475451766039,0.06282745497706299,0.041865547304365265,0.041865547304365265,1.4920324357290147,1.5006958948918854,1.5006958948918854,0.0032470279029080673,0.005171368218594721,0.0013226875872214133,0.0013226875872214133,0.005171368218594721,0.005144774019019638,0.0013492817867964899,0.0013492817867964899,0.005144774019019638,0.005171368218594721,0.005144774019019638,0.005171368218594721,0.005171368218594721,0.020685472874378885,0.020685472874378885,0.21,773.3333333333333,10.5,1244.4444444444443,115180.49163433042,5673.915844055686,11997.981542141042,5762.4,30870.0,90072.89163433042,3160.4523380466812,5903.025449314495,5903.025449314495,1.3333333333333333,1422.222222222222,888.8888888888888,115180.49163433042,92.91851851851851,829.6296296296296,86385.36872574783,69.6888888888889,829.6296296296296,711.111111111111,59.25925925925925,116103.03978247858,88055.05761463672,4073.7908695606516,3089.6511443732184,8643.041043856407,6585.204759500493,8643.041043856407,A,9.799807256731293,11.206560342274223,0.0
3,C-6,y,29.0,84.33333333333333,0.0,90.0,C-6,1,1.545944992546845,1.5639501173231647,452.3333333333333,,69631.00292113671,96244.08888888889,1.3822016752780921,10.5,0.3620689655172414,5.189759478358553,452.3333333333333,29.0,2347.5012040441857,80.94831738083398,7999.606481375962,275.8484993577918,2347.5012040441857,7999.606481375962,7999.606481375962,393.62804142607627,275.8484993577918,275.53962899825336,193.09394955045425,310.7142857142857,6,14.0,0.8867942082702407,310.7142857142857,1,6,1600000,10.5,0.25,0.03276838321509564,244125.76076352547,5669370.186068972,242254.66006501103,0.043060472812906474,4.311990929757295,0.0,103.96633420756295,0.0,19.633000874229623,0.0,19.08767500001926,9.031811927541277,2187998.528277624,4624078.218561076,99135662.81999598,0.0,17056169250.53023,647.7519921345238,0.0,647.7519921345238,10767.461209221687,11415.213201356211,11415.213201356211,3690.35914330834,127.25376356235655,175.89036518133148,123.12325562693202,89.07763449364958,0.041865547304365265,7.897660962230843e-05,0.0001783481144008236,0.0001783481144008236,117.53366579243705,-117.53366579243705,115.5,-115.5,0.020599207213295126,-0.020599207213295126,0.02096190767269773,-0.02096190767269773,-0.020599207213295126,0.020599207213295126,-0.02096190767269773,0.02096190767269773,0.06246475451766039,0.02126634009107014,0.06282745497706299,0.020903639631667536,0.02126634009107014,0.06246475451766039,0.020903639631667536,0.06282745497706299,0.041865547304365265,0.041865547304365265,0.041865547304365265,0.041865547304365265,0.06246475451766039,0.06282745497706299,0.041865547304365265,0.041865547304365265,1.4920324357290147,1.5006958948918854,1.5006958948918854,0.0032470279029080673,0.005171368218594721,0.0013226875872214133,0.0013226875872214133,0.005171368218594721,0.005144774019019638,0.0013492817867964899,0.0013492817867964899,0.005144774019019638,0.005171368218594721,0.005144774019019638,0.005171368218594721,0.005171368218594721,0.020685472874378885,0.020685472874378885,0.21,113.08333333333333,10.5,181.97318007662832,83901.81702996815,4133.094434973801,8391.120380747012,842.6268103448274,4514.072198275861,80230.37164203712,2815.1007593697236,5590.365177732323,5590.365177732323,1.3333333333333333,207.9693486590038,129.98084291187737,83901.81702996815,13.587330779054913,121.31545338441887,62926.362772476125,10.190498084291189,121.31545338441887,103.9846743295019,8.66538952745849,84036.71981413163,63170.51878780179,2948.656835583566,2216.50943115094,5991.03340637385,4508.325468170184,5991.03340637385,A,9.799807256731293,11.206560342274223,0.0
3,C-7--C-W,y,29.0,63.0,0.0,90.0,C-7,1,1.545944992546845,1.5639501173231647,484.35416666666663,,69631.00292113671,96244.08888888889,1.3822016752780921,10.5,0.3620689655172414,5.189759478358553,1000.8124999999999,58.0,5193.976157934719,89.55131306783997,17699.571470100396,305.16502534655854,2596.9880789673593,8849.785735050198,8849.785735050198,438.3056402540129,305.16502534655854,306.81394817780904,213.61551774259095,310.7142857142857,6,14.0,0.9874471895377762,310.7142857142857,1,6,1600000,10.5,0.25,0.03563150476929541,248369.68835164903,5669370.186068972,242254.66006501103,0.04380904407370576,3.3165018067623264,0.0,103.96633420756295,0.0,40.96633420756295,0.0,19.08767500001926,9.031811927541277,2187998.528277624,4624078.218561076,452706487.1129417,0.0,17056169250.53023,1417.604694461157,0.0,1417.604694461157,11293.258872905219,12710.863567366376,12710.863567366376,4164.632088744873,143.60800306016802,198.4952224131056,138.94665568917392,100.5256021421176,0.041865547304365265,7.897660962230843e-05,0.0001783481144008236,0.0001783481144008236,117.53366579243705,-117.53366579243705,115.5,-115.5,0.020599207213295126,-0.020599207213295126,0.02096190767269773,-0.02096190767269773,-0.020599207213295126,0.020599207213295126,-0.02096190767269773,0.02096190767269773,0.06246475451766039,0.02126634009107014,0.06282745497706299,0.020903639631667536,0.02126634009107014,0.06246475451766039,0.020903639631667536,0.06282745497706299,0.041865547304365265,0.041865547304365265,0.041865547304365265,0.041865547304365265,0.06246475451766039,0.06282745497706299,0.041865547304365265,0.041865547304365265,1.4920324357290147,1.5006958948918854,1.5006958948918854,0.0032470279029080673,0.005171368218594721,0.0013226875872214133,0.0013226875872214133,0.005171368218594721,0.005144774019019638,0.0013492817867964899,0.0013492817867964899,0.005144774019019638,0.005171368218594721,0.005144774019019638,0.005171368218594721,0.005171368218594721,0.020685472874378885,0.020685472874378885,0.21,484.35416666666663,10.5,779.4204980842911,93424.84722014285,4602.209222667136,9334.8050324652,3609.10661637931,19334.499730603446,77699.45410591872,2726.2966352953936,4993.696940925302,4993.696940925302,1.3333333333333333,890.766283524904,556.728927203065,93424.84722014285,58.19673052362706,519.6136653895273,70068.63541510716,43.64754789272031,519.6136653895273,445.383141762452,37.11526181353767,94002.657616056,71114.39503196538,3298.3388637212634,2495.241930946154,6709.823626202912,5096.831069117803,6709.823626202912,A,9.799807256731293,11.206560342274223,0.0
3,C-7--C-Y,y,29.0,63.0,0.0,90.0,C-7,1,1.545944992546845,1.5639501173231647,516.4583333333333,,69631.00292113671,96244.08888888889,1.3822016752780921,10.5,0.3620689655172414,5.189759478358553,1000.8124999999999,58.0,5193.976157934719,89.55131306783997,17699.571470100396,305.16502534655854,2596.9880789673593,8849.785735050198,8849.785735050198,438.3056402540129,305.16502534655854,306.81394817780904,213.61551774259095,310.7142857142857,6,14.0,0.9874471895377762,310.7142857142857,1,6,1600000,10.5,0.25,0.03563150476929541,248369.68835164903,5669370.186068972,242254.66006501103,0.04380904407370576,3.3165018067623264,0.0,103.96633420756295,0.0,40.96633420756295,0.0,19.08767500001926,9.031811927541277,2187998.528277624,4624078.218561076,452706487.1129417,0.0,17056169250.53023,1417.604694461157,0.0,1417.604694461157,11293.258872905219,12710.863567366376,12710.863567366376,4164.632088744873,143.60800306016802,198.4952224131056,138.94665568917392,100.5256021421176,0.041865547304365265,7.897660962230843e-05,0.0001783481144008236,0.0001783481144008236,117.53366579243705,-117.53366579243705,115.5,-115.5,0.020599207213295126,-0.020599207213295126,0.02096190767269773,-0.02096190767269773,-0.020599207213295126,0.020599207213295126,-0.02096190767269773,0.02096190767269773,0.06246475451766039,0.02126634009107014,0.06282745497706299,0.020903639631667536,0.02126634009107014,0.06246475451766039,0.020903639631667536,0.06282745497706299,0.041865547304365265,0.041865547304365265,0.041865547304365265,0.041865547304365265,0.06246475451766039,0.06282745497706299,0.041865547304365265,0.041865547304365265,1.4920324357290147,1.5006958948918854,1.5006958948918854,0.0032470279029080673,0.005171368218594721,0.0013226875872214133,0.0013226875872214133,0.005171368218594721,0.005144774019019638,0.0013492817867964899,0.0013492817867964899,0.005144774019019638,0.005171368218594721,0.005144774019019638,0.005171368218594721,0.005171368218594721,0.020685472874378885,0.020685472874378885,0.21,516.4583333333333,10.5,831.0823754789271,93424.84722014285,4602.209222667136,9334.8050324652,3848.326939655172,20616.037176724134,76657.1369830739,2689.7241046692598,4883.9793490469,4883.9793490469,1.3333333333333333,949.8084291187736,593.6302681992336,93424.84722014285,62.05415070242655,554.0549169859514,70068.63541510716,46.540613026819926,554.0549169859514,474.9042145593868,39.57535121328224,94040.95628783124,71183.71051089259,3299.6826767660086,2497.674053013775,6713.855065337147,5104.127435320666,6713.855065337147,A,9.799807256731293,11.206560342274223,0.0
3,C-7.3,y,11.0,55.41666666666667,0.0,90.0,C-7.3,1,1.545944992546845,1.5639501173231647,443.875,,69631.00292113671,96244.08888888889,1.3822016752780921,10.5,0.9545454545454546,5.189759478358553,443.875,11.0,2303.604488456403,209.418589859673,7850.019145734905,713.6381041577187,2303.604488456403,7850.019145734905,7850.019145734905,713.6381041577187,713.6381041577187,499.546672910403,499.546672910403,600.0,3,19.0,0.832577788184005,600.0,1,3,1600000,10.5,0.25,0.05573152636508708,140854.1925500274,5669370.186068972,242254.66006501103,0.02484476898265359,1.258274568700427,0.0,103.96633420756295,0.0,48.54966754089628,0.0,19.08767500001926,9.031811927541277,2187998.528277624,4624078.218561076,332003222.3868084,0.0,17056169250.53023,877.2463446756578,0.0,877.2463446756578,5896.937861221345,6774.184205897003,7850.019145734905,2303.6044884564035,209.41858985967303,289.45872573841575,202.62110801689101,146.59301290177112,0.041865547304365265,7.897660962230843e-05,0.0001783481144008236,0.0001783481144008236,117.53366579243705,-117.53366579243705,115.5,-115.5,0.020599207213295126,-0.020599207213295126,0.02096190767269773,-0.02096190767269773,-0.020599207213295126,0.020599207213295126,-0.02096190767269773,0.02096190767269773,0.06246475451766039,0.02126634009107014,0.06282745497706299,0.020903639631667536,0.02126634009107014,0.06246475451766039,0.020903639631667536,0.06282745497706299,0.041865547304365265,0.041865547304365265,0.041865547304365265,0.041865547304365265,0.06246475451766039,0.06282745497706299,0.041865547304365265,0.041865547304365265,1.4920324357290147,1.5006958948918854,1.5006958948918854,0.0032470279029080673,0.005171368218594721,0.0013226875872214133,0.0013226875872214133,0.005171368218594721,0.005144774019019638,0.0013492817867964899,0.0013492817867964899,0.005144774019019638,0.005171368218594721,0.005144774019019638,0.005171368218594721,0.005171368218594721,0.020685472874378885,0.020685472874378885,0.21,55.484375,10.5,235.38825757575756,57697.64072115155,7493.200093656045,15213.685728445567,1089.9653267045455,5839.099964488636,52948.50608336745,5042.714865082615,9799.807256731294,9799.807256731294,1.3333333333333333,269.0151515151515,168.1344696969697,57697.64072115155,17.575656565656562,156.92550505050502,43273.23054086367,13.181742424242426,156.92550505050502,134.50757575757575,11.208964646464645,57872.141882767704,43589.05432874245,5511.632560263591,4151.338507499281,11206.560342274222,8457.76251861043,11206.560342274222,A,9.799807256731293,11.206560342274223,0.0
3,C-7.4,y,10.833333333333334,65.66666666666667,0.0,90.0,C-7.4,1,1.545944992546845,1.5639501173231647,435.5,,69631.00292113671,96244.08888888889,1.3822016752780921,10.5,0.9692307692307692,5.189759478358553,435.5,10.833333333333334,2260.14025282515,208.62833103001384,7701.9055769474535,710.9451301797649,2260.14025282515,7701.905576947453,7701.905576947453,710.9451301797648,710.9451301797648,497.6615911258353,497.6615911258353,600.0,3,19.0,0.8294359852097255,600.0,1,3,1600000,10.5,0.25,0.055947882637720055,137662.14580129308,5669370.186068972,242254.66006501103,0.024281735233935266,1.4572187400283716,0.0,103.96633420756295,0.0,38.29966754089628,0.0,19.08767500001926,9.031811927541277,2187998.528277624,4624078.218561076,201931719.3149,0.0,17056169250.53023,676.3555647085435,0.0,676.3555647085435,5763.301077064463,6439.656641773006,7701.905576947453,2260.140252825149,208.62833103001375,288.3664286601574,201.85650006211017,146.03983172100962,0.041865547304365265,7.897660962230843e-05,0.0001783481144008236,0.0001783481144008236,117.53366579243705,-117.53366579243705,115.5,-115.5,0.020599207213295126,-0.020599207213295126,0.02096190767269773,-0.02096190767269773,-0.020599207213295126,0.020599207213295126,-0.02096190767269773,0.02096190767269773,0.06246475451766039,0.02126634009107014,0.06282745497706299,0.020903639631667536,0.02126634009107014,0.06246475451766039,0.020903639631667536,0.06282745497706299,0.041865547304365265,0.041865547304365265,0.041865547304365265,0.041865547304365265,0.06246475451766039,0.06282745497706299,0.041865547304365265,0.041865547304365265,1.4920324357290147,1.5006958948918854,1.5006958948918854,0.0032470279029080673,0.005171368218594721,0.0013226875872214133,0.0013226875872214133,0.005171368218594721,0.005144774019019638,0.0013492817867964899,0.0013492817867964899,0.005144774019019638,0.005171368218594721,0.005144774019019638,0.005171368218594721,0.005171368218594721,0.020685472874378885,0.020685472874378885,0.21,435.5,10.5,1876.0,56609.005990563775,7464.9238668875305,15156.275593621243,8686.818,46536.525,18759.298990563773,1815.4160313448813,134.12602435107306,134.12602435107306,1.3333333333333333,2144.0,1340.0,56609.005990563775,140.07466666666664,1250.6666666666665,42456.75449292284,105.05600000000001,1250.6666666666665,1072.0,89.33333333333333,57999.74732389711,44973.810492922836,5612.878773280365,4352.3042412505965,11526.514250157525,9072.821171489111,11526.514250157525,B,13.390566081785153,21.618393839160234,0.0
3,C-7.9,y,7.583333333333333,49.0,0.0,90.0,C-7.9,1,1.545944992546845,1.5639501173231647,304.2916666666667,,69631.00292113671,96244.08888888889,1.3822016752780921,10.5,1.3846153846153846,5.189759478358553,304.2916666666667,7.583333333333333,1579.200561268855,208.24622785962922,5381.459665944054,709.6430328717435,1579.200561268855,5381.459665944054,5381.459665944054,709.6430328717435,709.6430328717435,496.75012301022036,496.75012301022036,600.0,3,19.0,0.8279168716837007,600.0,1,3,1600000,10.5,0.25,0.06582588213299768,81752.94415456677,5669370.186068972,242254.66006501103,0.01442011043051197,0.645750458566654,0.0,103.96633420756295,0.0,54.96633420756295,0.0,19.08767500001926,9.031811927541277,2187998.528277624,4624078.218561076,246999998.18377975,0.0,17056169250.53023,576.4553903180449,0.0,576.4553903180449,3422.6317507741464,3999.0871410921914,5381.459665944054,1579.2005612688545,208.24622785962916,287.8382850179227,201.4867995125459,145.7723595017404,0.041865547304365265,7.897660962230843e-05,0.0001783481144008236,0.0001783481144008236,117.53366579243705,-117.53366579243705,115.5,-115.5,0.020599207213295126,-0.020599207213295126,0.02096190767269773,-0.02096190767269773,-0.020599207213295126,0.020599207213295126,-0.02096190767269773,0.02096190767269773,0.06246475451766039,0.02126634009107014,0.06282745497706299,0.020903639631667536,0.02126634009107014,0.06246475451766039,0.020903639631667536,0.06282745497706299,0.041865547304365265,0.041865547304365265,0.041865547304365265,0.041865547304365265,0.06246475451766039,0.06282745497706299,0.041865547304365265,0.041865547304365265,1.4920324357290147,1.5006958948918854,1.5006958948918854,0.0032470279029080673,0.005171368218594721,0.0013226875872214133,0.0013226875872214133,0.005171368218594721,0.005144774019019638,0.0013492817867964899,0.0013492817867964899,0.005144774019019638,0.005171368218594721,0.005144774019019638,0.005171368218594721,0.005171368218594721,0.020685472874378885,0.020685472874378885,0.21,304.2916666666667,7.583333333333333,1872.5641025641028,39553.7285446888,7451.251845153306,15128.516847112784,4522.788472222222,24229.223958333332,19847.29305857769,2801.9707847403797,2991.233478365697,2991.233478365697,1.3333333333333333,2140.07326007326,1337.5457875457876,39553.7285446888,139.81811965811966,1248.3760683760684,29665.2964085166,104.86358974358978,1248.3760683760684,1070.03663003663,89.16971916971917,40941.92273272299,32177.742415842604,5780.036150502069,4542.7401057660145,11925.429575650765,9567.211160406463,11925.429575650765,B,13.390566081785153,21.618393839160234,0.0
3,C-8--C-W.6,y,17.5,36.5,0.0,90.0,C-8,2,1.545944992546845,1.5639501173231647,1305.1041666666667,,69631.00292113671,96244.08888888889,1.3822016752780921,10.5,0.6,5.189759478358553,1305.1041666666667,17.5,6773.176719203575,387.0386696687757,23081.031136044454,1318.916064916826,6773.176719203575,23081.031136044454,23081.031136044454,1438.1438155991893,1318.916064916826,1006.7006709194325,923.2412454417781,1200.0,3,19.0,0.8389172257661938,1200.0,2,3,1600000,10.5,0.25,0.049390281164613414,467319.2901882342,5669370.186068972,242254.66006501103,0.08242878394791575,2.9311152699021217,0.0,103.96633420756295,0.0,67.46633420756295,0.0,19.08767500001926,9.031811927541277,2187998.528277624,4624078.218561076,2267508996.1754875,0.0,17056169250.53023,4311.490505226776,0.0,4311.490505226776,20856.02626775904,25167.516772985815,25167.516772985815,8859.662356144936,506.2664203511392,699.7622943463873,489.8336060424711,354.3864942457974,0.041865547304365265,7.897660962230843e-05,0.0001783481144008236,0.0001783481144008236,117.53366579243705,-117.53366579243705,115.5,-115.5,0.020599207213295126,-0.020599207213295126,0.02096190767269773,-0.02096190767269773,-0.020599207213295126,0.020599207213295126,-0.02096190767269773,0.02096190767269773,0.06246475451766039,0.02126634009107014,0.06282745497706299,0.020903639631667536,0.02126634009107014,0.06246475451766039,0.020903639631667536,0.06282745497706299,0.041865547304365265,0.041865547304365265,0.041865547304365265,0.041865547304365265,0.06246475451766039,0.06282745497706299,0.041865547304365265,0.041865547304365265,1.4920324357290147,1.5006958948918854,1.5006958948918854,0.0032470279029080673,0.005171368218594721,0.0013226875872214133,0.0013226875872214133,0.005171368218594721,0.005144774019019638,0.0013492817867964899,0.0013492817867964899,0.005144774019019638,0.005171368218594721,0.005144774019019638,0.005171368218594721,0.005171368218594721,0.020685472874378885,0.020685472874378885,0.21,1305.1041666666667,10.5,3480.277777777778,184981.2482814457,15100.510063791487,29369.188366362963,16115.426249999997,86332.640625,114764.0339064457,6750.82552390857,8771.818491938015,8771.818491938015,1.3333333333333333,3977.460317460318,2485.9126984126983,184981.2482814457,259.8607407407407,2320.185185185185,138735.9362110843,194.8955555555556,2320.185185185185,1988.730158730159,165.7275132275132,187561.29420737165,143405.47462378273,11033.01730631598,8435.616154340161,21618.393839160235,16696.354903179705,21618.393839160235,B,13.390566081785153,21.618393839160234,1947.0881057432434
3,C-8.1,y,14.25,34.916666666666664,0.0,90.0,C-8.1,1,1.545944992546845,1.5639501173231647,203.79166666666666,,69631.00292113671,96244.08888888889,1.3822016752780921,10.5,0.7368421052631579,5.189759478358553,203.79166666666666,14.25,1057.62973369382,74.21963043465404,3604.0968404946416,252.91907652593977,1057.62973369382,3604.0968404946416,3604.0968404946416,333.31835302039667,252.91907652593977,233.32284711427766,177.04335356815784,310.7142857142857,6,14.0,0.7509241056551464,310.7142857142857,1,6,1600000,10.5,0.25,0.03725778736846773,96734.05467832171,5669370.186068972,242254.66006501103,0.01706257511919418,0.6344570737811913,0.0,103.96633420756295,0.0,69.04966754089628,0.0,19.08767500001926,9.031811927541277,2187998.528277624,4624078.218561076,446466781.40370077,0.0,17056169250.53023,829.4554942305581,0.0,829.4554942305581,3920.3310363100936,4749.786530540652,4749.786530540652,1082.7202958906178,75.98037164144687,105.0201969710599,73.51413787974192,53.1862601490128,0.041865547304365265,7.897660962230843e-05,0.0001783481144008236,0.0001783481144008236,117.53366579243705,-117.53366579243705,115.5,-115.5,0.020599207213295126,-0.020599207213295126,0.02096190767269773,-0.02096190767269773,-0.020599207213295126,0.020599207213295126,-0.02096190767269773,0.02096190767269773,0.06246475451766039,0.02126634009107014,0.06282745497706299,0.020903639631667536,0.02126634009107014,0.06246475451766039,0.020903639631667536,0.06282745497706299,0.041865547304365265,0.041865547304365265,0.041865547304365265,0.041865547304365265,0.06246475451766039,0.06282745497706299,0.041865547304365265,0.041865547304365265,1.4920324357290147,1.5006958948918854,1.5006958948918854,0.0032470279029080673,0.005171368218594721,0.0013226875872214133,0.0013226875872214133,0.005171368218594721,0.005144774019019638,0.0013492817867964899,0.0013492817867964899,0.005144774019019638,0.005171368218594721,0.005144774019019638,0.005171368218594721,0.005171368218594721,0.020685472874378885,0.020685472874378885,0.21,50.947916666666664,10.5,166.84697855750485,34910.93099947379,3499.8427067141647,7456.594760279341,772.5849342105262,4138.847861842105,31544.668071842214,2294.157677952161,4674.963196428487,4674.963196428487,1.3333333333333333,190.682261208577,119.17641325536061,34910.93099947379,12.457907732293693,111.23131903833657,26183.198249605346,9.343430799220274,111.23131903833657,95.3411306042885,7.945094217024041,35034.62022624442,26407.059224264212,2547.9723800905035,1920.5133981283063,5436.407302843514,4105.907816313922,5436.407302843514,B,13.390566081785153,21.618393839160234,0.0
3,C-8.3,y,19.0,26.083333333333332,0.0,90.0,C-8.3,1,1.545944992546845,1.5639501173231647,1045.25,,69631.00292113671,96244.08888888889,1.3822016752780921,10.5,0.5526315789473685,5.189759478358553,1045.25,19.0,5424.596094754278,285.5050576186462,18485.457644786053,972.9188234097923,5424.596094754278,18485.457644786053,18485.457644786053,991.6179562088253,972.9188234097923,694.1325693461777,681.0431763868545,769.6428571428571,2,23.0,0.9018891852293724,769.6428571428571,1,2,1600000,10.5,0.25,0.05163525141608377,358000.7289173003,5669370.186068972,242254.66006501103,0.06314647256532932,1.5276464814276085,0.0,103.96633420756295,0.0,77.88300087422962,0.0,19.08767500001926,9.031811927541277,2187998.528277624,4624078.218561076,2203839103.8720202,0.0,17056169250.53023,3629.967498710022,0.0,3629.967498710022,15210.77366925766,18840.74116796768,18840.74116796768,4900.7889013842,257.9362579675894,356.51992787776425,249.56394951443497,180.55538057731258,0.041865547304365265,7.897660962230843e-05,0.0001783481144008236,0.0001783481144008236,117.53366579243705,-117.53366579243705,115.5,-115.5,0.020599207213295126,-0.020599207213295126,0.02096190767269773,-0.02096190767269773,-0.020599207213295126,0.020599207213295126,-0.02096190767269773,0.02096190767269773,0.06246475451766039,0.02126634009107014,0.06282745497706299,0.020903639631667536,0.02126634009107014,0.06246475451766039,0.020903639631667536,0.06282745497706299,0.041865547304365265,0.041865547304365265,0.041865547304365265,0.041865547304365265,0.06246475451766039,0.06282745497706299,0.041865547304365265,0.041865547304365265,1.4920324357290147,1.5006958948918854,1.5006958948918854,0.0032470279029080673,0.005171368218594721,0.0013226875872214133,0.0013226875872214133,0.005171368218594721,0.005144774019019638,0.0013492817867964899,0.0013492817867964899,0.005144774019019638,0.005171368218594721,0.005144774019019638,0.005171368218594721,0.005171368218594721,0.020685472874378885,0.020685472874378885,0.21,261.3125,10.5,641.8201754385964,138479.44758456244,10411.988540192666,21530.00862487393,2971.948322368421,15921.151726973683,125530.24417995717,6785.418604322009,13378.459702540946,13378.459702540946,1.3333333333333333,733.5087719298245,458.4429824561403,138479.44758456244,47.92257309941519,427.88011695906425,103859.58568842185,35.9419298245614,427.88011695906425,366.7543859649123,30.56286549707602,138955.25027462092,104720.72498666747,7511.094609438968,5660.579729009052,15555.487717891821,11748.392104208344,15555.487717891821,B,13.390566081785153,21.618393839160234,0.0
3,C-A.5--C-2,x,14.75,0.0,97.33333333333333,-23.0,C-A.5,2,1.0,1.8962048021698774,935.3263888888888,,72257.7762444321,96244.08888888889,1.3822016752780921,10.5,0.711864406779661,5.385538961349937,935.3263888888888,14.75,5037.236708939853,341.50757348744764,17165.448671821727,1163.7592319879136,5037.236708939853,17165.448671821727,17165.448671821727,1345.9565225804783,1163.7592319879136,942.1695658063347,814.6314623915395,1200.0,3,19.0,0.7851413048386123,921.4285714285714,2,4,1600000,10.5,0.25,0.050014784521469846,343207.49026626546,4612341.251361627,242298.5101441475,0.07441068896733212,0.0,7.118871264479078,0.0,53.9711742750476,0.0,43.36215905828573,11.075000000000001,0.2294084574834443,55585.32746270556,2683455.9998464338,0.0,640827764.82733,17056169250.53023,0.0,2325.109461887669,2325.109461887669,17527.749246174386,19852.858708062056,19852.858708062056,7565.509103965584,512.9158714552938,708.9531768022296,496.2672237615607,359.04111001870564,0.05142882805986185,7.899090503598978e-05,0.00015148472264477696,0.00015148472264477696,221.5,-221.5,61.5288257249524,-61.5288257249524,0.009320677099603231,-0.009320677099603231,0.033553866065818096,-0.033553866065818096,-0.009320677099603231,0.009320677099603231,-0.033553866065818096,0.033553866065818096,0.060749505159465075,0.04210815096025862,0.08498269412567994,0.017874961994043752,0.04210815096025862,0.060749505159465075,0.017874961994043752,0.08498269412567994,0.05142882805986185,0.05142882805986185,0.05142882805986185,0.05142882805986185,0.060749505159465075,0.08498269412567994,0.05142882805986185,0.05142882805986185,1.1812344836781852,1.6524330289378215,1.6524330289378215,0.0001335416206758172,0.0008152681990954841,-0.0005481849577438497,-0.0005481849577438497,0.0008152681990954841,0.0023698672401695764,-0.002102783998817956,-0.002102783998817956,0.0023698672401695764,0.0008152681990954841,0.0023698672401695764,0.0001335416206758172,0.0001335416206758172,0.0005341664827032688,0.0005341664827032688,0.21,467.6631944444444,10.5,1479.612366603892,145918.5115042561,14132.543487095023,27154.715184693836,6851.345063559322,36703.6342690678,116066.22229874764,8144.998056052466,13390.566081785153,13390.566081785153,1.3333333333333333,1690.9855618330193,1056.865976145637,145918.5115042561,110.47772337309058,986.4082444025946,109438.88362819208,82.85829252981797,986.4082444025946,845.4927809165097,70.45773174304247,147015.3974720318,111424.10067778405,10316.869998037319,7819.235135283091,19906.181907739716,15174.384341070094,19906.181907739716,B,13.390566081785153,21.618393839160234,1736.012979054448
3,C-B--C-2,x,23.25,0.0,82.33333333333333,-23.0,C-B,1,1.0,1.8962048021698774,597.0,,72257.7762444321,96244.08888888889,1.3822016752780921,10.5,0.45161290322580644,5.385538961349937,2198.298333333333,51.833333333333336,11839.021322837296,228.40555606760054,40343.96725512172,778.3402042788756,5310.429178571712,18096.40974948386,18096.40974948386,955.3531162896971,778.3402042788757,668.747181402788,544.8381429952129,769.6428571428571,2,23.0,0.8689058505465459,600.0,1,3,1600000,10.5,0.25,0.047641150512292396,379848.2940670086,4612341.251361627,242298.5101441475,0.08235476808115014,0.0,6.567291942515703,0.0,53.9711742750476,0.0,28.362159058285727,11.075000000000001,0.2294084574834443,55585.32746270556,2683455.9998464338,0.0,319685620.22263217,17056169250.53023,0.0,1773.3595380950148,1773.3595380950148,20438.600415640445,22211.95995373546,22211.95995373546,7165.493498067854,308.19326873410125,425.985252353706,298.1896766475942,215.73528811387087,0.05142882805986185,7.899090503598978e-05,0.00015148472264477696,0.00015148472264477696,221.5,-221.5,61.5288257249524,-61.5288257249524,0.009320677099603231,-0.009320677099603231,0.033553866065818096,-0.033553866065818096,-0.009320677099603231,0.009320677099603231,-0.033553866065818096,0.033553866065818096,0.060749505159465075,0.04210815096025862,0.08498269412567994,0.017874961994043752,0.04210815096025862,0.060749505159465075,0.017874961994043752,0.08498269412567994,0.05142882805986185,0.05142882805986185,0.05142882805986185,0.05142882805986185,0.060749505159465075,0.08498269412567994,0.05142882805986185,0.05142882805986185,1.1812344836781852,1.6524330289378215,1.6524330289378215,0.0001335416206758172,0.0008152681990954841,-0.0005481849577438497,-0.0005481849577438497,0.0008152681990954841,0.0023698672401695764,-0.002102783998817956,-0.002102783998817956,0.0023698672401695764,0.0008152681990954841,0.0023698672401695764,0.0001335416206758172,0.0001335416206758172,0.0005341664827032688,0.0005341664827032688,0.21,298.5,10.5,599.1397849462365,163257.9056599556,10031.20772104182,20054.289240917366,2774.316774193548,14862.411290322578,151169.81114382658,6644.826863464905,12752.495553738154,12752.495553738154,1.3333333333333333,684.7311827956988,427.95698924731175,163257.9056599556,44.73577060931899,399.42652329749103,122443.42924496673,33.55182795698925,399.42652329749103,342.3655913978494,28.530465949820783,163702.06795386242,123247.30365356887,7195.695294675272,5417.46389686017,14405.100847369256,10865.902913088092,14405.100847369256,E,26.663713517505236,26.663713517505236,0.0
3,C-B--C-4,x,9.916666666666666,0.0,63.333333333333336,-23.0,C-B,1,1.0,1.8962048021698774,949.1666666666666,,72257.7762444321,96244.08888888889,1.3822016752780921,10.5,1.0588235294117647,5.385538961349937,2198.298333333333,51.833333333333336,11839.021322837296,228.40555606760054,40343.96725512172,778.3402042788756,2265.021764337039,7718.54035909885,7718.54035909885,778.3402042788757,778.3402042788757,544.8381429952129,544.8381429952129,600.0,3,19.0,0.9080635716586882,600.0,1,3,1600000,10.5,0.25,0.0615089847346766,125486.3885722277,4612341.251361627,242298.5101441475,0.027206657472532498,0.0,1.6391175993458753,0.0,53.9711742750476,0.0,9.362159058285734,11.075000000000001,0.2294084574834443,55585.32746270556,2683455.9998464338,0.0,10998884.748249663,17056169250.53023,0.0,184.83559834517743,184.83559834517743,6453.617901734112,6638.453500079289,7718.54035909885,2265.021764337038,228.4055560676005,315.7025422394616,220.9917795676231,159.88388924732033,0.05142882805986185,7.899090503598978e-05,0.00015148472264477696,0.00015148472264477696,221.5,-221.5,61.5288257249524,-61.5288257249524,0.009320677099603231,-0.009320677099603231,0.033553866065818096,-0.033553866065818096,-0.009320677099603231,0.009320677099603231,-0.033553866065818096,0.033553866065818096,0.060749505159465075,0.04210815096025862,0.08498269412567994,0.017874961994043752,0.04210815096025862,0.060749505159465075,0.017874961994043752,0.08498269412567994,0.05142882805986185,0.05142882805986185,0.05142882805986185,0.05142882805986185,0.060749505159465075,0.08498269412567994,0.05142882805986185,0.05142882805986185,1.1812344836781852,1.6524330289378215,1.6524330289378215,0.0001335416206758172,0.0008152681990954841,-0.0005481849577438497,-0.0005481849577438497,0.0008152681990954841,0.0023698672401695764,-0.002102783998817956,-0.002102783998817956,0.0023698672401695764,0.0008152681990954841,0.0023698672401695764,0.0001335416206758172,0.0001335416206758172,0.0005341664827032688,0.0005341664827032688,0.21,0.0,9.916666666666666,0.0,56731.271639376544,8172.572144928194,16730.268684747007,0.0,0.0,56731.271639376544,6024.559820110784,12333.021074685183,12333.021074685183,1.3333333333333333,0.0,0.0,56731.271639376544,0.0,0.0,42548.45372953241,0.0,0.0,0.0,0.0,56731.271639376544,42548.45372953241,6024.559820110784,4518.419865083089,12333.021074685183,9249.765806013887,12333.021074685183,E,26.663713517505236,26.663713517505236,0.0
3,C-B--C-4.9,x,18.666666666666668,0.0,55.666666666666664,-23.0,C-B,1,1.0,1.8962048021698774,652.1316666666667,,72257.7762444321,96244.08888888889,1.3822016752780921,10.5,0.5625,5.385538961349937,2198.298333333333,51.833333333333336,11839.021322837296,228.40555606760054,40343.96725512172,778.3402042788756,4263.570379928544,14529.017146539014,14529.017146539014,803.9044759144756,778.3402042788757,562.7331331401328,544.8381429952129,600.0,3,19.0,0.9378885552335547,600.0,1,3,1600000,10.5,0.25,0.05071902532515189,286460.89023587725,4612341.251361627,242298.5101441475,0.06210747961272597,0.0,3.37126849489045,0.0,53.9711742750476,0.0,1.6954923916190623,11.075000000000001,0.2294084574834443,55585.32746270556,2683455.9998464338,0.0,834467.6228821394,17056169250.53023,0.0,77.43309659108726,77.43309659108726,14928.783787145792,15006.216883736879,15006.216883736879,3256.423058235094,174.4512352625943,241.12678963429045,168.7887527440033,122.11586468381601,0.05142882805986185,7.899090503598978e-05,0.00015148472264477696,0.00015148472264477696,221.5,-221.5,61.5288257249524,-61.5288257249524,0.009320677099603231,-0.009320677099603231,0.033553866065818096,-0.033553866065818096,-0.009320677099603231,0.009320677099603231,-0.033553866065818096,0.033553866065818096,0.060749505159465075,0.04210815096025862,0.08498269412567994,0.017874961994043752,0.04210815096025862,0.060749505159465075,0.017874961994043752,0.08498269412567994,0.05142882805986185,0.05142882805986185,0.05142882805986185,0.05142882805986185,0.060749505159465075,0.08498269412567994,0.05142882805986185,0.05142882805986185,1.1812344836781852,1.6524330289378215,1.6524330289378215,0.0001335416206758172,0.0008152681990954841,-0.0005481849577438497,-0.0005481849577438497,0.0008152681990954841,0.0023698672401695764,-0.002102783998817956,-0.002102783998817956,0.0023698672401695764,0.0008152681990954841,0.0023698672401695764,0.0001335416206758172,0.0001335416206758172,0.0005341664827032688,0.0005341664827032688,0.21,0.0,10.5,0.0,110295.69409546605,8440.996997101995,18179.59265571429,0.0,0.0,110295.69409546605,6071.322610759599,13075.963891816513,13075.963891816513,1.3333333333333333,0.0,0.0,110295.69409546605,0.0,0.0,82721.77057159955,0.0,0.0,0.0,0.0,110295.69409546605,82721.77057159955,6071.322610759599,4553.4919580697,13075.963891816513,9806.972918862386,13075.963891816513,E,26.663713517505236,26.663713517505236,0.0
3,C-C--C-2.5,x,28.0,0.0,69.91666666666667,-23.0,C-C,2,1.0,1.8962048021698774,2590.6666666666665,,72257.7762444321,96244.08888888889,1.3822016752780921,10.5,0.375,5.385538961349937,4384.958333333333,59.416666666666664,23615.36394806275,397.45353068268304,80474.34360140978,1354.406904932563,11128.698859115126,37923.39333811177,37923.39333811177,1684.0850043679554,1354.406904932563,1178.8595030575686,948.0848334527941,1200.0,3,19.0,0.9823829192146405,1200.0,2,3,1600000,10.5,0.25,0.049353725087184885,768399.8172603773,4612341.251361627,242298.5101441475,0.16659648004872474,0.0,13.26613679119173,0.0,53.9711742750476,0.0,15.94549239161907,11.075000000000001,0.2294084574834443,55585.32746270556,2683455.9998464338,0.0,222283265.74975717,17056169250.53023,0.0,2193.218072005056,2193.218072005056,44961.1620502977,47154.380122302755,47154.380122302755,9841.111506222609,351.4682680793789,485.8000289464071,340.06002026248495,246.02778765556522,0.05142882805986185,7.899090503598978e-05,0.00015148472264477696,0.00015148472264477696,221.5,-221.5,61.5288257249524,-61.5288257249524,0.009320677099603231,-0.009320677099603231,0.033553866065818096,-0.033553866065818096,-0.009320677099603231,0.009320677099603231,-0.033553866065818096,0.033553866065818096,0.060749505159465075,0.04210815096025862,0.08498269412567994,0.017874961994043752,0.04210815096025862,0.060749505159465075,0.017874961994043752,0.08498269412567994,0.05142882805986185,0.05142882805986185,0.05142882805986185,0.05142882805986185,0.060749505159465075,0.08498269412567994,0.05142882805986185,0.05142882805986185,1.1812344836781852,1.6524330289378215,1.6524330289378215,0.0001335416206758172,0.0008152681990954841,-0.0005481849577438497,-0.0005481849577438497,0.0008152681990954841,0.0023698672401695764,-0.002102783998817956,-0.002102783998817956,0.0023698672401695764,0.0008152681990954841,0.0023698672401695764,0.0001335416206758172,0.0001335416206758172,0.0005341664827032688,0.0005341664827032688,0.21,0.0,10.5,0.0,346584.69389892527,17682.89254586353,37410.822537316024,0.0,0.0,346584.69389892527,12603.079778142737,26663.713517505235,26663.713517505235,1.3333333333333333,0.0,0.0,346584.69389892527,0.0,0.0,259938.52042419396,0.0,0.0,0.0,0.0,346584.69389892527,259938.52042419396,12603.079778142737,9452.309833607052,26663.713517505235,19997.78513812893,26663.713517505235,E,26.663713517505236,26.663713517505236,0.0
3,C-C--C-3.6,x,19.333333333333332,0.0,56.25,-23.0,C-C,2,1.0,1.8962048021698774,1058.0416666666665,,72257.7762444321,96244.08888888889,1.3822016752780921,10.5,0.5431034482758621,5.385538961349937,4384.958333333333,59.416666666666664,23615.36394806275,397.45353068268304,80474.34360140978,1354.406904932563,7684.1015931985385,26185.200162029552,26185.200162029552,1426.2157368322942,1354.406904932563,998.3510157826058,948.0848334527941,1200.0,3,19.0,0.8319591798188382,1200.0,2,3,1600000,10.5,0.25,0.04754394835801386,550757.7949742548,4612341.251361627,242298.5101441475,0.11940959373109339,0.0,6.644387366486903,0.0,53.9711742750476,0.0,2.278825724952398,11.075000000000001,0.2294084574834443,55585.32746270556,2683455.9998464338,0.0,2764970.1274815192,17056169250.53023,0.0,190.89401476279568,190.89401476279568,27382.610230661558,27573.504245424352,27573.504245424352,8971.141833270645,464.02457758296447,641.3755485053825,448.96288395376774,324.81720430807513,0.05142882805986185,7.899090503598978e-05,0.00015148472264477696,0.00015148472264477696,221.5,-221.5,61.5288257249524,-61.5288257249524,0.009320677099603231,-0.009320677099603231,0.033553866065818096,-0.033553866065818096,-0.009320677099603231,0.009320677099603231,-0.033553866065818096,0.033553866065818096,0.060749505159465075,0.04210815096025862,0.08498269412567994,0.017874961994043752,0.04210815096025862,0.060749505159465075,0.017874961994043752,0.08498269412567994,0.05142882805986185,0.05142882805986185,0.05142882805986185,0.05142882805986185,0.060749505159465075,0.08498269412567994,0.05142882805986185,0.05142882805986185,1.1812344836781852,1.6524330289378215,1.6524330289378215,0.0001335416206758172,0.0008152681990954841,-0.0005481849577438497,-0.0005481849577438497,0.0008152681990954841,0.0023698672401695764,-0.002102783998817956,-0.002102783998817956,0.0023698672401695764,0.0008152681990954841,0.0023698672401695764,0.0001335416206758172,0.0001335416206758172,0.0005341664827032688,0.0005341664827032688,0.21,0.0,10.5,0.0,202665.25620386895,14975.265236739091,29740.729060728445,0.0,0.0,202665.25620386895,10760.987055072688,21371.21415691282,21371.21415691282,1.3333333333333333,0.0,0.0,202665.25620386895,0.0,0.0,151998.94215290176,0.0,0.0,0.0,0.0,202665.25620386895,151998.94215290176,10760.987055072688,8070.740291304519,21371.21415691282,16028.410617684622,21371.21415691282,E,26.663713517505236,26.663713517505236,1360.9014707252245
3,C-C--C-5.2,x,12.083333333333334,0.0,47.416666666666664,-23.0,C-C,2,1.119977967355991,2.699987779600157,736.25,,72257.7762444321,96244.08888888889,1.3822016752780921,10.5,0.8689655172413793,5.385538961349937,4384.958333333333,59.416666666666664,23615.36394806275,397.45353068268304,80474.34360140978,1354.406904932563,4802.5634957490865,16365.750101268473,16365.750101268473,1354.4069049325633,1354.4069049325633,948.0848334527942,948.0848334527942,1200.0,3,19.0,0.7900706945439951,1200.0,2,3,1600000,10.5,0.25,0.05443953079934553,300622.5413953278,4612341.251361627,242298.5101441475,0.0651778619603612,0.0,2.9399077876683806,0.0,53.9711742750476,0.0,6.554507608380938,12.403755988467603,26.31360370223851,6375746.973575914,3005411.596197248,0.0,12915216.352223083,17056169250.53023,0.0,347.20348419326865,347.20348419326865,15460.664992339012,15807.868476532281,16365.750101268473,4802.563495749087,397.4535306826831,549.3609359547971,384.55265516835794,278.2174714778781,0.05142882805986185,0.00022563597153548446,0.00015148472264477696,0.00022563597153548446,221.5,-221.5,61.5288257249524,-61.5288257249524,0.013883116369887143,-0.013883116369887143,0.049978367695109806,-0.049978367695109806,-0.013883116369887143,0.013883116369887143,-0.049978367695109806,0.049978367695109806,0.065311944429749,0.037545711689974705,0.10140719575497165,0.0014504603647520417,0.037545711689974705,0.065311944429749,0.0014504603647520417,0.10140719575497165,0.05142882805986185,0.05142882805986185,0.05142882805986185,0.05142882805986185,0.065311944429749,0.10140719575497165,0.05142882805986185,0.05142882805986185,1.2699481379145479,1.9717967447544449,1.9717967447544449,0.0001335416206758172,0.0008151125867937037,-0.0005480293454420693,-0.0005480293454420693,0.0008151125867937037,0.0022542521706572782,-0.0019871689293056508,-0.0019871689293056508,0.0022542521706572782,0.0008151125867937037,0.0022542521706572782,0.0008151125867937037,0.0008151125867937037,0.0032604503471748147,0.0032604503471748147,0.21,0.0,10.5,0.0,120288.26324432327,14221.272501791915,28873.908049515696,0.0,0.0,120288.26324432327,10384.598265696972,21084.184654862176,21084.184654862176,1.3333333333333333,0.0,0.0,120288.26324432327,0.0,0.0,90216.19743324246,0.0,0.0,0.0,0.0,120288.26324432327,90216.19743324246,10384.598265696972,7788.44869927273,21084.184654862176,15813.138491146636,21084.184654862176,E,26.663713517505236,26.663713517505236,72.27315471289603
3,C-X--C-6.5,x,13.0,0.0,36.25,0.0,C-X,2,1.119977967355991,2.699987779600157,1083.5,,69631.00292113671,96244.08888888889,1.3822016752780921,10.5,0.8076923076923077,5.189759478358553,1801.0033333333333,24.0,9346.774119722015,389.44892165508395,31851.108190817344,1327.1295079507227,5062.835981516091,17252.683603359394,17252.683603359394,1379.797701035934,1327.1295079507227,965.8583907251538,928.9906555655058,1200.0,3,19.0,0.8048819922709615,1200.0,2,3,1600000,10.5,0.25,0.05347430811974616,322635.0037989288,4612341.251361627,242298.5101441475,0.06995037578879977,0.0,2.476924940490712,0.0,53.9711742750476,0.0,17.721174275047602,12.403755988467603,26.31360370223851,6375746.973575914,3005411.596197248,0.0,103261330.93009283,17056169250.53023,0.0,1026.757024227435,1026.757024227435,16910.61308923971,17937.370113467143,17937.370113467143,5747.52249162384,442.1171147402954,611.0950166631528,427.766511664207,309.48198031820675,0.05142882805986185,0.00022563597153548446,0.00015148472264477696,0.00022563597153548446,221.5,-221.5,61.5288257249524,-61.5288257249524,0.013883116369887143,-0.013883116369887143,0.049978367695109806,-0.049978367695109806,-0.013883116369887143,0.013883116369887143,-0.049978367695109806,0.049978367695109806,0.065311944429749,0.037545711689974705,0.10140719575497165,0.0014504603647520417,0.037545711689974705,0.065311944429749,0.0014504603647520417,0.10140719575497165,0.05142882805986185,0.05142882805986185,0.05142882805986185,0.05142882805986185,0.065311944429749,0.10140719575497165,0.05142882805986185,0.05142882805986185,1.2699481379145479,1.9717967447544449,1.9717967447544449,0.0001335416206758172,0.0008151125867937037,-0.0005480293454420693,-0.0005480293454420693,0.0008151125867937037,0.0022542521706572782,-0.0019871689293056508,-0.0019871689293056508,0.0022542521706572782,0.0008151125867937037,0.0022542521706572782,0.0008151125867937037,0.0008151125867937037,0.0032604503471748147,0.0032604503471748147,0.21,0.0,10.5,0.0,131839.6703339835,14487.875860877308,28845.41120259218,0.0,0.0,131839.6703339835,10547.173626718679,20999.459355487103,20999.459355487103,1.3333333333333333,0.0,0.0,131839.6703339835,0.0,0.0,98879.75275048763,0.0,0.0,0.0,0.0,131839.6703339835,98879.75275048763,10547.173626718679,7910.380220039011,20999.459355487103,15749.594516615329,20999.459355487103,E,26.663713517505236,26.663713517505236,639.5360802061195
3,C-X--C-8.5,x,11.0,0.0,36.25,0.0,C-X,2,1.119977967355991,2.699987779600157,717.5033333333333,,69631.00292113671,96244.08888888889,1.3822016752780921,10.5,0.9545454545454546,5.189759478358553,1801.0033333333333,24.0,9346.774119722015,389.44892165508395,31851.108190817344,1327.1295079507227,4283.938138205924,14598.424587457948,14598.424587457948,1327.1295079507227,1327.1295079507227,928.9906555655058,928.9906555655058,1200.0,3,19.0,0.7741588796379215,1200.0,2,3,1600000,10.5,0.25,0.05598754057737365,260744.16623611498,4612341.251361627,242298.5101441475,0.05653184619831408,0.0,1.9494125507851523,0.0,53.9711742750476,0.0,17.721174275047602,12.403755988467603,26.31360370223851,6375746.973575914,3005411.596197248,0.0,81884102.57646964,17056169250.53023,0.0,814.197112662321,814.197112662321,13409.766892969192,14223.964005631513,14598.424587457948,4283.938138205924,389.44892165508395,538.2969519469035,376.80786636283244,272.61424515855873,0.05142882805986185,0.00022563597153548446,0.00015148472264477696,0.00022563597153548446,221.5,-221.5,61.5288257249524,-61.5288257249524,0.013883116369887143,-0.013883116369887143,0.049978367695109806,-0.049978367695109806,-0.013883116369887143,0.013883116369887143,-0.049978367695109806,0.049978367695109806,0.065311944429749,0.037545711689974705,0.10140719575497165,0.0014504603647520417,0.037545711689974705,0.065311944429749,0.0014504603647520417,0.10140719575497165,0.05142882805986185,0.05142882805986185,0.05142882805986185,0.05142882805986185,0.065311944429749,0.10140719575497165,0.05142882805986185,0.05142882805986185,1.2699481379145479,1.9717967447544449,1.9717967447544449,0.0001335416206758172,0.0008151125867937037,-0.0005480293454420693,-0.0005480293454420693,0.0008151125867937037,0.0022542521706572782,-0.0019871689293056508,-0.0019871689293056508,0.0022542521706572782,0.0008151125867937037,0.0022542521706572782,0.0008151125867937037,0.0008151125867937037,0.0032604503471748147,0.0032604503471748147,0.21,179.37583333333333,10.5,760.9883838383837,107298.42071781591,13934.859833482587,28292.395175197456,3523.756711363636,18877.26809659091,91944.90933258864,8756.658031675108,16361.0389231751,16361.0389231751,1.3333333333333333,869.7010101010101,543.5631313131312,107298.42071781591,56.82046599326598,507.3255892255891,80473.81553836195,42.6153494949495,507.3255892255891,434.85050505050503,36.23754208754208,107862.56677303476,81494.84452422053,10272.625406955693,7761.413764211479,20908.941049016852,15852.539913746768,20908.941049016852,C,23.997242015442776,23.997242015442776,0.0
3,C-W.6--C-7.3,x,19.083333333333332,0.0,47.08333333333333,0.0,C-W.6,1,1.119977967355991,2.699987779600157,956.8333333333334,,69631.00292113671,96244.08888888889,1.3822016752780921,10.5,0.5502183406113538,5.189759478358553,956.8333333333334,19.083333333333332,4965.734860876076,260.21318048258917,16921.791013109578,886.731406800502,4965.734860876077,16921.791013109578,16921.791013109578,931.290511953773,886.731406800502,651.9033583676411,620.7119847603514,769.6428571428571,2,23.0,0.8470206048396265,769.6428571428571,1,2,1600000,10.5,0.25,0.0491342198426374,344399.30189804884,4612341.251361627,242298.5101441475,0.07466908520621222,0.0,3.4716976620471938,0.0,53.9711742750476,0.0,6.887840941714273,12.403755988467603,26.31360370223851,6375746.973575914,3005411.596197248,0.0,16016552.063106503,17056169250.53023,0.0,409.7400169459558,409.7400169459558,17362.387252838547,17772.1272697845,17772.1272697845,4328.232938176796,226.80696619267053,313.4929686362508,219.44507804537554,158.76487633486937,0.05142882805986185,0.00022563597153548446,0.00015148472264477696,0.00022563597153548446,221.5,-221.5,61.5288257249524,-61.5288257249524,0.013883116369887143,-0.013883116369887143,0.049978367695109806,-0.049978367695109806,-0.013883116369887143,0.013883116369887143,-0.049978367695109806,0.049978367695109806,0.065311944429749,0.037545711689974705,0.10140719575497165,0.0014504603647520417,0.037545711689974705,0.065311944429749,0.0014504603647520417,0.10140719575497165,0.05142882805986185,0.05142882805986185,0.05142882805986185,0.05142882805986185,0.065311944429749,0.10140719575497165,0.05142882805986185,0.05142882805986185,1.2699481379145479,1.9717967447544449,1.9717967447544449,0.0001335416206758172,0.0008151125867937037,-0.0005480293454420693,-0.0005480293454420693,0.0008151125867937037,0.0022542521706572782,-0.0019871689293056508,-0.0019871689293056508,0.0022542521706572782,0.0008151125867937037,0.0022542521706572782,0.0008151125867937037,0.0008151125867937037,0.0032604503471748147,0.0032604503471748147,0.21,0.0,10.5,0.0,130625.13543291608,9778.550375514616,20649.54432615899,0.0,0.0,130625.13543291608,7029.155269932705,14843.596212929533,14843.596212929533,1.3333333333333333,0.0,0.0,130625.13543291608,0.0,0.0,97968.85157468707,0.0,0.0,0.0,0.0,130625.13543291608,97968.85157468707,7029.155269932705,5271.866452449529,14843.596212929533,11132.69715969715,14843.596212929533,C,23.997242015442776,23.997242015442776,0.0
3,C-Y--C-6.5,x,11.333333333333334,0.0,30.75,0.0,C-Y,2,1.119977967355991,2.699987779600157,1137.1666666666665,,69631.00292113671,96244.08888888889,1.3822016752780921,10.5,0.926470588235294,5.189759478358553,1600.5833333333333,20.166666666666668,8306.642525069394,411.89962934228396,28306.639957219617,1403.6350392009726,4668.195799212552,15907.863777611026,15907.863777611026,1403.6350392009729,1403.6350392009729,982.5445274406809,982.5445274406809,1200.0,3,19.0,0.8187871062005674,1200.0,2,3,1600000,10.5,0.25,0.057311380543455526,277569.0207907157,4612341.251361627,242298.5101441475,0.060179636688584885,0.0,1.7603428467140454,0.0,53.9711742750476,0.0,23.221174275047602,12.403755988467603,26.31360370223851,6375746.973575914,3005411.596197248,0.0,149671581.97594264,17056169250.53023,0.0,1135.7366275146076,1135.7366275146076,14275.049444989936,15410.786072504543,15907.863777611026,4668.195799212552,411.89962934228396,569.3283577233301,398.52985040633104,288.32974053959873,0.05142882805986185,0.00022563597153548446,0.00015148472264477696,0.00022563597153548446,221.5,-221.5,61.5288257249524,-61.5288257249524,0.013883116369887143,-0.013883116369887143,0.049978367695109806,-0.049978367695109806,-0.013883116369887143,0.013883116369887143,-0.049978367695109806,0.049978367695109806,0.065311944429749,0.037545711689974705,0.10140719575497165,0.0014504603647520417,0.037545711689974705,0.065311944429749,0.0014504603647520417,0.10140719575497165,0.05142882805986185,0.05142882805986185,0.05142882805986185,0.05142882805986185,0.065311944429749,0.10140719575497165,0.05142882805986185,0.05142882805986185,1.2699481379145479,1.9717967447544449,1.9717967447544449,0.0001335416206758172,0.0008151125867937037,-0.0005480293454420693,-0.0005480293454420693,0.0008151125867937037,0.0022542521706572782,-0.0019871689293056508,-0.0019871689293056508,0.0022542521706572782,0.0008151125867937037,0.0022542521706572782,0.0008151125867937037,0.0008151125867937037,0.0032604503471748147,0.0032604503471748147,0.21,0.0,10.5,0.0,116922.79876544102,14738.167911610217,29923.377464607052,0.0,0.0,116922.79876544102,10792.873732194555,21913.119497158394,21913.119497158394,1.3333333333333333,0.0,0.0,116922.79876544102,0.0,0.0,87692.09907408079,0.0,0.0,0.0,0.0,116922.79876544102,87692.09907408079,10792.873732194555,8094.655299145918,21913.119497158394,16434.8396228688,21913.119497158394,C,23.997242015442776,23.997242015442776,226.195447462228
3,C-Y--C-7.2,x,8.833333333333334,0.0,30.75,0.0,C-Y,2,1.119977967355991,2.699987779600157,463.4166666666667,,69631.00292113671,96244.08888888889,1.3822016752780921,10.5,1.1886792452830188,5.189759478358553,1600.5833333333333,20.166666666666668,8306.642525069394,411.89962934228396,28306.639957219617,1403.6350392009726,3638.446725856842,12398.776179608594,12398.776179608594,1403.6350392009729,1403.6350392009729,982.5445274406809,982.5445274406809,1200.0,3,19.0,0.8187871062005674,1200.0,2,3,1600000,10.5,0.25,0.06438425890505278,192574.65086137003,4612341.251361627,242298.5101441475,0.041752038794726935,0.0,1.2213085168386577,0.0,53.9711742750476,0.0,23.221174275047602,12.403755988467603,26.31360370223851,6375746.973575914,3005411.596197248,0.0,103840668.38863225,17056169250.53023,0.0,787.962878173655,787.962878173655,9903.888607837325,10691.85148601098,12398.776179608594,3638.446725856842,411.89962934228396,569.3283577233301,398.52985040633104,288.32974053959873,0.05142882805986185,0.00022563597153548446,0.00015148472264477696,0.00022563597153548446,221.5,-221.5,61.5288257249524,-61.5288257249524,0.013883116369887143,-0.013883116369887143,0.049978367695109806,-0.049978367695109806,-0.013883116369887143,0.013883116369887143,-0.049978367695109806,0.049978367695109806,0.065311944429749,0.037545711689974705,0.10140719575497165,0.0014504603647520417,0.037545711689974705,0.065311944429749,0.0014504603647520417,0.10140719575497165,0.05142882805986185,0.05142882805986185,0.05142882805986185,0.05142882805986185,0.065311944429749,0.10140719575497165,0.05142882805986185,0.05142882805986185,1.2699481379145479,1.9717967447544449,1.9717967447544449,0.0001335416206758172,0.0008151125867937037,-0.0005480293454420693,-0.0005480293454420693,0.0008151125867937037,0.0022542521706572782,-0.0019871689293056508,-0.0019871689293056508,0.0022542521706572782,0.0008151125867937037,0.0022542521706572782,0.0008151125867937037,0.0008151125867937037,0.0032604503471748147,0.0032604503471748147,0.21,0.0,8.833333333333334,0.0,91131.00492012317,14738.167911610215,29923.377464607052,0.0,0.0,91131.00492012317,10935.72059041478,22203.14607873843,22203.14607873843,1.3333333333333333,0.0,0.0,91131.00492012317,0.0,0.0,68348.25369009239,0.0,0.0,0.0,0.0,91131.00492012317,68348.25369009239,10935.72059041478,8201.790442811085,22203.14607873843,16652.359559053824,22203.14607873843,C,23.997242015442776,23.997242015442776,176.299392874972
3,C-Y.3--C-8,x,8.583333333333334,0.0,21.916666666666668,0.0,C-Y.3,2,1.119977967355991,2.699987779600157,735.0,,69631.00292113671,96244.08888888889,1.3822016752780921,10.5,1.2233009708737863,5.189759478358553,735.0,8.583333333333334,3814.4732165935366,444.4046465934217,12998.623648809134,1514.402755201064,3814.4732165935366,12998.623648809134,12998.623648809134,1514.402755201064,1514.402755201064,1060.0819286407448,1060.0819286407448,1200.0,3,19.0,0.8834016072006207,1200.0,2,3,1600000,10.5,0.25,0.06846154829511246,189867.50917137993,4612341.251361627,242298.5101441475,0.04116510440664563,0.0,0.8582351584703654,0.0,53.9711742750476,0.0,32.05450760838093,12.403755988467603,26.31360370223851,6375746.973575914,3005411.596197248,0.0,195087243.82832015,17056169250.53023,0.0,1072.4133801912367,1072.4133801912367,9764.663483329141,10837.076863520379,12998.623648809134,3814.4732165935366,444.4046465934217,614.256847022796,429.9797929159572,311.08325261539517,0.05142882805986185,0.00022563597153548446,0.00015148472264477696,0.00022563597153548446,221.5,-221.5,61.5288257249524,-61.5288257249524,0.013883116369887143,-0.013883116369887143,0.049978367695109806,-0.049978367695109806,-0.013883116369887143,0.013883116369887143,-0.049978367695109806,0.049978367695109806,0.065311944429749,0.037545711689974705,0.10140719575497165,0.0014504603647520417,0.037545711689974705,0.065311944429749,0.0014504603647520417,0.10140719575497165,0.05142882805986185,0.05142882805986185,0.05142882805986185,0.05142882805986185,0.065311944429749,0.10140719575497165,0.05142882805986185,0.05142882805986185,1.2699481379145479,1.9717967447544449,1.9717967447544449,0.0001335416206758172,0.0008151125867937037,-0.0005480293454420693,-0.0005480293454420693,0.0008151125867937037,0.0022542521706572782,-0.0019871689293056508,-0.0019871689293056508,0.0022542521706572782,0.0008151125867937037,0.0022542521706572782,0.0008151125867937037,0.0008151125867937037,0.0032604503471748147,0.0032604503471748147,0.21,0.0,8.583333333333334,0.0,95539.88381874714,15901.228929611172,32284.777746157408,0.0,0.0,95539.88381874714,11819.36707036047,23997.242015442775,23997.242015442775,1.3333333333333333,0.0,0.0,95539.88381874714,0.0,0.0,71654.91286406036,0.0,0.0,0.0,0.0,95539.88381874714,71654.91286406036,11819.36707036047,8864.525302770353,23997.242015442775,17997.93151158208,23997.242015442775,C,23.997242015442776,23.997242015442776,441.25512729053753
3,C-Y.6--C-8,x,12.75,0.0,11.666666666666666,0.0,C-Y.6,2,1.119977967355991,2.699987779600157,805.0,,69631.00292113671,96244.08888888889,1.3822016752780921,10.5,0.8235294117647058,5.189759478358553,805.0,12.75,4177.756380078636,327.667167064991,14236.587805838575,1116.595122026555,4177.756380078636,14236.587805838575,14236.587805838575,1213.9963859769373,1116.595122026555,849.797470183856,781.6165854185884,921.4285714285714,4,17.0,0.9222608203545725,921.4285714285714,2,4,1600000,10.5,0.25,0.05277337436309788,269768.38183373015,4612341.251361627,242298.5101441475,0.058488383042796493,0.0,0.6862713531233515,0.0,53.9711742750476,0.0,42.30450760838094,12.403755988467603,26.31360370223851,6375746.973575914,3005411.596197248,0.0,470445925.34241945,17056169250.53023,0.0,1959.5011722553013,1959.5011722553013,13518.952748950649,15478.45392120595,15478.45392120595,5224.717881391827,409.78179461896684,566.4010830207991,396.48075811455936,286.84725623327677,0.05142882805986185,0.00022563597153548446,0.00015148472264477696,0.00022563597153548446,221.5,-221.5,61.5288257249524,-61.5288257249524,0.013883116369887143,-0.013883116369887143,0.049978367695109806,-0.049978367695109806,-0.013883116369887143,0.013883116369887143,-0.049978367695109806,0.049978367695109806,0.065311944429749,0.037545711689974705,0.10140719575497165,0.0014504603647520417,0.037545711689974705,0.065311944429749,0.0014504603647520417,0.10140719575497165,0.05142882805986185,0.05142882805986185,0.05142882805986185,0.05142882805986185,0.065311944429749,0.10140719575497165,0.05142882805986185,0.05142882805986185,1.2699481379145479,1.9717967447544449,1.9717967447544449,0.0001335416206758172,0.0008151125867937037,-0.0005480293454420693,-0.0005480293454420693,0.0008151125867937037,0.0022542521706572782,-0.0019871689293056508,-0.0019871689293056508,0.0022542521706572782,0.0008151125867937037,0.0022542521706572782,0.0008151125867937037,0.0008151125867937037,0.0032604503471748147,0.0032604503471748147,0.21,0.0,10.5,0.0,113766.63632086372,12746.96205275784,25262.16640393962,0.0,0.0,113766.63632086372,9287.07235272357,18405.292665727437,18405.292665727437,1.3333333333333333,0.0,0.0,113766.63632086372,0.0,0.0,85324.9772406478,0.0,0.0,0.0,0.0,113766.63632086372,85324.9772406478,9287.07235272357,6965.304264542678,18405.292665727437,13803.96949929558,18405.292665727437,C,23.997242015442776,23.997242015442776,228.34395167491857
2,C-1.7,y,20.0,192.66666666666666,0.0,67.0,C-1.7,2,1.1578006620253964,1.1626359647193658,996.625,,50266.279126561465,96244.08888888889,1.986914908212257,10.5,0.525,3.746461886156478,996.625,20.0,3733.8175772907,186.690878864535,22024.240563086085,1101.2120281543043,3733.8175772907,22024.240563086085,22024.240563086085,1268.4522085967683,1101.2120281543043,887.9165460177378,770.848419708013,921.4285714285714,4,17.0,0.9636303600192503,921.4285714285714,2,4,1600000,10.5,0.25,0.04649496682903753,473690.8544116064,6457810.971957976,291708.6671502379,0.07335161349078412,14.537205215833756,0.0,104.93174385712373,0.0,87.73492280954292,0.0,9.890898474807528,6.714222696254338,1958596.9536742296,2885260.811004425,3603919616.472952,0.0,19453799579.358067,4135.644833701986,0.0,4135.644833701986,21233.39933823338,25369.044171935366,25369.044171935366,5839.568555709684,291.9784277854842,580.1362910433545,406.09540373034815,204.38489944983894,0.04535126740911963,8.109110476073268e-05,0.00011434556484423538,0.00011434556484423538,116.56825614287627,-116.56825614287627,115.5,-115.5,0.013206912739509186,-0.013206912739509186,0.013329063091564697,-0.013329063091564697,-0.013206912739509186,0.013206912739509186,-0.013329063091564697,0.013329063091564697,0.05855818014862881,0.03214435466961044,0.05868033050068432,0.03202220431755493,0.03214435466961044,0.05855818014862881,0.03202220431755493,0.05868033050068432,0.04535126740911963,0.04535126740911963,0.04535126740911963,0.04535126740911963,0.05855818014862881,0.05868033050068432,0.04535126740911963,0.04535126740911963,1.2912137519855382,1.2939071795132318,1.2939071795132318,0.0034857201047543626,0.0023052019948760355,0.00466623821463269,0.00466623821463269,0.0023052019948760355,0.002174025715247975,0.004797414494260754,0.004797414494260754,0.002174025715247975,0.00466623821463269,0.004797414494260754,0.00466623821463269,0.00466623821463269,0.01866495285853076,0.01866495285853076,0.21,996.625,10.5,2325.458333333333,186462.47466372492,13318.748190266066,33779.31646528827,10768.034812499998,57685.90078125,139544.60869497492,7156.133779229483,14627.639314822343,14627.639314822343,1.3333333333333333,2657.6666666666665,1661.0416666666665,186462.47466372492,173.63422222222215,1550.3055555555552,139846.8559977937,130.22566666666665,1550.3055555555552,1328.8333333333333,110.7361111111111,188186.4144415027,142966.9566644604,9650.585355974497,7331.638803305661,24605.445621802402,18828.88336165095,24605.445621802402,D,26.553420085120695,38.51400330917409,550.4795031783924
2,C-2.1,y,29.0,182.66666666666666,0.0,67.0,C-2.1,1,1.1578006620253964,1.1626359647193658,803.0,,50266.279126561465,96244.08888888889,1.986914908212257,10.5,0.3620689655172414,3.746461886156478,803.0,29.0,3008.408894583652,103.73823774426386,17745.355747806974,611.9088188898957,3008.408894583652,17745.355747806974,17745.355747806974,764.2657926720908,611.9088188898957,534.9860548704636,428.33617322292696,600.0,3,19.0,0.891643424784106,460.7142857142857,1,4,1600000,10.5,0.25,0.043950190973177705,403760.6061515583,6457810.971957976,291708.6671502379,0.06252282823155167,11.60436374225351,0.0,104.93174385712373,0.0,77.73492280954292,0.0,9.890898474807528,6.714222696254338,1958596.9536742296,2885260.811004425,2518524902.137948,0.0,19453799579.358067,3261.900543308418,0.0,3261.900543308418,18901.807444182217,22163.707987490634,22163.707987490634,3403.292891023568,117.35492727667476,233.1742545581903,163.2219781907332,82.14844909367233,0.04535126740911963,8.109110476073268e-05,0.00011434556484423538,0.00011434556484423538,116.56825614287627,-116.56825614287627,115.5,-115.5,0.013206912739509186,-0.013206912739509186,0.013329063091564697,-0.013329063091564697,-0.013206912739509186,0.013206912739509186,-0.013329063091564697,0.013329063091564697,0.05855818014862881,0.03214435466961044,0.05868033050068432,0.03202220431755493,0.03214435466961044,0.05855818014862881,0.03202220431755493,0.05868033050068432,0.04535126740911963,0.04535126740911963,0.04535126740911963,0.04535126740911963,0.05855818014862881,0.05868033050068432,0.04535126740911963,0.04535126740911963,1.2912137519855382,1.2939071795132318,1.2939071795132318,0.0034857201047543626,0.0023052019948760355,0.00466623821463269,0.00466623821463269,0.0023052019948760355,0.002174025715247975,0.004797414494260754,0.004797414494260754,0.002174025715247975,0.00466623821463269,0.004797414494260754,0.00466623821463269,0.00466623821463269,0.01866495285853076,0.01866495285853076,0.21,200.75,10.5,323.04597701149424,162903.25370805615,8024.790823056954,22461.132198882126,1495.864396551724,8013.559267241379,156385.55883736647,5487.2125907847885,15083.866812440298,15083.866812440298,1.3333333333333333,369.1954022988505,230.74712643678163,162903.25370805615,24.1207662835249,215.3639846743295,122177.44028104212,18.09057471264368,215.3639846743295,184.59770114942526,15.383141762452109,163142.738459014,122610.87568334096,5724.306612596983,4302.135988889157,16032.242899689074,12059.806292532483,16032.242899689074,D,26.553420085120695,38.51400330917409,0.0
2,C-2.9,y,29.0,160.0,0.0,67.0,C-2.9,1,1.1578006620253964,1.1626359647193658,988.25,,50266.279126561465,96244.08888888889,1.986914908212257,10.5,0.3620689655172414,3.746461886156478,988.25,29.0,3702.4409589941392,127.67037789634963,21839.162911295447,753.0745831481189,3702.4409589941392,21839.162911295447,21839.162911295447,837.6944426954834,753.0745831481189,586.3861098868383,527.1522082036832,600.0,3,19.0,0.9773101831447305,600.0,1,3,1600000,10.5,0.25,0.04744808831971515,460274.87480925675,6457810.971957976,291708.6671502379,0.0712741324897752,11.527001097455102,0.0,104.93174385712373,0.0,55.068256142876265,0.0,9.890898474807528,6.714222696254338,1958596.9536742296,2885260.811004425,1447460889.775983,0.0,19453799579.358067,2646.3431091892767,0.0,2646.3431091892767,21646.79572897974,24293.13883816902,24293.13883816902,2316.7060091507556,79.88641410864675,158.7275071560882,111.10925500926173,55.92048987605272,0.04535126740911963,8.109110476073268e-05,0.00011434556484423538,0.00011434556484423538,116.56825614287627,-116.56825614287627,115.5,-115.5,0.013206912739509186,-0.013206912739509186,0.013329063091564697,-0.013329063091564697,-0.013206912739509186,0.013206912739509186,-0.013329063091564697,0.013329063091564697,0.05855818014862881,0.03214435466961044,0.05868033050068432,0.03202220431755493,0.03214435466961044,0.05855818014862881,0.03202220431755493,0.05868033050068432,0.04535126740911963,0.04535126740911963,0.04535126740911963,0.04535126740911963,0.05855818014862881,0.05868033050068432,0.04535126740911963,0.04535126740911963,1.2912137519855382,1.2939071795132318,1.2939071795132318,0.0034857201047543626,0.0023052019948760355,0.00466623821463269,0.00466623821463269,0.0023052019948760355,0.002174025715247975,0.004797414494260754,0.004797414494260754,0.002174025715247975,0.00466623821463269,0.004797414494260754,0.00466623821463269,0.00466623821463269,0.01866495285853076,0.01866495285853076,0.21,494.125,10.5,795.1436781609195,178554.57046054228,8795.791648302577,25619.56616918688,3681.9128017241374,19724.532866379308,162511.9503958871,5702.173698101302,15996.726771083262,15996.726771083262,1.3333333333333333,908.735632183908,567.9597701149426,178554.57046054228,59.37072796934865,530.095785440613,133915.92784540672,44.5280459770115,530.095785440613,454.367816091954,37.8639846743295,179144.03697395226,134982.78347759062,6285.75568329657,4736.238016757566,18331.054711864337,13835.976051038804,18331.054711864337,D,26.553420085120695,38.51400330917409,0.0
2,C-3,y,14.25,145.08333333333334,0.0,67.0,C-3,2,1.1578006620253964,1.1626359647193658,1200.4166666666667,,50266.279126561465,96244.08888888889,1.986914908212257,10.5,0.7368421052631579,3.746461886156478,1200.4166666666667,14.25,4497.315289173673,315.60107292446827,26527.79675665831,1861.5997723970745,4497.315289173673,26527.79675665831,26527.79675665831,1861.5997723970745,1861.5997723970745,1303.119840677952,1303.119840677952,1539.2857142857142,2,23.0,0.846574374454354,1539.2857142857142,2,2,1600000,10.5,0.25,0.0567629522213922,467343.4999150873,6457810.971957976,291708.6671502379,0.07236871781234425,9.711240197260466,0.0,104.93174385712373,0.0,40.15158947620961,0.0,9.890898474807528,6.714222696254338,1958596.9536742296,2885260.811004425,753427887.6319804,0.0,19453799579.358067,1889.2071752234149,0.0,1889.2071752234149,21194.620036563,23083.827211786414,26527.79675665831,4497.315289173672,315.6010729244682,627.0724768414096,438.9507337889867,220.92075104712774,0.04535126740911963,8.109110476073268e-05,0.00011434556484423538,0.00011434556484423538,116.56825614287627,-116.56825614287627,115.5,-115.5,0.013206912739509186,-0.013206912739509186,0.013329063091564697,-0.013329063091564697,-0.013206912739509186,0.013206912739509186,-0.013329063091564697,0.013329063091564697,0.05855818014862881,0.03214435466961044,0.05868033050068432,0.03202220431755493,0.03214435466961044,0.05855818014862881,0.03202220431755493,0.05868033050068432,0.04535126740911963,0.04535126740911963,0.04535126740911963,0.04535126740911963,0.05855818014862881,0.05868033050068432,0.04535126740911963,0.04535126740911963,1.2912137519855382,1.2939071795132318,1.2939071795132318,0.0034857201047543626,0.0023052019948760355,0.00466623821463269,0.00466623821463269,0.0023052019948760355,0.002174025715247975,0.004797414494260754,0.004797414494260754,0.002174025715247975,0.00466623821463269,0.004797414494260754,0.00466623821463269,0.00466623821463269,0.01866495285853076,0.01866495285853076,0.21,600.2083333333334,10.5,1965.5945419103314,194979.30616143855,19546.79761016928,52505.153131448526,9101.68552631579,48759.02960526316,155321.9620824912,11296.142696908451,26553.420085120695,26553.420085120695,1.3333333333333333,2246.393762183236,1403.9961013645225,194979.30616143855,146.76439246263806,1310.3963612735542,146234.47962107894,110.07329434697859,1310.3963612735542,1123.196881091618,93.59974009096817,196436.46691517477,148871.74589788207,14286.288502921801,10827.036065300514,38514.00330917409,29334.78123431722,38514.00330917409,D,26.553420085120695,38.51400330917409,860.4050993502042
2,C-3.3,y,19.0,137.08333333333334,0.0,67.0,C-3.3,1,1.1578006620253964,1.1626359647193658,442.47916666666674,,50266.279126561465,96244.08888888889,1.986914908212257,10.5,0.5526315789473685,3.746461886156478,442.47916666666674,19.0,1657.7313333349468,87.24901754394457,9778.269269605447,514.6457510318656,1657.7313333349468,9778.269269605447,9778.269269605447,583.1658636352706,514.6457510318656,408.2161045446894,360.2520257223059,460.7142857142857,4,17.0,0.8860504594768452,460.7142857142857,1,4,1600000,10.5,0.25,0.042939004874826756,227724.6363326416,6457810.971957976,291708.6671502379,0.035263441020726656,4.891768739979693,0.0,104.93174385712373,0.0,32.15158947620961,0.0,9.890898474807528,6.714222696254338,1958596.9536742296,2885260.811004425,235732331.87079272,0.0,19453799579.358067,738.1716158224115,0.0,738.1716158224115,10341.97979324773,11080.151409070142,11080.151409070142,849.3141051663788,44.70074237717783,88.81657143737004,62.171600006159025,31.29051966402448,0.04535126740911963,8.109110476073268e-05,0.00011434556484423538,0.00011434556484423538,116.56825614287627,-116.56825614287627,115.5,-115.5,0.013206912739509186,-0.013206912739509186,0.013329063091564697,-0.013329063091564697,-0.013206912739509186,0.013206912739509186,-0.013329063091564697,0.013329063091564697,0.05855818014862881,0.03214435466961044,0.05868033050068432,0.03202220431755493,0.03214435466961044,0.05855818014862881,0.03202220431755493,0.05868033050068432,0.04535126740911963,0.04535126740911963,0.04535126740911963,0.04535126740911963,0.05855818014862881,0.05868033050068432,0.04535126740911963,0.04535126740911963,1.2912137519855382,1.2939071795132318,1.2939071795132318,0.0034857201047543626,0.0023052019948760355,0.00466623821463269,0.00466623821463269,0.0023052019948760355,0.002174025715247975,0.004797414494260754,0.004797414494260754,0.002174025715247975,0.00466623821463269,0.004797414494260754,0.00466623821463269,0.00466623821463269,0.01866495285853076,0.01866495285853076,0.21,442.47916666666674,10.5,1086.7909356725147,81439.11285666554,6123.241568170341,17401.700840371395,5032.385427631579,26959.207648026317,59512.2906362708,3216.880574933557,7769.477421370844,7769.477421370844,1.3333333333333333,1242.0467836257312,776.2792397660819,81439.11285666554,81.14705653021441,724.5272904483431,61079.33464249916,60.860292397660835,724.5272904483431,621.0233918128656,51.7519493177388,82244.7872036441,62537.497566475766,4445.664173169951,3380.405273863555,12684.611814316422,9698.087436681682,12684.611814316422,D,26.553420085120695,38.51400330917409,0.0
2,C-4,y,29.0,118.75,0.0,67.0,C-4,1,1.1578006620253964,1.1626359647193658,594.625,,50266.279126561465,96244.08888888889,1.986914908212257,10.5,0.3620689655172414,3.746461886156478,594.625,29.0,2227.739899055796,76.81861720882054,13140.513277135395,453.1211474874274,2227.739899055796,13140.513277135395,13140.513277135395,526.8953341872935,453.1211474874274,368.8267339311055,317.1848032411991,460.7142857142857,4,17.0,0.800554151168291,460.7142857142857,1,4,1600000,10.5,0.25,0.03549734569988735,370182.9817990334,6457810.971957976,291708.6671502379,0.05732329165509714,7.076355506881635,0.0,104.93174385712373,0.0,13.818256142876265,0.0,9.890898474807528,6.714222696254338,1958596.9536742296,2885260.811004425,62419037.28618299,0.0,19453799579.358067,454.78325398439864,0.0,454.78325398439864,14825.181437447114,15279.964691431513,15279.964691431513,887.3637890127793,30.59875134526825,60.79711522059334,42.55798065441534,21.419125941687774,0.04535126740911963,8.109110476073268e-05,0.00011434556484423538,0.00011434556484423538,116.56825614287627,-116.56825614287627,115.5,-115.5,0.013206912739509186,-0.013206912739509186,0.013329063091564697,-0.013329063091564697,-0.013206912739509186,0.013206912739509186,-0.013329063091564697,0.013329063091564697,0.05855818014862881,0.03214435466961044,0.05868033050068432,0.03202220431755493,0.03214435466961044,0.05855818014862881,0.03202220431755493,0.05868033050068432,0.04535126740911963,0.04535126740911963,0.04535126740911963,0.04535126740911963,0.05855818014862881,0.05868033050068432,0.04535126740911963,0.04535126740911963,1.2912137519855382,1.2939071795132318,1.2939071795132318,0.0034857201047543626,0.0023052019948760355,0.00466623821463269,0.00466623821463269,0.0023052019948760355,0.002174025715247975,0.004797414494260754,0.004797414494260754,0.002174025715247975,0.00466623821463269,0.004797414494260754,0.00466623821463269,0.00466623821463269,0.01866495285853076,0.01866495285853076,0.21,594.625,10.5,956.867816091954,112307.7404820216,5532.401008966583,15960.64917318974,4430.776422413793,23736.302262931036,93002.21464150437,3263.235601456294,8658.914907146762,8658.914907146762,1.3333333333333333,1093.5632183908046,683.4770114942528,112307.7404820216,71.44613026819921,637.9118773946359,84230.80536151622,53.58459770114943,637.9118773946359,546.7816091954023,45.56513409961685,113017.09848968445,85514.64857990702,3965.512227708226,3000.5139852598954,11468.021412154492,8706.535317030774,11468.021412154492,D,26.553420085120695,38.51400330917409,0.0
2,C-4.2,y,29.0,120.33333333333333,0.0,67.0,C-4.2,1,1.1578006620253964,1.1626359647193658,988.25,,50266.279126561465,96244.08888888889,1.986914908212257,10.5,0.3620689655172414,3.746461886156478,988.25,29.0,3702.4409589941392,127.67037789634963,21839.162911295447,753.0745831481189,3702.4409589941392,21839.162911295447,21839.162911295447,813.5190662013849,753.0745831481189,569.4633463409695,527.1522082036832,600.0,3,19.0,0.949105577234949,600.0,1,3,1600000,10.5,0.25,0.04629645356593291,471724.3164250862,6457810.971957976,291708.6671502379,0.07304709265623824,8.669265408711025,0.0,104.93174385712373,0.0,15.401589476209594,0.0,9.890898474807528,6.714222696254338,1958596.9536742296,2885260.811004425,119318139.80329476,0.0,19453799579.358067,779.9765900876729,0.0,779.9765900876729,22812.07632975249,23592.052919840164,23592.052919840164,4190.414929438597,144.4970665323654,287.1033756860952,200.97236298026664,101.14794657265578,0.04535126740911963,8.109110476073268e-05,0.00011434556484423538,0.00011434556484423538,116.56825614287627,-116.56825614287627,115.5,-115.5,0.013206912739509186,-0.013206912739509186,0.013329063091564697,-0.013329063091564697,-0.013206912739509186,0.013206912739509186,-0.013329063091564697,0.013329063091564697,0.05855818014862881,0.03214435466961044,0.05868033050068432,0.03202220431755493,0.03214435466961044,0.05855818014862881,0.03202220431755493,0.05868033050068432,0.04535126740911963,0.04535126740911963,0.04535126740911963,0.04535126740911963,0.05855818014862881,0.05868033050068432,0.04535126740911963,0.04535126740911963,1.2912137519855382,1.2939071795132318,1.2939071795132318,0.0034857201047543626,0.0023052019948760355,0.00466623821463269,0.00466623821463269,0.0023052019948760355,0.002174025715247975,0.004797414494260754,0.004797414494260754,0.002174025715247975,0.00466623821463269,0.004797414494260754,0.00466623821463269,0.00466623821463269,0.01866495285853076,0.01866495285853076,0.21,247.0625,10.5,397.57183908045977,173401.58896082517,8541.950195114541,23304.320604741974,1840.9564008620687,9862.266433189654,165380.2789284976,5802.816804508688,15473.419934980762,15473.419934980762,1.3333333333333333,454.367816091954,283.9798850574713,173401.58896082517,29.685363984674325,265.0478927203065,130051.19172061891,22.26402298850575,265.0478927203065,227.183908045977,18.93199233716475,173696.32221753013,130584.61953671086,6094.6077971063205,4581.91647497231,16640.583905371295,12524.28043759875,16640.583905371295,D,26.553420085120695,38.51400330917409,0.0
2,C-5,y,29.0,102.16666666666667,0.0,67.0,C-5,1,1.5643754165265902,1.5740477970855833,735.9041666666667,,50266.279126561465,96244.08888888889,1.986914908212257,10.5,0.3620689655172414,3.746461886156478,735.9041666666667,29.0,2757.0369122804113,95.07023835449694,16262.616729506148,560.77988722435,2757.0369122804113,16262.616729506146,16262.616729506146,624.6585993260902,560.7798872243499,437.26101952826315,392.5459210570449,460.7142857142857,4,17.0,0.9490936857977804,460.7142857142857,1,4,1600000,10.5,0.25,0.040684140533084695,399728.6538788068,6457810.971957976,291708.6671502379,0.061898475445404846,6.380711227839216,0.0,104.93174385712373,0.0,2.7650771904570632,0.0,20.25720159515572,9.090126028169244,2651668.547904936,5909201.2775165485,3028806.1386290626,0.0,19453799579.358067,149.30660391797826,0.0,149.30660391797826,17965.792776538638,18115.099380456617,18115.099380456617,2982.3185716897897,102.83857143757895,204.33149072857682,143.03204351000377,71.98700000630527,0.04535126740911963,8.109110476073268e-05,0.0001966791919436831,0.0001966791919436831,116.56825614287627,-116.56825614287627,115.5,-115.5,0.022716446669495398,-0.022716446669495398,0.022926550424465175,-0.022926550424465175,-0.022716446669495398,0.022716446669495398,-0.022926550424465175,0.022926550424465175,0.06806771407861503,0.02263482073962423,0.0682778178335848,0.022424716984654453,0.02263482073962423,0.06806771407861503,0.022424716984654453,0.0682778178335848,0.04535126740911963,0.04535126740911963,0.04535126740911963,0.04535126740911963,0.06806771407861503,0.0682778178335848,0.04535126740911963,0.04535126740911963,1.500899929974777,1.505532738867953,1.505532738867953,0.0034857201047543626,0.0056029595609546415,0.0013684806485540907,0.0013684806485540907,0.0056029595609546415,0.005450362856521812,0.0015210773529869166,0.0015210773529869166,0.005450362856521812,0.0056029595609546415,0.005450362856521812,0.0056029595609546415,0.0056029595609546415,0.022411838243818566,0.022411838243818566,0.21,735.9041666666667,10.5,1184.213601532567,133145.98044635612,6558.915292923948,18117.003461860535,5483.501081896551,29375.89865301724,109253.58287523541,3833.4590482538742,9551.072982150388,9551.072982150388,1.3333333333333333,1353.3869731800767,845.8668582375478,133145.98044635612,88.42128224776499,789.4757343550447,99859.48533476712,66.31596168582377,789.4757343550447,676.6934865900382,56.391123882503194,134023.87746295892,101448.36164128053,4702.592191682769,3559.591636536159,13027.605555865968,9901.294137995801,13027.605555865968,A,15.964277350975287,17.83994813169919,0.0
2,C-5.5,y,29.0,104.91666666666667,0.0,67.0,C-5.5,1,1.5643754165265902,1.5740477970855833,703.1666666666667,,50266.279126561465,96244.08888888889,1.986914908212257,10.5,0.3620689655172414,3.746461886156478,703.1666666666667,29.0,2634.387116282364,90.84093504421945,15539.156475715574,535.8329819212266,2634.387116282364,15539.156475715574,15539.156475715574,599.1112836184765,535.8329819212266,419.3778985329335,375.0830873448586,460.7142857142857,4,17.0,0.9102776092187703,460.7142857142857,1,4,1600000,10.5,0.25,0.03932873689628731,395109.4721575585,6457810.971957976,291708.6671502379,0.06118318945433041,6.491334447428708,0.0,104.93174385712373,0.0,0.015077190457063239,0.0,20.25720159515572,9.090126028169244,2651668.547904936,5909201.2775165485,87.08377169322084,0.0,19453799579.358067,0.7872843341814719,0.0,0.7872843341814719,17373.439940601635,17374.227224935818,17374.227224935818,2815.0299760166727,97.06999917298872,192.86982849696275,135.0088799478739,67.9489994210921,0.04535126740911963,8.109110476073268e-05,0.0001966791919436831,0.0001966791919436831,116.56825614287627,-116.56825614287627,115.5,-115.5,0.022716446669495398,-0.022716446669495398,0.022926550424465175,-0.022926550424465175,-0.022716446669495398,0.022716446669495398,-0.022926550424465175,0.022926550424465175,0.06806771407861503,0.02263482073962423,0.0682778178335848,0.022424716984654453,0.02263482073962423,0.06806771407861503,0.022424716984654453,0.0682778178335848,0.04535126740911963,0.04535126740911963,0.04535126740911963,0.04535126740911963,0.06806771407861503,0.0682778178335848,0.04535126740911963,0.04535126740911963,1.500899929974777,1.505532738867953,1.505532738867953,0.0034857201047543626,0.011814735924862256,-0.004843295715353524,-0.004843295715353524,0.011814735924862256,0.011771513048148455,-0.004800072838639726,-0.004800072838639726,0.011771513048148455,0.011814735924862256,0.011771513048148455,0.011814735924862256,0.011814735924862256,0.047258943699449024,0.047258943699449024,0.21,703.1666666666667,10.5,1131.5325670498084,127700.57010327825,6290.668477994002,17415.815236800318,5239.561551724139,28069.07974137931,104871.05191362309,3679.6860320569504,9200.806194681607,9200.806194681607,1.3333333333333333,1293.1800766283527,808.2375478927203,127700.57010327825,84.48776500638569,754.3550446998722,95775.4275774587,63.36582375478929,754.3550446998722,646.5900383141764,53.88250319284802,128539.41291298451,97293.62098742038,4510.154839052088,3413.8112627165046,12522.681422662157,9516.791600706372,12522.681422662157,A,15.964277350975287,17.83994813169919,0.0
2,C-5.9,y,29.0,84.25,0.0,90.0,C-5.9,1,1.5643754165265902,1.5740477970855833,773.3333333333333,,48438.95855383424,96244.08888888889,1.986914908212257,10.5,0.3620689655172414,3.610267463205951,773.3333333333333,29.0,2791.940171545935,96.27379901882534,16468.496573014047,567.8791921728981,2791.940171545935,16468.496573014047,16468.496573014047,646.7062757935228,567.8791921728981,452.6943930554659,397.5154345210287,460.7142857142857,4,17.0,0.9825924810506237,460.7142857142857,1,4,1600000,10.5,0.25,0.04185387207000638,393476.0574951873,6457810.971957976,291708.6671502379,0.06093025317770913,5.275082647015821,0.0,104.93174385712373,0.0,20.681743857123735,0.0,20.25720159515572,9.090126028169244,2651668.547904936,5909201.2775165485,166532853.53511274,0.0,19453799579.358067,1097.558225148415,0.0,1097.558225148415,17656.923772863745,18754.48199801216,18754.48199801216,3083.666809667886,106.33333826440986,211.2752950375328,147.89270652627295,74.4333367850869,0.04535126740911963,8.109110476073268e-05,0.0001966791919436831,0.0001966791919436831,116.56825614287627,-116.56825614287627,115.5,-115.5,0.022716446669495398,-0.022716446669495398,0.022926550424465175,-0.022926550424465175,-0.022716446669495398,0.022716446669495398,-0.022926550424465175,0.022926550424465175,0.06806771407861503,0.02263482073962423,0.0682778178335848,0.022424716984654453,0.02263482073962423,0.06806771407861503,0.022424716984654453,0.0682778178335848,0.04535126740911963,0.04535126740911963,0.04535126740911963,0.04535126740911963,0.06806771407861503,0.0682778178335848,0.04535126740911963,0.04535126740911963,1.500899929974777,1.505532738867953,1.505532738867953,0.0034857201047543626,0.0056029595609546415,0.0013684806485540907,0.0013684806485540907,0.0056029595609546415,0.005450362856521812,0.0015210773529869166,0.0015210773529869166,0.005450362856521812,0.0056029595609546415,0.005450362856521812,0.0056029595609546415,0.0056029595609546415,0.022411838243818566,0.022411838243818566,0.21,773.3333333333333,10.5,1244.4444444444443,137845.4426853894,6790.415895831989,18788.39743797303,5762.4,30870.0,112737.84268538939,3955.7137784347156,9858.73922774921,9858.73922774921,1.3333333333333333,1422.222222222222,888.8888888888888,137845.4426853894,92.91851851851851,829.6296296296296,103384.08201404204,69.6888888888889,829.6296296296296,711.111111111111,59.25925925925925,138767.99083353754,105053.77090293093,4869.052309948685,3686.097224664243,13512.093353805092,10271.301984164736,13512.093353805092,A,15.964277350975287,17.83994813169919,0.0
2,C-6,y,29.0,84.33333333333333,0.0,90.0,C-6,1,1.5643754165265902,1.5740477970855833,452.3333333333333,,48438.95855383424,96244.08888888889,1.986914908212257,10.5,0.3620689655172414,3.610267463205951,452.3333333333333,29.0,1633.044315856825,56.311872960580175,9632.650797232787,332.16037231837197,1633.044315856825,9632.650797232787,9632.650797232787,469.05915844305974,332.16037231837197,328.3414109101418,232.51226062286037,460.7142857142857,4,17.0,0.7126790314328659,310.7142857142857,1,6,1600000,10.5,0.25,0.03242886821914659,297039.37652518804,6457810.971957976,291708.6671502379,0.04599691409597379,4.035823472163676,0.0,104.93174385712373,0.0,20.598410523790406,0.0,20.25720159515572,9.090126028169244,2651668.547904936,5909201.2775165485,119843917.76510401,0.0,19453799579.358067,793.0436438771316,0.0,793.0436438771316,12809.6719509716,13602.715594848733,13602.715594848733,2187.502393492521,75.43111701698349,149.87521094414777,104.91264766090343,52.80178191188844,0.04535126740911963,8.109110476073268e-05,0.0001966791919436831,0.0001966791919436831,116.56825614287627,-116.56825614287627,115.5,-115.5,0.022716446669495398,-0.022716446669495398,0.022926550424465175,-0.022926550424465175,-0.022716446669495398,0.022716446669495398,-0.022926550424465175,0.022926550424465175,0.06806771407861503,0.02263482073962423,0.0682778178335848,0.022424716984654453,0.02263482073962423,0.06806771407861503,0.022424716984654453,0.0682778178335848,0.04535126740911963,0.04535126740911963,0.04535126740911963,0.04535126740911963,0.06806771407861503,0.0682778178335848,0.04535126740911963,0.04535126740911963,1.500899929974777,1.505532738867953,1.505532738867953,0.0034857201047543626,0.0056029595609546415,0.0013684806485540907,0.0013684806485540907,0.0056029595609546415,0.005450362856521812,0.0015210773529869166,0.0015210773529869166,0.005450362856521812,0.0056029595609546415,0.005450362856521812,0.0056029595609546415,0.0056029595609546415,0.022411838243818566,0.022411838243818566,0.21,113.08333333333333,10.5,181.97318007662832,99979.95962213818,4925.121163652127,13316.241544399138,842.6268103448274,4514.072198275861,96308.51423420715,3379.2461134809528,8969.611291213276,8969.611291213276,1.3333333333333333,207.9693486590038,129.98084291187737,99979.95962213818,13.587330779054913,121.31545338441887,74984.96971660363,10.190498084291189,121.31545338441887,103.9846743295019,8.66538952745849,100114.86240630166,75229.12573192932,3512.8021896947953,2639.6184467343624,9503.835596068646,7147.943914904547,9503.835596068646,A,15.964277350975287,17.83994813169919,0.0
2,C-7--C-W,y,29.0,63.0,0.0,90.0,C-7,1,1.5643754165265902,1.5740477970855833,484.35416666666663,,48438.95855383424,96244.08888888889,1.986914908212257,10.5,0.3620689655172414,3.610267463205951,1000.8124999999999,58.0,3613.2008055198053,62.29656561241043,21312.772275620202,367.461590958969,1806.6004027599026,10656.386137810101,10656.386137810101,523.0989178609124,367.461590958969,366.1692425026386,257.22311367127827,460.7142857142857,4,17.0,0.7947859527189055,310.7142857142857,1,6,1600000,10.5,0.25,0.035295928198555086,301915.4526228423,6457810.971957976,291708.6671502379,0.04675198049832403,3.092639895585707,0.0,104.93174385712373,0.0,41.931743857123735,0.0,20.25720159515572,9.090126028169244,2651668.547904936,5909201.2775165485,522310683.8398731,0.0,19453799579.358067,1697.8557323992152,0.0,1697.8557323992152,13472.012885567243,15169.868617966458,15169.868617966458,2459.0050506000825,84.7932776068994,168.47702739332894,117.93391917533025,59.35529432482957,0.04535126740911963,8.109110476073268e-05,0.0001966791919436831,0.0001966791919436831,116.56825614287627,-116.56825614287627,115.5,-115.5,0.022716446669495398,-0.022716446669495398,0.022926550424465175,-0.022926550424465175,-0.022716446669495398,0.022716446669495398,-0.022926550424465175,0.022926550424465175,0.06806771407861503,0.02263482073962423,0.0682778178335848,0.022424716984654453,0.02263482073962423,0.06806771407861503,0.022424716984654453,0.0682778178335848,0.04535126740911963,0.04535126740911963,0.04535126740911963,0.04535126740911963,0.06806771407861503,0.0682778178335848,0.04535126740911963,0.04535126740911963,1.500899929974777,1.505532738867953,1.505532738867953,0.0034857201047543626,0.0056029595609546415,0.0013684806485540907,0.0013684806485540907,0.0056029595609546415,0.005450362856521812,0.0015210773529869166,0.0015210773529869166,0.005450362856521812,0.0056029595609546415,0.005450362856521812,0.0056029595609546415,0.0056029595609546415,0.022411838243818566,0.022411838243818566,0.21,484.35416666666663,10.5,779.4204980842911,111498.53434205346,5492.538637539579,14827.343670004779,3609.10661637931,19334.499730603446,95773.14122782933,3360.46109571331,8354.158036638612,8354.158036638612,1.3333333333333333,890.766283524904,556.728927203065,111498.53434205346,58.19673052362706,519.6136653895273,83623.9007565401,43.64754789272031,519.6136653895273,445.383141762452,37.11526181353767,112076.34473796662,84669.66037339832,3932.5033241391798,2970.8652762595902,10642.326950342092,8067.696345377393,10642.326950342092,A,15.964277350975287,17.83994813169919,0.0
2,C-7--C-Y,y,29.0,63.0,0.0,90.0,C-7,1,1.5643754165265902,1.5740477970855833,516.4583333333333,,48438.95855383424,96244.08888888889,1.986914908212257,10.5,0.3620689655172414,3.610267463205951,1000.8124999999999,58.0,3613.2008055198053,62.29656561241043,21312.772275620202,367.461590958969,1806.6004027599026,10656.386137810101,10656.386137810101,523.0989178609124,367.461590958969,366.1692425026386,257.22311367127827,460.7142857142857,4,17.0,0.7947859527189055,310.7142857142857,1,6,1600000,10.5,0.25,0.035295928198555086,301915.4526228423,6457810.971957976,291708.6671502379,0.04675198049832403,3.092639895585707,0.0,104.93174385712373,0.0,41.931743857123735,0.0,20.25720159515572,9.090126028169244,2651668.547904936,5909201.2775165485,522310683.8398731,0.0,19453799579.358067,1697.8557323992152,0.0,1697.8557323992152,13472.012885567243,15169.868617966458,15169.868617966458,2459.0050506000825,84.7932776068994,168.47702739332894,117.93391917533025,59.35529432482957,0.04535126740911963,8.109110476073268e-05,0.0001966791919436831,0.0001966791919436831,116.56825614287627,-116.56825614287627,115.5,-115.5,0.022716446669495398,-0.022716446669495398,0.022926550424465175,-0.022926550424465175,-0.022716446669495398,0.022716446669495398,-0.022926550424465175,0.022926550424465175,0.06806771407861503,0.02263482073962423,0.0682778178335848,0.022424716984654453,0.02263482073962423,0.06806771407861503,0.022424716984654453,0.0682778178335848,0.04535126740911963,0.04535126740911963,0.04535126740911963,0.04535126740911963,0.06806771407861503,0.0682778178335848,0.04535126740911963,0.04535126740911963,1.500899929974777,1.505532738867953,1.505532738867953,0.0034857201047543626,0.0056029595609546415,0.0013684806485540907,0.0013684806485540907,0.0056029595609546415,0.005450362856521812,0.0015210773529869166,0.0015210773529869166,0.005450362856521812,0.0056029595609546415,0.005450362856521812,0.0056029595609546415,0.0056029595609546415,0.022411838243818566,0.022411838243818566,0.21,516.4583333333333,10.5,831.0823754789271,111498.53434205346,5492.538637539579,14827.343670004779,3848.326939655172,20616.037176724134,94730.82410498451,3323.8885650871757,8207.867914134076,8207.867914134076,1.3333333333333333,949.8084291187736,593.6302681992336,111498.53434205346,62.05415070242655,554.0549169859514,83623.9007565401,46.540613026819926,554.0549169859514,474.9042145593868,39.57535121328224,112114.64340974184,84738.97585232553,3933.847137183924,2973.2973983272113,10647.702202521072,8077.424833647878,10647.702202521072,A,15.964277350975287,17.83994813169919,0.0
2,C-7.3,y,11.0,55.41666666666667,0.0,90.0,C-7.3,1,1.5643754165265902,1.5740477970855833,443.875,,48438.95855383424,96244.08888888889,1.986914908212257,10.5,0.9545454545454546,3.610267463205951,443.875,11.0,1602.5074702305415,145.6824972936856,9452.526615965446,859.3206014514042,1602.5074702305417,9452.526615965446,9452.526615965446,859.3206014514042,859.3206014514042,601.5244210159829,601.5244210159829,769.6428571428571,2,23.0,0.7815630528281912,769.6428571428571,1,2,1600000,10.5,0.25,0.05616654826854057,168294.59718214333,6457810.971957976,291708.6671502379,0.026060626102705087,1.3357695450046252,0.0,104.93174385712373,0.0,49.51507719045706,0.0,20.25720159515572,9.090126028169244,2651668.547904936,5909201.2775165485,412615078.5623223,0.0,19453799579.358067,1135.853797649507,0.0,1135.853797649507,7632.3732803174535,8768.22707796696,9452.526615965446,1602.507470230541,145.68249729368554,289.4587257384156,202.6211080168909,101.97774810557988,0.04535126740911963,8.109110476073268e-05,0.0001966791919436831,0.0001966791919436831,116.56825614287627,-116.56825614287627,115.5,-115.5,0.022716446669495398,-0.022716446669495398,0.022926550424465175,-0.022926550424465175,-0.022716446669495398,0.022716446669495398,-0.022926550424465175,0.022926550424465175,0.06806771407861503,0.02263482073962423,0.0682778178335848,0.022424716984654453,0.02263482073962423,0.06806771407861503,0.022424716984654453,0.0682778178335848,0.04535126740911963,0.04535126740911963,0.04535126740911963,0.04535126740911963,0.06806771407861503,0.0682778178335848,0.04535126740911963,0.04535126740911963,1.500899929974777,1.505532738867953,1.505532738867953,0.0034857201047543626,0.0056029595609546415,0.0013684806485540907,0.0013684806485540907,0.0056029595609546415,0.005450362856521812,0.0015210773529869166,0.0015210773529869166,0.005450362856521812,0.0056029595609546415,0.005450362856521812,0.0056029595609546415,0.0056029595609546415,0.022411838243818566,0.022411838243818566,0.21,55.484375,10.5,235.38825757575756,69476.07062734602,9022.866315239744,24236.55204368531,1089.9653267045455,5839.099964488636,64726.93598956194,6164.470094243994,15964.277350975288,15964.277350975288,1.3333333333333333,269.0151515151515,168.1344696969697,69476.07062734602,17.575656565656562,156.92550505050502,52107.052970509525,13.181742424242426,156.92550505050502,134.50757575757575,11.208964646464645,69650.57178896219,52422.87675838831,6633.38778942497,4992.654929370316,17839.94813169919,13450.417447980746,17839.94813169919,A,15.964277350975287,17.83994813169919,0.0
2,C-7.4,y,10.833333333333334,65.66666666666667,0.0,90.0,C-7.4,1,1.5643754165265902,1.5740477970855833,435.5,,48438.95855383424,96244.08888888889,1.986914908212257,10.5,0.9692307692307692,3.610267463205951,435.5,10.833333333333334,1572.2714802261917,145.13275202087922,9274.177057173645,856.0778822006441,1572.2714802261917,9274.177057173645,9274.177057173645,856.0778822006441,856.0778822006441,599.2545175404508,599.2545175404508,600.0,3,19.0,0.9987575292340847,600.0,1,3,1600000,10.5,0.25,0.06324704648543411,146634.15246290594,6457810.971957976,291708.6671502379,0.022706479502054424,1.379116864045609,0.0,104.93174385712373,0.0,39.26507719045706,0.0,20.25720159515572,9.090126028169244,2651668.547904936,5909201.2775165485,226072660.07372543,0.0,19453799579.358067,784.7952918733041,0.0,784.7952918733041,6650.0446596548645,7434.839951528169,9274.177057173645,1572.2714802261926,145.1327520208793,288.3664286601577,201.85650006211037,101.5929264146155,0.04535126740911963,8.109110476073268e-05,0.0001966791919436831,0.0001966791919436831,116.56825614287627,-116.56825614287627,115.5,-115.5,0.022716446669495398,-0.022716446669495398,0.022926550424465175,-0.022926550424465175,-0.022716446669495398,0.022716446669495398,-0.022926550424465175,0.022926550424465175,0.06806771407861503,0.02263482073962423,0.0682778178335848,0.022424716984654453,0.02263482073962423,0.06806771407861503,0.022424716984654453,0.0682778178335848,0.04535126740911963,0.04535126740911963,0.04535126740911963,0.04535126740911963,0.06806771407861503,0.0682778178335848,0.04535126740911963,0.04535126740911963,1.500899929974777,1.505532738867953,1.505532738867953,0.0034857201047543626,0.0056029595609546415,0.0013684806485540907,0.0013684806485540907,0.0056029595609546415,0.005450362856521812,0.0015210773529869166,0.0015210773529869166,0.005450362856521812,0.0056029595609546415,0.005450362856521812,0.0056029595609546415,0.0056029595609546415,0.022411838243818566,0.022411838243818566,0.21,435.5,10.5,1876.0,68165.20137022629,8988.817763106763,24145.093356728008,8686.818,46536.525,30315.49437022629,2933.7575196993184,3067.8835440503917,3067.8835440503917,1.3333333333333333,2144.0,1340.0,68165.20137022629,140.07466666666664,1250.6666666666665,51123.90102766972,105.05600000000001,1250.6666666666665,1072.0,89.33333333333333,69555.94270355963,53640.95702766972,6731.220261634802,5191.060357516424,18257.734511792325,14263.881529005535,18257.734511792325,B,23.18432584832603,34.1115983727735,0.0
2,C-7.9,y,7.583333333333333,49.0,0.0,90.0,C-7.9,1,1.5643754165265902,1.5740477970855833,304.2916666666667,,48438.95855383424,96244.08888888889,1.986914908212257,10.5,1.3846153846153846,3.610267463205951,304.2916666666667,7.583333333333333,1098.5743034913776,144.8669411197421,6480.033969435432,854.5099739914855,1098.5743034913776,6480.033969435432,6480.033969435432,854.5099739914855,854.5099739914855,598.1569817940398,598.1569817940398,600.0,3,19.0,0.9969283029900663,600.0,1,3,1600000,10.5,0.25,0.07337494535521419,88313.98698922433,6457810.971957976,291708.6671502379,0.013675529892824964,0.619792813206572,0.0,104.93174385712373,0.0,55.931743857123735,0.0,20.25720159515572,9.090126028169244,2651668.547904936,5909201.2775165485,276277941.76757556,0.0,19453799579.358067,673.2907560969728,0.0,673.2907560969728,4005.1512399138237,4678.441996010796,6480.033969435432,1098.5743034913776,144.8669411197421,287.83828501792283,201.48679951254596,101.40685878381947,0.04535126740911963,8.109110476073268e-05,0.0001966791919436831,0.0001966791919436831,116.56825614287627,-116.56825614287627,115.5,-115.5,0.022716446669495398,-0.022716446669495398,0.022926550424465175,-0.022926550424465175,-0.022716446669495398,0.022716446669495398,-0.022926550424465175,0.022926550424465175,0.06806771407861503,0.02263482073962423,0.0682778178335848,0.022424716984654453,0.02263482073962423,0.06806771407861503,0.022424716984654453,0.0682778178335848,0.04535126740911963,0.04535126740911963,0.04535126740911963,0.04535126740911963,0.06806771407861503,0.0682778178335848,0.04535126740911963,0.04535126740911963,1.500899929974777,1.505532738867953,1.505532738867953,0.0034857201047543626,0.0056029595609546415,0.0013684806485540907,0.0013684806485540907,0.0056029595609546415,0.005450362856521812,0.0015210773529869166,0.0015210773529869166,0.005450362856521812,0.0056029595609546415,0.005450362856521812,0.0056029595609546415,0.0056029595609546415,0.022411838243818566,0.022411838243818566,0.21,304.2916666666667,7.583333333333333,1872.5641025641028,47628.249675350424,8972.354726910598,24100.871574023382,4522.788472222222,24229.223958333332,27921.814189239314,3941.903179657315,6933.1366580230115,6933.1366580230115,1.3333333333333333,2140.07326007326,1337.5457875457876,47628.249675350424,139.81811965811966,1248.3760683760684,35721.18725651282,104.86358974358978,1248.3760683760684,1070.03663003663,89.16971916971917,49016.443863384615,38233.63326383883,6919.968545419005,5397.689401953717,18845.39812106977,14964.90056236018,18845.39812106977,B,23.18432584832603,34.1115983727735,0.0
2,C-8--C-W.6,y,17.5,36.5,0.0,90.0,C-8,2,1.5643754165265902,1.5740477970855833,1305.1041666666667,,48438.95855383424,96244.08888888889,1.986914908212257,10.5,0.6,3.610267463205951,1305.1041666666667,17.5,4711.775109011183,269.2442919434962,27792.80624505564,1588.1603568603223,4711.775109011183,27792.80624505564,27792.80624505564,1631.1326036579171,1588.1603568603223,1141.792822560542,1111.7122498022254,1200.0,3,19.0,0.9514940188004516,1200.0,2,3,1600000,10.5,0.25,0.05434069751093565,511454.7202759506,6457810.971957976,291708.6671502379,0.07919939473249712,2.7291110666498226,0.0,104.93174385712373,0.0,68.43174385712373,0.0,20.25720159515572,9.090126028169244,2651668.547904936,5909201.2775165485,2444683246.91628,0.0,19453799579.358067,4869.448635571405,0.0,4869.448635571405,23675.371928442142,28544.82056401355,28544.82056401355,3377.3037910277344,192.9887880587277,383.4523001117017,268.4166100781912,135.09215164110938,0.04535126740911963,8.109110476073268e-05,0.0001966791919436831,0.0001966791919436831,116.56825614287627,-116.56825614287627,115.5,-115.5,0.022716446669495398,-0.022716446669495398,0.022926550424465175,-0.022926550424465175,-0.022716446669495398,0.022716446669495398,-0.022926550424465175,0.022926550424465175,0.06806771407861503,0.02263482073962423,0.0682778178335848,0.022424716984654453,0.02263482073962423,0.06806771407861503,0.022424716984654453,0.0682778178335848,0.04535126740911963,0.04535126740911963,0.04535126740911963,0.04535126740911963,0.06806771407861503,0.0682778178335848,0.04535126740911963,0.04535126740911963,1.500899929974777,1.505532738867953,1.505532738867953,0.0034857201047543626,0.0056029595609546415,0.0013684806485540907,0.0013684806485540907,0.0056029595609546415,0.005450362856521812,0.0015210773529869166,0.0015210773529869166,0.005450362856521812,0.0056029595609546415,0.005450362856521812,0.0056029595609546415,0.0056029595609546415,0.022411838243818566,0.022411838243818566,0.21,1305.1041666666667,10.5,3480.277777777778,209804.43114549955,17126.89233840813,46496.08070477109,16115.426249999997,86332.640625,139587.21677049954,8211.012751205855,16982.831243143868,16982.831243143868,1.3333333333333333,3977.460317460318,2485.9126984126983,209804.43114549955,259.8607407407407,2320.185185185185,157353.32335912468,194.8955555555556,2320.185185185185,1988.730158730159,165.7275132275132,212384.4770714255,162022.8617718231,12493.204533613265,9530.756574813124,34111.5983727735,26227.11147799283,34111.5983727735,B,23.18432584832603,34.1115983727735,0.0
2,C-8.1,y,14.25,34.916666666666664,0.0,90.0,C-8.1,1,1.5643754165265902,1.5740477970855833,203.79166666666666,,48438.95855383424,96244.08888888889,1.986914908212257,10.5,0.7368421052631579,3.610267463205951,203.79166666666666,14.25,735.7424234391793,51.63104725888978,4339.839263933821,304.5501237848295,735.7424234391793,4339.839263933821,4339.839263933821,396.07338146647913,304.5501237848295,277.2513670265354,213.18508664938065,310.7142857142857,6,14.0,0.8923032502003437,310.7142857142857,1,6,1600000,10.5,0.25,0.041382279040680654,104871.92500122002,6457810.971957976,291708.6671502379,0.016239547031743386,0.6136613257347292,0.0,104.93174385712373,0.0,70.01507719045708,0.0,20.25720159515572,9.090126028169244,2651668.547904936,5909201.2775165485,504014397.0277818,0.0,19453799579.358067,981.2194995494705,0.0,981.2194995494705,4662.826186347857,5644.0456858973275,5644.0456858973275,894.2591553566754,62.755028446082484,124.68890158480556,87.28223110936389,43.928519912257734,0.04535126740911963,8.109110476073268e-05,0.0001966791919436831,0.0001966791919436831,116.56825614287627,-116.56825614287627,115.5,-115.5,0.022716446669495398,-0.022716446669495398,0.022926550424465175,-0.022926550424465175,-0.022716446669495398,0.022716446669495398,-0.022926550424465175,0.022926550424465175,0.06806771407861503,0.02263482073962423,0.0682778178335848,0.022424716984654453,0.02263482073962423,0.06806771407861503,0.022424716984654453,0.0682778178335848,0.04535126740911963,0.04535126740911963,0.04535126740911963,0.04535126740911963,0.06806771407861503,0.0682778178335848,0.04535126740911963,0.04535126740911963,1.500899929974777,1.505532738867953,1.505532738867953,0.0034857201047543626,0.0056029595609546415,0.0013684806485540907,0.0013684806485540907,0.0056029595609546415,0.005450362856521812,0.0015210773529869166,0.0015210773529869166,0.005450362856521812,0.0056029595609546415,0.005450362856521812,0.0056029595609546415,0.0056029595609546415,0.022411838243818566,0.022411838243818566,0.21,50.947916666666664,10.5,166.84697855750485,41483.73579134535,4158.770505398031,11615.365265677372,772.5849342105262,4138.847861842105,38117.472863713774,2772.179844633729,7447.143041062216,7447.143041062216,1.3333333333333333,190.682261208577,119.17641325536061,41483.73579134535,12.457907732293693,111.23131903833657,31112.801843509016,9.343430799220274,111.23131903833657,95.3411306042885,7.945094217024041,41607.42501811598,31336.662818167883,3025.9945467720713,2279.030023139482,8462.401849615584,6384.937839453404,8462.401849615584,B,23.18432584832603,34.1115983727735,0.0
2,C-8.3,y,19.0,26.083333333333332,0.0,90.0,C-8.3,2,1.5643754165265902,1.5740477970855833,1045.25,,48438.95855383424,96244.08888888889,1.986914908212257,10.5,0.5526315789473685,3.610267463205951,1045.25,19.0,3773.63206591602,198.61221399558,22259.089710702072,1171.5310374053722,3773.6320659160197,22259.089710702072,22259.089710702072,1391.7488514259169,1171.5310374053722,974.2241959981418,820.0717261837605,1200.0,3,19.0,0.8118534966651182,921.4285714285714,2,4,1600000,10.5,0.25,0.04692492554532719,474355.35489983624,6457810.971957976,291708.6671502379,0.07345451221159142,1.8688607484883601,0.0,104.93174385712373,0.0,78.8484105237904,0.0,20.25720159515572,9.090126028169244,2651668.547904936,5909201.2775165485,2930535481.0692387,0.0,19453799579.358067,5066.042642046468,0.0,5066.042642046468,21377.185535045952,26443.22817709242,26443.22817709242,7602.487009124739,400.13089521709156,795.0260409431557,556.5182286602089,280.0916266519641,0.04535126740911963,8.109110476073268e-05,0.0001966791919436831,0.0001966791919436831,116.56825614287627,-116.56825614287627,115.5,-115.5,0.022716446669495398,-0.022716446669495398,0.022926550424465175,-0.022926550424465175,-0.022716446669495398,0.022716446669495398,-0.022926550424465175,0.022926550424465175,0.06806771407861503,0.02263482073962423,0.0682778178335848,0.022424716984654453,0.02263482073962423,0.06806771407861503,0.022424716984654453,0.0682778178335848,0.04535126740911963,0.04535126740911963,0.04535126740911963,0.04535126740911963,0.06806771407861503,0.0682778178335848,0.04535126740911963,0.04535126740911963,1.500899929974777,1.505532738867953,1.505532738867953,0.0034857201047543626,0.0056029595609546415,0.0013684806485540907,0.0013684806485540907,0.0056029595609546415,0.005450362856521812,0.0015210773529869166,0.0015210773529869166,0.005450362856521812,0.0056029595609546415,0.005450362856521812,0.0056029595609546415,0.0056029595609546415,0.022411838243818566,0.022411838243818566,0.21,261.3125,10.5,641.8201754385964,194357.72710162928,14613.362939972127,36143.371564846064,2971.948322368421,15921.151726973683,181408.523697024,9805.866145785081,23184.32584832603,23184.32584832603,1.3333333333333333,733.5087719298245,458.4429824561403,194357.72710162928,47.92257309941519,427.88011695906425,145768.29532622197,35.9419298245614,427.88011695906425,366.7543859649123,30.56286549707602,194833.52979168776,146629.4346244676,10531.542150902042,7925.915385106357,26087.029868793863,19674.3074893147,26087.029868793863,B,23.18432584832603,34.1115983727735,3380.989201686828
2,C-A.5--C-2,x,14.75,0.0,97.33333333333333,-23.0,C-A.5,2,1.0,1.8575098815015787,935.3263888888888,,50266.27912656147,96244.08888888889,1.986914908212257,10.5,0.711864406779661,3.7464618861564785,935.3263888888888,14.75,3504.1646670885943,237.57048590431148,20669.61333891032,1401.329717892225,3504.1646670885943,20669.61333891032,20669.61333891032,1460.0664419917896,1401.329717892225,1022.0465093942527,980.9308025245575,1200.0,3,19.0,0.8517054244952106,1200.0,2,3,1600000,10.5,0.25,0.05299770026718724,390009.6274876971,5366718.832758035,291761.4688100115,0.07267189499608376,0.0,7.399004207588874,0.0,54.12939599939711,0.0,43.20393733393622,11.075000000000001,10.727119565671618,3129760.1605809643,3231258.267070878,0.0,654806215.7179801,19453799579.358067,0.0,2517.425923490261,2517.425923490261,19018.554095888638,21535.980019378898,21535.980019378898,1683.1213113168415,114.10991941131128,226.7267000532336,158.70869003726352,79.87694358791789,0.05421398831874338,8.110578291536577e-05,0.00015554052740912136,0.00015554052740912136,221.5,-221.5,61.37060400060289,-61.37060400060289,0.009545616113670106,-0.009545616113670106,0.03445222682112038,-0.03445222682112038,-0.009545616113670106,0.009545616113670106,-0.03445222682112038,0.03445222682112038,0.06375960443241348,0.04466837220507327,0.08866621513986375,0.019761761497622994,0.04466837220507327,0.06375960443241348,0.019761761497622994,0.08866621513986375,0.05421398831874337,0.05421398831874337,0.05421398831874337,0.05421398831874337,0.06375960443241348,0.08866621513986375,0.05421398831874337,0.05421398831874337,1.1760729363342175,1.6354859306524998,1.6354859306524998,0.002785160258881529,0.003010099272948402,0.002560221244814649,0.002560221244814649,0.003010099272948402,0.003683521014183816,0.0018867995035792423,0.0018867995035792423,0.003683521014183816,0.003010099272948402,0.003683521014183816,0.002785160258881529,0.002785160258881529,0.011140641035526117,0.011140641035526117,0.21,467.6631944444444,10.5,1479.612366603892,158289.45314243488,15330.697640913791,42485.41282560763,6851.345063559322,36703.6342690678,128437.16393692642,9013.134311363257,22403.70039314841,22403.70039314841,1.3333333333333333,1690.9855618330193,1056.865976145637,158289.45314243488,110.47772337309058,986.4082444025946,118717.08985682618,82.85829252981797,986.4082444025946,845.4927809165097,70.45773174304247,159386.33911021057,120702.30690641815,11185.00625334811,8470.337326766186,31091.188161087826,23644.72166783628,31091.188161087826,B,23.18432584832603,34.1115983727735,0.0
2,C-B--C-2,x,23.25,0.0,82.33333333333333,-23.0,C-B,2,1.0,1.8575098815015787,597.0,,50266.27912656147,96244.08888888889,1.986914908212257,10.5,0.45161290322580644,3.7464618861564785,2198.298333333333,51.833333333333336,8235.840920234643,158.8908216122439,48579.80817535637,937.2310258911195,3694.211602484671,21790.62135196853,21790.62135196853,1301.7488844057013,937.2310258911195,911.2242190839909,656.0617181237836,921.4285714285714,4,17.0,0.9889255090834009,769.6428571428571,1,2,1600000,10.5,0.25,0.045481496402225985,479109.5956750895,5366718.832758035,291761.4688100115,0.0892742121593257,0.0,7.237581161055801,0.0,54.12939599939711,0.0,28.203937333936217,11.075000000000001,10.727119565671618,3129760.1605809643,3231258.267070878,0.0,408756256.3092696,19453799579.358067,0.0,2407.253939657989,2407.253939657989,27858.407622774568,30265.661562432557,30265.661562432557,8053.701608697098,346.3957681160042,688.2589158113248,481.7812410679273,242.47703768120292,0.05421398831874338,8.110578291536577e-05,0.00015554052740912136,0.00015554052740912136,221.5,-221.5,61.37060400060289,-61.37060400060289,0.009545616113670106,-0.009545616113670106,0.03445222682112038,-0.03445222682112038,-0.009545616113670106,0.009545616113670106,-0.03445222682112038,0.03445222682112038,0.06375960443241348,0.04466837220507327,0.08866621513986375,0.019761761497622994,0.04466837220507327,0.06375960443241348,0.019761761497622994,0.08866621513986375,0.05421398831874337,0.05421398831874337,0.05421398831874337,0.05421398831874337,0.06375960443241348,0.08866621513986375,0.05421398831874337,0.05421398831874337,1.1760729363342175,1.6354859306524998,1.6354859306524998,0.002785160258881529,0.003010099272948402,0.002560221244814649,0.002560221244814649,0.003010099272948402,0.003683521014183816,0.0018867995035792423,0.0018867995035792423,0.003683521014183816,0.003010099272948402,0.003683521014183816,0.002785160258881529,0.002785160258881529,0.011140641035526117,0.011140641035526117,0.21,298.5,10.5,599.1397849462365,222452.61248387926,13668.363286259864,33722.652527177226,2774.316774193548,14862.411290322578,210364.51796775023,9246.791998582428,21999.287552320584,21999.287552320584,1.3333333333333333,684.7311827956988,427.95698924731175,222452.61248387926,44.73577060931899,399.42652329749103,166839.4593629095,33.55182795698925,399.42652329749103,342.3655913978494,28.530465949820783,222896.77477778608,167643.33377151165,9797.660429792795,7368.937748198315,24202.76127716205,18234.840661286406,24202.76127716205,E,41.03525809462999,41.03525809462999,2399.628140543595
2,C-B--C-4,x,9.916666666666666,0.0,63.333333333333336,-23.0,C-B,1,1.0,1.8575098815015787,949.1666666666666,,50266.27912656147,96244.08888888889,1.986914908212257,10.5,1.0588235294117647,3.7464618861564785,2198.298333333333,51.833333333333336,8235.840920234643,158.8908216122439,48579.80817535637,937.2310258911195,1575.6673143214186,9294.20767342027,9294.20767342027,937.2310258911197,937.2310258911197,656.0617181237837,656.0617181237837,769.6428571428571,2,23.0,0.8524235780726657,769.6428571428571,1,2,1600000,10.5,0.25,0.06205593658766162,149771.45112121644,5366718.832758035,291761.4688100115,0.02790745254009268,0.0,1.7952698245340608,0.0,54.12939599939711,0.0,9.203937333936224,11.075000000000001,10.727119565671618,3129760.1605809643,3231258.267070878,0.0,12687508.428742494,19453799579.358067,0.0,228.9654347425865,228.9654347425865,8119.707701566872,8348.673136309459,9294.20767342027,1575.6673143214193,158.89082161224397,315.7025422394618,220.99177956762327,111.22357512857077,0.05421398831874338,8.110578291536577e-05,0.00015554052740912136,0.00015554052740912136,221.5,-221.5,61.37060400060289,-61.37060400060289,0.009545616113670106,-0.009545616113670106,0.03445222682112038,-0.03445222682112038,-0.009545616113670106,0.009545616113670106,-0.03445222682112038,0.03445222682112038,0.06375960443241348,0.04466837220507327,0.08866621513986375,0.019761761497622994,0.04466837220507327,0.06375960443241348,0.019761761497622994,0.08866621513986375,0.05421398831874337,0.05421398831874337,0.05421398831874337,0.05421398831874337,0.06375960443241348,0.08866621513986375,0.05421398831874337,0.05421398831874337,1.1760729363342175,1.6354859306524998,1.6354859306524998,0.002785160258881529,0.003010099272948402,0.002560221244814649,0.002560221244814649,0.003010099272948402,0.003683521014183816,0.0018867995035792423,0.0018867995035792423,0.003683521014183816,0.003010099272948402,0.003683521014183816,0.002785160258881529,0.002785160258881529,0.011140641035526117,0.011140641035526117,0.21,0.0,9.916666666666666,0.0,68312.42639963898,9840.925771856755,26571.19445660376,0.0,0.0,68312.42639963898,7254.41696279352,19587.438037478703,19587.438037478703,1.3333333333333333,0.0,0.0,68312.42639963898,0.0,0.0,51234.31979972924,0.0,0.0,0.0,0.0,68312.42639963898,51234.31979972924,7254.41696279352,5440.812722095141,19587.438037478703,14690.578528109028,19587.438037478703,E,41.03525809462999,41.03525809462999,0.0
2,C-B--C-4.9,x,18.666666666666668,0.0,55.666666666666664,-23.0,C-B,1,1.0,1.8575098815015787,652.1316666666667,,50266.27912656147,96244.08888888889,1.986914908212257,10.5,0.5625,3.7464618861564785,2198.298333333333,51.833333333333336,8235.840920234643,158.8908216122439,48579.80817535637,937.2310258911195,2965.962003428553,17494.979149967567,17494.979149967567,943.6974843102136,937.2310258911195,660.5882390171495,656.0617181237836,769.6428571428571,2,23.0,0.8583049045234425,769.6428571428571,1,2,1600000,10.5,0.25,0.049942665256987574,350301.2716671105,5366718.832758035,291761.4688100115,0.0652728944041001,0.0,3.71012799049857,0.0,54.12939599939711,0.0,1.5372706672695529,11.075000000000001,10.727119565671618,3129760.1605809643,3231258.267070878,0.0,764272.506269666,19453799579.358067,0.0,82.57814645271834,82.57814645271834,17533.108227337936,17615.686373790653,17615.686373790653,2609.4694900537743,139.7930083957379,277.75681244533286,194.42976871173298,97.85510587701653,0.05421398831874338,8.110578291536577e-05,0.00015554052740912136,0.00015554052740912136,221.5,-221.5,61.37060400060289,-61.37060400060289,0.009545616113670106,-0.009545616113670106,0.03445222682112038,-0.03445222682112038,-0.009545616113670106,0.009545616113670106,-0.03445222682112038,0.03445222682112038,0.06375960443241348,0.04466837220507327,0.08866621513986375,0.019761761497622994,0.04466837220507327,0.06375960443241348,0.019761761497622994,0.08866621513986375,0.05421398831874337,0.05421398831874337,0.05421398831874337,0.05421398831874337,0.06375960443241348,0.08866621513986375,0.05421398831874337,0.05421398831874337,1.1760729363342175,1.6354859306524998,1.6354859306524998,0.002785160258881529,0.003010099272948402,0.002560221244814649,0.002560221244814649,0.003010099272948402,0.003683521014183816,0.0018867995035792423,0.0018867995035792423,0.003683521014183816,0.003010099272948402,0.003683521014183816,0.002785160258881529,0.002785160258881529,0.011140641035526117,0.011140641035526117,0.21,0.0,10.5,0.0,129475.29484736129,9908.823585257242,28088.416240971528,0.0,0.0,129475.29484736129,7127.080450313465,20203.04434212998,20203.04434212998,1.3333333333333333,0.0,0.0,129475.29484736129,0.0,0.0,97106.47113552099,0.0,0.0,0.0,0.0,129475.29484736129,97106.47113552099,7127.080450313465,5345.3103377351,20203.04434212998,15152.283256597486,20203.04434212998,E,41.03525809462999,41.03525809462999,0.0
2,C-C--C-2.5,x,28.0,0.0,69.91666666666667,-23.0,C-C,2,1.0,1.8575098815015787,2590.6666666666665,,50266.27912656147,96244.08888888889,1.986914908212257,10.5,0.375,3.7464618861564785,4384.958333333333,59.416666666666664,16428.079268217567,276.489412648823,96902.42286962736,1630.8963175813863,7741.703554167045,45665.096892278816,45665.096892278816,1920.3958983038417,1630.8963175813863,1344.2771288126892,1141.6274223069704,1539.2857142857142,2,23.0,0.8733122878597517,1200.0,2,3,1600000,10.5,0.25,0.04749241932534738,961523.9135207986,5366718.832758035,291761.4688100115,0.17916420507288947,0.0,12.578095031364606,0.0,54.12939599939711,0.0,15.78727066726956,11.075000000000001,10.727119565671618,3129760.1605809643,3231258.267070878,0.0,235796619.83218542,19453799579.358067,0.0,2480.8342813957397,2480.8342813957397,51290.25087111183,53771.08515250757,53771.08515250757,6616.705030204816,236.31089393588627,469.5296381341779,328.6707466939245,165.41762575512038,0.05421398831874338,8.110578291536577e-05,0.00015554052740912136,0.00015554052740912136,221.5,-221.5,61.37060400060289,-61.37060400060289,0.009545616113670106,-0.009545616113670106,0.03445222682112038,-0.03445222682112038,-0.009545616113670106,0.009545616113670106,-0.03445222682112038,0.03445222682112038,0.06375960443241348,0.04466837220507327,0.08866621513986375,0.019761761497622994,0.04466837220507327,0.06375960443241348,0.019761761497622994,0.08866621513986375,0.05421398831874337,0.05421398831874337,0.05421398831874337,0.05421398831874337,0.06375960443241348,0.08866621513986375,0.05421398831874337,0.05421398831874337,1.1760729363342175,1.6354859306524998,1.6354859306524998,0.002785160258881529,0.003010099272948402,0.002560221244814649,0.002560221244814649,0.003010099272948402,0.003683521014183816,0.0018867995035792423,0.0018867995035792423,0.003683521014183816,0.003010099272948402,0.003683521014183816,0.002785160258881529,0.002785160258881529,0.011140641035526117,0.011140641035526117,0.21,0.0,10.5,0.0,395217.4758709306,20164.15693219034,57574.97946950636,0.0,0.0,395217.4758709306,14371.544577124749,41035.258094629986,41035.258094629986,1.3333333333333333,0.0,0.0,395217.4758709306,0.0,0.0,296413.106903198,0.0,0.0,0.0,0.0,395217.4758709306,296413.106903198,14371.544577124749,10778.658432843564,41035.258094629986,30776.443570972493,41035.258094629986,E,41.03525809462999,41.03525809462999,0.0
2,C-C--C-3.6,x,19.333333333333332,0.0,56.25,-23.0,C-C,2,1.0,1.8575098815015787,1058.0416666666665,,50266.27912656147,96244.08888888889,1.986914908212257,10.5,0.5431034482758621,3.7464618861564785,4384.958333333333,59.416666666666664,16428.079268217567,276.489412648823,96902.42286962736,1630.8963175813863,5345.461977877245,31530.662139906795,31530.662139906795,1851.3279206758668,1630.896317581386,1295.9295444731067,1141.6274223069702,1539.2857142857142,2,23.0,0.8419031843444778,1200.0,2,3,1600000,10.5,0.25,0.05092903070143734,619109.8025161694,5366718.832758035,291761.4688100115,0.11536095364958776,0.0,6.364385248139325,0.0,54.12939599939711,0.0,2.1206040006028886,11.075000000000001,10.727119565671618,3129760.1605809643,3231258.267070878,0.0,2949751.178210915,19453799579.358067,0.0,231.0431202828877,231.0431202828877,35561.296679450534,35792.339799733425,35792.339799733425,8218.835554309073,425.1121838435728,844.6617357414646,591.2632150190251,297.57852869050095,0.05421398831874338,8.110578291536577e-05,0.00015554052740912136,0.00015554052740912136,221.5,-221.5,61.37060400060289,-61.37060400060289,0.009545616113670106,-0.009545616113670106,0.03445222682112038,-0.03445222682112038,-0.009545616113670106,0.009545616113670106,-0.03445222682112038,0.03445222682112038,0.06375960443241348,0.04466837220507327,0.08866621513986375,0.019761761497622994,0.04466837220507327,0.06375960443241348,0.019761761497622994,0.08866621513986375,0.05421398831874337,0.05421398831874337,0.05421398831874337,0.05421398831874337,0.06375960443241348,0.08866621513986375,0.05421398831874337,0.05421398831874337,1.1760729363342175,1.6354859306524998,1.6354859306524998,0.002785160258881529,0.003010099272948402,0.002560221244814649,0.002560221244814649,0.003010099272948402,0.003683521014183816,0.0018867995035792423,0.0018867995035792423,0.003683521014183816,0.003010099272948402,0.003683521014183816,0.002785160258881529,0.002785160258881529,0.011140641035526117,0.011140641035526117,0.21,0.0,10.5,0.0,263073.6975280407,19438.9431670966,49179.672227825045,0.0,0.0,263073.6975280407,13968.51491299331,35339.729069906134,35339.729069906134,1.3333333333333333,0.0,0.0,263073.6975280407,0.0,0.0,197305.27314603052,0.0,0.0,0.0,0.0,263073.6975280407,197305.27314603052,13968.51491299331,10476.386184744984,35339.729069906134,26504.796802429606,35339.729069906134,E,41.03525809462999,41.03525809462999,4112.041204653533
2,C-C--C-5.2,x,12.083333333333334,0.0,47.416666666666664,-23.0,C-C,2,1.1108729214766149,2.6559027987849264,736.25,,50266.27912656147,96244.08888888889,1.986914908212257,10.5,0.8689655172413793,3.7464618861564785,4384.958333333333,59.416666666666664,16428.079268217567,276.489412648823,96902.42286962736,1630.8963175813863,3340.9137361732783,19706.663837441753,19706.663837441753,1630.8963175813863,1630.8963175813863,1141.6274223069704,1141.6274223069704,1200.0,3,19.0,0.9513561852558087,1200.0,2,3,1600000,10.5,0.25,0.06185719980139282,318583.1867707342,5366718.832758035,291761.4688100115,0.05936274969840551,0.0,2.859053089641393,0.0,54.12939599939711,0.0,6.712729332730447,12.30291760535351,26.21723466238006,7649178.8932327535,3589517.3111864896,0.0,14355592.584637593,19453799579.358067,0.0,394.59684013227246,394.59684013227246,17271.665166136623,17666.262006268895,19706.663837441753,3340.913736173279,276.4894126488231,549.3609359547971,384.55265516835794,193.54258885417613,0.05421398831874338,0.00023389919073829233,0.00015554052740912136,0.00023389919073829233,221.5,-221.5,61.37060400060289,-61.37060400060289,0.014354534610861221,-0.014354534610861221,0.05180867074853175,-0.05180867074853175,-0.014354534610861221,0.014354534610861221,-0.05180867074853175,0.05180867074853175,0.0685685229296046,0.03985945370788216,0.10602265906727512,0.002405317570211625,0.03985945370788216,0.0685685229296046,0.002405317570211625,0.10602265906727512,0.05421398831874338,0.05421398831874337,0.05421398831874338,0.05421398831874337,0.0685685229296046,0.10602265906727512,0.05421398831874338,0.05421398831874337,1.264775476883674,1.955632897619155,1.955632897619155,0.002785160258881529,0.0032565784998555974,0.002313742017907454,0.002313742017907454,0.0032565784998555974,0.004615463312303475,0.0009548572054595833,0.0009548572054595833,0.004615463312303475,0.0032565784998555974,0.004615463312303475,0.0032565784998555974,0.0032565784998555974,0.01302631399942239,0.01302631399942239,0.21,0.0,10.5,0.0,144843.97920519687,17124.411334604556,45998.31938412025,0.0,0.0,144843.97920519687,12504.516190376708,33588.70084523888,33588.70084523888,1.3333333333333333,0.0,0.0,144843.97920519687,0.0,0.0,108632.98440389766,0.0,0.0,0.0,0.0,144843.97920519687,108632.98440389766,12504.516190376708,9378.38714278253,33588.70084523888,25191.525633929166,33588.70084523888,E,41.03525809462999,41.03525809462999,72.27315471289603
2,C-X--C-6.5,x,13.0,0.0,36.25,0.0,C-X,2,1.1108729214766149,2.6559027987849264,1083.5,,48438.95855383424,96244.08888888889,1.986914908212257,10.5,0.8076923076923077,3.610267463205951,1801.0033333333333,24.0,6502.103735458795,270.9209889774498,38353.21192627614,1598.0504969281726,3521.9728567068473,20774.65646006624,20774.65646006624,1598.0504969281722,1598.0504969281722,1118.6353478497203,1118.6353478497203,1200.0,3,19.0,0.9321961232081003,1200.0,2,3,1600000,10.5,0.25,0.05927109575153481,350502.31814768305,5366718.832758035,291761.4688100115,0.06531035611708297,0.0,2.404735157457433,0.0,54.12939599939711,0.0,17.87939599939711,12.30291760535351,26.21723466238006,7649178.8932327535,3589517.3111864896,0.0,112046057.9055554,19453799579.358067,0.0,1156.3128525440295,1156.3128525440295,19002.12858175096,20158.44143429499,20774.65646006624,2837.286346599096,218.25279589223814,433.64973391729484,303.5548137421064,152.77695712456668,0.05421398831874338,0.00023389919073829233,0.00015554052740912136,0.00023389919073829233,221.5,-221.5,61.37060400060289,-61.37060400060289,0.014354534610861221,-0.014354534610861221,0.05180867074853175,-0.05180867074853175,-0.014354534610861221,0.014354534610861221,-0.05180867074853175,0.05180867074853175,0.0685685229296046,0.03985945370788216,0.10602265906727512,0.002405317570211625,0.03985945370788216,0.0685685229296046,0.002405317570211625,0.10602265906727512,0.05421398831874338,0.05421398831874337,0.05421398831874338,0.05421398831874337,0.0685685229296046,0.10602265906727512,0.05421398831874338,0.05421398831874337,1.264775476883674,1.955632897619155,1.955632897619155,0.002785160258881529,0.0032565784998555974,0.002313742017907454,0.002313742017907454,0.0032565784998555974,0.004615463312303475,0.0009548572054595833,0.0009548572054595833,0.004615463312303475,0.0032565784998555974,0.004615463312303475,0.0032565784998555974,0.0032565784998555974,0.01302631399942239,0.01302631399942239,0.21,0.0,10.5,0.0,152693.72498148686,16779.530217745807,45624.941420337986,0.0,0.0,152693.72498148686,12215.49799851895,33214.95735400605,33214.95735400605,1.3333333333333333,0.0,0.0,152693.72498148686,0.0,0.0,114520.29373611514,0.0,0.0,0.0,0.0,152693.72498148686,114520.29373611514,12215.49799851895,9161.623498889212,33214.95735400605,24911.218015504543,33214.95735400605,E,41.03525809462999,41.03525809462999,0.0
2,C-X--C-8.5,x,11.0,0.0,36.25,0.0,C-X,2,1.1108729214766149,2.6559027987849264,717.5033333333333,,48438.95855383424,96244.08888888889,1.986914908212257,10.5,0.9545454545454546,3.610267463205951,1801.0033333333333,24.0,6502.103735458795,270.9209889774498,38353.21192627614,1598.0504969281726,2980.1308787519474,17578.555466209895,17578.555466209895,1598.0504969281722,1598.0504969281722,1118.6353478497203,1118.6353478497203,1200.0,3,19.0,0.9321961232081003,1200.0,2,3,1600000,10.5,0.25,0.06335725581730597,277451.339068387,5366718.832758035,291761.4688100115,0.051698504750210796,0.0,1.9035451550430882,0.0,54.12939599939711,0.0,17.87939599939711,12.30291760535351,26.21723466238006,7649178.8932327535,3589517.3111864896,0.0,88693646.78533117,19453799579.358067,0.0,915.3164835422017,915.3164835422017,15041.74365527324,15957.060138815441,17578.555466209895,2980.1308787519465,270.92098897744967,538.2969519469033,376.80786636283227,189.64469228421476,0.05421398831874338,0.00023389919073829233,0.00015554052740912136,0.00023389919073829233,221.5,-221.5,61.37060400060289,-61.37060400060289,0.014354534610861221,-0.014354534610861221,0.05180867074853175,-0.05180867074853175,-0.014354534610861221,0.014354534610861221,-0.05180867074853175,0.05180867074853175,0.0685685229296046,0.03985945370788216,0.10602265906727512,0.002405317570211625,0.03985945370788216,0.0685685229296046,0.002405317570211625,0.10602265906727512,0.05421398831874338,0.05421398831874337,0.05421398831874338,0.05421398831874337,0.0685685229296046,0.10602265906727512,0.05421398831874338,0.05421398831874337,1.264775476883674,1.955632897619155,1.955632897619155,0.002785160258881529,0.0032565784998555974,0.002313742017907454,0.002313742017907454,0.0032565784998555974,0.004615463312303475,0.0009548572054595833,0.0009548572054595833,0.004615463312303475,0.0032565784998555974,0.004615463312303475,0.0032565784998555974,0.0032565784998555974,0.01302631399942239,0.01302631399942239,0.21,179.37583333333333,10.5,760.9883838383837,129202.38267664272,16779.53021774581,45071.92539294327,3523.756711363636,18877.26809659091,113848.87129141545,10842.74964680147,27203.78856997657,27203.78856997657,1.3333333333333333,869.7010101010101,543.5631313131312,129202.38267664272,56.82046599326598,507.3255892255891,96901.78700748205,42.6153494949495,507.3255892255891,434.85050505050503,36.23754208754208,129766.52873186157,97922.81599334064,12358.717022082055,9325.982475556251,33267.65807109891,25178.52238930302,33267.65807109891,C,38.22942154804296,38.22942154804296,0.0
2,C-W.6--C-7.3,x,19.083333333333332,0.0,47.08333333333333,0.0,C-W.6,2,1.1108729214766149,2.6559027987849264,956.8333333333334,,48438.95855383424,96244.08888888889,1.986914908212257,10.5,0.5502183406113538,3.610267463205951,956.8333333333334,19.083333333333332,3454.4242510442273,181.0178646835403,20376.215264153805,1067.7492714840423,3454.4242510442273,20376.215264153805,20376.215264153805,1397.1509499863255,1067.7492714840423,978.0056649904278,747.4244900388296,1200.0,3,19.0,0.8150047208253565,769.6428571428571,1,2,1600000,10.5,0.25,0.04699735016414026,433560.9389250458,5366718.832758035,291761.4688100115,0.08078696731392439,0.0,3.3222825183577736,0.0,54.12939599939711,0.0,7.046062666063783,12.30291760535351,26.21723466238006,7649178.8932327535,3589517.3111864896,0.0,23844450.892331325,19453799579.358067,0.0,624.4137229199545,624.4137229199545,26037.883572652423,26662.297295572378,26662.297295572378,8890.170025787877,465.8604380325525,925.625049473171,647.9375346312196,326.1023066227867,0.05421398831874338,0.00023389919073829233,0.00015554052740912136,0.00023389919073829233,221.5,-221.5,61.37060400060289,-61.37060400060289,0.014354534610861221,-0.014354534610861221,0.05180867074853175,-0.05180867074853175,-0.014354534610861221,0.014354534610861221,-0.05180867074853175,0.05180867074853175,0.0685685229296046,0.03985945370788216,0.10602265906727512,0.002405317570211625,0.03985945370788216,0.0685685229296046,0.002405317570211625,0.10602265906727512,0.05421398831874338,0.05421398831874337,0.05421398831874338,0.05421398831874337,0.0685685229296046,0.10602265906727512,0.05421398831874338,0.05421398831874337,1.264775476883674,1.955632897619155,1.955632897619155,0.002785160258881529,0.0032565784998555974,0.002313742017907454,0.002313742017907454,0.0032565784998555974,0.004615463312303475,0.0009548572054595833,0.0009548572054595833,0.004615463312303475,0.0032565784998555974,0.004615463312303475,0.0032565784998555974,0.0032565784998555974,0.01302631399942239,0.01302631399942239,0.21,0.0,10.5,0.0,195967.885122457,14670.08497485642,35319.62930101541,0.0,0.0,195967.885122457,10545.357046948358,25388.95325987789,25388.95325987789,1.3333333333333333,0.0,0.0,195967.885122457,0.0,0.0,146975.91384184273,0.0,0.0,0.0,0.0,195967.885122457,146975.91384184273,10545.357046948358,7909.017785211268,25388.95325987789,19041.714944908417,25388.95325987789,C,38.22942154804296,38.22942154804296,5140.403190641011
2,C-Y--C-6.5,x,11.333333333333334,0.0,30.75,0.0,C-Y,2,1.1108729214766149,2.6559027987849264,1137.1666666666665,,48438.95855383424,96244.08888888889,1.986914908212257,10.5,0.926470588235294,3.610267463205951,1600.5833333333333,20.166666666666668,5778.533930483058,286.5388725859367,34085.17388770268,1690.1739117869097,3247.4405559739494,19155.304333584976,19155.304333584976,1690.1739117869095,1690.1739117869095,1183.1217382508366,1183.1217382508366,1200.0,3,19.0,0.9859347818756972,1200.0,2,3,1600000,10.5,0.25,0.06507074565011581,294376.59184947243,5366718.832758035,291761.4688100115,0.05485224790473848,0.0,1.7132342199295325,0.0,54.12939599939711,0.0,23.37939599939711,12.30291760535351,26.21723466238006,7649178.8932327535,3589517.3111864896,0.0,160905113.9029988,19453799579.358067,0.0,1269.8960574722516,1269.8960574722516,15959.329111838784,17229.225169311037,19155.304333584976,3247.44055597395,286.53887258593676,569.3283577233301,398.52985040633104,200.57721081015572,0.05421398831874338,0.00023389919073829233,0.00015554052740912136,0.00023389919073829233,221.5,-221.5,61.37060400060289,-61.37060400060289,0.014354534610861221,-0.014354534610861221,0.05180867074853175,-0.05180867074853175,-0.014354534610861221,0.014354534610861221,-0.05180867074853175,0.05180867074853175,0.0685685229296046,0.03985945370788216,0.10602265906727512,0.002405317570211625,0.03985945370788216,0.0685685229296046,0.002405317570211625,0.10602265906727512,0.05421398831874338,0.05421398831874337,0.05421398831874338,0.05421398831874337,0.0685685229296046,0.10602265906727512,0.05421398831874338,0.05421398831874337,1.264775476883674,1.955632897619155,1.955632897619155,0.002785160258881529,0.0032565784998555974,0.002313742017907454,0.002313742017907454,0.0032565784998555974,0.004615463312303475,0.0009548572054595833,0.0009548572054595833,0.004615463312303475,0.0032565784998555974,0.004615463312303475,0.0032565784998555974,0.0032565784998555974,0.01302631399942239,0.01302631399942239,0.21,0.0,10.5,0.0,140791.48685184956,17746.82607376255,47670.203538369606,0.0,0.0,140791.48685184956,12996.137247863036,34909.25674502143,34909.25674502143,1.3333333333333333,0.0,0.0,140791.48685184956,0.0,0.0,105593.6151388872,0.0,0.0,0.0,0.0,140791.48685184956,105593.6151388872,12996.137247863036,9747.10293589728,34909.25674502143,26181.942558766077,34909.25674502143,C,38.22942154804296,38.22942154804296,226.195447462228
2,C-Y--C-7.2,x,8.833333333333334,0.0,30.75,0.0,C-Y,2,1.1108729214766149,2.6559027987849264,463.4166666666667,,48438.95855383424,96244.08888888889,1.986914908212257,10.5,1.1886792452830188,3.610267463205951,1600.5833333333333,20.166666666666668,5778.533930483058,286.5388725859367,34085.17388770268,1690.1739117869097,2531.093374509108,14929.869554117702,14929.869554117702,1690.1739117869095,1690.1739117869095,1183.1217382508366,1183.1217382508366,1200.0,3,19.0,0.9859347818756972,1200.0,2,3,1600000,10.5,0.25,0.07247233076846875,206007.85700980088,5366718.832758035,291761.4688100115,0.038386184078127016,0.0,1.1989394536642177,0.0,54.12939599939711,0.0,23.37939599939711,12.30291760535351,26.21723466238006,7649178.8932327535,3589517.3111864896,0.0,112603103.01446988,19453799579.358067,0.0,888.6867117437971,888.6867117437971,11168.507553498699,12057.194265242497,14929.869554117702,2531.093374509108,286.5388725859367,569.32835772333,398.529850406331,200.5772108101557,0.05421398831874338,0.00023389919073829233,0.00015554052740912136,0.00023389919073829233,221.5,-221.5,61.37060400060289,-61.37060400060289,0.014354534610861221,-0.014354534610861221,0.05180867074853175,-0.05180867074853175,-0.014354534610861221,0.014354534610861221,-0.05180867074853175,0.05180867074853175,0.0685685229296046,0.03985945370788216,0.10602265906727512,0.002405317570211625,0.03985945370788216,0.0685685229296046,0.002405317570211625,0.10602265906727512,0.05421398831874338,0.05421398831874337,0.05421398831874338,0.05421398831874337,0.0685685229296046,0.10602265906727512,0.05421398831874338,0.05421398831874337,1.264775476883674,1.955632897619155,1.955632897619155,0.002785160258881529,0.0032565784998555974,0.002313742017907454,0.002313742017907454,0.0032565784998555974,0.004615463312303475,0.0009548572054595833,0.0009548572054595833,0.004615463312303475,0.0032565784998555974,0.004615463312303475,0.0032565784998555974,0.0032565784998555974,0.01302631399942239,0.01302631399942239,0.21,0.0,8.833333333333334,0.0,109734.54122276511,17746.82607376255,47670.203538369606,0.0,0.0,109734.54122276511,13168.144946731813,35371.291025470244,35371.291025470244,1.3333333333333333,0.0,0.0,109734.54122276511,0.0,0.0,82300.90591707383,0.0,0.0,0.0,0.0,109734.54122276511,82300.90591707383,13168.144946731813,9876.108710048858,35371.291025470244,26528.468269102683,35371.291025470244,C,38.22942154804296,38.22942154804296,176.2993928749711
2,C-Y.3--C-8,x,8.583333333333334,0.0,21.916666666666668,0.0,C-Y.3,2,1.1108729214766149,2.6559027987849264,735.0,,48438.95855383424,96244.08888888889,1.986914908212257,10.5,1.2233009708737863,3.610267463205951,735.0,8.583333333333334,2653.546585456374,309.1510584997717,15652.170234265508,1823.5538137008357,2653.546585456374,15652.170234265508,15652.170234265508,1823.5538137008357,1823.5538137008357,1276.4876695905848,1276.4876695905848,1539.2857142857142,2,23.0,0.8292727319846027,1539.2857142857142,2,2,1600000,10.5,0.25,0.06993215561222177,223819.3588805954,5366718.832758035,291761.4688100115,0.04170506520938258,0.0,0.9284114696969121,0.0,54.12939599939711,0.0,32.21272933273045,12.30291760535351,26.21723466238006,7649178.8932327535,3589517.3111864896,0.0,232248380.5067719,19453799579.358067,0.0,1330.3220382251343,1330.3220382251343,12134.140107861229,13464.462146086364,15652.170234265508,2653.5465854563736,309.15105849977164,614.2568470227959,429.9797929159571,216.40574094984012,0.05421398831874338,0.00023389919073829233,0.00015554052740912136,0.00023389919073829233,221.5,-221.5,61.37060400060289,-61.37060400060289,0.014354534610861221,-0.014354534610861221,0.05180867074853175,-0.05180867074853175,-0.014354534610861221,0.014354534610861221,-0.05180867074853175,0.05180867074853175,0.0685685229296046,0.03985945370788216,0.10602265906727512,0.002405317570211625,0.03985945370788216,0.0685685229296046,0.002405317570211625,0.10602265906727512,0.05421398831874338,0.05421398831874337,0.05421398831874338,0.05421398831874337,0.0685685229296046,0.10602265906727512,0.05421398831874338,0.05421398831874337,1.264775476883674,1.955632897619155,1.955632897619155,0.002785160258881529,0.0032565784998555974,0.002313742017907454,0.002313742017907454,0.0032565784998555974,0.004615463312303475,0.0009548572054595833,0.0009548572054595833,0.004615463312303475,0.0032565784998555974,0.004615463312303475,0.0032565784998555974,0.0032565784998555974,0.01302631399942239,0.01302631399942239,0.21,0.0,8.583333333333334,0.0,115043.45122185147,19147.315043858773,51432.09279001618,0.0,0.0,115043.45122185147,14232.179532600181,38229.421548042956,38229.421548042956,1.3333333333333333,0.0,0.0,115043.45122185147,0.0,0.0,86282.58841638861,0.0,0.0,0.0,0.0,115043.45122185147,86282.58841638861,14232.179532600181,10674.134649450136,38229.421548042956,28672.066161032217,38229.421548042956,C,38.22942154804296,38.22942154804296,441.2551272905366
2,C-Y.6--C-8,x,12.75,0.0,11.666666666666666,0.0,C-Y.6,2,1.1108729214766149,2.6559027987849264,805.0,,48438.95855383424,96244.08888888889,1.986914908212257,10.5,0.8235294117647058,3.610267463205951,805.0,12.75,2906.2653078807903,227.94237708868943,17142.853113719368,1344.5374991152446,2906.2653078807903,17142.853113719368,17142.853113719368,1415.1425909114093,1344.5374991152446,990.5998136379865,941.1762493806712,1200.0,3,19.0,0.825499844698322,1200.0,2,3,1600000,10.5,0.25,0.05484105844193011,312591.5801182343,5366718.832758035,291761.4688100115,0.05824631210604879,0.0,0.7147314724255215,0.0,54.12939599939711,0.0,42.46272933273045,12.30291760535351,26.21723466238006,7649178.8932327535,3589517.3111864896,0.0,524313967.1948912,19453799579.358067,0.0,2278.3221712512636,2278.3221712512636,15764.745862869204,18043.068034120468,18043.068034120468,2564.614112914518,201.146204934472,399.66039331462025,279.76227532023415,140.80234345413038,0.05421398831874338,0.00023389919073829233,0.00015554052740912136,0.00023389919073829233,221.5,-221.5,61.37060400060289,-61.37060400060289,0.014354534610861221,-0.014354534610861221,0.05180867074853175,-0.05180867074853175,-0.014354534610861221,0.014354534610861221,-0.05180867074853175,0.05180867074853175,0.0685685229296046,0.03985945370788216,0.10602265906727512,0.002405317570211625,0.03985945370788216,0.0685685229296046,0.002405317570211625,0.10602265906727512,0.05421398831874338,0.05421398831874337,0.05421398831874338,0.05421398831874337,0.0685685229296046,0.10602265906727512,0.05421398831874338,0.05421398831874337,1.264775476883674,1.955632897619155,1.955632897619155,0.002785160258881529,0.0032565784998555974,0.002313742017907454,0.002313742017907454,0.0032565784998555974,0.004615463312303475,0.0009548572054595833,0.0009548572054595833,0.004615463312303475,0.0032565784998555974,0.004615463312303475,0.0032565784998555974,0.0032565784998555974,0.01302631399942239,0.01302631399942239,0.21,0.0,10.5,0.0,132616.55005078542,14858.997204569796,40121.163608509414,0.0,0.0,132616.55005078542,10825.840820472278,29231.133486199717,29231.133486199717,1.3333333333333333,0.0,0.0,132616.55005078542,0.0,0.0,99462.41253808909,0.0,0.0,0.0,0.0,132616.55005078542,99462.41253808909,10825.840820472278,8119.380615354212,29231.133486199717,21923.35011464979,29231.133486199717,C,38.22942154804296,38.22942154804296,0.0
1,C-1.7,y,20.0,192.66666666666666,0.0,67.0,C-1.7,2,1.2075203729575121,1.2148734599440338,996.625,,28810.327029807722,98067.02222222224,3.532293170155123,13.5,0.675,2.1473002183653365,996.625,20.0,2140.0530801283535,107.00265400641767,24164.293643214438,1208.2146821607218,2140.0530801283535,24164.293643214438,24164.293643214438,1422.3260798314047,1208.2146821607218,995.6282558819833,845.7502775125052,1200.0,3,19.0,0.829690213234986,921.4285714285714,2,4,1600000,10.5,0.25,0.0631142020339225,382866.1832756225,5239333.74581241,320053.4370798454,0.07307535687750988,14.11422790636456,0.0,104.54693004629237,0.0,88.11973662037428,0.0,10.826358084212075,7.015894231176795,2245461.0628767926,3465013.115909245,3057781270.496483,0.0,16230314812.797745,4800.780068191525,0.0,4800.780068191525,23645.74152843657,28446.521596628096,28446.521596628096,3077.47742469273,153.8738712346365,543.5276244274354,380.4693370992048,107.71170986424555,0.060047219577341535,0.00011218161566244017,0.0001656610676864473,0.0001656610676864473,116.95306995370763,-116.95306995370763,115.5,-115.5,0.019133853317784662,-0.019133853317784662,0.019374570437738964,-0.019374570437738964,-0.019133853317784662,0.019133853317784662,-0.019374570437738964,0.019374570437738964,0.0791810728951262,0.04091336625955687,0.0794217900150805,0.04067264913960257,0.04091336625955687,0.0791810728951262,0.04067264913960257,0.0794217900150805,0.060047219577341535,0.060047219577341535,0.060047219577341535,0.060047219577341535,0.0791810728951262,0.0794217900150805,0.060047219577341535,0.060047219577341535,1.3186467825232113,1.3226555796273678,1.3226555796273678,0.014695952168221907,0.02062289274649739,0.008769011589946425,0.008769011589946425,0.02062289274649739,0.020741459514396175,0.008650444822047638,0.008650444822047638,0.020741459514396175,0.02062289274649739,0.020741459514396175,0.02062289274649739,0.02062289274649739,0.08249157098598955,0.08249157098598955,0.27,996.625,13.5,2325.458333333333,268819.62908813544,19201.402077723964,52980.71854301223,17800.220812499996,95358.32578125,191261.52411938543,9808.283288173612,24435.922602995957,24435.922602995957,1.3333333333333333,2657.6666666666665,1661.0416666666665,268819.62908813544,173.63422222222215,1550.3055555555552,201614.72181610164,130.22566666666665,1550.3055555555552,1328.8333333333333,110.7361111111111,270543.5688659132,204734.82248276833,13874.029172610934,10499.22166578299,38479.474794413334,29328.10502743394,38479.474794413334,D,41.78909288934876,58.62336182372173,37.9581705555247
1,C-2.1,y,29.0,182.66666666666666,0.0,67.0,C-2.1,1,1.2075203729575121,1.2148734599440338,803.0,,28810.327029807722,98067.02222222224,3.532293170155123,13.5,0.46551724137931033,2.1473002183653365,803.0,29.0,1724.2820753473652,59.458002598185004,19469.63782315434,671.3668214880806,1724.2820753473652,19469.63782315434,19469.63782315434,863.0023154708301,671.3668214880806,604.1016208295811,469.9567750416564,769.6428571428571,2,23.0,0.7849116187112887,600.0,1,3,1600000,10.5,0.25,0.0548158044827975,355182.9259253939,5239333.74581241,320053.4370798454,0.06779162068254908,12.497385473063483,0.0,104.54693004629237,0.0,78.11973662037428,0.0,10.826358084212075,7.015894231176795,2245461.0628767926,3465013.115909245,2155562222.3042397,0.0,16230314812.797745,3817.4941321778565,0.0,3817.4941321778565,21209.573016476217,25027.067148654074,25027.067148654074,2863.35916116344,98.73652279873932,348.76634512685246,244.1364415887967,69.11556595911752,0.060047219577341535,0.00011218161566244017,0.0001656610676864473,0.0001656610676864473,116.95306995370763,-116.95306995370763,115.5,-115.5,0.019133853317784662,-0.019133853317784662,0.019374570437738964,-0.019374570437738964,-0.019133853317784662,0.019133853317784662,-0.019374570437738964,0.019374570437738964,0.0791810728951262,0.04091336625955687,0.0794217900150805,0.04067264913960257,0.04091336625955687,0.0791810728951262,0.04067264913960257,0.0794217900150805,0.060047219577341535,0.060047219577341535,0.060047219577341535,0.060047219577341535,0.0791810728951262,0.0794217900150805,0.060047219577341535,0.060047219577341535,1.3186467825232113,1.3226555796273678,1.3226555796273678,0.014695952168221907,0.02062289274649739,0.008769011589946425,0.008769011589946425,0.02062289274649739,0.020741459514396175,0.008650444822047638,0.008650444822047638,0.020741459514396175,0.02062289274649739,0.020741459514396175,0.02062289274649739,0.02062289274649739,0.08249157098598955,0.08249157098598955,0.27,200.75,13.5,323.04597701149424,236505.78455478096,11650.531258856206,34111.66345773834,2472.7554310344826,13246.904094827587,225731.63589098785,7920.408276876767,23004.275089317063,23004.275089317063,1.3333333333333333,369.1954022988505,230.74712643678163,236505.78455478096,24.1207662835249,215.3639846743295,177379.33841608575,18.09057471264368,215.3639846743295,184.59770114942526,15.383141762452109,236745.26930573882,177812.77381838462,8306.851554587327,6239.044695381916,24339.0944542764,18298.8509879144,24339.0944542764,D,41.78909288934876,58.62336182372173,0.0
1,C-2.9,y,29.0,160.0,0.0,67.0,C-2.9,1,1.2075203729575121,1.2148734599440338,988.25,,28810.327029807722,98067.02222222224,3.532293170155123,13.5,0.46551724137931033,2.1473002183653365,988.25,29.0,2122.069440799544,73.17480830343254,23961.23235209499,826.2493914515514,2122.069440799544,23961.23235209499,23961.23235209499,1017.5565654074337,826.2493914515514,712.2895957852036,578.374574016086,769.6428571428571,2,23.0,0.9254806812986404,600.0,1,3,1600000,10.5,0.25,0.06289585904344559,380966.77136635757,5239333.74581241,320053.4370798454,0.0727128275939377,11.34548362357078,0.0,104.54693004629237,0.0,55.453069953707626,0.0,10.826358084212075,7.015894231176795,2245461.0628767926,3465013.115909245,1339973787.68572,0.0,16230314812.797745,3343.0994299357885,0.0,3343.0994299357885,26166.04096687979,29509.14039681558,29509.14039681558,5216.00155864656,179.86212271195035,635.3257476250249,444.72802333751736,125.90348589836523,0.060047219577341535,0.00011218161566244017,0.0001656610676864473,0.0001656610676864473,116.95306995370763,-116.95306995370763,115.5,-115.5,0.019133853317784662,-0.019133853317784662,0.019374570437738964,-0.019374570437738964,-0.019133853317784662,0.019133853317784662,-0.019374570437738964,0.019374570437738964,0.0791810728951262,0.04091336625955687,0.0794217900150805,0.04067264913960257,0.04091336625955687,0.0791810728951262,0.04067264913960257,0.0794217900150805,0.060047219577341535,0.060047219577341535,0.060047219577341535,0.060047219577341535,0.0791810728951262,0.0794217900150805,0.060047219577341535,0.060047219577341535,1.3186467825232113,1.3226555796273678,1.3226555796273678,0.014695952168221907,0.02062289274649739,0.008769011589946425,0.008769011589946425,0.02062289274649739,0.020741459514396175,0.008650444822047638,0.008650444822047638,0.020741459514396175,0.02062289274649739,0.020741459514396175,0.02062289274649739,0.02062289274649739,0.08249157098598955,0.08249157098598955,0.27,494.125,13.5,795.1436781609195,278861.37674990715,13737.013633000355,39356.57980218723,6086.427284482758,32605.860452586207,252341.9435818037,8854.10328357206,24850.830054655322,24850.830054655322,1.3333333333333333,908.735632183908,567.9597701149426,278861.37674990715,59.37072796934865,530.095785440613,209146.03256243042,44.5280459770115,530.095785440613,454.367816091954,37.8639846743295,279450.8432633171,210212.88819461432,9805.2927460813,7375.8908138461165,28136.347457945638,21211.86686488492,28136.347457945638,D,41.78909288934876,58.62336182372173,1918.5412482165757
1,C-3,y,14.25,145.08333333333334,0.0,67.0,C-3,2,1.2075203729575121,1.2148734599440338,1200.4166666666667,,28810.327029807722,98067.02222222224,3.532293170155123,13.5,0.9473684210526315,2.1473002183653365,1200.4166666666667,14.25,2577.6549704627228,180.88806810264722,29105.451727121035,2042.4878404997219,2577.6549704627228,29105.451727121035,29105.451727121035,2042.4878404997219,2042.4878404997219,1429.7414883498052,1429.7414883498052,1539.2857142857142,2,23.0,0.9288343775822401,1539.2857142857142,2,2,1600000,10.5,0.25,0.08368310349606374,347805.59648448136,5239333.74581241,320053.4370798454,0.06638355435220528,9.16927841108362,0.0,104.54693004629237,0.0,40.53640328704097,0.0,10.826358084212075,7.015894231176795,2245461.0628767926,3465013.115909245,571514153.1694318,0.0,16230314812.797745,1950.5647107627137,0.0,1950.5647107627137,20884.7590223319,22835.323733094614,29105.451727121035,2577.654970462725,180.88806810264737,638.949687521536,447.2647812650752,126.62164767185315,0.060047219577341535,0.00011218161566244017,0.0001656610676864473,0.0001656610676864473,116.95306995370763,-116.95306995370763,115.5,-115.5,0.019133853317784662,-0.019133853317784662,0.019374570437738964,-0.019374570437738964,-0.019133853317784662,0.019133853317784662,-0.019374570437738964,0.019374570437738964,0.0791810728951262,0.04091336625955687,0.0794217900150805,0.04067264913960257,0.04091336625955687,0.0791810728951262,0.04067264913960257,0.0794217900150805,0.060047219577341535,0.060047219577341535,0.060047219577341535,0.060047219577341535,0.0791810728951262,0.0794217900150805,0.060047219577341535,0.060047219577341535,1.3186467825232113,1.3226555796273678,1.3226555796273678,0.014695952168221907,0.02062289274649739,0.008769011589946425,0.008769011589946425,0.02062289274649739,0.020741459514396175,0.008650444822047638,0.008650444822047638,0.020741459514396175,0.02062289274649739,0.020741459514396175,0.02062289274649739,0.02062289274649739,0.08249157098598955,0.08249157098598955,0.27,600.2083333333334,13.5,1965.5945419103314,275046.5188212938,27573.585846746242,80078.73897819477,15045.64342105263,80601.66118421053,209490.50105813585,15235.672804228061,41789.09288934876,41789.09288934876,1.3333333333333333,2246.393762183236,1403.9961013645225,275046.5188212938,146.76439246263806,1310.3963612735542,206284.88911597035,110.07329434697859,1310.3963612735542,1123.196881091618,93.59974009096817,276503.67957502994,208922.15539277348,20109.35851454763,15194.33857401989,58623.36182372173,44529.11980833711,58623.36182372173,D,41.78909288934876,58.62336182372173,978.8802758844649
1,C-3.3,y,19.0,137.08333333333334,0.0,67.0,C-3.3,1,1.2075203729575121,1.2148734599440338,442.47916666666674,,28810.327029807722,98067.02222222224,3.532293170155123,13.5,0.7105263157894737,2.1473002183653365,442.47916666666674,19.0,950.1356112054456,50.00713743186556,10728.404880810893,564.6528884637312,950.1356112054456,10728.404880810893,10728.404880810893,607.4945477345833,564.6528884637312,425.2461834142083,395.2570219246118,460.7142857142857,4,17.0,0.9230149717517699,460.7142857142857,1,4,1600000,10.5,0.25,0.0581261650328315,184571.00816389915,5239333.74581241,320053.4370798454,0.035227953995375726,4.852646368741194,0.0,104.54693004629237,0.0,32.53640328704097,0.0,10.826358084212075,7.015894231176795,2245461.0628767926,3465013.115909245,189298893.3775268,0.0,16230314812.797745,804.9281531613285,0.0,804.9281531613285,10737.468253795754,11542.396406957083,11542.396406957083,462.24499788694084,24.328684099312675,85.9360446828637,60.155231278004585,17.03007886951887,0.060047219577341535,0.00011218161566244017,0.0001656610676864473,0.0001656610676864473,116.95306995370763,-116.95306995370763,115.5,-115.5,0.019133853317784662,-0.019133853317784662,0.019374570437738964,-0.019374570437738964,-0.019133853317784662,0.019133853317784662,-0.019374570437738964,0.019374570437738964,0.0791810728951262,0.04091336625955687,0.0794217900150805,0.04067264913960257,0.04091336625955687,0.0791810728951262,0.04067264913960257,0.0794217900150805,0.060047219577341535,0.060047219577341535,0.060047219577341535,0.060047219577341535,0.0791810728951262,0.0794217900150805,0.060047219577341535,0.060047219577341535,1.3186467825232113,1.3226555796273678,1.3226555796273678,0.014695952168221907,0.02062289274649739,0.008769011589946425,0.008769011589946425,0.02062289274649739,0.020741459514396175,0.008650444822047638,0.008650444822047638,0.020741459514396175,0.02062289274649739,0.020741459514396175,0.02062289274649739,0.02062289274649739,0.08249157098598955,0.08249157098598955,0.27,442.47916666666674,13.5,1086.7909356725147,109075.64604574443,8201.176394416874,25602.87723478827,8318.841217105264,44565.22080592105,72829.26645692864,3936.7171057799264,11706.19452715077,11706.19452715077,1.3333333333333333,1242.0467836257312,776.2792397660819,109075.64604574443,81.14705653021441,724.5272904483431,81806.73453430833,60.860292397660835,724.5272904483431,621.0233918128656,51.7519493177388,109881.32039272299,83264.89745828493,5939.53083203908,4500.805268015401,18624.142646355504,14198.892704697082,18624.142646355504,D,41.78909288934876,58.62336182372173,0.0
1,C-4,y,29.0,118.75,0.0,67.0,C-4,1,1.2075203729575121,1.2148734599440338,594.625,,28810.327029807722,98067.02222222224,3.532293170155123,13.5,0.46551724137931033,2.1473002183653365,594.625,29.0,1276.8383923454883,44.02891008087891,14417.351669480882,497.1500575683063,1276.8383923454883,14417.351669480882,14417.351669480882,596.4773306087732,497.1500575683063,417.5341314261412,348.0050402978144,460.7142857142857,4,17.0,0.9062756341032522,460.7142857142857,1,4,1600000,10.5,0.25,0.051179192976998966,281703.3804335358,5239333.74581241,320053.4370798454,0.05376702346146398,7.027071378830142,0.0,104.54693004629237,0.0,14.203069953707626,0.0,10.826358084212075,7.015894231176795,2245461.0628767926,3465013.115909245,56270292.39879845,0.0,16230314812.797745,548.1198506623208,0.0,548.1198506623208,16749.7227369921,17297.84258765442,17297.84258765442,2017.877896222908,69.58199642147959,245.78401072535056,172.04880750774538,48.70739749503571,0.060047219577341535,0.00011218161566244017,0.0001656610676864473,0.0001656610676864473,116.95306995370763,-116.95306995370763,115.5,-115.5,0.019133853317784662,-0.019133853317784662,0.019374570437738964,-0.019374570437738964,-0.019133853317784662,0.019133853317784662,-0.019374570437738964,0.019374570437738964,0.0791810728951262,0.04091336625955687,0.0794217900150805,0.04067264913960257,0.04091336625955687,0.0791810728951262,0.04067264913960257,0.0794217900150805,0.060047219577341535,0.060047219577341535,0.060047219577341535,0.060047219577341535,0.0791810728951262,0.0794217900150805,0.060047219577341535,0.060047219577341535,1.3186467825232113,1.3226555796273678,1.3226555796273678,0.014695952168221907,0.02062289274649739,0.008769011589946425,0.008769011589946425,0.02062289274649739,0.020741459514396175,0.008650444822047638,0.008650444822047638,0.020741459514396175,0.02062289274649739,0.020741459514396175,0.02062289274649739,0.02062289274649739,0.08249157098598955,0.08249157098598955,0.27,594.625,13.5,956.867816091954,163464.61245333427,8052.443963218438,24013.093136408177,7324.3446982758605,39237.56088362069,131551.39626798942,4615.838465543488,13274.753372690251,13274.753372690251,1.3333333333333333,1093.5632183908046,683.4770114942528,163464.61245333427,71.44613026819921,637.9118773946359,122598.45934000071,53.58459770114943,637.9118773946359,546.7816091954023,45.56513409961685,164173.97046099708,123882.30255839152,5760.490191613932,4346.747458189176,17228.511603768427,13053.282775219948,17228.511603768427,D,41.78909288934876,58.62336182372173,0.0
1,C-4.2,y,29.0,120.33333333333333,0.0,67.0,C-4.2,1,1.2075203729575121,1.2148734599440338,988.25,,28810.327029807722,98067.02222222224,3.532293170155123,13.5,0.46551724137931033,2.1473002183653365,988.25,29.0,2122.069440799544,73.17480830343254,23961.23235209499,826.2493914515514,2122.069440799544,23961.23235209499,23961.23235209499,837.399306973744,826.2493914515514,586.1795148816208,578.374574016086,600.0,3,19.0,0.9769658581360346,600.0,1,3,1600000,10.5,0.25,0.062100391085938886,385846.72226839524,5239333.74581241,320053.4370798454,0.07364423436029192,8.532749141893857,0.0,104.54693004629237,0.0,15.786403287040955,0.0,10.826358084212075,7.015894231176795,2245461.0628767926,3465013.115909245,97249717.53337009,0.0,16230314812.797745,852.2828317267746,0.0,852.2828317267746,23432.297070511802,24284.579902238576,24284.579902238576,692.5269823984127,23.880240772359056,84.35201138186379,59.046407967304646,16.71616854065134,0.060047219577341535,0.00011218161566244017,0.0001656610676864473,0.0001656610676864473,116.95306995370763,-116.95306995370763,115.5,-115.5,0.019133853317784662,-0.019133853317784662,0.019374570437738964,-0.019374570437738964,-0.019133853317784662,0.019133853317784662,-0.019374570437738964,0.019374570437738964,0.0791810728951262,0.04091336625955687,0.0794217900150805,0.04067264913960257,0.04091336625955687,0.0791810728951262,0.04067264913960257,0.0794217900150805,0.060047219577341535,0.060047219577341535,0.060047219577341535,0.060047219577341535,0.0791810728951262,0.0794217900150805,0.060047219577341535,0.060047219577341535,1.3186467825232113,1.3226555796273678,1.3226555796273678,0.014695952168221907,0.02062289274649739,0.008769011589946425,0.008769011589946425,0.02062289274649739,0.020741459514396175,0.008650444822047638,0.008650444822047638,0.020741459514396175,0.02062289274649739,0.020741459514396175,0.02062289274649739,0.02062289274649739,0.08249157098598955,0.08249157098598955,0.27,247.0625,13.5,397.57183908045977,229489.2800761545,11304.890644145544,34609.211248887514,3043.213642241379,16302.930226293103,216229.56349210278,7587.00222779308,23060.422162773844,23060.422162773844,1.3333333333333333,454.367816091954,283.9798850574713,229489.2800761545,29.685363984674325,265.0478927203065,172116.96005711594,22.26402298850575,265.0478927203065,227.183908045977,18.93199233716475,229784.01333285947,172650.3878732079,8062.596959047701,6057.908346428347,24703.180864418995,18582.188784027097,24703.180864418995,D,41.78909288934876,58.62336182372173,0.0
1,C-5,y,29.0,102.16666666666667,0.0,67.0,C-5,1,1.581256257161138,1.5947047099933187,735.9041666666667,,28810.327029807722,98067.02222222224,3.532293170155123,13.5,0.46551724137931033,2.1473002183653365,735.9041666666667,29.0,1580.2071777792944,54.48990268204464,17842.82390728544,615.2697899063945,1580.2071777792944,17842.82390728544,17842.82390728544,708.0274569886992,615.2697899063945,495.6192198920894,430.68885293447613,600.0,3,19.0,0.8260320331534824,460.7142857142857,1,4,1600000,10.5,0.25,0.054004661207511725,330394.14577058045,5239333.74581241,320053.4370798454,0.06306033587469996,6.3111680527057,0.0,104.54693004629237,0.0,2.3802633796257027,0.0,20.059343094351973,9.209419700211415,2947506.4285635026,6420061.702911211,1923490.4157620275,0.0,16230314812.797745,146.7549736821414,0.0,146.7549736821414,20386.041278990135,20532.796252672277,20532.796252672277,2417.69687221566,83.36885766260896,294.4832465252682,206.13827256768775,58.35820036382627,0.060047219577341535,0.00011218161566244017,0.0002646112763694921,0.0002646112763694921,116.95306995370763,-116.95306995370763,115.5,-115.5,0.03056260242067634,-0.03056260242067634,0.030947101115781073,-0.030947101115781073,-0.03056260242067634,0.03056260242067634,-0.030947101115781073,0.030947101115781073,0.09060982199801787,0.029484617156665196,0.0909943206931226,0.02910011846156046,0.029484617156665196,0.09060982199801787,0.02910011846156046,0.0909943206931226,0.060047219577341535,0.060047219577341535,0.060047219577341535,0.060047219577341535,0.09060982199801787,0.0909943206931226,0.060047219577341535,0.060047219577341535,1.5089761463694642,1.515379418624385,1.515379418624385,0.014695952168221907,0.022542107919402837,0.006849796417040966,0.006849796417040966,0.022542107919402837,0.0227165028595378,0.006675401476906009,0.006675401476906009,0.0227165028595378,0.022542107919402837,0.0227165028595378,0.022542107919402837,0.022542107919402837,0.09016843167761135,0.09016843167761135,0.27,735.9041666666667,13.5,1184.213601532567,194034.924587753,9558.37066934744,27675.374131207976,9064.563012931034,48560.15899784483,154539.3286028392,5422.432582555762,14973.50556470615,14973.50556470615,1.3333333333333333,1353.3869731800767,845.8668582375478,194034.924587753,88.42128224776499,789.4757343550447,145526.19344081476,66.31596168582377,789.4757343550447,676.6934865900382,56.391123882503194,194912.8216043558,147115.06974732815,6839.046372082659,5161.932271836075,19866.651927948627,15063.226409831877,19866.651927948627,A,24.80178653887291,27.190476686179306,0.0
1,C-5.5,y,29.0,104.91666666666667,0.0,67.0,C-5.5,1,1.2075203729575121,1.2148734599440338,703.1666666666667,,28810.327029807722,98067.02222222224,3.532293170155123,13.5,0.46551724137931033,2.1473002183653365,703.1666666666667,29.0,1509.9099368805591,52.065859892433075,17049.066412596134,587.8988418136598,1509.9099368805591,17049.066412596134,17049.066412596134,679.1100581565508,587.8988418136598,475.3770407095856,411.52918926956187,600.0,3,19.0,0.7922950678493093,460.7142857142857,1,4,1600000,10.5,0.25,0.05219509096669906,326641.18592059915,5239333.74581241,320053.4370798454,0.06234403108633238,6.425765223660319,0.0,104.54693004629237,0.0,0.36973662037429733,0.0,10.826358084212075,7.015894231176795,2245461.0628767926,3465013.115909245,44798.18132760079,0.0,16230314812.797745,16.7627975921579,0.0,16.7627975921579,19677.42888894782,19694.191686539976,19694.191686539976,2319.9644616041587,79.99877453807444,282.5791249216199,197.8053874451339,55.99914217665211,0.060047219577341535,0.00011218161566244017,0.0001656610676864473,0.0001656610676864473,116.95306995370763,-116.95306995370763,115.5,-115.5,0.019133853317784662,-0.019133853317784662,0.019374570437738964,-0.019374570437738964,-0.019133853317784662,0.019133853317784662,-0.019374570437738964,0.019374570437738964,0.0791810728951262,0.04091336625955687,0.0794217900150805,0.04067264913960257,0.04091336625955687,0.0791810728951262,0.04067264913960257,0.0794217900150805,0.060047219577341535,0.060047219577341535,0.060047219577341535,0.060047219577341535,0.0791810728951262,0.0794217900150805,0.060047219577341535,0.060047219577341535,1.3186467825232113,1.3226555796273678,1.3226555796273678,0.014695952168221907,0.011113358816511168,0.01827854551993264,0.01827854551993264,0.011113358816511168,0.011143972181495695,0.01824793215494812,0.01824793215494812,0.011143972181495695,0.01827854551993264,0.01824793215494812,0.01827854551993264,0.01827854551993264,0.07311418207973056,0.07311418207973056,0.27,703.1666666666667,13.5,1131.5325670498084,186110.11143780276,9167.985785113437,26583.801021913754,8661.31603448276,46399.90732758621,148371.52014469932,5206.018250691204,14406.824445372811,14406.824445372811,1.3333333333333333,1293.1800766283527,808.2375478927203,186110.11143780276,84.48776500638569,754.3550446998722,139582.5835783521,63.36582375478929,754.3550446998722,646.5900383141764,53.88250319284802,186948.954247509,141100.77698831377,6559.612429737158,4950.904455730308,19082.293852399314,14467.69605643668,19082.293852399314,A,24.80178653887291,27.190476686179306,0.0
1,C-5.9,y,29.0,84.25,0.0,90.0,C-5.9,1,1.581256257161138,1.5947047099933187,773.3333333333333,,27762.990640416054,98067.02222222224,3.532293170155123,13.5,0.46551724137931033,2.0692398181721736,773.3333333333333,29.0,1600.2121260531474,55.17972848459129,18068.708699067196,623.0589206574895,1600.2121260531474,18068.708699067196,18068.708699067196,733.5528420964472,623.0589206574895,513.486989467513,436.1412444602426,600.0,3,19.0,0.8558116491125217,460.7142857142857,1,4,1600000,10.5,0.25,0.05560196868127083,324965.2688134678,5239333.74581241,320053.4370798454,0.062024158906311244,5.216447091612912,0.0,104.54693004629237,0.0,20.296930046292374,0.0,20.059343094351973,9.209419700211415,2947506.4285635026,6420061.702911211,137506772.75704682,0.0,16230314812.797745,1230.3298240665958,0.0,1230.3298240665958,20042.70259673037,21273.032420796968,21273.032420796968,2518.550422784807,86.84656630292437,306.76753300324384,214.73727310227068,60.792596412047054,0.060047219577341535,0.00011218161566244017,0.0002646112763694921,0.0002646112763694921,116.95306995370763,-116.95306995370763,115.5,-115.5,0.03056260242067634,-0.03056260242067634,0.030947101115781073,-0.030947101115781073,-0.03056260242067634,0.03056260242067634,-0.030947101115781073,0.030947101115781073,0.09060982199801787,0.029484617156665196,0.0909943206931226,0.02910011846156046,0.029484617156665196,0.09060982199801787,0.02910011846156046,0.0909943206931226,0.060047219577341535,0.060047219577341535,0.060047219577341535,0.060047219577341535,0.09060982199801787,0.0909943206931226,0.060047219577341535,0.060047219577341535,1.5089761463694642,1.515379418624385,1.515379418624385,0.014695952168221907,0.022542107919402837,0.006849796417040966,0.006849796417040966,0.022542107919402837,0.0227165028595378,0.006675401476906009,0.006675401476906009,0.0227165028595378,0.022542107919402837,0.0227165028595378,0.022542107919402837,0.022542107919402837,0.09016843167761135,0.09016843167761135,0.27,773.3333333333333,13.5,1244.4444444444443,201030.15637653132,9902.963368302037,28691.360806275068,9525.599999999997,51029.999999999985,159525.75637653132,5597.394960580046,15456.134188329257,15456.134188329257,1.3333333333333333,1422.222222222222,888.8888888888888,201030.15637653132,92.91851851851851,829.6296296296296,150772.6172823985,69.6888888888889,829.6296296296296,711.111111111111,59.25925925925925,201952.70452467946,152442.30617128743,7086.05980788349,5348.852848115349,20598.153161688584,15620.154832280085,20598.153161688584,A,24.80178653887291,27.190476686179306,0.0
1,C-6,y,29.0,84.33333333333333,0.0,90.0,C-6,1,1.581256257161138,1.5947047099933187,452.3333333333333,,27762.990640416054,98067.02222222224,3.532293170155123,13.5,0.46551724137931033,2.0692398181721736,452.3333333333333,29.0,935.9861444198798,32.27538429034068,10568.636941652667,364.43575660871267,935.9861444198798,10568.636941652667,10568.636941652667,485.9682283436093,364.43575660871267,340.1777598405265,255.10502962609885,460.7142857142857,4,17.0,0.7383703314368018,310.7142857142857,1,6,1600000,10.5,0.25,0.04349404104200745,242990.4577375383,5239333.74581241,320053.4370798454,0.046378121632688674,4.027752002666108,0.0,104.54693004629237,0.0,20.213596712959045,0.0,20.059343094351973,9.209419700211415,2947506.4285635026,6420061.702911211,90371227.91595064,0.0,16230314812.797745,811.9221766631227,0.0,811.9221766631227,13281.156445301547,14093.07862196467,14093.07862196467,490.36302711593817,16.909069900549593,59.72779212338689,41.80945448637082,11.836348930384714,0.060047219577341535,0.00011218161566244017,0.0002646112763694921,0.0002646112763694921,116.95306995370763,-116.95306995370763,115.5,-115.5,0.03056260242067634,-0.03056260242067634,0.030947101115781073,-0.030947101115781073,-0.03056260242067634,0.03056260242067634,-0.030947101115781073,0.030947101115781073,0.09060982199801787,0.029484617156665196,0.0909943206931226,0.02910011846156046,0.029484617156665196,0.09060982199801787,0.02910011846156046,0.0909943206931226,0.060047219577341535,0.060047219577341535,0.060047219577341535,0.060047219577341535,0.09060982199801787,0.0909943206931226,0.060047219577341535,0.060047219577341535,1.5089761463694642,1.515379418624385,1.515379418624385,0.014695952168221907,0.022542107919402837,0.006849796417040966,0.006849796417040966,0.022542107919402837,0.0227165028595378,0.006675401476906009,0.006675401476906009,0.0227165028595378,0.022542107919402837,0.0227165028595378,0.022542107919402837,0.022542107919402837,0.09016843167761135,0.09016843167761135,0.27,113.08333333333333,13.5,181.97318007662832,133179.59297756612,6560.571082638726,19876.812627037863,1392.9137068965515,7462.03771551724,127110.46896894544,4460.016455050717,13429.627746263994,13429.627746263994,1.3333333333333333,207.9693486590038,129.98084291187737,133179.59297756612,13.587330779054913,121.31545338441887,99884.6947331746,10.190498084291189,121.31545338441887,103.9846743295019,8.66538952745849,133314.4957617296,100128.85074850029,4677.7016056747225,3513.2930087193085,14181.537201743367,10661.236923623856,14181.537201743367,A,24.80178653887291,27.190476686179306,0.0
1,C-7--C-W,y,29.0,63.0,0.0,90.0,C-7,1,1.581256257161138,1.5947047099933187,484.35416666666663,,27762.990640416054,98067.02222222224,3.532293170155123,13.5,0.46551724137931033,2.0692398181721736,1000.8124999999999,58.0,2070.9210755244385,35.705535784904114,23383.69335114464,403.1671267438731,1035.4605377622192,11691.84667557232,11691.84667557232,542.5154399640687,403.1671267438731,379.7608079748481,282.21698872071113,460.7142857142857,4,17.0,0.8242870250616857,310.7142857142857,1,6,1600000,10.5,0.25,0.047426512701768106,246525.54045232252,5239333.74581241,320053.4370798454,0.04705284152767717,3.080244886298275,0.0,104.54693004629237,0.0,41.546930046292374,0.0,20.059343094351973,9.209419700211415,2947506.4285635026,6420061.702911211,401781958.70907176,0.0,16230314812.797745,1756.2215831226883,0.0,1756.2215831226883,13976.726175835305,15732.947758957993,15732.947758957993,563.0791409915346,19.416522103156364,68.58484841314521,48.00939388920165,13.591565472209455,0.060047219577341535,0.00011218161566244017,0.0002646112763694921,0.0002646112763694921,116.95306995370763,-116.95306995370763,115.5,-115.5,0.03056260242067634,-0.03056260242067634,0.030947101115781073,-0.030947101115781073,-0.03056260242067634,0.03056260242067634,-0.030947101115781073,0.030947101115781073,0.09060982199801787,0.029484617156665196,0.0909943206931226,0.02910011846156046,0.029484617156665196,0.09060982199801787,0.02910011846156046,0.0909943206931226,0.060047219577341535,0.060047219577341535,0.060047219577341535,0.060047219577341535,0.09060982199801787,0.0909943206931226,0.060047219577341535,0.060047219577341535,1.5089761463694642,1.515379418624385,1.515379418624385,0.014695952168221907,0.022542107919402837,0.006849796417040966,0.006849796417040966,0.022542107919402837,0.0227165028595378,0.006675401476906009,0.006675401476906009,0.0227165028595378,0.022542107919402837,0.0227165028595378,0.022542107919402837,0.022542107919402837,0.09016843167761135,0.09016843167761135,0.27,484.35416666666663,13.5,779.4204980842911,148676.35632215303,7323.958439514928,22151.302109519707,5966.074202586206,31961.111799568964,122681.31872517028,4304.607674567378,12658.76571120599,12658.76571120599,1.3333333333333333,890.766283524904,556.728927203065,148676.35632215303,58.19673052362706,519.6136653895273,111507.26724161478,43.64754789272031,519.6136653895273,445.383141762452,37.11526181353767,149254.1667180662,112553.02685847301,5236.98830589706,3949.229012578,15879.315256239151,12016.925357955393,15879.315256239151,A,24.80178653887291,27.190476686179306,0.0
1,C-7--C-Y,y,29.0,63.0,0.0,90.0,C-7,1,1.581256257161138,1.5947047099933187,516.4583333333333,,27762.990640416054,98067.02222222224,3.532293170155123,13.5,0.46551724137931033,2.0692398181721736,1000.8124999999999,58.0,2070.9210755244385,35.705535784904114,23383.69335114464,403.1671267438731,1035.4605377622192,11691.84667557232,11691.84667557232,542.5154399640687,403.1671267438731,379.7608079748481,282.21698872071113,460.7142857142857,4,17.0,0.8242870250616857,310.7142857142857,1,6,1600000,10.5,0.25,0.047426512701768106,246525.54045232252,5239333.74581241,320053.4370798454,0.04705284152767717,3.080244886298275,0.0,104.54693004629237,0.0,41.546930046292374,0.0,20.059343094351973,9.209419700211415,2947506.4285635026,6420061.702911211,401781958.70907176,0.0,16230314812.797745,1756.2215831226883,0.0,1756.2215831226883,13976.726175835305,15732.947758957993,15732.947758957993,563.0791409915346,19.416522103156364,68.58484841314521,48.00939388920165,13.591565472209455,0.060047219577341535,0.00011218161566244017,0.0002646112763694921,0.0002646112763694921,116.95306995370763,-116.95306995370763,115.5,-115.5,0.03056260242067634,-0.03056260242067634,0.030947101115781073,-0.030947101115781073,-0.03056260242067634,0.03056260242067634,-0.030947101115781073,0.030947101115781073,0.09060982199801787,0.029484617156665196,0.0909943206931226,0.02910011846156046,0.029484617156665196,0.09060982199801787,0.02910011846156046,0.0909943206931226,0.060047219577341535,0.060047219577341535,0.060047219577341535,0.060047219577341535,0.09060982199801787,0.0909943206931226,0.060047219577341535,0.060047219577341535,1.5089761463694642,1.515379418624385,1.515379418624385,0.014695952168221907,0.022542107919402837,0.006849796417040966,0.006849796417040966,0.022542107919402837,0.0227165028595378,0.006675401476906009,0.006675401476906009,0.0227165028595378,0.022542107919402837,0.0227165028595378,0.022542107919402837,0.022542107919402837,0.09016843167761135,0.09016843167761135,0.27,516.4583333333333,13.5,831.0823754789271,148676.35632215303,7323.958439514928,22151.302109519707,6361.520043103447,34079.57165948276,120958.30470577374,4244.151042307851,12452.018956441927,12452.018956441927,1.3333333333333333,949.8084291187736,593.6302681992336,148676.35632215303,62.05415070242655,554.0549169859514,111507.26724161478,46.540613026819926,554.0549169859514,474.9042145593868,39.57535121328224,149292.4653898414,112622.34233740022,5238.332118941804,3951.6611346456216,15886.034321462874,12029.085968293499,15886.034321462874,A,24.80178653887291,27.190476686179306,0.0
1,C-7.3,y,11.0,55.41666666666667,0.0,90.0,C-7.3,1,1.581256257161138,1.5947047099933187,443.875,,27762.990640416054,98067.02222222224,3.532293170155123,13.5,1.2272727272727273,2.0692398181721736,443.875,11.0,918.4838242911736,83.49852948101578,10371.01044025662,942.81913093242,918.4838242911736,10371.01044025662,10371.01044025662,942.81913093242,942.81913093242,659.973391652694,659.973391652694,769.6428571428571,2,23.0,0.8575060309176534,769.6428571428571,1,2,1600000,10.5,0.25,0.08005262002390924,129552.41736196916,5239333.74581241,320053.4370798454,0.02472688773940298,1.3045688036435141,0.0,104.54693004629237,0.0,49.1302633796257,0.0,20.059343094351973,9.209419700211415,2947506.4285635026,6420061.702911211,312711394.10348624,0.0,16230314812.797745,1155.905767259007,0.0,1155.905767259007,7779.262452109555,8935.168219368563,10371.01044025662,918.4838242911737,83.4985294810158,294.9412854037883,206.4588997826518,58.44897063671105,0.060047219577341535,0.00011218161566244017,0.0002646112763694921,0.0002646112763694921,116.95306995370763,-116.95306995370763,115.5,-115.5,0.03056260242067634,-0.03056260242067634,0.030947101115781073,-0.030947101115781073,-0.03056260242067634,0.03056260242067634,-0.030947101115781073,0.030947101115781073,0.09060982199801787,0.029484617156665196,0.0909943206931226,0.02910011846156046,0.029484617156665196,0.09060982199801787,0.02910011846156046,0.0909943206931226,0.060047219577341535,0.060047219577341535,0.060047219577341535,0.060047219577341535,0.09060982199801787,0.0909943206931226,0.060047219577341535,0.060047219577341535,1.5089761463694642,1.515379418624385,1.515379418624385,0.014695952168221907,0.022542107919402837,0.006849796417040966,0.006849796417040966,0.022542107919402837,0.0227165028595378,0.006675401476906009,0.006675401476906009,0.0227165028595378,0.022542107919402837,0.0227165028595378,0.022542107919402837,0.022542107919402837,0.09016843167761135,0.09016843167761135,0.27,55.484375,11.0,235.38825757575756,98006.04866042505,12728.058267587669,36964.610311272976,1196.243125,6408.4453125,92793.84647292504,8837.509187897624,24801.78653887291,24801.78653887291,1.3333333333333333,269.0151515151515,168.1344696969697,98006.04866042505,17.575656565656562,156.92550505050502,73504.53649531878,13.181742424242426,156.92550505050502,134.50757575757575,11.208964646464645,98180.54982204121,73820.36028319756,9350.528554480115,7030.510503161672,27190.476686179307,20480.927951142417,27190.476686179307,A,24.80178653887291,27.190476686179306,0.0
1,C-7.4,y,10.833333333333334,65.66666666666667,0.0,90.0,C-7.4,1,1.581256257161138,1.5947047099933187,435.5,,27762.990640416054,98067.02222222224,3.532293170155123,13.5,1.2461538461538462,2.0692398181721736,435.5,10.833333333333334,901.1539408139816,83.18344069052138,10175.330997987627,939.2613228911655,901.1539408139816,10175.330997987627,10175.330997987627,939.2613228911655,939.2613228911655,657.4829260238158,657.4829260238158,769.6428571428571,2,23.0,0.8542701591028697,769.6428571428571,1,2,1600000,10.5,0.25,0.08036863203870699,126608.23930768167,5239333.74581241,320053.4370798454,0.02416495024942333,1.5107340208020648,0.0,104.54693004629237,0.0,38.8802633796257,0.0,20.059343094351973,9.209419700211415,2947506.4285635026,6420061.702911211,191390495.02183828,0.0,16230314812.797745,893.9618482174052,0.0,893.9618482174052,7602.472746008964,8496.43459422637,10175.330997987627,901.1539408139815,83.18344069052137,293.8282994211324,205.67980959479266,58.22840848336495,0.060047219577341535,0.00011218161566244017,0.0002646112763694921,0.0002646112763694921,116.95306995370763,-116.95306995370763,115.5,-115.5,0.03056260242067634,-0.03056260242067634,0.030947101115781073,-0.030947101115781073,-0.03056260242067634,0.03056260242067634,-0.030947101115781073,0.030947101115781073,0.09060982199801787,0.029484617156665196,0.0909943206931226,0.02910011846156046,0.029484617156665196,0.09060982199801787,0.02910011846156046,0.0909943206931226,0.060047219577341535,0.060047219577341535,0.060047219577341535,0.060047219577341535,0.09060982199801787,0.0909943206931226,0.060047219577341535,0.060047219577341535,1.5089761463694642,1.515379418624385,1.515379418624385,0.014695952168221907,0.022542107919402837,0.006849796417040966,0.006849796417040966,0.022542107919402837,0.0227165028595378,0.006675401476906009,0.006675401476906009,0.0227165028595378,0.022542107919402837,0.0227165028595378,0.022542107919402837,0.022542107919402837,0.09016843167761135,0.09016843167761135,0.27,435.5,10.833333333333334,1876.0,96156.87793098307,12680.027859030733,36825.12121575874,9247.116666666667,49538.125,55865.86959764974,5406.37447719191,8474.258021242302,8474.258021242302,1.3333333333333333,2144.0,1340.0,96156.87793098307,140.07466666666664,1250.6666666666665,72117.6584482373,105.05600000000001,1250.6666666666665,1072.0,89.33333333333333,97547.61926431641,74634.7144482373,9440.09218686933,7222.714301442319,27697.826698661658,21486.595830447855,27697.826698661658,B,37.080493177475084,52.20452404802049,0.0
1,C-7.9,y,7.583333333333333,49.0,0.0,90.0,C-7.9,1,1.581256257161138,1.5947047099933187,304.2916666666667,,27762.990640416054,98067.02222222224,3.532293170155123,13.5,1.7802197802197803,2.0692398181721736,304.2916666666667,7.583333333333333,629.652433004641,83.03109006654607,7109.686402440073,937.5410640580317,629.652433004641,7109.686402440073,7109.686402440073,937.5410640580317,937.5410640580317,656.2787448406222,656.2787448406222,769.6428571428571,2,23.0,0.8527055617418757,769.6428571428571,1,2,1600000,10.5,0.25,0.09501655614070871,74825.7639638237,5239333.74581241,320053.4370798454,0.014281541813141594,0.6662363256470745,0.0,104.54693004629237,0.0,55.546930046292374,0.0,20.059343094351973,9.209419700211415,2947506.4285635026,6420061.702911211,230872009.24692076,0.0,16230314812.797745,754.8124212478357,0.0,754.8124212478357,4493.079078778052,5247.891500025888,7109.686402440073,629.6524330046414,83.03109006654611,293.2901523525957,205.30310664681699,58.121763046582274,0.060047219577341535,0.00011218161566244017,0.0002646112763694921,0.0002646112763694921,116.95306995370763,-116.95306995370763,115.5,-115.5,0.03056260242067634,-0.03056260242067634,0.030947101115781073,-0.030947101115781073,-0.03056260242067634,0.03056260242067634,-0.030947101115781073,0.030947101115781073,0.09060982199801787,0.029484617156665196,0.0909943206931226,0.02910011846156046,0.029484617156665196,0.09060982199801787,0.02910011846156046,0.0909943206931226,0.060047219577341535,0.060047219577341535,0.060047219577341535,0.060047219577341535,0.09060982199801787,0.0909943206931226,0.060047219577341535,0.060047219577341535,1.5089761463694642,1.515379418624385,1.515379418624385,0.014695952168221907,0.022542107919402837,0.006849796417040966,0.006849796417040966,0.022542107919402837,0.0227165028595378,0.006675401476906009,0.006675401476906009,0.0227165028595378,0.022542107919402837,0.0227165028595378,0.022542107919402837,0.022542107919402837,0.09016843167761135,0.09016843167761135,0.27,304.2916666666667,7.583333333333333,1872.5641025641028,67186.53650305868,12656.804364783427,36757.67593880681,4522.788472222222,24229.223958333332,47480.10101694758,6703.073084745541,13636.209742768553,13636.209742768553,1.3333333333333333,2140.07326007326,1337.5457875457876,67186.53650305868,139.81811965811966,1248.3760683760684,50389.90237729402,104.86358974358978,1248.3760683760684,1070.03663003663,89.16971916971917,68574.73069109286,52902.348384620025,9681.138450507227,7468.566830769886,28526.536571577,22433.467393130064,28526.536571577,B,37.080493177475084,52.20452404802049,0.0
1,C-8--C-W.6,y,17.5,36.5,0.0,90.0,C-8,2,1.581256257161138,1.5947047099933187,1305.1041666666667,,27762.990640416054,98067.02222222224,3.532293170155123,13.5,0.7714285714285715,2.0692398181721736,1305.1041666666667,17.5,2700.57350852908,154.3184862016617,30493.37975358472,1742.478843061984,2700.57350852908,30493.37975358472,30493.37975358472,1844.2914016826783,1742.478843061984,1291.0039811778747,1219.7351901433888,1539.2857142857142,2,23.0,0.8387032824357423,1539.2857142857142,2,2,1600000,10.5,0.25,0.07146583361436012,426684.72767184617,5239333.74581241,320053.4370798454,0.08143873789542005,2.9564713085692724,0.0,104.54693004629237,0.0,68.04693004629237,0.0,20.059343094351973,9.209419700211415,2947506.4285635026,6420061.702911211,2064033819.2370741,0.0,16230314812.797745,5508.534699405803,0.0,5508.534699405803,26766.56483004107,32275.09952944687,32275.09952944687,3730.278965433321,213.1587980247612,752.9393664213394,527.0575564949376,149.21115861733284,0.060047219577341535,0.00011218161566244017,0.0002646112763694921,0.0002646112763694921,116.95306995370763,-116.95306995370763,115.5,-115.5,0.03056260242067634,-0.03056260242067634,0.030947101115781073,-0.030947101115781073,-0.03056260242067634,0.03056260242067634,-0.030947101115781073,0.030947101115781073,0.09060982199801787,0.029484617156665196,0.0909943206931226,0.02910011846156046,0.029484617156665196,0.09060982199801787,0.02910011846156046,0.0909943206931226,0.060047219577341535,0.060047219577341535,0.060047219577341535,0.060047219577341535,0.09060982199801787,0.0909943206931226,0.060047219577341535,0.060047219577341535,1.5089761463694642,1.515379418624385,1.515379418624385,0.014695952168221907,0.022542107919402837,0.006849796417040966,0.006849796417040966,0.022542107919402837,0.0227165028595378,0.006675401476906009,0.006675401476906009,0.0227165028595378,0.022542107919402837,0.0227165028595378,0.022542107919402837,0.022542107919402837,0.09016843167761135,0.09016843167761135,0.27,1305.1041666666667,13.5,3480.277777777778,304999.6905532729,24897.933922716158,71394.01462748725,26639.786249999997,142713.140625,188926.3361782729,11113.313892839582,28096.14513598345,28096.14513598345,1.3333333333333333,3977.460317460318,2485.9126984126983,304999.6905532729,259.8607407407407,2320.185185185185,228749.76791495472,194.8955555555556,2320.185185185185,1988.730158730159,165.7275132275132,307579.7364791988,233419.30632765315,18092.92567524699,13730.54743103842,52204.52404802049,39957.65890903125,52204.52404802049,B,37.080493177475084,52.20452404802049,2598.5072386614065
1,C-8.1,y,14.25,34.916666666666664,0.0,90.0,C-8.1,1,1.581256257161138,1.5947047099933187,203.79166666666666,,27762.990640416054,98067.02222222224,3.532293170155123,13.5,0.9473684210526315,2.0692398181721736,203.79166666666666,14.25,421.69383127833754,29.592549563392108,4761.5330952121585,334.14267334822165,421.69383127833754,4761.5330952121585,4761.5330952121585,461.1533959107647,334.14267334822165,322.80737713753524,233.89987134375514,460.7142857142857,4,17.0,0.700667175182247,310.7142857142857,1,6,1600000,10.5,0.25,0.05341394047215868,89144.01471080468,5239333.74581241,320053.4370798454,0.01701437988791112,0.6180966021670411,0.0,104.54693004629237,0.0,69.63026337962572,0.0,20.059343094351973,9.209419700211415,2947506.4285635026,6420061.702911211,438295690.0905658,0.0,16230314812.797745,1143.1335718787686,0.0,1143.1335718787686,5428.3023198496285,6571.435891728397,6571.435891728397,927.3902058310696,65.08001444428558,229.8816905351467,160.91718337460267,45.55601011099991,0.060047219577341535,0.00011218161566244017,0.0002646112763694921,0.0002646112763694921,116.95306995370763,-116.95306995370763,115.5,-115.5,0.03056260242067634,-0.03056260242067634,0.030947101115781073,-0.030947101115781073,-0.03056260242067634,0.03056260242067634,-0.030947101115781073,0.030947101115781073,0.09060982199801787,0.029484617156665196,0.0909943206931226,0.02910011846156046,0.029484617156665196,0.09060982199801787,0.02910011846156046,0.0909943206931226,0.060047219577341535,0.060047219577341535,0.060047219577341535,0.060047219577341535,0.09060982199801787,0.0909943206931226,0.060047219577341535,0.060047219577341535,1.5089761463694642,1.515379418624385,1.515379418624385,0.014695952168221907,0.022542107919402837,0.006849796417040966,0.006849796417040966,0.022542107919402837,0.0227165028595378,0.006675401476906009,0.006675401476906009,0.0227165028595378,0.022542107919402837,0.0227165028595378,0.022542107919402837,0.022542107919402837,0.09016843167761135,0.09016843167761135,0.27,50.947916666666664,13.5,166.84697855750485,62100.06917683335,6225.570844795324,17840.936110472696,1277.1301973684208,6841.768914473683,56535.430459728086,4111.667669798407,11558.810710860622,11558.810710860622,1.3333333333333333,190.682261208577,119.17641325536061,62100.06917683335,12.457907732293693,111.23131903833657,46575.05188262501,9.343430799220274,111.23131903833657,95.3411306042885,7.945094217024041,62223.75840360398,46798.91285728388,4525.364247534834,3403.557298711555,12987.76609715042,9788.495138164959,12987.76609715042,B,37.080493177475084,52.20452404802049,0.0
1,C-8.3,y,19.0,26.083333333333332,0.0,90.0,C-8.3,2,1.581256257161138,1.5947047099933187,1045.25,,27762.990640416054,98067.02222222224,3.532293170155123,13.5,0.7105263157894737,2.0692398181721736,1045.25,19.0,2162.8729199444647,113.83541683918236,24421.962630646536,1285.3664542445545,2162.8729199444647,24421.962630646536,24421.962630646536,1551.0159934583228,1285.3664542445545,1085.7111954208258,899.756517971188,1200.0,3,19.0,0.9047593295173548,921.4285714285714,2,4,1600000,10.5,0.25,0.06869096215993473,355533.85573176754,5239333.74581241,320053.4370798454,0.06785860053598067,1.8103585386741763,0.0,104.54693004629237,0.0,78.46359671295905,0.0,20.059343094351973,9.209419700211415,2947506.4285635026,6420061.702911211,2441953287.5979123,0.0,16230314812.797745,5651.932379714617,0.0,5651.932379714617,23817.371495993517,29469.303875708134,29469.303875708134,3026.075698615714,159.26714203240599,562.5782380311936,393.8047666218355,111.48699942268418,0.060047219577341535,0.00011218161566244017,0.0002646112763694921,0.0002646112763694921,116.95306995370763,-116.95306995370763,115.5,-115.5,0.03056260242067634,-0.03056260242067634,0.030947101115781073,-0.030947101115781073,-0.03056260242067634,0.03056260242067634,-0.030947101115781073,0.030947101115781073,0.09060982199801787,0.029484617156665196,0.0909943206931226,0.02910011846156046,0.029484617156665196,0.09060982199801787,0.02910011846156046,0.0909943206931226,0.060047219577341535,0.060047219577341535,0.060047219577341535,0.060047219577341535,0.09060982199801787,0.0909943206931226,0.060047219577341535,0.060047219577341535,1.5089761463694642,1.515379418624385,1.515379418624385,0.014695952168221907,0.022542107919402837,0.006849796417040966,0.006849796417040966,0.022542107919402837,0.0227165028595378,0.006675401476906009,0.006675401476906009,0.0227165028595378,0.022542107919402837,0.0227165028595378,0.022542107919402837,0.022542107919402837,0.09016843167761135,0.09016843167761135,0.27,261.3125,13.5,641.8201754385964,278484.9216254419,20938.71591168736,57082.087476533416,4912.812532894736,26318.638569078947,257079.09558925766,13896.167329149062,37080.49317747509,37080.49317747509,1.3333333333333333,733.5087719298245,458.4429824561403,278484.9216254419,47.92257309941519,427.88011695906425,208863.6912190814,35.9419298245614,427.88011695906425,366.7543859649123,30.56286549707602,278960.72431550035,209724.83051732703,15078.958071108127,11336.477325260921,41165.98793990199,31010.78481457562,41165.98793990199,B,37.080493177475084,52.20452404802049,289.43342295773164
1,C-A.5--C-2,x,14.75,0.0,97.33333333333333,-23.0,C-A.5,2,1.0,1.8249562598141724,935.3263888888888,,28810.32702980773,98067.02222222224,3.532293170155123,13.5,0.9152542372881356,2.1473002183653374,935.3263888888888,14.75,2008.4265591039734,136.1645124816253,22678.039898014293,1537.4942303738503,2008.4265591039732,22678.039898014293,22678.039898014293,1647.2476647590584,1537.4942303738503,1153.0733653313407,1076.2459612616951,1200.0,3,19.0,0.9608944711094506,1200.0,2,3,1600000,10.5,0.25,0.07873854031942208,288017.0219820598,4252355.945952807,320111.36937530705,0.06773116494544182,0.0,6.740298816462121,0.0,54.10232020480921,0.0,43.23101312852412,11.075000000000001,10.539122400426846,3373692.903614611,3545233.415831526,0.0,526902175.7757085,16230314812.797745,0.0,2662.2722716514418,2662.2722716514418,21634.63078354467,24296.90305519611,24296.90305519611,2760.9230358172135,187.1812227672687,661.1789547621079,462.8252683334755,131.0268559370881,0.07673797292220189,0.00011220192145438296,0.00021517511343849198,0.00021517511343849198,221.5,-221.5,61.39767979519079,-61.39767979519079,0.013211252714790386,-0.013211252714790386,0.04766128762662598,-0.04766128762662598,-0.013211252714790386,0.013211252714790386,-0.04766128762662598,0.04766128762662598,0.08994922563699227,0.0635267202074115,0.12439926054882786,0.02907668529557591,0.0635267202074115,0.08994922563699227,0.02907668529557591,0.12439926054882786,0.07673797292220189,0.07673797292220189,0.07673797292220189,0.07673797292220189,0.08994922563699227,0.12439926054882786,0.07673797292220189,0.07673797292220189,1.1721605642122468,1.6210913034534506,1.6210913034534506,0.02252398460345851,0.026189621204578795,0.01885834800233823,0.01885834800233823,0.026189621204578795,0.035733045408964104,0.009314923797952915,0.009314923797952915,0.035733045408964104,0.026189621204578795,0.035733045408964104,0.02252398460345851,0.02252398460345851,0.09009593841383404,0.09009593841383404,0.27,467.6631944444444,13.5,1479.612366603892,229605.73387160324,22237.84347424729,64723.25629985492,11325.69286016949,60673.354608050846,180258.07212372188,12649.689271840132,35053.38966498854,35053.38966498854,1.3333333333333333,1690.9855618330193,1056.865976145637,229605.73387160324,110.47772337309058,986.4082444025946,172204.30040370245,82.85829252981797,986.4082444025946,845.4927809165097,70.45773174304247,230702.61983937892,174189.51745329442,16189.657532587995,12223.8257861961,47280.845693675816,35868.54745403238,47280.845693675816,B,37.080493177475084,52.20452404802049,1242.7441364901915
1,C-B--C-2,x,23.25,0.0,82.33333333333333,-23.0,C-B,2,1.0,1.8249562598141724,597.0,,28810.32702980773,98067.02222222224,3.532293170155123,13.5,0.5806451612903226,2.1473002183653374,2198.298333333333,51.833333333333336,4720.4064911988235,91.0689355215207,53300.21466655519,1028.2999614126404,2117.3527508753564,23907.974102843888,23907.974102843888,1480.2836721323697,1028.2999614126404,1036.1985704926587,719.8099729888482,1200.0,3,19.0,0.8634988087438823,769.6428571428571,1,2,1600000,10.5,0.25,0.062137130040756536,384761.4797651958,4252355.945952807,320111.36937530705,0.09048195509865391,0.0,6.736132825903271,0.0,54.10232020480921,0.0,28.23101312852412,11.075000000000001,10.539122400426846,3373692.903614611,3545233.415831526,0.0,330858619.65259355,16230314812.797745,0.0,2559.964129224694,2559.964129224694,31856.631247852903,34416.595377077596,34416.595377077596,4150.933814645039,178.53478772666836,630.6372113220053,441.4460479254037,124.97435140866784,0.07673797292220189,0.00011220192145438296,0.00021517511343849198,0.00021517511343849198,221.5,-221.5,61.39767979519079,-61.39767979519079,0.013211252714790386,-0.013211252714790386,0.04766128762662598,-0.04766128762662598,-0.013211252714790386,0.013211252714790386,-0.04766128762662598,0.04766128762662598,0.08994922563699227,0.0635267202074115,0.12439926054882786,0.02907668529557591,0.0635267202074115,0.08994922563699227,0.02907668529557591,0.12439926054882786,0.07673797292220189,0.07673797292220189,0.07673797292220189,0.07673797292220189,0.08994922563699227,0.12439926054882786,0.07673797292220189,0.07673797292220189,1.1721605642122468,1.6210913034534506,1.6210913034534506,0.02252398460345851,0.026189621204578795,0.01885834800233823,0.01885834800233823,0.026189621204578795,0.035733045408964104,0.009314923797952915,0.009314923797952915,0.035733045408964104,0.026189621204578795,0.035733045408964104,0.02252398460345851,0.02252398460345851,0.09009593841383404,0.09009593841383404,0.27,298.5,13.5,599.1397849462365,325236.8263133833,19983.82957378699,53706.48210096422,4586.115483870967,24568.475806451614,305254.4659908026,13417.778724870444,35417.06627719103,35417.06627719103,1.3333333333333333,684.7311827956988,427.95698924731175,325236.8263133833,44.73577060931899,399.42652329749103,243927.61973503747,33.55182795698925,399.42652329749103,342.3655913978494,28.530465949820783,325680.98860729014,244731.49414363963,14315.647850869897,10757.428314006138,38518.40912803195,28992.268975292543,38518.40912803195,E,59.760458648864706,59.760458648864706,1461.8348999799218
1,C-B--C-4,x,9.916666666666666,0.0,63.333333333333336,-23.0,C-B,1,1.0,1.8249562598141724,949.1666666666666,,28810.32702980773,98067.02222222224,3.532293170155123,13.5,1.361344537815126,2.1473002183653374,2198.298333333333,51.833333333333336,4720.4064911988235,91.0689355215207,53300.21466655519,1028.2999614126404,903.1002772550802,10197.30795067535,10197.30795067535,1028.2999614126404,1028.2999614126404,719.8099729888482,719.8099729888482,769.6428571428571,2,23.0,0.9352519370620767,769.6428571428571,1,2,1600000,10.5,0.25,0.08878268895480636,114856.93968861602,4252355.945952807,320111.36937530705,0.027010189445201897,0.0,1.6606841557558076,0.0,54.10232020480921,0.0,9.231013128524125,11.075000000000001,10.539122400426846,3373692.903614611,3545233.415831526,0.0,9787143.990070323,16230314812.797745,0.0,231.5925046089254,231.5925046089254,8813.888727751992,9045.481232360917,10197.30795067535,903.1002772550801,91.06893552152069,321.6821789559648,225.17752526917533,63.748254865064474,0.07673797292220189,0.00011220192145438296,0.00021517511343849198,0.00021517511343849198,221.5,-221.5,61.39767979519079,-61.39767979519079,0.013211252714790386,-0.013211252714790386,0.04766128762662598,-0.04766128762662598,-0.013211252714790386,0.013211252714790386,-0.04766128762662598,0.04766128762662598,0.08994922563699227,0.0635267202074115,0.12439926054882786,0.02907668529557591,0.0635267202074115,0.08994922563699227,0.02907668529557591,0.12439926054882786,0.07673797292220189,0.07673797292220189,0.07673797292220189,0.07673797292220189,0.08994922563699227,0.12439926054882786,0.07673797292220189,0.07673797292220189,1.1721605642122468,1.6210913034534506,1.6210913034534506,0.02252398460345851,0.026189621204578795,0.01885834800233823,0.01885834800233823,0.026189621204578795,0.035733045408964104,0.009314923797952915,0.009314923797952915,0.035733045408964104,0.026189621204578795,0.035733045408964104,0.02252398460345851,0.02252398460345851,0.09009593841383404,0.09009593841383404,0.27,0.0,9.916666666666666,0.0,96364.56013388206,13882.049479070645,40453.24393567441,0.0,0.0,96364.56013388206,10233.404615987476,29820.842653466178,29820.842653466178,1.3333333333333333,0.0,0.0,96364.56013388206,0.0,0.0,72273.42010041153,0.0,0.0,0.0,0.0,96364.56013388206,72273.42010041153,10233.404615987476,7675.053461990606,29820.842653466178,22365.631990099635,29820.842653466178,E,59.760458648864706,59.760458648864706,0.0
1,C-B--C-4.9,x,18.666666666666668,0.0,55.666666666666664,-23.0,C-B,1,1.0,1.8249562598141724,652.1316666666667,,28810.32702980773,98067.02222222224,3.532293170155123,13.5,0.7232142857142857,2.1473002183653374,2198.298333333333,51.833333333333336,4720.4064911988235,91.0689355215207,53300.21466655519,1028.2999614126404,1699.9534630683866,19194.932613035955,19194.932613035955,1088.0463968749507,1028.2999614126404,761.6324778124655,719.8099729888482,769.6428571428571,2,23.0,0.9895920825405584,769.6428571428571,1,2,1600000,10.5,0.25,0.07397753094143575,259469.76559993072,4252355.945952807,320111.36937530705,0.06101788488493817,0.0,3.448243416410477,0.0,54.10232020480921,0.0,1.564346461857454,11.075000000000001,10.539122400426846,3373692.903614611,3545233.415831526,0.0,644822.505618968,16230314812.797745,0.0,90.03785351416121,90.03785351416121,20220.161554818253,20310.199408332413,20310.199408332413,2694.51303454176,144.34891256473713,509.88267797174,356.917874580218,101.04423879531599,0.07673797292220189,0.00011220192145438296,0.00021517511343849198,0.00021517511343849198,221.5,-221.5,61.39767979519079,-61.39767979519079,0.013211252714790386,-0.013211252714790386,0.04766128762662598,-0.04766128762662598,-0.013211252714790386,0.013211252714790386,-0.04766128762662598,0.04766128762662598,0.08994922563699227,0.0635267202074115,0.12439926054882786,0.02907668529557591,0.0635267202074115,0.08994922563699227,0.02907668529557591,0.12439926054882786,0.07673797292220189,0.07673797292220189,0.07673797292220189,0.07673797292220189,0.08994922563699227,0.12439926054882786,0.07673797292220189,0.07673797292220189,1.1721605642122468,1.6210913034534506,1.6210913034534506,0.02252398460345851,0.026189621204578795,0.01885834800233823,0.01885834800233823,0.026189621204578795,0.035733045408964104,0.009314923797952915,0.009314923797952915,0.035733045408964104,0.026189621204578795,0.035733045408964104,0.02252398460345851,0.02252398460345851,0.09009593841383404,0.09009593841383404,0.27,0.0,13.5,0.0,191931.3844087413,14688.626357811832,42777.04259878336,0.0,0.0,191931.3844087413,10565.030334426125,30768.0746765561,30768.0746765561,1.3333333333333333,0.0,0.0,191931.3844087413,0.0,0.0,143948.53830655597,0.0,0.0,0.0,0.0,191931.3844087413,143948.53830655597,10565.030334426125,7923.772750819594,30768.0746765561,23076.05600741708,30768.0746765561,E,59.760458648864706,59.760458648864706,0.0
1,C-C--C-2.5,x,28.0,0.0,69.91666666666667,-23.0,C-C,2,1.0,1.8249562598141724,2590.6666666666665,,28810.32702980773,98067.02222222224,3.532293170155123,13.5,0.48214285714285715,2.1473002183653374,4384.958333333333,59.416666666666664,9415.821986689572,158.4710572794879,106318.24485631693,1789.3673748608742,4437.189603825661,50102.286496104476,50102.286496104476,1946.1187272919688,1789.3673748608742,1362.2831091043781,1252.5571624026118,1539.2857142857142,2,23.0,0.8850099084668814,1539.2857142857142,2,2,1600000,10.5,0.25,0.06442590984708572,777672.9364788447,4252355.945952807,320111.36937530705,0.18288048939529566,0.0,13.31844554239905,0.0,54.10232020480921,0.0,15.814346461857461,11.075000000000001,10.539122400426846,3373692.903614611,3545233.415831526,0.0,169940521.62349373,16230314812.797745,0.0,2347.2729188837166,2347.2729188837166,52144.05144529141,54491.324364175125,54491.324364175125,720.2392116675546,25.722828988126953,90.86057315182904,63.60240120628033,18.005980291688864,0.07673797292220189,0.00011220192145438296,0.00021517511343849198,0.00021517511343849198,221.5,-221.5,61.39767979519079,-61.39767979519079,0.013211252714790386,-0.013211252714790386,0.04766128762662598,-0.04766128762662598,-0.013211252714790386,0.013211252714790386,-0.04766128762662598,0.04766128762662598,0.08994922563699227,0.0635267202074115,0.12439926054882786,0.02907668529557591,0.0635267202074115,0.08994922563699227,0.02907668529557591,0.12439926054882786,0.07673797292220189,0.07673797292220189,0.07673797292220189,0.07673797292220189,0.08994922563699227,0.12439926054882786,0.07673797292220189,0.07673797292220189,1.1721605642122468,1.6210913034534506,1.6210913034534506,0.02252398460345851,0.026189621204578795,0.01885834800233823,0.01885834800233823,0.026189621204578795,0.035733045408964104,0.009314923797952915,0.009314923797952915,0.035733045408964104,0.026189621204578795,0.035733045408964104,0.02252398460345851,0.02252398460345851,0.09009593841383404,0.09009593841383404,0.27,0.0,13.5,0.0,514943.0152414549,26272.602818441577,83847.58228794794,0.0,0.0,514943.0152414549,18725.20055423472,59760.458648864704,59760.458648864704,1.3333333333333333,0.0,0.0,514943.0152414549,0.0,0.0,386207.26143109123,0.0,0.0,0.0,0.0,514943.0152414549,386207.26143109123,18725.20055423472,14043.900415676046,59760.458648864704,44820.343986648535,59760.458648864704,E,59.760458648864706,59.760458648864706,0.0
1,C-C--C-3.6,x,19.333333333333332,0.0,56.25,-23.0,C-C,2,1.0,1.8249562598141724,1058.0416666666665,,28810.32702980773,98067.02222222224,3.532293170155123,13.5,0.6982758620689655,2.1473002183653374,4384.958333333333,59.416666666666664,9415.821986689572,158.4710572794879,106318.24485631693,1789.3673748608742,3063.773774070099,34594.43591397689,34594.43591397689,1913.3657912965264,1789.367374860874,1339.3560539075684,1252.5571624026118,1539.2857142857142,2,23.0,0.8701153018425039,1539.2857142857142,2,2,1600000,10.5,0.25,0.07100424201794821,487216.46666169935,4252355.945952807,320111.36937530705,0.11457565473215128,0.0,6.596564410824718,0.0,54.10232020480921,0.0,2.1476797951907898,11.075000000000001,10.539122400426846,3373692.903614611,3545233.415831526,0.0,2209971.0538638625,16230314812.797745,0.0,224.76823966706374,224.76823966706374,36766.97039206578,36991.73863173284,36991.73863173284,1199.3988319994169,62.0378706206595,219.1359466843227,153.39516267902587,43.42650943446164,0.07673797292220189,0.00011220192145438296,0.00021517511343849198,0.00021517511343849198,221.5,-221.5,61.39767979519079,-61.39767979519079,0.013211252714790386,-0.013211252714790386,0.04766128762662598,-0.04766128762662598,-0.013211252714790386,0.013211252714790386,-0.04766128762662598,0.04766128762662598,0.08994922563699227,0.0635267202074115,0.12439926054882786,0.02907668529557591,0.0635267202074115,0.08994922563699227,0.02907668529557591,0.12439926054882786,0.07673797292220189,0.07673797292220189,0.07673797292220189,0.07673797292220189,0.08994922563699227,0.12439926054882786,0.07673797292220189,0.07673797292220189,1.1721605642122468,1.6210913034534506,1.6210913034534506,0.02252398460345851,0.026189621204578795,0.01885834800233823,0.01885834800233823,0.026189621204578795,0.035733045408964104,0.009314923797952915,0.009314923797952915,0.035733045408964104,0.026189621204578795,0.035733045408964104,0.02252398460345851,0.02252398460345851,0.09009593841383404,0.09009593841383404,0.27,0.0,13.5,0.0,349571.9300698754,25830.43818250311,75010.11041032815,0.0,0.0,349571.9300698754,18561.3414196394,53901.070489545535,53901.070489545535,1.3333333333333333,0.0,0.0,349571.9300698754,0.0,0.0,262178.9475524065,0.0,0.0,0.0,0.0,349571.9300698754,262178.9475524065,18561.3414196394,13921.00606472955,53901.070489545535,40425.80286715916,53901.070489545535,E,59.760458648864706,59.760458648864706,0.0
1,C-C--C-5.2,x,12.083333333333334,0.0,47.416666666666664,-23.0,C-C,2,1.0998262684967488,2.5933561651083976,736.25,,28810.32702980773,98067.02222222224,3.532293170155123,13.5,1.1172413793103448,2.1473002183653374,4384.958333333333,59.416666666666664,9415.821986689572,158.4710572794879,106318.24485631693,1789.3673748608742,1914.8586087938122,21621.52244623556,21621.52244623556,1789.367374860874,1789.367374860874,1252.5571624026118,1252.5571624026118,1539.2857142857142,2,23.0,0.8137262307952002,1539.2857142857142,2,2,1600000,10.5,0.25,0.0814957407065932,265308.61930660787,4252355.945952807,320111.36937530705,0.062390971658691036,0.0,2.8719695782779255,0.0,54.10232020480921,0.0,6.685653538142546,12.180575923601493,25.828952058310207,8268141.212914837,3899140.8386839693,0.0,11858754.910920125,16230314812.797745,0.0,426.12518728255964,426.12518728255964,20359.245644377246,20785.370831659806,21621.52244623556,1914.8586087938093,158.47105727948767,559.7662332955956,391.8363633069169,110.92974009564136,0.07673797292220189,0.000323050610496429,0.00021517511343849198,0.000323050610496429,221.5,-221.5,61.39767979519079,-61.39767979519079,0.019834557940900648,-0.019834557940900648,0.07155571022495902,-0.07155571022495902,-0.019834557940900648,0.019834557940900648,-0.07155571022495902,0.07155571022495902,0.09657253086310254,0.056903414981301234,0.1482936831471609,0.005182262697242868,0.056903414981301234,0.09657253086310254,0.005182262697242868,0.1482936831471609,0.07673797292220189,0.07673797292220189,0.07673797292220189,0.07673797292220189,0.09657253086310254,0.1482936831471609,0.07673797292220189,0.07673797292220189,1.2584712259862432,1.9324680793627853,1.9324680793627853,0.02252398460345851,0.028004007933497943,0.017043961273419075,0.017043961273419075,0.028004007933497943,0.04227102407988578,0.0027769451270312426,0.0027769451270312426,0.04227102407988578,0.028004007933497943,0.04227102407988578,0.028004007933497943,0.028004007933497943,0.11201603173399177,0.11201603173399177,0.27,0.0,12.083333333333334,0.0,204323.38711692605,24156.459560621795,70154.77894474205,0.0,0.0,204323.38711692605,17639.429103619514,51228.1299488584,51228.1299488584,1.3333333333333333,0.0,0.0,204323.38711692605,0.0,0.0,153242.54033769458,0.0,0.0,0.0,0.0,204323.38711692605,153242.54033769458,17639.429103619514,13229.571827714639,51228.1299488584,38421.0974616438,51228.1299488584,E,59.760458648864706,59.760458648864706,160.28462805381696
1,C-X--C-6.5,x,13.0,0.0,36.25,0.0,C-X,2,1.0998262684967488,2.5933561651083976,1083.5,,27762.990640416054,98067.02222222224,3.532293170155123,13.5,1.0384615384615385,2.0692398181721736,1801.0033333333333,24.0,3726.7078099941455,155.2794920830894,42079.91973627028,1753.329989011262,2018.633397080162,22793.289857146403,22793.289857146403,1828.8000443465305,1753.3299890112617,1280.1600310425713,1227.330992307883,1539.2857142857142,2,23.0,0.8316584888443619,1539.2857142857142,2,2,1600000,10.5,0.25,0.08009554441809552,284576.25230894674,4252355.945952807,320111.36937530705,0.06692202062242535,0.0,2.4282111814814216,0.0,54.10232020480921,0.0,17.85232020480921,12.180575923601493,25.828952058310207,8268141.212914837,3899140.8386839693,0.0,93512641.3174461,16230314812.797745,0.0,1258.3968857092964,1258.3968857092964,22516.003690795602,23774.400576504897,23774.400576504897,2999.7441164386582,230.74954741835833,815.0750503622528,570.5525352535769,161.52468319285083,0.07673797292220189,0.000323050610496429,0.00021517511343849198,0.000323050610496429,221.5,-221.5,61.39767979519079,-61.39767979519079,0.019834557940900648,-0.019834557940900648,0.07155571022495902,-0.07155571022495902,-0.019834557940900648,0.019834557940900648,-0.07155571022495902,0.07155571022495902,0.09657253086310254,0.056903414981301234,0.1482936831471609,0.005182262697242868,0.056903414981301234,0.09657253086310254,0.005182262697242868,0.1482936831471609,0.07673797292220189,0.07673797292220189,0.07673797292220189,0.07673797292220189,0.09657253086310254,0.1482936831471609,0.07673797292220189,0.07673797292220189,1.2584712259862432,1.9324680793627853,1.9324680793627853,0.02252398460345851,0.028004007933497943,0.017043961273419075,0.017043961273419075,0.028004007933497943,0.04227102407988578,0.0027769451270312426,0.0027769451270312426,0.04227102407988578,0.028004007933497943,0.04227102407988578,0.028004007933497943,0.028004007933497943,0.11201603173399177,0.11201603173399177,0.27,0.0,13.0,0.0,224668.08544797127,24688.80059867816,70313.74201901615,0.0,0.0,224668.08544797127,17973.4468358377,51188.40418984376,51188.40418984376,1.3333333333333333,0.0,0.0,224668.08544797127,0.0,0.0,168501.06408597846,0.0,0.0,0.0,0.0,224668.08544797127,168501.06408597846,17973.4468358377,13480.085126878277,51188.40418984376,38391.30314238282,51188.40418984376,E,59.760458648864706,59.760458648864706,2495.7543868679286
1,C-X--C-8.5,x,11.0,0.0,36.25,0.0,C-X,2,1.0998262684967488,2.5933561651083976,717.5033333333333,,27762.990640416054,98067.02222222224,3.532293170155123,13.5,1.2272727272727273,2.0692398181721736,1801.0033333333333,24.0,3726.7078099941455,155.2794920830894,42079.91973627028,1753.329989011262,1708.0744129139835,19286.62987912388,19286.62987912388,1753.329989011262,1753.329989011262,1227.3309923078832,1227.3309923078832,1539.2857142857142,2,23.0,0.7973379996431724,1539.2857142857142,2,2,1600000,10.5,0.25,0.08401076162023864,229573.3249783755,4252355.945952807,320111.36937530705,0.05398732558991743,0.0,1.899883148206959,0.0,54.10232020480921,0.0,17.85232020480921,12.180575923601493,25.828952058310207,8268141.212914837,3899140.8386839693,0.0,73166243.8334328,16230314812.797745,0.0,984.5960084314448,984.5960084314448,17616.99159585043,18601.587604281878,19286.62987912388,1708.0744129139857,155.27949208308962,548.492689350254,383.94488254517773,108.69564445816273,0.07673797292220189,0.000323050610496429,0.00021517511343849198,0.000323050610496429,221.5,-221.5,61.39767979519079,-61.39767979519079,0.019834557940900648,-0.019834557940900648,0.07155571022495902,-0.07155571022495902,-0.019834557940900648,0.019834557940900648,-0.07155571022495902,0.07155571022495902,0.09657253086310254,0.056903414981301234,0.1482936831471609,0.005182262697242868,0.056903414981301234,0.09657253086310254,0.005182262697242868,0.1482936831471609,0.07673797292220189,0.07673797292220189,0.07673797292220189,0.07673797292220189,0.09657253086310254,0.1482936831471609,0.07673797292220189,0.07673797292220189,1.2584712259862432,1.9324680793627853,1.9324680793627853,0.02252398460345851,0.028004007933497943,0.017043961273419075,0.017043961273419075,0.028004007933497943,0.04227102407988578,0.0027769451270312426,0.0027769451270312426,0.04227102407988578,0.028004007933497943,0.04227102407988578,0.028004007933497943,0.028004007933497943,0.11201603173399177,0.11201603173399177,0.27,179.37583333333333,11.0,760.9883838383837,182258.65235772065,23669.954851652034,68741.8802445953,3867.342966666666,20717.90875,165408.08657438733,15753.151102322603,42956.93967229917,42956.93967229917,1.3333333333333333,869.7010101010101,543.5631313131312,182258.65235772065,56.82046599326598,507.3255892255891,136693.9892682905,42.6153494949495,507.3255892255891,434.85050505050503,36.23754208754208,182822.7984129395,137715.01825414906,17411.69508694662,13115.716024204672,50679.35315804553,38294.23841350769,50679.35315804553,C,58.305969735368116,58.305969735368116,59.10799371124085
1,C-W.6--C-7.3,x,19.083333333333332,0.0,47.08333333333333,0.0,C-W.6,2,1.0998262684967488,2.5933561651083976,956.8333333333334,,27762.990640416054,98067.02222222224,3.532293170155123,13.5,0.7074235807860263,2.0692398181721736,956.8333333333334,19.083333333333332,1979.9176326877416,103.75114232424848,22356.132896841547,1171.5004138082907,1979.9176326877416,22356.132896841547,22356.132896841547,1397.6385396462736,1171.5004138082907,978.3469777523915,820.0502896658035,1200.0,3,19.0,0.8152891481269929,921.4285714285714,2,4,1600000,10.5,0.25,0.06326603011161655,353367.0890586928,4252355.945952807,320111.36937530705,0.08309913223398221,0.0,4.039099929473484,0.0,54.10232020480921,0.0,7.018986871475882,12.180575923601493,25.828952058310207,8268141.212914837,3899140.8386839693,0.0,16755132.226887194,16230314812.797745,0.0,573.4762121858981,573.4762121858981,26098.125919397153,26671.60213158305,26671.60213158305,9.30483601067317,0.4875896599479391,1.7223096256723642,1.2056167379706548,0.34131276196355737,0.07673797292220189,0.000323050610496429,0.00021517511343849198,0.000323050610496429,221.5,-221.5,61.39767979519079,-61.39767979519079,0.019834557940900648,-0.019834557940900648,0.07155571022495902,-0.07155571022495902,-0.019834557940900648,0.019834557940900648,-0.07155571022495902,0.07155571022495902,0.09657253086310254,0.056903414981301234,0.1482936831471609,0.005182262697242868,0.056903414981301234,0.09657253086310254,0.005182262697242868,0.1482936831471609,0.07673797292220189,0.07673797292220189,0.07673797292220189,0.07673797292220189,0.09657253086310254,0.1482936831471609,0.07673797292220189,0.07673797292220189,1.2584712259862432,1.9324680793627853,1.9324680793627853,0.02252398460345851,0.028004007933497943,0.017043961273419075,0.017043961273419075,0.028004007933497943,0.04227102407988578,0.0027769451270312426,0.0027769451270312426,0.04227102407988578,0.028004007933497943,0.04227102407988578,0.028004007933497943,0.028004007933497943,0.11201603173399177,0.11201603173399177,0.27,0.0,13.5,0.0,252046.6401434598,18868.120285224693,54187.749586240105,0.0,0.0,252046.6401434598,13563.047900096493,38952.00115997438,38952.00115997438,1.3333333333333333,0.0,0.0,252046.6401434598,0.0,0.0,189034.98010759486,0.0,0.0,0.0,0.0,252046.6401434598,189034.98010759486,13563.047900096493,10172.28592507237,38952.00115997438,29214.000869980788,38952.00115997438,C,58.305969735368116,58.305969735368116,0.0
1,C-Y--C-6.5,x,11.333333333333334,0.0,30.75,0.0,C-Y,2,1.0998262684967488,2.5933561651083976,1137.1666666666665,,27762.990640416054,98067.02222222224,3.532293170155123,13.5,1.1911764705882353,2.0692398181721736,1600.5833333333333,20.166666666666668,3311.990765636078,164.23094705633443,37397.164653338754,1854.4048588432438,1861.284066638457,21016.588400223434,21016.588400223434,1854.404858843244,1854.404858843244,1298.0834011902707,1298.0834011902707,1539.2857142857142,2,23.0,0.8433024416085285,1539.2857142857142,2,2,1600000,10.5,0.25,0.08614371905499107,243971.22193908526,4252355.945952807,320111.36937530705,0.05737318913090651,0.0,1.7126995235435487,0.0,54.10232020480921,0.0,23.35232020480921,12.180575923601493,25.828952058310207,8268141.212914837,3899140.8386839693,0.0,133045036.01861997,16230314812.797745,0.0,1368.7074054880998,1368.7074054880998,18721.857022958033,20090.564428446134,21016.588400223434,1861.2840666384582,164.23094705633454,580.1118526151981,406.0782968306387,114.96166293943418,0.07673797292220189,0.000323050610496429,0.00021517511343849198,0.000323050610496429,221.5,-221.5,61.39767979519079,-61.39767979519079,0.019834557940900648,-0.019834557940900648,0.07155571022495902,-0.07155571022495902,-0.019834557940900648,0.019834557940900648,-0.07155571022495902,0.07155571022495902,0.09657253086310254,0.056903414981301234,0.1482936831471609,0.005182262697242868,0.056903414981301234,0.09657253086310254,0.005182262697242868,0.1482936831471609,0.07673797292220189,0.07673797292220189,0.07673797292220189,0.07673797292220189,0.09657253086310254,0.1482936831471609,0.07673797292220189,0.07673797292220189,1.2584712259862432,1.9324680793627853,1.9324680793627853,0.02252398460345851,0.028004007933497943,0.017043961273419075,0.017043961273419075,0.028004007933497943,0.04227102407988578,0.0027769451270312426,0.0027769451270312426,0.04227102407988578,0.028004007933497943,0.04227102407988578,0.028004007933497943,0.028004007933497943,0.11201603173399177,0.11201603173399177,0.27,0.0,11.333333333333334,0.0,198606.76038211145,25034.465594383797,72704.6691327534,0.0,0.0,198606.76038211145,18332.93172757952,53242.188472600945,53242.188472600945,1.3333333333333333,0.0,0.0,198606.76038211145,0.0,0.0,148955.07028658362,0.0,0.0,0.0,0.0,198606.76038211145,148955.07028658362,18332.93172757952,13749.69879568464,53242.188472600945,39931.641354450716,53242.188472600945,C,58.305969735368116,58.305969735368116,311.7445069377145
1,C-Y--C-7.2,x,8.833333333333334,0.0,30.75,0.0,C-Y,2,1.0998262684967488,2.5933561651083976,463.4166666666667,,27762.990640416054,98067.02222222224,3.532293170155123,13.5,1.5283018867924527,2.0692398181721736,1600.5833333333333,20.166666666666668,3311.990765636078,164.23094705633443,37397.164653338754,1854.4048588432438,1450.7066989976208,16380.576253115323,16380.576253115323,1854.404858843244,1854.404858843244,1298.0834011902707,1298.0834011902707,1539.2857142857142,2,23.0,0.8433024416085285,1539.2857142857142,2,2,1600000,10.5,0.25,0.09768846235071056,167681.79024363746,4252355.945952807,320111.36937530705,0.039432679760317134,0.0,1.177140975786531,0.0,54.10232020480921,0.0,23.35232020480921,12.180575923601493,25.828952058310207,8268141.212914837,3899140.8386839693,0.0,91442054.7034912,16230314812.797745,0.0,940.7146721971666,940.7146721971666,12867.560679262588,13808.275351459753,16380.576253115323,1450.706698997621,164.23094705633446,580.1118526151978,406.0782968306384,114.9616629394341,0.07673797292220189,0.000323050610496429,0.00021517511343849198,0.000323050610496429,221.5,-221.5,61.39767979519079,-61.39767979519079,0.019834557940900648,-0.019834557940900648,0.07155571022495902,-0.07155571022495902,-0.019834557940900648,0.019834557940900648,-0.07155571022495902,0.07155571022495902,0.09657253086310254,0.056903414981301234,0.1482936831471609,0.005182262697242868,0.056903414981301234,0.09657253086310254,0.005182262697242868,0.1482936831471609,0.07673797292220189,0.07673797292220189,0.07673797292220189,0.07673797292220189,0.09657253086310254,0.1482936831471609,0.07673797292220189,0.07673797292220189,1.2584712259862432,1.9324680793627853,1.9324680793627853,0.02252398460345851,0.028004007933497943,0.017043961273419075,0.017043961273419075,0.028004007933497943,0.04227102407988578,0.0027769451270312426,0.0027769451270312426,0.04227102407988578,0.028004007933497943,0.04227102407988578,0.028004007933497943,0.028004007933497943,0.11201603173399177,0.11201603173399177,0.27,0.0,8.833333333333334,0.0,154796.44559193982,25034.465594383793,72704.66913275339,0.0,0.0,154796.44559193982,18575.573471032778,53946.864496503025,53946.864496503025,1.3333333333333333,0.0,0.0,154796.44559193982,0.0,0.0,116097.33419395487,0.0,0.0,0.0,0.0,154796.44559193982,116097.33419395487,18575.573471032778,13931.680103274583,53946.864496503025,40460.14837237727,53946.864496503025,C,58.305969735368116,58.305969735368116,242.97733628968672
1,C-Y.3--C-8,x,8.583333333333334,0.0,21.916666666666668,0.0,C-Y.3,2,1.0998262684967488,2.5933561651083976,735.0,,27762.990640416054,98067.02222222224,3.532293170155123,13.5,1.5728155339805825,2.0692398181721736,735.0,8.583333333333334,1520.8912663565477,177.1912154978502,17173.061500622058,2000.745029198686,1520.8912663565477,17173.061500622058,17173.061500622058,2000.745029198686,2000.745029198686,1400.5215204390802,1400.5215204390802,1539.2857142857142,2,23.0,0.9098515678026508,1539.2857142857142,2,2,1600000,10.5,0.25,0.10445638242964805,164404.13789160474,4252355.945952807,320111.36937530705,0.038661894719344204,0.0,0.8225924175437733,0.0,54.10232020480921,0.0,32.185653538142546,12.180575923601493,25.828952058310207,8268141.212914837,3899140.8386839693,0.0,170308925.1898908,16230314812.797745,0.0,1271.2092804285883,1271.2092804285883,12616.04028182391,13887.249562252498,17173.061500622058,1520.8912663565497,177.19121549785044,625.8913203145416,438.1239242201791,124.03385084849529,0.07673797292220189,0.000323050610496429,0.00021517511343849198,0.000323050610496429,221.5,-221.5,61.39767979519079,-61.39767979519079,0.019834557940900648,-0.019834557940900648,0.07155571022495902,-0.07155571022495902,-0.019834557940900648,0.019834557940900648,-0.07155571022495902,0.07155571022495902,0.09657253086310254,0.056903414981301234,0.1482936831471609,0.005182262697242868,0.056903414981301234,0.09657253086310254,0.005182262697242868,0.1482936831471609,0.07673797292220189,0.07673797292220189,0.07673797292220189,0.07673797292220189,0.09657253086310254,0.1482936831471609,0.07673797292220189,0.07673797292220189,1.2584712259862432,1.9324680793627853,1.9324680793627853,0.02252398460345851,0.028004007933497943,0.017043961273419075,0.017043961273419075,0.028004007933497943,0.04227102407988578,0.0027769451270312426,0.0027769451270312426,0.04227102407988578,0.028004007933497943,0.04227102407988578,0.028004007933497943,0.028004007933497943,0.11201603173399177,0.11201603173399177,0.27,0.0,8.583333333333334,0.0,162285.43118087843,27010.057894182264,78442.15068419845,0.0,0.0,162285.43118087843,20076.548187325163,58305.96973536812,58305.96973536812,1.3333333333333333,0.0,0.0,162285.43118087843,0.0,0.0,121714.07338565883,0.0,0.0,0.0,0.0,162285.43118087843,121714.07338565883,20076.548187325163,15057.411140493876,58305.96973536812,43729.477301526094,58305.96973536812,C,58.305969735368116,58.305969735368116,511.15892098510903
1,C-Y.6--C-8,x,12.75,0.0,11.666666666666666,0.0,C-Y.6,2,1.0998262684967488,2.5933561651083976,805.0,,27762.990640416054,98067.02222222224,3.532293170155123,13.5,1.0588235294117647,2.0692398181721736,805.0,12.75,1665.7380536285998,130.64612185322352,18808.591167347968,1475.183620968468,1665.7380536285998,18808.591167347968,18808.591167347968,1588.5857972797287,1475.183620968468,1112.01005809581,1032.6285346779275,1200.0,3,19.0,0.926675048413175,1200.0,2,3,1600000,10.5,0.25,0.08125401997039529,231478.90004950936,4252355.945952807,320111.36937530705,0.05443544778273327,0.0,0.6503542827401192,0.0,54.10232020480921,0.0,42.435653538142546,12.180575923601493,25.828952058310207,8268141.212914837,3899140.8386839693,0.0,419565531.04410934,16230314812.797745,0.0,2375.258525799442,2375.258525799442,17879.2103895171,20254.468915316542,20254.468915316542,2211.400881196074,173.44320636831952,612.6522532646206,428.85657728523444,121.41024445782365,0.07673797292220189,0.000323050610496429,0.00021517511343849198,0.000323050610496429,221.5,-221.5,61.39767979519079,-61.39767979519079,0.019834557940900648,-0.019834557940900648,0.07155571022495902,-0.07155571022495902,-0.019834557940900648,0.019834557940900648,-0.07155571022495902,0.07155571022495902,0.09657253086310254,0.056903414981301234,0.1482936831471609,0.005182262697242868,0.056903414981301234,0.09657253086310254,0.005182262697242868,0.1482936831471609,0.07673797292220189,0.07673797292220189,0.07673797292220189,0.07673797292220189,0.09657253086310254,0.1482936831471609,0.07673797292220189,0.07673797292220189,1.2584712259862432,1.9324680793627853,1.9324680793627853,0.02252398460345851,0.028004007933497943,0.017043961273419075,0.017043961273419075,0.028004007933497943,0.04227102407988578,0.0027769451270312426,0.0027769451270312426,0.04227102407988578,0.028004007933497943,0.04227102407988578,0.028004007933497943,0.028004007933497943,0.11201603173399177,0.11201603173399177,0.27,0.0,12.75,0.0,191404.7312497413,21445.908263276342,61567.07187178576,0.0,0.0,191404.7312497413,15624.876020387046,44856.009506586764,44856.009506586764,1.3333333333333333,0.0,0.0,191404.7312497413,0.0,0.0,143553.548437306,0.0,0.0,0.0,0.0,191404.7312497413,143553.548437306,15624.876020387046,11718.657015290284,44856.009506586764,33642.00712994007,44856.009506586764,C,58.305969735368116,58.305969735368116,641.1356461010255
