Level,Wall,Direction,wall length,x,y,line,sheathed sides,accidental torsional amplification factor x,accidental torsional amplification factor y,tributary area,level tributary area,angle,level seismic force,level diaphragm force,diaphragm force scale factor,wall height,aspect ratio,level seismic force per area,line tributary area,line wall length,line shear demand,line unit shear,line cumulative shear demand,line cumulative unit shear,shear demand,cumulative shear demand,flexible shear force demand,unit shear demand,unit flexible shear demand,adjusted unit shear demand,adjusted flexible unit shear demand,adjusted unit shear capacity,nail spacing,sheathing shear stiffness,shear dcr,adjusted flexible unit shear capacity,sheathed sides flexible,nail spacing flexible,end post youngs modulus,end post area,Delta_A,delta_sw,wall stiffness,total level stiffness,total level cumulative shear demand,relative wall stiffness,kx,ky,CRx,CRy,dx,dy,ex,ey,torque x,torque y,Jx wall,Jy wall,J,torsional shear force x,torsional shear force y,torsional shear force,direct shear force,rigid shear force demand,shear force demand,floor shear demand,floor unit shear demand,diaphragm floor unit shear demand,adjusted floor unit shear demand,adjusted diaphragm floor unit shear demand,level deflection at center of mass,level rotation at center of rigidity from torque x,level rotation at center of rigidity from torque y,level rotation at center of rigidity,x edge 1 to CRx,x edge 2 to CRx,y edge 1 to CRy,y edge 2 to CRy,level edge 1 x deflection from ccw rotation,level edge 2 x deflection from ccw rotation,level edge 1 y deflection from ccw rotation,level edge 2 y deflection from ccw rotation,level edge 1 x deflection from cw rotation,level edge 2 x deflection from cw rotation,level edge 1 y deflection from cw rotation,level edge 2 y deflection from cw rotation,total edge 1 x deflection from ccw rotation,total edge 2 x deflection from ccw rotation,total edge 1 y deflection from ccw rotation,total edge 2 y deflection from ccw rotation,total edge 1 x deflection from cw rotation,total edge 2 x deflection from cw rotation,total edge 1 y deflection from cw rotation,total edge 2 y deflection from cw rotation,average level x deflection from ccw rotation,average level y deflection from ccw rotation,average level x deflection from cw rotation,average level y deflection from cw rotation,maximum x deflection,maximum y deflection,maximum average x deflection,maximum average y deflection,torsional irregularity ratio x,torsional irregularity ratio y,torsional irregularity ratio,story drift at center of mass,edge 1 x story drift from ccw rotation,edge 2 x story drift from ccw rotation,edge 1 x story drift from cw rotation,edge 2 x story drift from cw rotation,edge 1 y story drift from ccw rotation,edge 2 y story drift from ccw rotation,edge 1 y story drift from cw rotation,edge 2 y story drift from cw rotation,maximum edge x story drift,maximum edge y story drift,elastic story drift x,elastic story drift y,inelastic story drift x,inelastic story drift y,allowable story drift,gravity tributary area,tension wall vertical load length,dead load,horizontal effects moment lc10,connors floor seismic axial load,connors seismic axial load,vertical effects moment lc10,dead effects moment lc10,net moment lc10,floor tension force lc10,tension force lc10,tension force,compression wall vertical load length,live load,snow load,horizontal effects moment lc8,vertical effects moment lc8,dead effects moment lc8,horizontal effects moment lc9,vertical effects moment lc9,dead effects moment lc9,live effects moment lc9,snow effects moment lc9,net moment lc8,net moment lc9,floor compression force lc8,floor compression force lc9,compression force lc8,compression force lc9,compression force,option,binned tension force,binned compression force,required strap capacity
4,D-2,y,29.0,35.104166666666664,0.0,D-2,1,1.1056568076928914,1.3794847339712704,2843.1041666666665,,90,74330.24588517143,74330.24588517143,1.0,10.0,0.3448275862068966,5.415592336023881,2843.1041666666665,29.0,15397.093135517562,530.9342460523297,15397.093135517562,530.9342460523297,15397.093135517562,15397.093135517562,15397.093135517562,533.7516383086282,530.9342460523297,373.62614681603975,371.6539722366308,460.7142857142857,4,17.0,0.8109714814611715,460.7142857142857,1,4,1600000,10.5,0.25,0.03407857026797395,451811.59345723205,2479538.3704379275,74330.24588517145,0.18221601199800536,5.939769591269797,0.0,105.07682596846139,0.0,69.97265930179472,0.0,11.751077035013978,4.621273858803756,343500.42222759826,873460.4454281804,2221401542.85108,0.0,6292237047.706551,1733.0890942855908,0.0,1733.0890942855908,13745.708416664627,15478.797510950219,15478.797510950219,15478.797510950219,533.7516383086282,533.7516383086282,373.62614681603975,373.62614681603975,0.03029680397773705,3.7264827891191346e-05,0.00011838480706870338,0.00011838480706870338,104.7773406982053,-104.7773406982053,67.0,-67.0,0.007931782073603127,-0.007931782073603127,0.012404045263728836,-0.012404045263728836,-0.007931782073603127,0.007931782073603127,-0.012404045263728836,0.012404045263728836,0.03822858605134018,0.022365021904133926,0.04270084924146589,0.017892758714008215,0.022365021904133926,0.03822858605134018,0.017892758714008215,0.04270084924146589,0.03029680397773705,0.03029680397773705,0.03029680397773705,0.03029680397773705,0.03822858605134018,0.04270084924146589,0.03029680397773705,0.03029680397773705,1.2618026006779997,1.4094176162226115,1.4094176162226115,0.0,0.0,0.0,0.0,0.0,0.0,0.0,0.0,0.0,0.0,0.0,0.0,0.0,0.0,0.0,0.2,355.3880208333333,10.0,571.8887691570881,108351.58257665153,5337.516383086282,5337.516383086282,2401.9328304597693,12867.497306034478,97886.01810107683,3434.597126353573,3434.597126353573,3434.597126353573,1.3333333333333333,653.5871647509578,408.49197796934857,108351.58257665153,42.70102809706257,381.2591794380587,81263.68693248865,32.025771072796935,381.2591794380587,326.7935823754789,27.232798531289905,108775.54278418665,82030.99826390628,3816.6857117258473,2878.280640838817,3816.6857117258473,2878.280640838817,3816.6857117258473,E,3.434597126353573,3.8166857117258473,0.0
4,D-2.8,y,29.0,54.35416666666667,0.0,D-2.8,1,1.1056568076928914,1.3794847339712704,940.0937500000002,,90,74330.24588517143,74330.24588517143,1.0,10.0,0.3448275862068966,5.415592336023881,940.0937500000002,29.0,5091.164507643952,175.5573968153087,5091.164507643952,175.5573968153087,5091.164507643952,5091.164507643952,5091.164507643952,233.1898390525654,175.5573968153087,163.23288733679576,122.89017777071608,310.7142857142857,6,14.0,0.5253472236126759,310.7142857142857,1,6,1600000,10.5,0.25,0.02138334405834586,238090.19271038123,2479538.3704379275,74330.24588517145,0.09602198358734435,5.773901081885577,0.0,105.07682596846139,0.0,50.72265930179472,0.0,11.751077035013978,4.621273858803756,343500.42222759826,873460.4454281804,526177723.8201766,0.0,6292237047.706551,566.3079297610909,0.0,566.3079297610909,6196.197402763305,6762.505332524396,6762.505332524396,6762.505332524396,233.1898390525654,233.1898390525654,163.23288733679576,163.23288733679576,0.03029680397773705,3.7264827891191346e-05,0.00011838480706870338,0.00011838480706870338,104.7773406982053,-104.7773406982053,67.0,-67.0,0.007931782073603127,-0.007931782073603127,0.012404045263728836,-0.012404045263728836,-0.007931782073603127,0.007931782073603127,-0.012404045263728836,0.012404045263728836,0.03822858605134018,0.022365021904133926,0.04270084924146589,0.017892758714008215,0.022365021904133926,0.03822858605134018,0.017892758714008215,0.04270084924146589,0.03029680397773705,0.03029680397773705,0.03029680397773705,0.03029680397773705,0.03822858605134018,0.04270084924146589,0.03029680397773705,0.03029680397773705,1.2618026006779997,1.4094176162226115,1.4094176162226115,0.0,0.0,0.0,0.0,0.0,0.0,0.0,0.0,0.0,0.0,0.0,0.0,0.0,0.0,0.0,0.2,235.02343750000006,10.0,378.1986350574713,47337.53732767077,2331.898390525654,2331.898390525654,1588.4342672413795,8509.469288793105,40416.502306119044,1418.1228879340015,1418.1228879340015,1418.1228879340015,1.3333333333333333,432.2270114942529,270.14188218390814,47337.53732767077,28.238831417624517,252.13242337164752,35503.15299575308,21.179123563218397,252.13242337164752,216.11350574712642,18.00945881226054,47617.90858246004,36010.58750724733,1670.8038099108787,1263.5293862192045,1670.8038099108787,1263.5293862192045,1670.8038099108787,E,3.434597126353573,3.8166857117258473,0.0
4,D-3.2,y,20.0,63.16666666666668,0.0,D-3.2,1,1.1056568076928914,1.3794847339712704,1298.1250000000002,,90,74330.24588517143,74330.24588517143,1.0,10.0,0.5,5.415592336023881,1298.1250000000002,20.0,7030.115801201002,351.5057900600501,7030.115801201002,351.5057900600501,7030.115801201002,7030.115801201002,7030.115801201002,357.5146880101822,351.5057900600501,250.26028160712755,246.05405304203506,310.7142857142857,6,14.0,0.8054353890804105,310.7142857142857,1,6,1600000,10.5,0.25,0.03240665739745168,216934.30812626233,2479538.3704379275,74330.24588517145,0.08748979677533611,5.169378960314531,0.0,105.07682596846139,0.0,41.910159301794714,0.0,11.751077035013978,4.621273858803756,343500.42222759826,873460.4454281804,385432572.63562524,0.0,6292237047.706551,502.05500619389517,0.0,502.05500619389517,6648.23875400975,7150.2937602036445,7150.2937602036445,7150.2937602036445,357.5146880101822,357.5146880101822,250.26028160712755,250.26028160712755,0.03029680397773705,3.7264827891191346e-05,0.00011838480706870338,0.00011838480706870338,104.7773406982053,-104.7773406982053,67.0,-67.0,0.007931782073603127,-0.007931782073603127,0.012404045263728836,-0.012404045263728836,-0.007931782073603127,0.007931782073603127,-0.012404045263728836,0.012404045263728836,0.03822858605134018,0.022365021904133926,0.04270084924146589,0.017892758714008215,0.022365021904133926,0.03822858605134018,0.017892758714008215,0.04270084924146589,0.03029680397773705,0.03029680397773705,0.03029680397773705,0.03029680397773705,0.03822858605134018,0.04270084924146589,0.03029680397773705,0.03029680397773705,1.2618026006779997,1.4094176162226115,1.4094176162226115,0.0,0.0,0.0,0.0,0.0,0.0,0.0,0.0,0.0,0.0,0.0,0.0,0.0,0.0,0.0,0.2,324.53125000000006,10.0,757.2395833333335,50052.05632142551,3575.1468801018223,3575.1468801018223,3180.4062500000005,17037.890625000004,36194.57194642551,1856.1318946884876,1856.1318946884876,1856.1318946884876,1.3333333333333333,865.4166666666667,540.8854166666667,50052.05632142551,56.54055555555556,504.82638888888897,37539.04224106914,42.40541666666668,504.82638888888897,432.7083333333333,36.059027777777786,50613.423265869955,38555.041407735815,2595.5601674805107,1977.1816106531187,2595.5601674805107,1977.1816106531187,2595.5601674805107,E,3.434597126353573,3.8166857117258473,0.0
4,D-4,y,29.0,93.10416666666669,0.0,D-4,1,1.1056568076928914,1.3794847339712704,1829.2395833333335,,90,74330.24588517143,74330.24588517143,1.0,10.0,0.3448275862068966,5.415592336023881,1829.2395833333335,29.0,9906.415868251517,341.6005471810868,9906.415868251517,341.6005471810868,9906.415868251517,9906.415868251517,9906.415868251517,375.98159226468374,341.6005471810868,263.1871145852786,239.12038302676075,310.7142857142857,6,14.0,0.8470389894698621,310.7142857142857,1,6,1600000,10.5,0.25,0.03007824419236238,329354.8587775281,2479538.3704379275,74330.24588517145,0.1328291034751596,12.29151793867042,0.0,105.07682596846139,0.0,11.972659301794707,0.0,11.751077035013978,4.621273858803756,343500.42222759826,873460.4454281804,50498617.74087923,0.0,6292237047.706551,230.25605851506276,0.0,230.25605851506276,10673.210117160766,10903.466175675829,10903.466175675829,10903.466175675829,375.98159226468374,375.98159226468374,263.1871145852786,263.1871145852786,0.03029680397773705,3.7264827891191346e-05,0.00011838480706870338,0.00011838480706870338,104.7773406982053,-104.7773406982053,67.0,-67.0,0.007931782073603127,-0.007931782073603127,0.012404045263728836,-0.012404045263728836,-0.007931782073603127,0.007931782073603127,-0.012404045263728836,0.012404045263728836,0.03822858605134018,0.022365021904133926,0.04270084924146589,0.017892758714008215,0.022365021904133926,0.03822858605134018,0.017892758714008215,0.04270084924146589,0.03029680397773705,0.03029680397773705,0.03029680397773705,0.03029680397773705,0.03822858605134018,0.04270084924146589,0.03029680397773705,0.03029680397773705,1.2618026006779997,1.4094176162226115,1.4094176162226115,0.0,0.0,0.0,0.0,0.0,0.0,0.0,0.0,0.0,0.0,0.0,0.0,0.0,0.0,0.0,0.2,114.32747395833334,10.0,183.97524545019158,76324.2632297308,3759.8159226468374,3759.8159226468374,772.6960308908046,4139.443022629311,72957.5162379923,2559.9128504558703,2559.9128504558703,2559.9128504558703,1.3333333333333333,210.25742337164752,131.4108896072797,76324.2632297308,13.736818326947636,122.65016363346105,57243.1974222981,10.302613745210731,122.65016363346105,105.12871168582376,8.760725973818646,76460.6502116912,57490.03963733641,2682.829831989165,2017.194373239874,2682.829831989165,2017.194373239874,2682.829831989165,E,3.434597126353573,3.8166857117258473,0.0
4,D-5,y,29.0,117.77083333333336,0.0,D-5,1,1.0927832976878737,1.357023747403367,1448.8750000000002,,90,74330.24588517143,74330.24588517143,1.0,10.0,0.3448275862068966,5.415592336023881,1448.8750000000002,29.0,7846.516345856602,270.56952916746906,7846.516345856602,270.56952916746906,7846.516345856603,7846.516345856603,7846.516345856603,312.55626275778354,270.56952916746906,218.78938393044848,189.39867041722832,310.7142857142857,6,14.0,0.7041497413853514,310.7142857142857,1,6,1600000,10.5,0.25,0.02621613805791101,299301.00034275756,2479538.3704379275,74330.24588517145,0.12070835600333785,14.56633038755741,0.0,105.07682596846139,0.0,12.694007364871965,0.0,11.31651377904899,4.54602955380128,337907.4945353054,841159.2517596422,47148002.067867756,0.0,6292237047.706551,199.4606806486288,0.0,199.4606806486288,8864.670939327094,9064.131619975722,9064.131619975722,9064.131619975722,312.55626275778354,312.55626275778354,218.78938393044848,218.78938393044848,0.03029680397773705,3.7264827891191346e-05,0.00011505338406809429,0.00011505338406809429,104.7773406982053,-104.7773406982053,67.0,-67.0,0.007708576732562317,-0.007708576732562317,0.01205498762098418,-0.01205498762098418,-0.007708576732562317,0.007708576732562317,-0.01205498762098418,0.01205498762098418,0.038005380710299366,0.022588227245174734,0.04235179159872123,0.01824181635675287,0.022588227245174734,0.038005380710299366,0.01824181635675287,0.04235179159872123,0.030296803977737048,0.03029680397773705,0.030296803977737048,0.03029680397773705,0.038005380710299366,0.04235179159872123,0.030296803977737048,0.03029680397773705,1.2544353106758983,1.3978963467513776,1.3978963467513776,0.0,0.0,0.0,0.0,0.0,0.0,0.0,0.0,0.0,0.0,0.0,0.0,0.0,0.0,0.0,0.2,90.55468750000001,10.0,145.72018678160921,63448.92133983005,3125.562627577835,3125.562627577835,612.0247844827587,3278.7042025862074,60782.2419217266,2132.7102428676,2132.7102428676,2132.7102428676,1.3333333333333333,166.5373563218391,104.08584770114943,63448.92133983005,10.88044061302682,97.14679118773947,47586.69100487255,8.160330459770117,97.14679118773947,83.26867816091955,6.939056513409962,63556.94857163082,47782.20586119439,2230.068370934415,1676.568626708575,2230.068370934415,1676.568626708575,2230.068370934415,E,3.434597126353573,3.8166857117258473,0.0
4,D-6,y,29.0,136.35416666666669,0.0,D-6,1,1.0927832976878737,1.357023747403367,862.625,,90,74330.24588517143,74330.24588517143,1.0,10.0,0.3448275862068966,5.415592336023881,862.625,29.0,4671.6253388626,161.09052892629654,4671.6253388626,161.09052892629654,4671.6253388626,4671.6253388626,4671.6253388626,215.90316149104328,161.09052892629654,151.13221304373027,112.76337024840757,310.7142857142857,6,14.0,0.48640252473844225,310.7142857142857,1,6,1600000,10.5,0.25,0.02033072069834623,229781.59053862788,2479538.3704379275,74330.24588517145,0.09267111704266333,13.97994422244441,0.0,105.07682596846139,0.0,31.277340698205293,0.0,11.31651377904899,4.54602955380128,337907.4945353054,841159.2517596422,191551757.9089313,0.0,6292237047.706551,328.8887891228485,0.0,328.8887891228485,5932.302894117406,6261.191683240255,6261.191683240255,6261.191683240255,215.90316149104328,215.90316149104328,151.13221304373027,151.13221304373027,0.03029680397773705,3.7264827891191346e-05,0.00011505338406809429,0.00011505338406809429,104.7773406982053,-104.7773406982053,67.0,-67.0,0.007708576732562317,-0.007708576732562317,0.01205498762098418,-0.01205498762098418,-0.007708576732562317,0.007708576732562317,-0.01205498762098418,0.01205498762098418,0.038005380710299366,0.022588227245174734,0.04235179159872123,0.01824181635675287,0.022588227245174734,0.038005380710299366,0.01824181635675287,0.04235179159872123,0.030296803977737048,0.03029680397773705,0.030296803977737048,0.03029680397773705,0.038005380710299366,0.04235179159872123,0.030296803977737048,0.03029680397773705,1.2544353106758983,1.3978963467513776,1.3978963467513776,0.0,0.0,0.0,0.0,0.0,0.0,0.0,0.0,0.0,0.0,0.0,0.0,0.0,0.0,0.0,0.2,53.9140625,10.0,86.75826149425286,43828.34178268178,2159.031614910433,2159.031614910433,364.38469827586204,1952.0608836206895,42240.665597336956,1482.1286174504196,1482.1286174504196,1482.1286174504196,1.3333333333333333,99.15229885057471,61.97018678160919,43828.34178268178,6.47795019157088,57.83884099616857,32871.25633701134,4.858462643678161,57.83884099616857,49.576149425287355,4.131345785440613,43892.65857386952,32987.66113586192,1540.0932832936674,1157.461794240769,1540.0932832936674,1157.461794240769,1540.0932832936674,D,3.532247524298168,3.7039982598995436,0.0
4,D-6.2,y,10.583333333333334,143.52083333333337,0.0,D-6.2,1,1.0927832976878737,1.357023747403367,873.7916666666666,,90,74330.24588517143,74330.24588517143,1.0,10.0,0.9448818897637795,5.415592336023881,873.7916666666666,10.583333333333334,4732.099453281533,447.12750739668024,4732.099453281533,447.12750739668024,4732.099453281533,4732.099453281533,4732.099453281533,447.12750739668024,447.12750739668024,312.98925517767617,312.98925517767617,460.7142857142857,4,17.0,0.6793565228662738,460.7142857142857,1,4,1600000,10.5,0.25,0.04327957302645752,109337.9421832263,2479538.3704379275,74330.24588517145,0.044096088000410906,5.852298426307672,0.0,105.07682596846139,0.0,38.44400736487198,0.0,11.31651377904899,4.54602955380128,337907.4945353054,841159.2517596422,161595104.39301252,0.0,6292237047.706551,225.73156701644996,0.0,225.73156701644996,3312.590201654354,3538.321768670804,4732.099453281533,4732.099453281533,447.12750739668024,447.12750739668024,312.98925517767617,312.98925517767617,0.03029680397773705,3.7264827891191346e-05,0.00011505338406809429,0.00011505338406809429,104.7773406982053,-104.7773406982053,67.0,-67.0,0.007708576732562317,-0.007708576732562317,0.01205498762098418,-0.01205498762098418,-0.007708576732562317,0.007708576732562317,-0.01205498762098418,0.01205498762098418,0.038005380710299366,0.022588227245174734,0.04235179159872123,0.01824181635675287,0.022588227245174734,0.038005380710299366,0.01824181635675287,0.04235179159872123,0.030296803977737048,0.03029680397773705,0.030296803977737048,0.03029680397773705,0.038005380710299366,0.04235179159872123,0.030296803977737048,0.03029680397773705,1.2544353106758983,1.3978963467513776,1.3978963467513776,0.0,0.0,0.0,0.0,0.0,0.0,0.0,0.0,0.0,0.0,0.0,0.0,0.0,0.0,0.0,0.2,54.611979166666664,10.0,240.8087270341207,33124.69617297073,4471.275073966803,4471.275073966803,1011.3966535433067,5418.196358267715,28717.896468246323,2848.0558480905443,2848.0558480905443,2848.0558480905443,1.3333333333333333,275.2099737532808,172.0062335958005,33124.69617297073,17.980384951881007,160.53915135608045,24843.522129728048,13.485288713910762,160.53915135608045,137.6049868766404,11.467082239720032,33303.215709278695,25166.618638914395,3302.7982521598706,2495.863005512171,3302.7982521598706,2495.863005512171,3302.7982521598706,D,3.532247524298168,3.7039982598995436,0.0
4,D-6.7,y,10.583333333333334,162.43750000000003,0.0,D-6.7,1,1.0927832976878737,1.357023747403367,704.8958333333333,,90,74330.24588517143,74330.24588517143,1.0,10.0,0.9448818897637795,5.415592336023881,704.8958333333333,10.583333333333334,3817.4284726951664,360.70190293182674,3817.4284726951664,360.70190293182674,3817.4284726951664,3817.4284726951664,3817.4284726951664,360.70190293182674,360.70190293182674,252.4913320522787,252.4913320522787,310.7142857142857,6,14.0,0.8126157813176785,310.7142857142857,1,6,1600000,10.5,0.25,0.04250785381317801,89805.25080077583,2479538.3704379275,74330.24588517145,0.03621853643059968,5.440372637209833,0.0,105.07682596846139,0.0,57.360674031538636,0.0,11.31651377904899,4.54602955380128,337907.4945353054,841159.2517596422,295481450.3277566,0.0,6292237047.706551,276.63601813947344,0.0,276.63601813947344,2720.812079682619,2997.448097822092,3817.4284726951664,3817.4284726951664,360.70190293182674,360.70190293182674,252.4913320522787,252.4913320522787,0.03029680397773705,3.7264827891191346e-05,0.00011505338406809429,0.00011505338406809429,104.7773406982053,-104.7773406982053,67.0,-67.0,0.007708576732562317,-0.007708576732562317,0.01205498762098418,-0.01205498762098418,-0.007708576732562317,0.007708576732562317,-0.01205498762098418,0.01205498762098418,0.038005380710299366,0.022588227245174734,0.04235179159872123,0.01824181635675287,0.022588227245174734,0.038005380710299366,0.01824181635675287,0.04235179159872123,0.030296803977737048,0.03029680397773705,0.030296803977737048,0.03029680397773705,0.038005380710299366,0.04235179159872123,0.030296803977737048,0.03029680397773705,1.2544353106758983,1.3978963467513776,1.3978963467513776,0.0,0.0,0.0,0.0,0.0,0.0,0.0,0.0,0.0,0.0,0.0,0.0,0.0,0.0,0.0,0.2,44.05598958333333,10.0,194.26263123359576,26721.99930886616,3607.0190293182673,3607.0190293182673,815.9030511811021,4370.9092027559045,23166.99315729136,2297.5530403925313,2297.5530403925313,2297.5530403925313,1.3333333333333333,222.014435695538,138.75902230971127,26721.99930886616,14.504943132108481,129.50842082239717,20041.499481649626,10.878707349081363,129.50842082239717,111.007217847769,9.250601487314086,26866.012672820667,20302.144429156186,2664.397951023537,2013.4358111559852,2664.397951023537,2013.4358111559852,2664.397951023537,D,3.532247524298168,3.7039982598995436,0.0
4,D-6.8,y,20.0,164.56250000000003,0.0,D-6.8,1,1.0927832976878737,1.357023747403367,368.5000000000001,,90,74330.24588517143,74330.24588517143,1.0,10.0,0.5,5.415592336023881,368.5000000000001,20.0,1995.6457758248007,99.78228879124003,1995.6457758248007,99.78228879124003,1995.6457758248007,1995.6457758248007,1995.6457758248007,155.3190042075129,99.78228879124003,108.72330294525902,69.84760215386802,310.7142857142857,6,14.0,0.3499140784445118,310.7142857142857,1,6,1600000,10.5,0.25,0.019970018115938293,99932.09641768195,2479538.3704379275,74330.24588517145,0.04030270215178493,7.398610833664514,0.0,105.07682596846139,0.0,59.485674031538636,0.0,11.31651377904899,4.54602955380128,337907.4945353054,841159.2517596422,328206438.17795384,0.0,6292237047.706551,296.2971388825447,0.0,296.2971388825447,2810.082945267713,3106.380084150258,3106.380084150258,3106.380084150258,155.3190042075129,155.3190042075129,108.72330294525902,108.72330294525902,0.03029680397773705,3.7264827891191346e-05,0.00011505338406809429,0.00011505338406809429,104.7773406982053,-104.7773406982053,67.0,-67.0,0.007708576732562317,-0.007708576732562317,0.01205498762098418,-0.01205498762098418,-0.007708576732562317,0.007708576732562317,-0.01205498762098418,0.01205498762098418,0.038005380710299366,0.022588227245174734,0.04235179159872123,0.01824181635675287,0.022588227245174734,0.038005380710299366,0.01824181635675287,0.04235179159872123,0.030296803977737048,0.03029680397773705,0.030296803977737048,0.03029680397773705,0.038005380710299366,0.04235179159872123,0.030296803977737048,0.03029680397773705,1.2544353106758983,1.3978963467513776,1.3978963467513776,0.0,0.0,0.0,0.0,0.0,0.0,0.0,0.0,0.0,0.0,0.0,0.0,0.0,0.0,0.0,0.2,23.031250000000007,10.0,53.73958333333335,21744.660589051804,1553.190042075129,1553.190042075129,225.70625000000004,1209.1406250000002,20761.226214051803,1064.678267387272,1064.678267387272,1064.678267387272,1.3333333333333333,61.416666666666686,38.38541666666668,21744.660589051804,4.012555555555556,35.8263888888889,16308.495441788855,3.0094166666666684,35.8263888888889,30.708333333333343,2.5590277777777786,21784.49953349625,16380.59860845552,1117.153822230577,840.0306978695139,1117.153822230577,840.0306978695139,1117.153822230577,D,3.532247524298168,3.7039982598995436,0.0
4,D-7,y,29.0,173.43750000000003,0.0,D-7,1,1.0927832976878737,1.357023747403367,2555.9791666666674,,90,74330.24588517143,74330.24588517143,1.0,10.0,0.3448275862068966,5.415592336023881,2555.9791666666674,29.0,13842.14118603671,477.3152133116107,13842.14118603671,477.3152133116107,13842.14118603671,13842.14118603671,13842.14118603671,519.0806806273603,477.3152133116107,363.3564764391522,334.12064931812745,460.7142857142857,4,17.0,0.7886807240539737,460.7142857142857,1,4,1600000,10.5,0.25,0.033339330473673295,415189.5370834541,2479538.3704379275,74330.24588517145,0.16744630453535783,28.664701889137223,0.0,105.07682596846139,0.0,68.36067403153864,0.0,11.31651377904899,4.54602955380128,337907.4945353054,841159.2517596422,2070982725.4090414,0.0,6292237047.706551,1626.9076036696292,0.0,1626.9076036696292,13426.432134523817,15053.339738193446,15053.339738193446,15053.339738193446,519.0806806273603,519.0806806273603,363.3564764391522,363.3564764391522,0.03029680397773705,3.7264827891191346e-05,0.00011505338406809429,0.00011505338406809429,104.7773406982053,-104.7773406982053,67.0,-67.0,0.007708576732562317,-0.007708576732562317,0.01205498762098418,-0.01205498762098418,-0.007708576732562317,0.007708576732562317,-0.01205498762098418,0.01205498762098418,0.038005380710299366,0.022588227245174734,0.04235179159872123,0.01824181635675287,0.022588227245174734,0.038005380710299366,0.01824181635675287,0.04235179159872123,0.030296803977737048,0.03029680397773705,0.030296803977737048,0.03029680397773705,0.038005380710299366,0.04235179159872123,0.030296803977737048,0.03029680397773705,1.2544353106758983,1.3978963467513776,1.3978963467513776,0.0,0.0,0.0,0.0,0.0,0.0,0.0,0.0,0.0,0.0,0.0,0.0,0.0,0.0,0.0,0.2,159.7486979166667,10.0,257.066870210728,105373.37816735411,5190.806806273602,5190.806806273602,1079.6808548850577,5784.00457974138,100669.05444249779,3532.2475242981677,3532.2475242981677,3532.2475242981677,1.3333333333333333,293.7907088122606,183.6191930076629,105373.37816735411,19.194326309067687,171.37791347381864,79030.0336255156,14.39574473180077,171.37791347381864,146.8953544061303,12.241279533844192,105563.95040713699,79374.94391766119,3703.9982598995434,2785.085751496884,3703.9982598995434,2785.085751496884,3703.9982598995434,D,3.532247524298168,3.7039982598995436,0.0
4,D-B--D-1.8,x,9.67,0.0,30.75,D-B,1,1.0,1.9353397501808094,1557.75,,0,74330.24588517143,74330.24588517143,1.0,10.0,1.0341261633919339,5.415592336023881,6862.586666666666,104.34,37164.97175729967,356.1910270011469,37164.97175729967,356.1910270011469,3444.3672311010905,3444.3672311010905,3444.3672311010905,356.1910270011469,356.1910270011469,249.3337189008028,249.3337189008028,310.7142857142857,6,14.0,0.8024533481864917,310.7142857142857,1,6,1600000,10.5,0.25,0.04420783421830232,77913.05075232798,2061719.718820272,74330.85062631562,0.03779032137157338,0.0,1.1192346018824266,0.0,32.65204363682291,0.0,1.9020436368229099,10.492708333333335,5.635431799928622,418886.4393352833,779931.9357904972,0.0,281871.49733808916,6292237047.706551,0.0,18.368864665087905,18.368864665087905,2850.945589717676,2869.314454382764,3444.3672311010905,3444.3672311010905,356.1910270011469,356.1910270011469,249.3337189008028,249.3337189008028,0.03659137413037945,2.7832532560133095e-05,0.00011672004517967156,0.00011672004517967156,209.85416666666669,-209.85416666666669,34.34795636317709,-34.34795636317709,0.004009095018539417,-0.004009095018539417,0.02449418781447566,-0.02449418781447566,-0.004009095018539417,0.004009095018539417,-0.02449418781447566,0.02449418781447566,0.04060046914891887,0.032582279111840036,0.061085561944855114,0.012097186315903792,0.032582279111840036,0.04060046914891887,0.012097186315903792,0.061085561944855114,0.03659137413037945,0.03659137413037945,0.03659137413037945,0.03659137413037945,0.04060046914891887,0.061085561944855114,0.03659137413037945,0.03659137413037945,1.1095639372343473,1.6693978675739243,1.6693978675739243,0.0,0.0,0.0,0.0,0.0,0.0,0.0,0.0,0.0,0.0,0.0,0.0,0.0,0.0,0.0,0.2,0.0,9.67,0.0,24110.57061770763,3561.9102700114686,3561.9102700114686,0.0,0.0,24110.57061770763,2629.287962672588,2629.287962672588,2629.287962672588,1.3333333333333333,0.0,0.0,24110.57061770763,0.0,0.0,18082.927963280727,0.0,0.0,0.0,0.0,24110.57061770763,18082.927963280727,2629.287962672588,1971.9659720044413,2629.287962672588,1971.9659720044413,2629.287962672588,C,2.779812066626728,2.779812066626728,0.0
4,D-B--D-3,x,13.5,0.0,30.75,D-B,1,1.0,1.9353397501808094,946.375,,0,74330.24588517143,74330.24588517143,1.0,10.0,0.7407407407407407,5.415592336023881,6862.586666666666,104.34,37164.97175729967,356.1910270011469,37164.97175729967,356.1910270011469,4808.5788645154835,4808.5788645154835,4808.5788645154835,356.19102700114695,356.19102700114695,249.33371890080284,249.33371890080284,310.7142857142857,6,14.0,0.8024533481864918,310.7142857142857,1,6,1600000,10.5,0.25,0.03768095039322273,127612.99315264488,2061719.718820272,74330.85062631562,0.06189638290197165,0.0,1.833182967514049,0.0,32.65204363682291,0.0,1.9020436368229099,10.492708333333335,5.635431799928622,418886.4393352833,779931.9357904972,0.0,461674.45777569636,6292237047.706551,0.0,30.08617655313263,30.08617655313263,4669.53477634598,4699.620952899113,4808.5788645154835,4808.5788645154835,356.19102700114695,356.19102700114695,249.33371890080284,249.33371890080284,0.03659137413037945,2.7832532560133095e-05,0.00011672004517967156,0.00011672004517967156,209.85416666666669,-209.85416666666669,34.34795636317709,-34.34795636317709,0.004009095018539417,-0.004009095018539417,0.02449418781447566,-0.02449418781447566,-0.004009095018539417,0.004009095018539417,-0.02449418781447566,0.02449418781447566,0.04060046914891887,0.032582279111840036,0.061085561944855114,0.012097186315903792,0.032582279111840036,0.04060046914891887,0.012097186315903792,0.061085561944855114,0.03659137413037945,0.03659137413037945,0.03659137413037945,0.03659137413037945,0.04060046914891887,0.061085561944855114,0.03659137413037945,0.03659137413037945,1.1095639372343473,1.6693978675739243,1.6693978675739243,0.0,0.0,0.0,0.0,0.0,0.0,0.0,0.0,0.0,0.0,0.0,0.0,0.0,0.0,0.0,0.2,0.0,10.0,0.0,33660.05205160838,3561.910270011469,3561.910270011469,0.0,0.0,33660.05205160838,2589.2347732006447,2589.2347732006447,2589.2347732006447,1.3333333333333333,0.0,0.0,33660.05205160838,0.0,0.0,25245.03903870629,0.0,0.0,0.0,0.0,33660.05205160838,25245.03903870629,2589.2347732006447,1941.926079900484,2589.2347732006447,1941.926079900484,2589.2347732006447,C,2.779812066626728,2.779812066626728,0.0
4,D-B--D-3.7,x,16.75,0.0,30.75,D-B,1,1.0,1.9353397501808094,926.945,,0,74330.24588517143,74330.24588517143,1.0,10.0,0.5970149253731343,5.415592336023881,6862.586666666666,104.34,37164.97175729967,356.1910270011469,37164.97175729967,356.1910270011469,5966.19970226921,5966.19970226921,5966.19970226921,377.1621960447213,356.1910270011469,264.0135372313049,249.3337189008028,310.7142857142857,6,14.0,0.8496987405145444,310.7142857142857,1,6,1600000,10.5,0.25,0.03578147920319437,166739.88429568842,2061719.718820272,74330.85062631562,0.08087417643320496,0.0,2.4854052366367947,0.0,32.65204363682291,0.0,1.9020436368229099,10.492708333333335,5.635431799928622,418886.4393352833,779931.9357904972,0.0,620606.0193224994,6292237047.706551,0.0,40.44335126797322,40.44335126797322,6277.023432481109,6317.466783749082,6317.466783749082,6317.466783749082,377.1621960447213,377.1621960447213,264.0135372313049,264.0135372313049,0.03659137413037945,2.7832532560133095e-05,0.00011672004517967156,0.00011672004517967156,209.85416666666669,-209.85416666666669,34.34795636317709,-34.34795636317709,0.004009095018539417,-0.004009095018539417,0.02449418781447566,-0.02449418781447566,-0.004009095018539417,0.004009095018539417,-0.02449418781447566,0.02449418781447566,0.04060046914891887,0.032582279111840036,0.061085561944855114,0.012097186315903792,0.032582279111840036,0.04060046914891887,0.012097186315903792,0.061085561944855114,0.03659137413037945,0.03659137413037945,0.03659137413037945,0.03659137413037945,0.04060046914891887,0.061085561944855114,0.03659137413037945,0.03659137413037945,1.1095639372343473,1.6693978675739243,1.6693978675739243,0.0,0.0,0.0,0.0,0.0,0.0,0.0,0.0,0.0,0.0,0.0,0.0,0.0,0.0,0.0,0.2,0.0,10.0,0.0,44222.267486243574,3771.6219604472135,3771.6219604472135,0.0,0.0,44222.267486243574,2721.3703068457585,2721.3703068457585,2721.3703068457585,1.3333333333333333,0.0,0.0,44222.267486243574,0.0,0.0,33166.70061468269,0.0,0.0,0.0,0.0,44222.267486243574,33166.70061468269,2721.3703068457585,2041.0277301343194,2721.3703068457585,2041.0277301343194,2721.3703068457585,C,2.779812066626728,2.779812066626728,0.0
4,D-B--D-4.5,x,22.75,0.0,30.75,D-B,1,1.0,1.9353397501808094,929.625,,0,74330.24588517143,74330.24588517143,1.0,10.0,0.43956043956043955,5.415592336023881,6862.586666666666,104.34,37164.97175729967,356.1910270011469,37164.97175729967,356.1910270011469,8103.345864276092,8103.345864276092,8103.345864276092,388.3881851330907,356.1910270011469,271.8717295931635,249.3337189008028,310.7142857142857,6,14.0,0.87498947455271,310.7142857142857,1,6,1600000,10.5,0.25,0.032953314151054965,245903.82099752087,2061719.718820272,74330.85062631562,0.11927121749518332,0.0,3.7573762936207435,0.0,32.65204363682291,0.0,1.9020436368229099,10.492708333333335,5.635431799928622,418886.4393352833,779931.9357904972,0.0,868001.403640577,6292237047.706551,0.0,56.565493365425006,56.565493365425006,8779.26571841239,8835.831211777813,8835.831211777813,8835.831211777813,388.3881851330907,388.3881851330907,271.8717295931635,271.8717295931635,0.03659137413037945,2.7832532560133095e-05,0.00011672004517967156,0.00011672004517967156,209.85416666666669,-209.85416666666669,34.34795636317709,-34.34795636317709,0.004009095018539417,-0.004009095018539417,0.02449418781447566,-0.02449418781447566,-0.004009095018539417,0.004009095018539417,-0.02449418781447566,0.02449418781447566,0.04060046914891887,0.032582279111840036,0.061085561944855114,0.012097186315903792,0.032582279111840036,0.04060046914891887,0.012097186315903792,0.061085561944855114,0.03659137413037945,0.03659137413037945,0.03659137413037945,0.03659137413037945,0.04060046914891887,0.061085561944855114,0.03659137413037945,0.03659137413037945,1.1095639372343473,1.6693978675739243,1.6693978675739243,0.0,0.0,0.0,0.0,0.0,0.0,0.0,0.0,0.0,0.0,0.0,0.0,0.0,0.0,0.0,0.2,0.0,10.0,0.0,61850.818482444694,3883.8818513309066,3883.8818513309066,0.0,0.0,61850.818482444694,2779.8120666267278,2779.8120666267278,2779.8120666267278,1.3333333333333333,0.0,0.0,61850.818482444694,0.0,0.0,46388.11386183352,0.0,0.0,0.0,0.0,61850.818482444694,46388.11386183352,2779.8120666267278,2084.859049970046,2779.8120666267278,2084.859049970046,2779.8120666267278,C,2.779812066626728,2.779812066626728,0.0
4,D-B--D-5.8,x,18.25,0.0,30.75,D-B,1,1.0,1.9353397501808094,770.5,,0,74330.24588517143,74330.24588517143,1.0,10.0,0.547945205479452,5.415592336023881,6862.586666666666,104.34,37164.97175729967,356.1910270011469,37164.97175729967,356.1910270011469,6500.48624277093,6500.48624277093,6500.48624277093,381.1566429794276,356.1910270011469,266.8096500855993,249.3337189008028,310.7142857142857,6,14.0,0.858697724413423,310.7142857142857,1,6,1600000,10.5,0.25,0.03493220209728475,186088.64750831746,2061719.718820272,74330.85062631562,0.09025894538894863,0.0,2.796507822507344,0.0,32.65204363682291,0.0,1.9020436368229099,10.492708333333335,5.635431799928622,418886.4393352833,779931.9357904972,0.0,683343.9888785213,6292237047.706551,0.0,44.531828758674244,44.531828758674244,6911.57690561588,6956.108734374554,6956.108734374554,6956.108734374554,381.1566429794276,381.1566429794276,266.8096500855993,266.8096500855993,0.03659137413037945,2.7832532560133095e-05,0.00011672004517967156,0.00011672004517967156,209.85416666666669,-209.85416666666669,34.34795636317709,-34.34795636317709,0.004009095018539417,-0.004009095018539417,0.02449418781447566,-0.02449418781447566,-0.004009095018539417,0.004009095018539417,-0.02449418781447566,0.02449418781447566,0.04060046914891887,0.032582279111840036,0.061085561944855114,0.012097186315903792,0.032582279111840036,0.04060046914891887,0.012097186315903792,0.061085561944855114,0.03659137413037945,0.03659137413037945,0.03659137413037945,0.03659137413037945,0.04060046914891887,0.061085561944855114,0.03659137413037945,0.03659137413037945,1.1095639372343473,1.6693978675739243,1.6693978675739243,0.0,0.0,0.0,0.0,0.0,0.0,0.0,0.0,0.0,0.0,0.0,0.0,0.0,0.0,0.0,0.2,0.0,10.0,0.0,48692.76114062188,3811.5664297942762,3811.5664297942762,0.0,0.0,48692.76114062188,2743.25414876743,2743.25414876743,2743.25414876743,1.3333333333333333,0.0,0.0,48692.76114062188,0.0,0.0,36519.57085546641,0.0,0.0,0.0,0.0,48692.76114062188,36519.57085546641,2743.25414876743,2057.4406115755723,2743.25414876743,2057.4406115755723,2743.25414876743,C,2.779812066626728,2.779812066626728,0.0
4,D-B--D-6.5,x,8.75,0.0,30.75,D-B,1,1.0,1.9353397501808094,617.5166666666665,,0,74330.24588517143,74330.24588517143,1.0,10.0,1.1428571428571428,5.415592336023881,6862.586666666666,104.34,37164.97175729967,356.1910270011469,37164.97175729967,356.1910270011469,3116.671486260035,3116.671486260035,3116.671486260035,356.1910270011469,356.1910270011469,249.3337189008028,249.3337189008028,310.7142857142857,6,14.0,0.8024533481864917,310.7142857142857,1,6,1600000,10.5,0.25,0.04662674946209161,66842.99296467032,2061719.718820272,74330.85062631562,0.032420989310282325,0.0,0.9602112854913113,0.0,32.65204363682291,0.0,1.9020436368229099,10.492708333333335,5.635431799928622,418886.4393352833,779931.9357904972,0.0,241822.5744157249,6292237047.706551,0.0,15.758975931779506,15.758975931779506,2445.876963564574,2461.6359394963533,3116.671486260035,3116.671486260035,356.1910270011469,356.1910270011469,249.3337189008028,249.3337189008028,0.03659137413037945,2.7832532560133095e-05,0.00011672004517967156,0.00011672004517967156,209.85416666666669,-209.85416666666669,34.34795636317709,-34.34795636317709,0.004009095018539417,-0.004009095018539417,0.02449418781447566,-0.02449418781447566,-0.004009095018539417,0.004009095018539417,-0.02449418781447566,0.02449418781447566,0.04060046914891887,0.032582279111840036,0.061085561944855114,0.012097186315903792,0.032582279111840036,0.04060046914891887,0.012097186315903792,0.061085561944855114,0.03659137413037945,0.03659137413037945,0.03659137413037945,0.03659137413037945,0.04060046914891887,0.061085561944855114,0.03659137413037945,0.03659137413037945,1.1095639372343473,1.6693978675739243,1.6693978675739243,0.0,0.0,0.0,0.0,0.0,0.0,0.0,0.0,0.0,0.0,0.0,0.0,0.0,0.0,0.0,0.2,0.0,8.75,0.0,21816.700403820247,3561.9102700114686,3561.9102700114686,0.0,0.0,21816.700403820247,2644.4485337963933,2644.4485337963933,2644.4485337963933,1.3333333333333333,0.0,0.0,21816.700403820247,0.0,0.0,16362.525302865186,0.0,0.0,0.0,0.0,21816.700403820247,16362.525302865186,2644.4485337963933,1983.3364003472952,2644.4485337963933,1983.3364003472952,2644.4485337963933,A,2.7286985671960298,2.7286985671960298,0.0
4,D-B--D-7.2,x,14.67,0.0,30.75,D-B,1,1.0,1.9353397501808094,1113.875,,0,74330.24588517143,74330.24588517143,1.0,10.0,0.6816632583503749,5.415592336023881,6862.586666666666,104.34,37164.97175729967,356.1910270011469,37164.97175729967,356.1910270011469,5225.322366106825,5225.322366106825,5225.322366106825,360.7010631256459,356.1910270011469,252.4907441879521,249.3337189008028,310.7142857142857,6,14.0,0.8126138893405355,310.7142857142857,1,6,1600000,10.5,0.25,0.03664732029843185,142584.02315790651,2061719.718820272,74330.85062631562,0.06915781124676536,0.0,2.0640514483117647,0.0,32.65204363682291,0.0,1.9020436368229099,10.492708333333335,5.635431799928622,418886.4393352833,779931.9357904972,0.0,519817.08869612426,6292237047.706551,0.0,33.87518725033155,33.87518725033155,5257.609408802893,5291.484596053225,5291.484596053225,5291.484596053225,360.7010631256459,360.7010631256459,252.4907441879521,252.4907441879521,0.03659137413037945,2.7832532560133095e-05,0.00011672004517967156,0.00011672004517967156,209.85416666666669,-209.85416666666669,34.34795636317709,-34.34795636317709,0.004009095018539417,-0.004009095018539417,0.02449418781447566,-0.02449418781447566,-0.004009095018539417,0.004009095018539417,-0.02449418781447566,0.02449418781447566,0.04060046914891887,0.032582279111840036,0.061085561944855114,0.012097186315903792,0.032582279111840036,0.04060046914891887,0.012097186315903792,0.061085561944855114,0.03659137413037945,0.03659137413037945,0.03659137413037945,0.03659137413037945,0.04060046914891887,0.061085561944855114,0.03659137413037945,0.03659137413037945,1.1095639372343473,1.6693978675739243,1.6693978675739243,0.0,0.0,0.0,0.0,0.0,0.0,0.0,0.0,0.0,0.0,0.0,0.0,0.0,0.0,0.0,0.2,0.0,10.0,0.0,37040.39217237257,3607.010631256459,3607.010631256459,0.0,0.0,37040.39217237257,2614.000859024176,2614.000859024176,2614.000859024176,1.3333333333333333,0.0,0.0,37040.39217237257,0.0,0.0,27780.29412927943,0.0,0.0,0.0,0.0,37040.39217237257,27780.29412927943,2614.000859024176,1960.500644268132,2614.000859024176,1960.500644268132,2614.000859024176,A,2.7286985671960298,2.7286985671960298,0.0
4,D-C--D-1.2,x,23.5,0.0,30.75,D-C,1,1.0,1.9353397501808094,1239.5,,0,74330.24588517143,74330.24588517143,1.0,10.0,0.425531914893617,5.415592336023881,6862.754166666667,107.0,37165.878869015956,347.3446623272519,37165.878869015956,347.3446623272519,8162.59956469042,8162.59956469042,8162.59956469042,381.52016441038717,347.3446623272519,267.064115087271,243.14126362907632,310.7142857142857,6,14.0,0.8595166922348951,310.7142857142857,1,6,1600000,10.5,0.25,0.032219023910632444,253347.20217879475,2061719.718820272,74330.85062631562,0.12288149541672982,0.0,3.892088260071851,0.0,32.65204363682291,0.0,1.9020436368229099,10.492708333333335,5.635431799928622,418886.4393352833,779931.9357904972,0.0,880761.6071166511,6292237047.706551,0.0,57.39704410029712,57.39704410029712,8908.326819543801,8965.723863644098,8965.723863644098,8965.723863644098,381.52016441038717,381.52016441038717,267.064115087271,267.064115087271,0.03659137413037945,2.7832532560133095e-05,0.00011672004517967156,0.00011672004517967156,209.85416666666669,-209.85416666666669,34.34795636317709,-34.34795636317709,0.004009095018539417,-0.004009095018539417,0.02449418781447566,-0.02449418781447566,-0.004009095018539417,0.004009095018539417,-0.02449418781447566,0.02449418781447566,0.04060046914891887,0.032582279111840036,0.061085561944855114,0.012097186315903792,0.032582279111840036,0.04060046914891887,0.012097186315903792,0.061085561944855114,0.03659137413037945,0.03659137413037945,0.03659137413037945,0.03659137413037945,0.04060046914891887,0.061085561944855114,0.03659137413037945,0.03659137413037945,1.1095639372343473,1.6693978675739243,1.6693978675739243,0.0,0.0,0.0,0.0,0.0,0.0,0.0,0.0,0.0,0.0,0.0,0.0,0.0,0.0,0.0,0.2,0.0,10.0,0.0,62760.06704550869,3815.2016441038713,3815.2016441038713,0.0,0.0,62760.06704550869,2728.6985671960297,2728.6985671960297,2728.6985671960297,1.3333333333333333,0.0,0.0,62760.06704550869,0.0,0.0,47070.05028413151,0.0,0.0,0.0,0.0,62760.06704550869,47070.05028413151,2728.6985671960297,2046.5239253970221,2728.6985671960297,2046.5239253970221,2728.6985671960297,A,2.7286985671960298,2.7286985671960298,0.0
4,D-C--D-1.8,x,10.25,0.0,30.75,D-C,1,1.0,1.9353397501808094,725.61,,0,74330.24588517143,74330.24588517143,1.0,10.0,0.975609756097561,5.415592336023881,6862.754166666667,107.0,37165.878869015956,347.3446623272519,37165.878869015956,347.3446623272519,3560.282788854332,3560.282788854332,3560.282788854332,347.3446623272519,347.3446623272519,243.14126362907632,243.14126362907632,310.7142857142857,6,14.0,0.7825236070820847,310.7142857142857,1,6,1600000,10.5,0.25,0.042345214268713696,84077.57170058314,2061719.718820272,74330.85062631562,0.04078031118055796,0.0,1.2077890235447062,0.0,32.65204363682291,0.0,1.9020436368229099,10.492708333333335,5.635431799928622,418886.4393352833,779931.9357904972,0.0,304173.3162667336,6292237047.706551,0.0,19.822218755708146,19.822218755708146,3076.5138820698417,3096.3361008255497,3560.282788854332,3560.282788854332,347.3446623272519,347.3446623272519,243.14126362907632,243.14126362907632,0.03659137413037945,2.7832532560133095e-05,0.00011672004517967156,0.00011672004517967156,209.85416666666669,-209.85416666666669,34.34795636317709,-34.34795636317709,0.004009095018539417,-0.004009095018539417,0.02449418781447566,-0.02449418781447566,-0.004009095018539417,0.004009095018539417,-0.02449418781447566,0.02449418781447566,0.04060046914891887,0.032582279111840036,0.061085561944855114,0.012097186315903792,0.032582279111840036,0.04060046914891887,0.012097186315903792,0.061085561944855114,0.03659137413037945,0.03659137413037945,0.03659137413037945,0.03659137413037945,0.04060046914891887,0.061085561944855114,0.03659137413037945,0.03659137413037945,1.1095639372343473,1.6693978675739243,1.6693978675739243,0.0,0.0,0.0,0.0,0.0,0.0,0.0,0.0,0.0,0.0,0.0,0.0,0.0,0.0,0.0,0.2,0.0,10.0,0.0,24921.979521980324,3473.446623272519,3473.446623272519,0.0,0.0,24921.979521980324,2556.1004637928536,2556.1004637928536,2556.1004637928536,1.3333333333333333,0.0,0.0,24921.979521980324,0.0,0.0,18691.484641485244,0.0,0.0,0.0,0.0,24921.979521980324,18691.484641485244,2556.1004637928536,1917.0753478446404,2556.1004637928536,1917.0753478446404,2556.1004637928536,A,2.7286985671960298,2.7286985671960298,0.0
4,D-C--D-3.2,x,9.25,0.0,36.25,D-C,1,1.0,1.9353397501808094,536.0,,0,74330.24588517143,74330.24588517143,1.0,10.0,1.0810810810810811,5.415592336023881,6862.754166666667,107.0,37165.878869015956,347.3446623272519,37165.878869015956,347.3446623272519,3212.9381265270804,3212.9381265270804,3212.9381265270804,347.3446623272519,347.3446623272519,243.14126362907632,243.14126362907632,310.7142857142857,6,14.0,0.7825236070820847,310.7142857142857,1,6,1600000,10.5,0.25,0.0446879101334958,71897.25625855177,2061719.718820272,74330.85062631562,0.0348724686494689,0.0,1.217548097188005,0.0,32.65204363682291,0.0,3.59795636317709,10.492708333333335,7.331344526282805,544945.0748731839,779931.9357904972,0.0,930730.8318476678,6292237047.706551,0.0,32.064157804415494,32.064157804415494,2630.8194027044337,2662.8835605088493,3212.9381265270804,3212.9381265270804,347.3446623272519,347.3446623272519,243.14126362907632,243.14126362907632,0.03659137413037945,4.6697729585766595e-05,0.00011672004517967156,0.00011672004517967156,209.85416666666669,-209.85416666666669,34.34795636317709,-34.34795636317709,0.004009095018539417,-0.004009095018539417,0.02449418781447566,-0.02449418781447566,-0.004009095018539417,0.004009095018539417,-0.02449418781447566,0.02449418781447566,0.04060046914891887,0.032582279111840036,0.061085561944855114,0.012097186315903792,0.032582279111840036,0.04060046914891887,0.012097186315903792,0.061085561944855114,0.03659137413037945,0.03659137413037945,0.03659137413037945,0.03659137413037945,0.04060046914891887,0.061085561944855114,0.03659137413037945,0.03659137413037945,1.1095639372343473,1.6693978675739243,1.6693978675739243,0.0,0.0,0.0,0.0,0.0,0.0,0.0,0.0,0.0,0.0,0.0,0.0,0.0,0.0,0.0,0.2,0.0,9.25,0.0,22490.566885689557,3473.4466232725194,3473.4466232725194,0.0,0.0,22490.566885689557,2570.3505012216638,2570.3505012216638,2570.3505012216638,1.3333333333333333,0.0,0.0,22490.566885689557,0.0,0.0,16867.925164267173,0.0,0.0,0.0,0.0,22490.566885689557,16867.925164267173,2570.3505012216638,1927.7628759162483,2570.3505012216638,1927.7628759162483,2570.3505012216638,A,2.7286985671960298,2.7286985671960298,0.0
4,D-C--D-3.6,x,6.75,0.0,36.25,D-C,1,1.0,1.9353397501808094,390.61,,0,74330.24588517143,74330.24588517143,1.0,10.0,1.4814814814814814,5.415592336023881,6862.754166666667,107.0,37165.878869015956,347.3446623272519,37165.878869015956,347.3446623272519,2344.57647070895,2344.57647070895,2344.57647070895,347.34466232725185,347.34466232725185,243.1412636290763,243.1412636290763,310.7142857142857,6,14.0,0.7825236070820846,310.7142857142857,1,6,1600000,10.5,0.25,0.05358147776831673,43757.21925488442,2061719.718820272,74330.85062631562,0.021223650749153503,0.0,0.7410090706442767,0.0,32.65204363682291,0.0,3.59795636317709,10.492708333333335,7.331344526282805,544945.0748731839,779931.9357904972,0.0,566449.892468535,6292237047.706551,0.0,19.514491321136312,19.514491321136312,1601.1367806605197,1620.651271981656,2344.57647070895,2344.57647070895,347.34466232725185,347.34466232725185,243.1412636290763,243.1412636290763,0.03659137413037945,4.6697729585766595e-05,0.00011672004517967156,0.00011672004517967156,209.85416666666669,-209.85416666666669,34.34795636317709,-34.34795636317709,0.004009095018539417,-0.004009095018539417,0.02449418781447566,-0.02449418781447566,-0.004009095018539417,0.004009095018539417,-0.02449418781447566,0.02449418781447566,0.04060046914891887,0.032582279111840036,0.061085561944855114,0.012097186315903792,0.032582279111840036,0.04060046914891887,0.012097186315903792,0.061085561944855114,0.03659137413037945,0.03659137413037945,0.03659137413037945,0.03659137413037945,0.04060046914891887,0.061085561944855114,0.03659137413037945,0.03659137413037945,1.1095639372343473,1.6693978675739243,1.6693978675739243,0.0,0.0,0.0,0.0,0.0,0.0,0.0,0.0,0.0,0.0,0.0,0.0,0.0,0.0,0.0,0.2,0.0,6.75,0.0,16412.03529496265,3473.446623272519,3473.446623272519,0.0,0.0,16412.03529496265,2625.925647194024,2625.925647194024,2625.925647194024,1.3333333333333333,0.0,0.0,16412.03529496265,0.0,0.0,12309.026471221989,0.0,0.0,0.0,0.0,16412.03529496265,12309.026471221989,2625.925647194024,1969.4442353955183,2625.925647194024,1969.4442353955183,2625.925647194024,B,2.741961770372975,2.741961770372975,0.0
4,D-C--D-3.9,x,28.75,0.0,36.25,D-C,1,1.0,1.9353397501808094,1127.9450000000002,,0,74330.24588517143,74330.24588517143,1.0,10.0,0.34782608695652173,5.415592336023881,6862.754166666667,107.0,37165.878869015956,347.3446623272519,37165.878869015956,347.3446623272519,9986.159041908493,9986.159041908493,9986.159041908493,384.89649695918786,347.3446623272519,269.4275478714315,243.14126362907632,310.7142857142857,6,14.0,0.867123142574722,310.7142857142857,1,6,1600000,10.5,0.25,0.03068814068781803,325407.7574622369,2061719.718820272,74330.85062631562,0.15783316931577737,0.0,5.9543919148296895,0.0,32.65204363682291,0.0,3.59795636317709,10.492708333333335,7.331344526282805,544945.0748731839,779931.9357904972,0.0,3867708.472294849,6292237047.706551,0.0,133.2445542294383,133.2445542294383,10932.529733347212,11065.77428757665,11065.77428757665,11065.77428757665,384.89649695918786,384.89649695918786,269.4275478714315,269.4275478714315,0.03659137413037945,4.6697729585766595e-05,0.00011672004517967156,0.00011672004517967156,209.85416666666669,-209.85416666666669,34.34795636317709,-34.34795636317709,0.004009095018539417,-0.004009095018539417,0.02449418781447566,-0.02449418781447566,-0.004009095018539417,0.004009095018539417,-0.02449418781447566,0.02449418781447566,0.04060046914891887,0.032582279111840036,0.061085561944855114,0.012097186315903792,0.032582279111840036,0.04060046914891887,0.012097186315903792,0.061085561944855114,0.03659137413037945,0.03659137413037945,0.03659137413037945,0.03659137413037945,0.04060046914891887,0.061085561944855114,0.03659137413037945,0.03659137413037945,1.1095639372343473,1.6693978675739243,1.6693978675739243,0.0,0.0,0.0,0.0,0.0,0.0,0.0,0.0,0.0,0.0,0.0,0.0,0.0,0.0,0.0,0.2,0.0,10.0,0.0,77460.42001303655,3848.9649695918783,3848.9649695918783,0.0,0.0,77460.42001303655,2741.961770372975,2741.961770372975,2741.961770372975,1.3333333333333333,0.0,0.0,77460.42001303655,0.0,0.0,58095.31500977742,0.0,0.0,0.0,0.0,77460.42001303655,58095.31500977742,2741.961770372975,2056.471327779732,2741.961770372975,2056.471327779732,2741.961770372975,B,2.741961770372975,2.741961770372975,0.0
4,D-C--D-5.2,x,14.0,0.0,36.25,D-C,1,1.0,1.9353397501808094,1134.5891666666666,,0,74330.24588517143,74330.24588517143,1.0,10.0,0.7142857142857143,5.415592336023881,6862.754166666667,107.0,37165.878869015956,347.3446623272519,37165.878869015956,347.3446623272519,4862.825272581526,4862.825272581526,4862.825272581526,352.0649822590434,347.3446623272519,246.44548758133035,243.14126362907632,310.7142857142857,6,14.0,0.7931578910663506,310.7142857142857,1,6,1600000,10.5,0.25,0.03683511794132356,132016.0092965565,2061719.718820272,74330.85062631562,0.06403198654572544,0.0,2.253641420264585,0.0,32.65204363682291,0.0,3.59795636317709,10.492708333333335,7.331344526282805,544945.0748731839,779931.9357904972,0.0,1722752.1102563315,6292237047.706551,0.0,59.34969986058191,59.34969986058191,4869.560051766026,4928.909751626607,4928.909751626607,4928.909751626607,352.0649822590434,352.0649822590434,246.44548758133035,246.44548758133035,0.03659137413037945,4.6697729585766595e-05,0.00011672004517967156,0.00011672004517967156,209.85416666666669,-209.85416666666669,34.34795636317709,-34.34795636317709,0.004009095018539417,-0.004009095018539417,0.02449418781447566,-0.02449418781447566,-0.004009095018539417,0.004009095018539417,-0.02449418781447566,0.02449418781447566,0.04060046914891887,0.032582279111840036,0.061085561944855114,0.012097186315903792,0.032582279111840036,0.04060046914891887,0.012097186315903792,0.061085561944855114,0.03659137413037945,0.03659137413037945,0.03659137413037945,0.03659137413037945,0.04060046914891887,0.061085561944855114,0.03659137413037945,0.03659137413037945,1.1095639372343473,1.6693978675739243,1.6693978675739243,0.0,0.0,0.0,0.0,0.0,0.0,0.0,0.0,0.0,0.0,0.0,0.0,0.0,0.0,0.0,0.2,0.0,10.0,0.0,34502.36826138625,3520.649822590434,3520.649822590434,0.0,0.0,34502.36826138625,2555.730982324907,2555.730982324907,2555.730982324907,1.3333333333333333,0.0,0.0,34502.36826138625,0.0,0.0,25876.77619603969,0.0,0.0,0.0,0.0,34502.36826138625,25876.77619603969,2555.730982324907,1916.7982367436807,2555.730982324907,1916.7982367436807,2555.730982324907,B,2.741961770372975,2.741961770372975,0.0
4,D-C--D-6.7,x,14.5,0.0,36.25,D-C,1,1.0,1.9353397501808094,1708.5,,0,74330.24588517143,74330.24588517143,1.0,10.0,0.6896551724137931,5.415592336023881,6862.754166666667,107.0,37165.878869015956,347.3446623272519,37165.878869015956,347.3446623272519,5036.497603745152,5036.497603745152,5036.497603745152,357.4161928412877,347.3446623272519,250.19133498890136,243.14126362907632,310.7142857142857,6,14.0,0.8052134919183032,310.7142857142857,1,6,1600000,10.5,0.25,0.03662073997575067,137531.28983958802,2061719.718820272,74330.85062631562,0.06670707399465735,0.0,2.3696061943153626,0.0,32.65204363682291,0.0,3.59795636317709,10.492708333333335,7.331344526282805,544945.0748731839,779931.9357904972,0.0,1811399.113907836,6292237047.706551,0.0,62.40363491539016,62.40363491539016,5120.1311612832815,5182.534796198672,5182.534796198672,5182.534796198672,357.4161928412877,357.4161928412877,250.19133498890136,250.19133498890136,0.03659137413037945,4.6697729585766595e-05,0.00011672004517967156,0.00011672004517967156,209.85416666666669,-209.85416666666669,34.34795636317709,-34.34795636317709,0.004009095018539417,-0.004009095018539417,0.02449418781447566,-0.02449418781447566,-0.004009095018539417,0.004009095018539417,-0.02449418781447566,0.02449418781447566,0.04060046914891887,0.032582279111840036,0.061085561944855114,0.012097186315903792,0.032582279111840036,0.04060046914891887,0.012097186315903792,0.061085561944855114,0.03659137413037945,0.03659137413037945,0.03659137413037945,0.03659137413037945,0.04060046914891887,0.061085561944855114,0.03659137413037945,0.03659137413037945,1.1095639372343473,1.6693978675739243,1.6693978675739243,0.0,0.0,0.0,0.0,0.0,0.0,0.0,0.0,0.0,0.0,0.0,0.0,0.0,0.0,0.0,0.2,0.0,10.0,0.0,36277.7435733907,3574.161928412877,3574.161928412877,0.0,0.0,36277.7435733907,2591.2673980993354,2591.2673980993354,2591.2673980993354,1.3333333333333333,0.0,0.0,36277.7435733907,0.0,0.0,27208.307680043028,0.0,0.0,0.0,0.0,36277.7435733907,27208.307680043028,2591.2673980993354,1943.450548574502,2591.2673980993354,1943.450548574502,2591.2673980993354,B,2.741961770372975,2.741961770372975,0.0
3,D-2,y,29.0,35.104166666666664,0.0,D-2,2,1.0,1.123918356730734,2843.1041666666665,,90,83984.09457804382,93890.26684015908,1.1179529565912003,10.5,0.3620689655172414,6.118957545860806,2843.1041666666665,29.0,17396.8336942933,599.8908170445965,32793.92682981086,1130.8250630969262,17396.8336942933,32793.92682981086,32793.92682981086,1253.35531956713,1130.8250630969262,877.348723696991,791.5775441678483,921.4285714285714,4,17.0,0.9521614055626259,921.4285714285714,2,4,1600000,10.5,0.25,0.041783950886171234,784845.0453895277,3647470.598368718,158314.34046321528,0.21517515336259024,7.71754361130742,0.0,101.5258514570726,0.0,66.42168479040595,0.0,7.091476457072602,3.7651264950479595,596073.5178240951,1122682.4182118676,3357388166.6826615,0.0,9503070540.022505,3170.498431385456,0.0,3170.498431385456,33176.805836061314,36347.30426744677,36347.30426744677,20868.506756496554,719.6036812585019,804.4830630368539,503.7225768809513,563.1381441257977,0.0435966170050162,5.174584159964909e-05,0.00010953863207621481,0.00010953863207621481,108.32831520959408,-108.32831520959408,67.0,-67.0,0.007339088349106392,-0.007339088349106392,0.011866135463179951,-0.011866135463179951,-0.007339088349106392,0.007339088349106392,-0.011866135463179951,0.011866135463179951,0.05093570535412259,0.03625752865590981,0.05546275246819615,0.03173048154183625,0.03625752865590981,0.05093570535412259,0.03173048154183625,0.05546275246819615,0.0435966170050162,0.0435966170050162,0.0435966170050162,0.0435966170050162,0.05093570535412259,0.05546275246819615,0.0435966170050162,0.0435966170050162,1.1683407762639464,1.2721801891604259,1.2721801891604259,0.013299813027279148,0.012707119302782413,0.013892506751775884,0.013892506751775884,0.012707119302782413,0.012761903226730265,0.013837722827828032,0.013837722827828032,0.012761903226730265,0.013892506751775884,0.013837722827828032,0.013299813027279148,0.013299813027279148,0.05319925210911659,0.05319925210911659,0.21,355.3880208333333,10.5,571.8887691570881,267152.68636573374,13160.230855454865,18497.747238541146,2648.1309455818964,14186.415779903018,255614.40153141262,8968.92636952325,12403.523495876823,12403.523495876823,1.3333333333333333,653.5871647509578,408.49197796934857,267152.68636573374,42.70102809706257,381.2591794380587,200364.51477430033,32.025771072796935,381.2591794380587,326.7935823754789,27.232798531289905,267576.64657326887,201131.82610571798,9388.654265728732,7057.257056340982,13205.33997745458,9935.5376971798,13205.33997745458,E,12.403523495876824,13.20533997745458,5352.434751076706
3,D-2.8,y,29.0,54.35416666666667,0.0,D-2.8,1,1.0,1.123918356730734,940.0937500000002,,90,83984.09457804382,93890.26684015908,1.1179529565912003,10.5,0.3620689655172414,6.118957545860806,940.0937500000002,29.0,5752.393745379084,198.35840501307186,10843.558253023035,373.9158018283805,5752.393745379084,10843.558253023035,10843.558253023035,500.7033550318843,373.9158018283805,350.492348522319,261.74106127986636,460.7142857142857,4,17.0,0.7607585859399172,310.7142857142857,1,6,1600000,10.5,0.25,0.03410773967597216,317920.75218229677,3647470.598368718,158314.34046321528,0.0871619780360896,4.820522213601627,0.0,101.5258514570726,0.0,47.17168479040593,0.0,7.091476457072602,3.7651264950479595,596073.5178240951,1122682.4182118676,694018342.8522749,0.0,9503070540.022505,922.837928595495,0.0,922.837928595495,13597.559367329151,14520.397295924646,14520.397295924646,7757.89196340025,267.5135159793189,299.0675261171869,187.25946118552324,209.34726828203083,0.0435966170050162,5.174584159964909e-05,0.00010953863207621481,0.00010953863207621481,108.32831520959408,-108.32831520959408,67.0,-67.0,0.007339088349106392,-0.007339088349106392,0.011866135463179951,-0.011866135463179951,-0.007339088349106392,0.007339088349106392,-0.011866135463179951,0.011866135463179951,0.05093570535412259,0.03625752865590981,0.05546275246819615,0.03173048154183625,0.03625752865590981,0.05093570535412259,0.03173048154183625,0.05546275246819615,0.0435966170050162,0.0435966170050162,0.0435966170050162,0.0435966170050162,0.05093570535412259,0.05546275246819615,0.0435966170050162,0.0435966170050162,1.1683407762639464,1.2721801891604259,1.2721801891604259,0.013299813027279148,0.012707119302782413,0.013892506751775884,0.013892506751775884,0.012707119302782413,0.012761903226730265,0.013837722827828032,0.013837722827828032,0.012761903226730265,0.013892506751775884,0.013837722827828032,0.013299813027279148,0.013299813027279148,0.05319925210911659,0.05319925210911659,0.21,235.02343750000006,10.5,378.1986350574713,106724.92012504613,5257.385227834786,7589.2836183604395,1751.2487796336206,9381.689890894397,99094.47901378536,3476.9992636415914,4895.122151575593,4895.122151575593,1.3333333333333333,432.2270114942529,270.14188218390814,106724.92012504613,28.238831417624517,252.13242337164752,80043.69009378462,21.179123563218397,252.13242337164752,216.11350574712642,18.00945881226054,107005.2913798354,80551.12460527886,3754.5716273626454,2826.35524930803,5425.375437273524,4089.8846355272344,5425.375437273524,E,12.403523495876824,13.20533997745458,0.0
3,D-3.2,y,20.0,63.16666666666668,0.0,D-3.2,1,1.0,1.123918356730734,1298.1250000000002,,90,83984.09457804382,93890.26684015908,1.1179529565912003,10.5,0.525,6.118957545860806,1298.1250000000002,20.0,7943.17176422056,397.158588211028,14973.287565421562,748.6643782710781,7943.17176422056,14973.287565421562,14973.287565421562,748.6643782710781,748.6643782710781,524.0650647897546,524.0650647897546,600.0,3,19.0,0.873441774649591,600.0,1,3,1600000,10.5,0.25,0.04713505328264103,317667.7763709232,3647470.598368718,158314.34046321528,0.08709262153147879,5.170493638569693,0.0,101.5258514570726,0.0,38.359184790405926,0.0,7.091476457072602,3.7651264950479595,596073.5178240951,1122682.4182118676,467424961.538415,0.0,9503070540.022505,764.3256011705193,0.0,764.3256011705193,13849.240381278274,14613.565982448794,14973.287565421562,7822.993805217918,391.1496902608959,437.2869526969008,273.8047831826271,306.10086688783053,0.0435966170050162,5.174584159964909e-05,0.00010953863207621481,0.00010953863207621481,108.32831520959408,-108.32831520959408,67.0,-67.0,0.007339088349106392,-0.007339088349106392,0.011866135463179951,-0.011866135463179951,-0.007339088349106392,0.007339088349106392,-0.011866135463179951,0.011866135463179951,0.05093570535412259,0.03625752865590981,0.05546275246819615,0.03173048154183625,0.03625752865590981,0.05093570535412259,0.03173048154183625,0.05546275246819615,0.0435966170050162,0.0435966170050162,0.0435966170050162,0.0435966170050162,0.05093570535412259,0.05546275246819615,0.0435966170050162,0.0435966170050162,1.1683407762639464,1.2721801891604259,1.2721801891604259,0.013299813027279148,0.012707119302782413,0.013892506751775884,0.013892506751775884,0.012707119302782413,0.012761903226730265,0.013837722827828032,0.013837722827828032,0.012761903226730265,0.013892506751775884,0.013837722827828032,0.013299813027279148,0.013299813027279148,0.05319925210911659,0.05319925210911659,0.21,324.53125000000006,10.5,757.2395833333335,110053.66360584847,7860.97597184632,11436.122851948143,3506.3978906250004,18784.274414062504,94775.78708241097,4860.296773456973,6716.4286681454605,6716.4286681454605,1.3333333333333333,865.4166666666667,540.8854166666667,110053.66360584847,56.54055555555556,504.82638888888897,82540.24770438636,42.40541666666668,504.82638888888897,432.7083333333333,36.059027777777786,110615.03055029293,83556.24687105302,5672.5656692457915,4284.935736977078,8268.125836726302,6262.1173476301965,8268.125836726302,E,12.403523495876824,13.20533997745458,0.0
3,D-4,y,29.0,93.10416666666669,0.0,D-4,1,1.0,1.123918356730734,1829.2395833333335,,90,83984.09457804382,93890.26684015908,1.1179529565912003,10.5,0.3620689655172414,6.118957545860806,1829.2395833333335,29.0,11193.039351624779,385.9668741939579,21099.455219876298,727.5674213750448,11193.039351624779,21099.455219876298,21099.455219876298,760.7177350718639,727.5674213750448,532.5024145503047,509.2971949625313,600.0,3,19.0,0.8875040242505079,600.0,1,3,1600000,10.5,0.25,0.04378117327693458,481929.87169195426,3647470.598368718,158314.34046321528,0.13212714364510325,11.994390618184124,0.0,101.5258514570726,0.0,8.42168479040592,0.0,7.091476457072602,3.7651264950479595,596073.5178240951,1122682.4182118676,35459789.27618435,0.0,9503070540.022505,264.10282245855547,0.0,264.10282245855547,21796.711494625495,22060.814317084052,22060.814317084052,11157.348141408223,384.7361428071801,430.11690835878125,269.31529996502604,301.0818358511469,0.0435966170050162,5.174584159964909e-05,0.00010953863207621481,0.00010953863207621481,108.32831520959408,-108.32831520959408,67.0,-67.0,0.007339088349106392,-0.007339088349106392,0.011866135463179951,-0.011866135463179951,-0.007339088349106392,0.007339088349106392,-0.011866135463179951,0.011866135463179951,0.05093570535412259,0.03625752865590981,0.05546275246819615,0.03173048154183625,0.03625752865590981,0.05093570535412259,0.03173048154183625,0.05546275246819615,0.0435966170050162,0.0435966170050162,0.0435966170050162,0.0435966170050162,0.05093570535412259,0.05546275246819615,0.0435966170050162,0.0435966170050162,1.1683407762639464,1.2721801891604259,1.2721801891604259,0.013299813027279148,0.012707119302782413,0.013892506751775884,0.013892506751775884,0.012707119302782413,0.012761903226730265,0.013837722827828032,0.013837722827828032,0.012761903226730265,0.013892506751775884,0.013837722827828032,0.013299813027279148,0.013299813027279148,0.05319925210911659,0.05319925210911659,0.21,114.32747395833334,10.5,183.97524545019158,162146.98523056778,7987.536218254571,11747.352140901408,851.8973740571121,4563.735932448815,158435.14667217608,5559.127953409687,8119.040803865557,8119.040803865557,1.3333333333333333,210.25742337164752,131.4108896072797,162146.98523056778,13.736818326947636,122.65016363346105,121610.23892292584,10.302613745210731,122.65016363346105,105.12871168582376,8.760725973818646,162283.3722125282,121857.08113796415,5694.1534109659015,4275.687057472426,8376.983242955066,6292.8814307123,8376.983242955066,E,12.403523495876824,13.20533997745458,0.0
3,D-5,y,29.0,117.77083333333336,0.0,D-5,1,1.2280718408835591,1.6325762580326162,1448.8750000000002,,90,83984.09457804382,93890.26684015908,1.1179529565912003,10.5,0.3620689655172414,6.118957545860806,1448.8750000000002,29.0,8865.604614259077,305.71050393996813,16712.12096011568,576.2800331074372,8865.604614259077,16712.12096011568,16712.12096011568,634.537299806219,576.2800331074372,444.1761098643533,403.39602317520604,460.7142857142857,4,17.0,0.964103184201697,460.7142857142857,1,4,1600000,10.5,0.25,0.041208251430325,405552.7808155746,3647470.598368718,158314.34046321528,0.1111874023047513,13.30505140985488,0.0,101.5258514570726,0.0,16.244981876260752,0.0,16.28703151503167,5.469130464409265,865841.7823802311,2578470.652405841,107731138.00805452,0.0,9503070540.022505,604.2220956148476,0.0,604.2220956148476,17797.359598765503,18401.58169438035,18401.58169438035,9337.450074404629,321.9810370484355,359.95965233459924,225.38672593390484,251.97175663421945,0.0435966170050162,5.174584159964909e-05,0.0002146130236658658,0.0002146130236658658,108.32831520959408,-108.32831520959408,67.0,-67.0,0.014379072585613007,-0.014379072585613007,0.023248667275759985,-0.023248667275759985,-0.014379072585613007,0.014379072585613007,-0.023248667275759985,0.023248667275759985,0.05797568959062921,0.02921754441940319,0.06684528428077618,0.020347949729256215,0.02921754441940319,0.05797568959062921,0.020347949729256215,0.06684528428077618,0.0435966170050162,0.0435966170050162,0.0435966170050162,0.0435966170050162,0.05797568959062921,0.06684528428077618,0.0435966170050162,0.0435966170050162,1.32982083412478,1.5332676907725433,1.5332676907725433,0.013299813027279148,0.019970308880329843,0.006629317174228457,0.006629317174228457,0.019970308880329843,0.024493492682054953,0.0021061333725033438,0.0021061333725033438,0.024493492682054953,0.019970308880329843,0.024493492682054953,0.019970308880329843,0.019970308880329843,0.07988123552131937,0.07988123552131937,0.21,90.55468750000001,10.5,145.72018678160921,135251.62545369557,6662.6416479653,9788.204275543136,674.7573248922415,3614.7713833512935,132311.6113952365,4642.512680534614,6775.222923402214,6775.222923402214,1.3333333333333333,166.5373563218391,104.08584770114943,135251.62545369557,10.88044061302682,97.14679118773947,101438.71909027168,8.160330459770117,97.14679118773947,83.26867816091955,6.939056513409962,135359.65268549632,101634.23394659352,4749.461497736713,3566.113471810299,6979.529868671128,5242.682098518874,6979.529868671128,E,12.403523495876824,13.20533997745458,0.0
3,D-6,y,29.0,136.35416666666669,0.0,D-6,1,1.2280718408835591,1.6325762580326162,862.625,,90,83984.09457804382,93890.26684015908,1.1179529565912003,10.5,0.3620689655172414,6.118957545860806,862.625,29.0,5278.365752998178,182.01261217235097,9949.991091860778,343.10314109864754,5278.365752998178,9949.991091860778,9949.991091860778,474.7607434532885,343.10314109864754,332.33252041730196,240.17219876905327,460.7142857142857,4,17.0,0.7213419047817407,310.7142857142857,1,6,1600000,10.5,0.25,0.03273136375906237,303989.50575671974,3647470.598368718,158314.34046321528,0.08334255138140798,11.838333212362414,0.0,101.5258514570726,0.0,34.82831520959408,0.0,16.28703151503167,5.469130464409265,865841.7823802311,2578470.652405841,357084837.2725487,0.0,9503070540.022505,934.1433564313589,0.0,934.1433564313589,12833.918203714007,13768.061560145366,13768.061560145366,7506.869876905112,258.8575819622452,289.390599090741,181.20030737357163,202.57341936351867,0.0435966170050162,5.174584159964909e-05,0.0002146130236658658,0.0002146130236658658,108.32831520959408,-108.32831520959408,67.0,-67.0,0.014379072585613007,-0.014379072585613007,0.023248667275759985,-0.023248667275759985,-0.014379072585613007,0.014379072585613007,-0.023248667275759985,0.023248667275759985,0.05797568959062921,0.02921754441940319,0.06684528428077618,0.020347949729256215,0.02921754441940319,0.05797568959062921,0.020347949729256215,0.06684528428077618,0.0435966170050162,0.0435966170050162,0.0435966170050162,0.0435966170050162,0.05797568959062921,0.06684528428077618,0.0435966170050162,0.0435966170050162,1.32982083412478,1.5332676907725433,1.5332676907725433,0.013299813027279148,0.019970308880329843,0.006629317174228457,0.006629317174228457,0.019970308880329843,0.024493492682054953,0.0021061333725033438,0.0021061333725033438,0.024493492682054953,0.019970308880329843,0.024493492682054953,0.019970308880329843,0.019970308880329843,0.07988123552131937,0.07988123552131937,0.21,53.9140625,10.5,86.75826149425286,101195.25246706844,4984.987806259529,7144.019421169962,401.7341298491379,2152.1471241918102,99444.83947272577,3489.292613078097,4971.421230528516,4971.421230528516,1.3333333333333333,99.15229885057471,61.97018678160919,101195.25246706844,6.47795019157088,57.83884099616857,75896.43935030133,4.858462643678161,57.83884099616857,49.576149425287355,4.131345785440613,101259.56925825618,76012.84414915189,3552.9673423949534,2667.117338566733,5093.06062568862,3824.579132807502,5093.06062568862,D,11.322218391105359,11.68263892131856,0.0
3,D-6.2,y,10.583333333333334,143.52083333333337,0.0,D-6.2,1,1.2280718408835591,1.6325762580326162,873.7916666666666,,90,83984.09457804382,93890.26684015908,1.1179529565912003,10.5,0.9921259842519684,6.118957545860806,873.7916666666666,10.583333333333334,5346.69411226029,505.19944367813764,10078.793565541822,952.3269510748178,5346.69411226029,10078.793565541822,10078.793565541822,952.3269510748178,952.3269510748178,666.6288657523723,666.6288657523723,769.6428571428571,2,23.0,0.8661535146666556,769.6428571428571,1,2,1600000,10.5,0.25,0.061032744871321105,165137.47803398865,3647470.598368718,158314.34046321528,0.045274519308762674,6.107050070341206,0.0,101.5258514570726,0.0,41.994981876260766,0.0,16.28703151503167,5.469130464409265,865841.7823802311,2578470.652405841,291232906.2652804,0.0,9503070540.022505,631.8552996182777,0.0,631.8552996182777,7199.435383022079,7831.290682640357,10078.793565541822,5346.694112260289,505.1994436781375,564.7892117282034,353.63961057469623,395.35244820974236,0.0435966170050162,5.174584159964909e-05,0.0002146130236658658,0.0002146130236658658,108.32831520959408,-108.32831520959408,67.0,-67.0,0.014379072585613007,-0.014379072585613007,0.023248667275759985,-0.023248667275759985,-0.014379072585613007,0.014379072585613007,-0.023248667275759985,0.023248667275759985,0.05797568959062921,0.02921754441940319,0.06684528428077618,0.020347949729256215,0.02921754441940319,0.05797568959062921,0.020347949729256215,0.06684528428077618,0.0435966170050162,0.0435966170050162,0.0435966170050162,0.0435966170050162,0.05797568959062921,0.06684528428077618,0.0435966170050162,0.0435966170050162,1.32982083412478,1.5332676907725433,1.5332676907725433,0.013299813027279148,0.019970308880329843,0.006629317174228457,0.006629317174228457,0.019970308880329843,0.024493492682054953,0.0021061333725033438,0.0021061333725033438,0.024493492682054953,0.019970308880329843,0.024493492682054953,0.019970308880329843,0.019970308880329843,0.07988123552131937,0.07988123552131937,0.21,54.611979166666664,10.5,240.8087270341207,74079.13270673239,9999.432986285587,14470.70806025239,1115.0648105314958,5973.561484990156,69220.63603227372,6864.856466010616,9712.91231410116,9712.91231410116,1.3333333333333333,275.2099737532808,172.0062335958005,74079.13270673239,17.980384951881007,160.53915135608045,55559.349530049294,13.485288713910762,160.53915135608045,137.6049868766404,11.467082239720032,74257.65224304034,55882.44603923565,7364.395263772595,5542.060764221716,10667.193515932466,8037.923769733888,10667.193515932466,D,11.322218391105359,11.68263892131856,177.59912450548745
3,D-6.7,y,10.583333333333334,162.43750000000003,0.0,D-6.7,1,1.2280718408835591,1.6325762580326162,704.8958333333333,,90,83984.09457804382,93890.26684015908,1.1179529565912003,10.5,0.9921259842519684,6.118957545860806,704.8958333333333,10.583333333333334,4313.227678420841,407.5490719767723,8130.656151116007,768.250974908599,4313.227678420841,8130.656151116007,8130.656151116007,768.250974908599,768.250974908599,537.7756824360192,537.7756824360192,600.0,3,19.0,0.8962928040600321,600.0,1,3,1600000,10.5,0.25,0.059383903122738085,136916.83644153696,3647470.598368718,158314.34046321528,0.03753747501152475,5.730783981165685,0.0,101.5258514570726,0.0,60.91164854292742,0.0,16.28703151503167,5.469130464409265,865841.7823802311,2578470.652405841,507992807.3253613,0.0,9503070540.022505,759.8568728741615,0.0,759.8568728741615,5969.110879880132,6728.9677527542935,8130.656151116007,4313.227678420841,407.5490719767723,455.6206899724325,285.2843503837406,318.93448298070274,0.0435966170050162,5.174584159964909e-05,0.0002146130236658658,0.0002146130236658658,108.32831520959408,-108.32831520959408,67.0,-67.0,0.014379072585613007,-0.014379072585613007,0.023248667275759985,-0.023248667275759985,-0.014379072585613007,0.014379072585613007,-0.023248667275759985,0.023248667275759985,0.05797568959062921,0.02921754441940319,0.06684528428077618,0.020347949729256215,0.02921754441940319,0.05797568959062921,0.020347949729256215,0.06684528428077618,0.0435966170050162,0.0435966170050162,0.0435966170050162,0.0435966170050162,0.05797568959062921,0.06684528428077618,0.0435966170050162,0.0435966170050162,1.32982083412478,1.5332676907725433,1.5332676907725433,0.013299813027279148,0.019970308880329843,0.006629317174228457,0.006629317174228457,0.019970308880329843,0.024493492682054953,0.0021061333725033438,0.0021061333725033438,0.024493492682054953,0.019970308880329843,0.024493492682054953,0.019970308880329843,0.019970308880329843,0.07988123552131937,0.07988123552131937,0.21,44.05598958333333,10.5,194.26263123359576,59760.32271070265,8066.63523654029,11673.654265858557,899.5331139271651,4818.927396038385,55840.928428591425,5537.943315232207,7835.4963556247385,7835.4963556247385,1.3333333333333333,222.014435695538,138.75902230971127,59760.32271070265,14.504943132108481,129.50842082239717,44820.24203302699,10.878707349081363,129.50842082239717,111.007217847769,9.250601487314086,59904.336074657156,45080.886980533556,5940.925891701536,4470.831766664484,8605.323842725073,6484.267577820469,8605.323842725073,D,11.322218391105359,11.68263892131856,0.0
3,D-6.8,y,20.0,164.56250000000003,0.0,D-6.8,1,1.2280718408835591,1.6325762580326162,368.5000000000001,,90,83984.09457804382,93890.26684015908,1.1179529565912003,10.5,0.525,6.118957545860806,368.5000000000001,20.0,2254.835855649708,112.74179278248539,4250.4816314745085,212.52408157372543,2254.835855649708,4250.4816314745085,4250.4816314745085,295.45183883002994,212.52408157372543,206.81628718102095,148.7668571016078,310.7142857142857,6,14.0,0.6656156369044353,310.7142857142857,1,6,1600000,10.5,0.25,0.0300818558691896,141297.18757903934,3647470.598368718,158314.34046321528,0.03873840344106752,7.294496939660943,0.0,101.5258514570726,0.0,63.03664854292742,0.0,16.28703151503167,5.469130464409265,865841.7823802311,2578470.652405841,475886940.41698337,0.0,9503070540.022505,687.8365638326989,0.0,687.8365638326989,5221.200212767901,5909.036776600599,5909.036776600599,2802.6566924503413,140.13283462251707,156.6619167817487,98.09298423576195,109.66334174722408,0.0435966170050162,5.174584159964909e-05,0.0002146130236658658,0.0002146130236658658,108.32831520959408,-108.32831520959408,67.0,-67.0,0.014379072585613007,-0.014379072585613007,0.023248667275759985,-0.023248667275759985,-0.014379072585613007,0.014379072585613007,-0.023248667275759985,0.023248667275759985,0.05797568959062921,0.02921754441940319,0.06684528428077618,0.020347949729256215,0.02921754441940319,0.05797568959062921,0.020347949729256215,0.06684528428077618,0.0435966170050162,0.0435966170050162,0.0435966170050162,0.0435966170050162,0.05797568959062921,0.06684528428077618,0.0435966170050162,0.0435966170050162,1.32982083412478,1.5332676907725433,1.5332676907725433,0.013299813027279148,0.019970308880329843,0.006629317174228457,0.006629317174228457,0.019970308880329843,0.024493492682054953,0.0021061333725033438,0.0021061333725033438,0.024493492682054953,0.019970308880329843,0.024493492682054953,0.019970308880329843,0.019970308880329843,0.07988123552131937,0.07988123552131937,0.21,23.031250000000007,10.5,53.73958333333335,43431.42030801441,3102.244307715315,4655.434349790444,248.8411406250001,1333.0775390625004,42347.18390957691,2171.65045690138,3236.3287242886518,3236.3287242886518,1.3333333333333333,61.416666666666686,38.38541666666668,43431.42030801441,4.012555555555556,35.8263888888889,32573.565231010805,3.0094166666666684,35.8263888888889,30.708333333333343,2.5590277777777786,43471.259252458854,32645.668397677473,2229.2953462799414,1674.1368409065371,3346.4491685105186,2514.167538776051,3346.4491685105186,D,11.322218391105359,11.68263892131856,0.0
3,D-7,y,29.0,173.43750000000003,0.0,D-7,1,1.2280718408835591,1.6325762580326162,2555.9791666666674,,90,83984.09457804382,93890.26684015908,1.1179529565912003,10.5,0.3620689655172414,6.118957545860806,2555.9791666666674,29.0,15639.92800893802,539.3078623771731,29482.06919497473,1016.6230756887838,15639.92800893802,29482.06919497473,29482.06919497473,1065.9192428367774,1016.6230756887838,746.1434699857441,711.6361529821487,769.6428571428571,2,23.0,0.969467153577765,769.6428571428571,1,2,1600000,10.5,0.25,0.04978285020538674,592213.3641071565,3647470.598368718,158314.34046321528,0.16236275197722388,27.547185762024608,0.0,101.5258514570726,0.0,71.91164854292742,0.0,16.28703151503167,5.469130464409265,865841.7823802311,2578470.652405841,3187585459.581597,0.0,9503070540.022505,4038.6589364951196,0.0,4038.6589364951196,26872.999105771425,30911.658042266543,30911.658042266543,15858.318304073096,546.8385622094171,611.3397874000989,382.78699354659193,427.9378511800692,0.0435966170050162,5.174584159964909e-05,0.0002146130236658658,0.0002146130236658658,108.32831520959408,-108.32831520959408,67.0,-67.0,0.014379072585613007,-0.014379072585613007,0.023248667275759985,-0.023248667275759985,-0.014379072585613007,0.014379072585613007,-0.023248667275759985,0.023248667275759985,0.05797568959062921,0.02921754441940319,0.06684528428077618,0.020347949729256215,0.02921754441940319,0.05797568959062921,0.020347949729256215,0.06684528428077618,0.0435966170050162,0.0435966170050162,0.0435966170050162,0.0435966170050162,0.05797568959062921,0.06684528428077618,0.0435966170050162,0.0435966170050162,1.32982083412478,1.5332676907725433,1.5332676907725433,0.013299813027279148,0.019970308880329843,0.006629317174228457,0.006629317174228457,0.019970308880329843,0.024493492682054953,0.0021061333725033438,0.0021061333725033438,0.024493492682054953,0.019970308880329843,0.024493492682054953,0.019970308880329843,0.019970308880329843,0.07988123552131937,0.07988123552131937,0.21,159.7486979166667,10.5,257.066870210728,227200.68661065906,11192.152049786162,16382.958856059764,1190.3481425107761,6376.865049164872,222014.16970400498,7789.970866807193,11322.21839110536,11322.21839110536,1.3333333333333333,293.7907088122606,183.6191930076629,227200.68661065906,19.194326309067687,171.37791347381864,170400.51495799434,14.39574473180077,171.37791347381864,146.8953544061303,12.241279533844192,227391.25885044195,170745.4252501399,7978.640661419016,5991.067552636488,11682.63892131856,8776.153304133371,11682.63892131856,D,11.322218391105359,11.68263892131856,1431.626255650579
3,D-B--D-1.8,x,9.67,0.0,30.75,D-B,1,1.0,1.9128808887800435,1557.75,,0,83984.09457804382,93890.26684015908,1.1179529565912003,10.5,1.0858324715615306,6.118957545860806,6862.586666666666,104.34,41991.87646812375,402.4523334111918,79156.84822542343,758.6433604123388,3891.7140640862244,7336.081295187315,7336.081295187315,758.6433604123387,758.6433604123387,531.050352288637,531.050352288637,600.0,3,19.0,0.8850839204810617,600.0,1,3,1600000,10.5,0.25,0.06116298122951502,119943.16084198967,3091635.8066227743,158315.62848795205,0.03879601878884065,0.0,1.1742897260138707,0.0,32.649172876390125,0.0,1.899172876390125,10.492708333333335,5.557323853803272,879811.2186259527,1661159.7143324388,0.0,432617.90298004635,9503070540.022505,0.0,39.818731986983586,39.818731986983586,6184.141428047867,6223.960160034851,7336.081295187315,3891.7140640862244,402.4523334111918,449.9227760240694,281.71663338783424,314.94594321684855,0.051558933286698284,3.8603837593157894e-05,0.00016207714649874583,0.00016207714649874583,209.85416666666669,-209.85416666666669,34.350827123609875,-34.350827123609875,0.0055674840400664095,-0.0055674840400664095,0.03401256451420556,-0.03401256451420556,-0.0055674840400664095,0.0055674840400664095,-0.03401256451420556,0.03401256451420556,0.0571264173267647,0.04599144924663187,0.08557149780090384,0.017546368772492722,0.04599144924663187,0.0571264173267647,0.017546368772492722,0.08557149780090384,0.051558933286698284,0.05155893328669828,0.051558933286698284,0.05155893328669828,0.0571264173267647,0.08557149780090384,0.051558933286698284,0.05155893328669828,1.107982917511266,1.659683246840572,1.659683246840572,0.014967559156318831,0.016525948177845827,0.013409170134791835,0.013409170134791835,0.016525948177845827,0.024485935856048725,0.00544918245658893,0.00544918245658893,0.024485935856048725,0.016525948177845827,0.024485935856048725,0.014967559156318831,0.014967559156318831,0.059870236625275325,0.059870236625275325,0.21,0.0,9.67,0.0,53920.19751962676,7965.755284329556,11527.665554341025,0.0,0.0,53920.19751962676,5880.065160264641,8509.35312293723,8509.35312293723,1.3333333333333333,0.0,0.0,53920.19751962676,0.0,0.0,40440.14813972008,0.0,0.0,0.0,0.0,53920.19751962676,40440.14813972008,5880.065160264641,4410.048870198481,8509.35312293723,6382.014842202922,8509.35312293723,B,8.726775067253802,8.726775067253802,0.0
3,D-B--D-3,x,13.5,0.0,30.75,D-B,1,1.0,1.9128808887800435,946.375,,0,83984.09457804382,93890.26684015908,1.1179529565912003,10.5,0.7777777777777778,6.118957545860806,6862.586666666666,104.34,41991.87646812375,402.4523334111918,79156.84822542343,758.6433604123388,5433.106501051089,10241.685365566573,10241.685365566573,758.6433604123387,758.6433604123387,531.050352288637,531.050352288637,600.0,3,19.0,0.8850839204810617,600.0,1,3,1600000,10.5,0.25,0.05372272164865749,190639.73401322472,3091635.8066227743,158315.62848795205,0.06166306316055862,0.0,1.8664363974588187,0.0,32.649172876390125,0.0,1.899172876390125,10.492708333333335,5.557323853803272,879811.2186259527,1661159.7143324388,0.0,687610.3762358292,9503070540.022505,0.0,63.2885812034142,63.2885812034142,9829.18132778176,9892.469908985175,10241.685365566573,5433.106501051089,402.4523334111918,449.9227760240694,281.71663338783424,314.94594321684855,0.051558933286698284,3.8603837593157894e-05,0.00016207714649874583,0.00016207714649874583,209.85416666666669,-209.85416666666669,34.350827123609875,-34.350827123609875,0.0055674840400664095,-0.0055674840400664095,0.03401256451420556,-0.03401256451420556,-0.0055674840400664095,0.0055674840400664095,-0.03401256451420556,0.03401256451420556,0.0571264173267647,0.04599144924663187,0.08557149780090384,0.017546368772492722,0.04599144924663187,0.0571264173267647,0.017546368772492722,0.08557149780090384,0.051558933286698284,0.05155893328669828,0.051558933286698284,0.05155893328669828,0.0571264173267647,0.08557149780090384,0.051558933286698284,0.05155893328669828,1.107982917511266,1.659683246840572,1.659683246840572,0.014967559156318831,0.016525948177845827,0.013409170134791835,0.013409170134791835,0.016525948177845827,0.024485935856048725,0.00544918245658893,0.00544918245658893,0.024485935856048725,0.016525948177845827,0.024485935856048725,0.014967559156318831,0.014967559156318831,0.059870236625275325,0.059870236625275325,0.21,0.0,10.5,0.0,75276.3874369143,7965.755284329556,11527.665554341025,0.0,0.0,75276.3874369143,5790.4913413011,8379.726114501744,8379.726114501744,1.3333333333333333,0.0,0.0,75276.3874369143,0.0,0.0,56457.29057768574,0.0,0.0,0.0,0.0,75276.3874369143,56457.29057768574,5790.4913413011,4342.868505975826,8379.726114501744,6284.7945858763105,8379.726114501744,B,8.726775067253802,8.726775067253802,0.0
3,D-B--D-3.7,x,16.75,0.0,30.75,D-B,1,1.0,1.9128808887800435,926.945,,0,83984.09457804382,93890.26684015908,1.1179529565912003,10.5,0.6268656716417911,6.118957545860806,6862.586666666666,104.34,41991.87646812375,402.4523334111918,79156.84822542343,758.6433604123388,6741.0765846374625,12707.276286906672,12707.276286906672,778.8039931841048,758.6433604123387,545.1627952288733,531.050352288637,600.0,3,19.0,0.9086046587147888,600.0,1,3,1600000,10.5,0.25,0.05106157387401583,248861.82157759808,3091635.8066227743,158315.62848795205,0.0804951932062944,0.0,2.4843153457347666,0.0,32.649172876390125,0.0,1.899172876390125,10.492708333333335,5.557323853803272,879811.2186259527,1661159.7143324388,0.0,906735.5949402389,9503070540.022505,0.0,83.4571602082976,83.4571602082976,12961.509725625458,13044.966885833755,13044.966885833755,6727.500102084673,401.64179713938347,449.01663460257686,281.1492579975684,314.31164422180376,0.051558933286698284,3.8603837593157894e-05,0.00016207714649874583,0.00016207714649874583,209.85416666666669,-209.85416666666669,34.350827123609875,-34.350827123609875,0.0055674840400664095,-0.0055674840400664095,0.03401256451420556,-0.03401256451420556,-0.0055674840400664095,0.0055674840400664095,-0.03401256451420556,0.03401256451420556,0.0571264173267647,0.04599144924663187,0.08557149780090384,0.017546368772492722,0.04599144924663187,0.0571264173267647,0.017546368772492722,0.08557149780090384,0.051558933286698284,0.05155893328669828,0.051558933286698284,0.05155893328669828,0.0571264173267647,0.08557149780090384,0.051558933286698284,0.05155893328669828,1.107982917511266,1.659683246840572,1.659683246840572,0.014967559156318831,0.016525948177845827,0.013409170134791835,0.013409170134791835,0.016525948177845827,0.024485935856048725,0.00544918245658893,0.00544918245658893,0.024485935856048725,0.016525948177845827,0.024485935856048725,0.014967559156318831,0.014967559156318831,0.059870236625275325,0.059870236625275325,0.21,0.0,10.5,0.0,95880.50661087809,8177.4419284331,11949.063888880313,0.0,0.0,95880.50661087809,5900.338868361729,8621.709175207487,8621.709175207487,1.3333333333333333,0.0,0.0,95880.50661087809,0.0,0.0,71910.37995815858,0.0,0.0,0.0,0.0,95880.50661087809,71910.37995815858,5900.338868361729,4425.254151271297,8621.709175207487,6466.281881405616,8621.709175207487,B,8.726775067253802,8.726775067253802,0.0
3,D-B--D-4.5,x,22.75,0.0,30.75,D-B,1,1.0,1.9128808887800435,929.625,,0,83984.09457804382,93890.26684015908,1.1179529565912003,10.5,0.46153846153846156,6.118957545860806,6862.586666666666,104.34,41991.87646812375,402.4523334111918,79156.84822542343,758.6433604123388,9155.790585104613,17259.136449380705,17259.136449380705,791.32796150977,758.6433604123387,553.929573056839,531.050352288637,600.0,3,19.0,0.9232159550947316,600.0,1,3,1600000,10.5,0.25,0.04765599345334669,362160.87838514394,3091635.8066227743,158315.62848795205,0.11714215419854365,0.0,3.6665809647146275,0.0,32.649172876390125,0.0,1.899172876390125,10.492708333333335,5.557323853803272,879811.2186259527,1661159.7143324388,0.0,1251340.775697873,9503070540.022505,0.0,115.17508320545836,115.17508320545836,17887.53604114181,18002.71112434727,18002.71112434727,9166.879912569455,402.93977637667933,450.46771432850574,282.0578434636755,315.327400029954,0.051558933286698284,3.8603837593157894e-05,0.00016207714649874583,0.00016207714649874583,209.85416666666669,-209.85416666666669,34.350827123609875,-34.350827123609875,0.0055674840400664095,-0.0055674840400664095,0.03401256451420556,-0.03401256451420556,-0.0055674840400664095,0.0055674840400664095,-0.03401256451420556,0.03401256451420556,0.0571264173267647,0.04599144924663187,0.08557149780090384,0.017546368772492722,0.04599144924663187,0.0571264173267647,0.017546368772492722,0.08557149780090384,0.051558933286698284,0.05155893328669828,0.051558933286698284,0.05155893328669828,0.0571264173267647,0.08557149780090384,0.051558933286698284,0.05155893328669828,1.107982917511266,1.659683246840572,1.659683246840572,0.014967559156318831,0.016525948177845827,0.013409170134791835,0.013409170134791835,0.016525948177845827,0.024485935856048725,0.00544918245658893,0.00544918245658893,0.024485935856048725,0.016525948177845827,0.024485935856048725,0.014967559156318831,0.014967559156318831,0.059870236625275325,0.059870236625275325,0.21,0.0,10.5,0.0,132319.92676395242,8308.943595852585,12192.825447183492,0.0,0.0,132319.92676395242,5946.963000627075,8726.775067253802,8726.775067253802,1.3333333333333333,0.0,0.0,132319.92676395242,0.0,0.0,99239.94507296431,0.0,0.0,0.0,0.0,132319.92676395242,99239.94507296431,5946.963000627075,4460.222250470306,8726.775067253802,6545.081300440352,8726.775067253802,B,8.726775067253802,8.726775067253802,0.0
3,D-B--D-5.8,x,18.25,0.0,30.75,D-B,1,1.0,1.9128808887800435,770.5,,0,83984.09457804382,93890.26684015908,1.1179529565912003,10.5,0.5753424657534246,6.118957545860806,6862.586666666666,104.34,41991.87646812375,402.4523334111918,79156.84822542343,758.6433604123388,7344.75508475425,13845.24132752518,13845.24132752518,783.3867106372655,758.6433604123387,548.3706974460858,531.050352288637,600.0,3,19.0,0.9139511624101431,600.0,1,3,1600000,10.5,0.25,0.05003520187128167,276710.01234576467,3091635.8066227743,158315.62848795205,0.0895027841743222,0.0,2.7757677817197197,0.0,32.649172876390125,0.0,1.899172876390125,10.492708333333335,5.557323853803272,879811.2186259527,1661159.7143324388,0.0,993749.1095010308,9503070540.022505,0.0,91.4660007848779,91.4660007848779,14205.341468345217,14296.807469130095,14296.807469130095,7340.698734755541,402.2300676578379,449.6742933679584,281.5610473604865,314.77200535757083,0.051558933286698284,3.8603837593157894e-05,0.00016207714649874583,0.00016207714649874583,209.85416666666669,-209.85416666666669,34.350827123609875,-34.350827123609875,0.0055674840400664095,-0.0055674840400664095,0.03401256451420556,-0.03401256451420556,-0.0055674840400664095,0.0055674840400664095,-0.03401256451420556,0.03401256451420556,0.0571264173267647,0.04599144924663187,0.08557149780090384,0.017546368772492722,0.04599144924663187,0.0571264173267647,0.017546368772492722,0.08557149780090384,0.051558933286698284,0.05155893328669828,0.051558933286698284,0.05155893328669828,0.0571264173267647,0.08557149780090384,0.051558933286698284,0.05155893328669828,1.107982917511266,1.659683246840572,1.659683246840572,0.014967559156318831,0.016525948177845827,0.013409170134791835,0.013409170134791835,0.016525948177845827,0.024485935856048725,0.00544918245658893,0.00544918245658893,0.024485935856048725,0.016525948177845827,0.024485935856048725,0.014967559156318831,0.014967559156318831,0.059870236625275325,0.059870236625275325,0.21,0.0,10.5,0.0,105081.5348981062,8225.560461691288,12037.126891485565,0.0,0.0,105081.5348981062,5920.086473132744,8663.340621900174,8663.340621900174,1.3333333333333333,0.0,0.0,105081.5348981062,0.0,0.0,78811.15117357965,0.0,0.0,0.0,0.0,105081.5348981062,78811.15117357965,5920.086473132744,4440.064854849558,8663.340621900174,6497.505466425131,8663.340621900174,B,8.726775067253802,8.726775067253802,0.0
3,D-B--D-6.5,x,8.75,0.0,30.75,D-B,1,1.0,1.9128808887800435,617.5166666666665,,0,83984.09457804382,93890.26684015908,1.1179529565912003,10.5,1.2,6.118957545860806,6862.586666666666,104.34,41991.87646812375,402.4523334111918,79156.84822542343,758.6433604123388,3521.457917347928,6638.1294036079635,6638.1294036079635,758.6433604123387,758.6433604123387,531.050352288637,531.050352288637,600.0,3,19.0,0.8850839204810617,600.0,1,3,1600000,10.5,0.25,0.06392040081904879,103849.93395770053,3091635.8066227743,158315.62848795205,0.033590610425470395,0.0,1.016730838487746,0.0,32.649172876390125,0.0,1.899172876390125,10.492708333333335,5.557323853803272,879811.2186259527,1661159.7143324388,0.0,374571.9250519248,9503070540.022505,0.0,34.47610233129677,34.47610233129677,5354.391816753104,5388.8679190844005,6638.1294036079635,3521.4579173479283,402.45233341119183,449.92277602406944,281.71663338783424,314.9459432168486,0.051558933286698284,3.8603837593157894e-05,0.00016207714649874583,0.00016207714649874583,209.85416666666669,-209.85416666666669,34.350827123609875,-34.350827123609875,0.0055674840400664095,-0.0055674840400664095,0.03401256451420556,-0.03401256451420556,-0.0055674840400664095,0.0055674840400664095,-0.03401256451420556,0.03401256451420556,0.0571264173267647,0.04599144924663187,0.08557149780090384,0.017546368772492722,0.04599144924663187,0.0571264173267647,0.017546368772492722,0.08557149780090384,0.051558933286698284,0.05155893328669828,0.051558933286698284,0.05155893328669828,0.0571264173267647,0.08557149780090384,0.051558933286698284,0.05155893328669828,1.107982917511266,1.659683246840572,1.659683246840572,0.014967559156318831,0.016525948177845827,0.013409170134791835,0.013409170134791835,0.016525948177845827,0.024485935856048725,0.00544918245658893,0.00544918245658893,0.024485935856048725,0.016525948177845827,0.024485935856048725,0.014967559156318831,0.014967559156318831,0.059870236625275325,0.059870236625275325,0.21,0.0,8.75,0.0,48790.25111651853,7965.755284329557,11527.665554341025,0.0,0.0,48790.25111651853,5913.969832305276,8558.418366101669,8558.418366101669,1.3333333333333333,0.0,0.0,48790.25111651853,0.0,0.0,36592.6883373889,0.0,0.0,0.0,0.0,48790.25111651853,36592.6883373889,5913.969832305276,4435.477374228957,8558.418366101669,6418.813774576252,8558.418366101669,A,8.55841836610167,8.55841836610167,0.0
3,D-B--D-7.2,x,14.67,0.0,30.75,D-B,1,1.0,1.9128808887800435,1113.875,,0,83984.09457804382,93890.26684015908,1.1179529565912003,10.5,0.7157464212678937,6.118957545860806,6862.586666666666,104.34,41991.87646812375,402.4523334111918,79156.84822542343,758.6433604123388,5903.975731142184,11129.298097249008,11129.298097249008,758.6433604123387,758.6433604123387,531.050352288637,531.050352288637,600.0,3,19.0,0.8850839204810617,600.0,1,3,1600000,10.5,0.25,0.05222451563557126,213104.86007970935,3091635.8066227743,158315.62848795205,0.06892948374553204,0.0,2.0863786313326824,0.0,32.649172876390125,0.0,1.899172876390125,10.492708333333335,5.557323853803272,879811.2186259527,1661159.7143324388,0.0,768638.8872475434,9503070540.022505,0.0,70.74655402667162,70.74655402667162,10987.459263920906,11058.205817947577,11129.298097249008,5837.813501195783,397.9422972866928,444.8807678043526,278.55960810068495,311.41653746304684,0.051558933286698284,3.8603837593157894e-05,0.00016207714649874583,0.00016207714649874583,209.85416666666669,-209.85416666666669,34.350827123609875,-34.350827123609875,0.0055674840400664095,-0.0055674840400664095,0.03401256451420556,-0.03401256451420556,-0.0055674840400664095,0.0055674840400664095,-0.03401256451420556,0.03401256451420556,0.0571264173267647,0.04599144924663187,0.08557149780090384,0.017546368772492722,0.04599144924663187,0.0571264173267647,0.017546368772492722,0.08557149780090384,0.051558933286698284,0.05155893328669828,0.051558933286698284,0.05155893328669828,0.0571264173267647,0.08557149780090384,0.051558933286698284,0.05155893328669828,1.107982917511266,1.659683246840572,1.659683246840572,0.014967559156318831,0.016525948177845827,0.013409170134791835,0.013409170134791835,0.016525948177845827,0.024485935856048725,0.00544918245658893,0.00544918245658893,0.024485935856048725,0.016525948177845827,0.024485935856048725,0.014967559156318831,0.014967559156318831,0.059870236625275325,0.059870236625275325,0.21,0.0,10.5,0.0,81800.3410147802,7965.755284329556,11572.765915586015,0.0,0.0,81800.3410147802,5772.783416709965,8386.784275734142,8386.784275734142,1.3333333333333333,0.0,0.0,81800.3410147802,0.0,0.0,61350.25576108516,0.0,0.0,0.0,0.0,81800.3410147802,61350.25576108516,5772.783416709965,4329.587562532474,8386.784275734142,6290.088206800607,8386.784275734142,A,8.55841836610167,8.55841836610167,0.0
3,D-C--D-1.2,x,23.5,0.0,30.75,D-C,1,1.0,1.9128808887800435,1239.5,,0,83984.09457804382,93890.26684015908,1.1179529565912003,10.5,0.44680851063829785,6.118957545860806,6862.754166666667,107.0,41992.901393512686,392.4570223692774,79158.78026252864,739.8016846965294,9222.740025678018,17385.33959036844,17385.33959036844,775.6846925598657,739.8016846965294,542.9792847919059,517.8611792875705,600.0,3,19.0,0.9049654746531766,600.0,1,3,1600000,10.5,0.25,0.04654713054084467,373499.70639141696,3091635.8066227743,158315.62848795205,0.1208097362539667,0.0,3.7972368801926173,0.0,32.649172876390125,0.0,1.899172876390125,10.492708333333335,5.557323853803272,879811.2186259527,1661159.7143324388,0.0,1267041.2882393291,9503070540.022505,0.0,116.62017943619699,116.62017943619699,18111.970095720644,18228.590275156843,18228.590275156843,9262.866411512745,394.1645281494785,440.6573996280849,275.91516970463493,308.4601797396594,0.051558933286698284,3.8603837593157894e-05,0.00016207714649874583,0.00016207714649874583,209.85416666666669,-209.85416666666669,34.350827123609875,-34.350827123609875,0.0055674840400664095,-0.0055674840400664095,0.03401256451420556,-0.03401256451420556,-0.0055674840400664095,0.0055674840400664095,-0.03401256451420556,0.03401256451420556,0.0571264173267647,0.04599144924663187,0.08557149780090384,0.017546368772492722,0.04599144924663187,0.0571264173267647,0.017546368772492722,0.08557149780090384,0.051558933286698284,0.05155893328669828,0.051558933286698284,0.05155893328669828,0.0571264173267647,0.08557149780090384,0.051558933286698284,0.05155893328669828,1.107982917511266,1.659683246840572,1.659683246840572,0.014967559156318831,0.016525948177845827,0.013409170134791835,0.013409170134791835,0.016525948177845827,0.024485935856048725,0.00544918245658893,0.00544918245658893,0.024485935856048725,0.016525948177845827,0.024485935856048725,0.014967559156318831,0.014967559156318831,0.059870236625275325,0.059870236625275325,0.21,0.0,10.5,0.0,133980.1385224028,8144.68927187859,11959.890915982462,0.0,0.0,133980.1385224028,5825.223414017512,8553.921981213542,8553.921981213542,1.3333333333333333,0.0,0.0,133980.1385224028,0.0,0.0,100485.10389180211,0.0,0.0,0.0,0.0,133980.1385224028,100485.10389180211,5825.223414017512,4368.917560513135,8553.921981213542,6415.441485910157,8553.921981213542,A,8.55841836610167,8.55841836610167,0.0
3,D-C--D-1.8,x,10.25,0.0,30.75,D-C,1,1.0,1.9128808887800435,725.61,,0,83984.09457804382,93890.26684015908,1.1179529565912003,10.5,1.024390243902439,6.118957545860806,6862.754166666667,107.0,41992.901393512686,392.4570223692774,79158.78026252864,739.8016846965294,4022.6844792850934,7582.967268139426,7582.967268139426,739.8016846965294,739.8016846965294,517.8611792875705,517.8611792875705,600.0,3,19.0,0.8631019654792842,600.0,1,3,1600000,10.5,0.25,0.05872685246493549,129122.65769167602,3091635.8066227743,158315.62848795205,0.04176515791901323,0.0,1.2641605345276126,0.0,32.649172876390125,0.0,1.899172876390125,10.492708333333335,5.557323853803272,879811.2186259527,1661159.7143324388,0.0,465727.04108884477,9503070540.022505,0.0,42.86614146216444,42.86614146216444,6657.426493726303,6700.292635188468,7582.967268139426,4022.684479285094,392.45702236927747,438.74848849271257,274.7199156584942,307.1239419448988,0.051558933286698284,3.8603837593157894e-05,0.00016207714649874583,0.00016207714649874583,209.85416666666669,-209.85416666666669,34.350827123609875,-34.350827123609875,0.0055674840400664095,-0.0055674840400664095,0.03401256451420556,-0.03401256451420556,-0.0055674840400664095,0.0055674840400664095,-0.03401256451420556,0.03401256451420556,0.0571264173267647,0.04599144924663187,0.08557149780090384,0.017546368772492722,0.04599144924663187,0.0571264173267647,0.017546368772492722,0.08557149780090384,0.051558933286698284,0.05155893328669828,0.051558933286698284,0.05155893328669828,0.0571264173267647,0.08557149780090384,0.051558933286698284,0.05155893328669828,1.107982917511266,1.659683246840572,1.659683246840572,0.014967559156318831,0.016525948177845827,0.013409170134791835,0.013409170134791835,0.016525948177845827,0.024485935856048725,0.00544918245658893,0.00544918245658893,0.024485935856048725,0.016525948177845827,0.024485935856048725,0.014967559156318831,0.014967559156318831,0.059870236625275325,0.059870236625275325,0.21,0.0,10.25,0.0,55734.80942082477,7767.917689313558,11241.364312586076,0.0,0.0,55734.80942082477,5716.390709828182,8272.491173621034,8272.491173621034,1.3333333333333333,0.0,0.0,55734.80942082477,0.0,0.0,41801.10706561859,0.0,0.0,0.0,0.0,55734.80942082477,41801.10706561859,5716.390709828182,4287.293032371138,8272.491173621034,6204.368380215778,8272.491173621034,A,8.55841836610167,8.55841836610167,0.0
3,D-C--D-3.2,x,9.25,0.0,36.25,D-C,1,1.0,1.9128808887800435,536.0,,0,83984.09457804382,93890.26684015908,1.1179529565912003,10.5,1.135135135135135,6.118957545860806,6862.754166666667,107.0,41992.901393512686,392.4570223692774,79158.78026252864,739.8016846965294,3630.227456915816,6843.165583442897,6843.165583442897,739.8016846965294,739.8016846965294,517.8611792875705,517.8611792875705,600.0,3,19.0,0.8631019654792842,600.0,1,3,1600000,10.5,0.25,0.061392478198786474,111465.86331447626,3091635.8066227743,158315.62848795205,0.036054008391188476,0.0,1.2864844657589323,0.0,32.649172876390125,0.0,3.600827123609875,10.492708333333335,7.258978101023018,1149209.6802437399,1661159.7143324388,0.0,1445261.4763532858,9503070540.022505,0.0,70.1603250793695,70.1603250793695,5747.061010375311,5817.22133545468,6843.165583442897,3630.227456915816,392.4570223692774,438.7484884927125,274.7199156584942,307.1239419448987,0.051558933286698284,6.488868760091869e-05,0.00016207714649874583,0.00016207714649874583,209.85416666666669,-209.85416666666669,34.350827123609875,-34.350827123609875,0.0055674840400664095,-0.0055674840400664095,0.03401256451420556,-0.03401256451420556,-0.0055674840400664095,0.0055674840400664095,-0.03401256451420556,0.03401256451420556,0.0571264173267647,0.04599144924663187,0.08557149780090384,0.017546368772492722,0.04599144924663187,0.0571264173267647,0.017546368772492722,0.08557149780090384,0.051558933286698284,0.05155893328669828,0.051558933286698284,0.05155893328669828,0.0571264173267647,0.08557149780090384,0.051558933286698284,0.05155893328669828,1.107982917511266,1.659683246840572,1.659683246840572,0.014967559156318831,0.016525948177845827,0.013409170134791835,0.013409170134791835,0.016525948177845827,0.024485935856048725,0.00544918245658893,0.00544918245658893,0.024485935856048725,0.016525948177845827,0.024485935856048725,0.014967559156318831,0.014967559156318831,0.059870236625275325,0.059870236625275325,0.21,0.0,9.25,0.0,50297.26703830529,7767.917689313558,11241.364312586078,0.0,0.0,50297.26703830529,5748.259090092033,8318.609591313696,8318.609591313696,1.3333333333333333,0.0,0.0,50297.26703830529,0.0,0.0,37722.95027872897,0.0,0.0,0.0,0.0,50297.26703830529,37722.95027872897,5748.259090092033,4311.194317569025,8318.609591313696,6238.957193485273,8318.609591313696,A,8.55841836610167,8.55841836610167,0.0
3,D-C--D-3.6,x,6.75,0.0,36.25,D-C,1,1.0,1.9128808887800435,390.61,,0,83984.09457804382,93890.26684015908,1.1179529565912003,10.5,1.5555555555555556,6.118957545860806,6862.754166666667,107.0,41992.901393512686,392.4570223692774,79158.78026252864,739.8016846965294,2649.0849009926224,4993.6613717015725,4993.6613717015725,739.8016846965293,739.8016846965293,517.8611792875705,517.8611792875705,600.0,3,19.0,0.8631019654792842,600.0,1,3,1600000,10.5,0.25,0.07151198329951708,69829.71442403409,3091635.8066227743,158315.62848795205,0.022586655994359932,0.0,0.8059404034888527,0.0,32.649172876390125,0.0,3.600827123609875,10.492708333333335,7.258978101023018,1149209.6802437399,1661159.7143324388,0.0,905409.0029077173,9503070540.022505,0.0,43.953146896351114,43.953146896351114,3600.3455874179663,3644.2987343143172,4993.6613717015725,2649.0849009926224,392.4570223692774,438.7484884927125,274.7199156584942,307.1239419448987,0.051558933286698284,6.488868760091869e-05,0.00016207714649874583,0.00016207714649874583,209.85416666666669,-209.85416666666669,34.350827123609875,-34.350827123609875,0.0055674840400664095,-0.0055674840400664095,0.03401256451420556,-0.03401256451420556,-0.0055674840400664095,0.0055674840400664095,-0.03401256451420556,0.03401256451420556,0.0571264173267647,0.04599144924663187,0.08557149780090384,0.017546368772492722,0.04599144924663187,0.0571264173267647,0.017546368772492722,0.08557149780090384,0.051558933286698284,0.05155893328669828,0.051558933286698284,0.05155893328669828,0.0571264173267647,0.08557149780090384,0.051558933286698284,0.05155893328669828,1.107982917511266,1.659683246840572,1.659683246840572,0.014967559156318831,0.016525948177845827,0.013409170134791835,0.013409170134791835,0.016525948177845827,0.024485935856048725,0.00544918245658893,0.00544918245658893,0.024485935856048725,0.016525948177845827,0.024485935856048725,0.014967559156318831,0.014967559156318831,0.059870236625275325,0.059870236625275325,0.21,0.0,6.75,0.0,36703.411082006554,7767.917689313557,11241.364312586076,0.0,0.0,36703.411082006554,5872.545773121049,8498.471420315072,8498.471420315072,1.3333333333333333,0.0,0.0,36703.411082006554,0.0,0.0,27527.558311504923,0.0,0.0,0.0,0.0,36703.411082006554,27527.558311504923,5872.545773121049,4404.409329840788,8498.471420315072,6373.853565236306,8498.471420315072,C,9.537671357273256,9.537671357273256,0.0
3,D-C--D-3.9,x,28.75,0.0,36.25,D-C,1,1.0,1.9128808887800435,1127.9450000000002,,0,83984.09457804382,93890.26684015908,1.1179529565912003,10.5,0.3652173913043478,6.118957545860806,6862.754166666667,107.0,41992.901393512686,392.4570223692774,79158.78026252864,739.8016846965294,11283.139393116726,21269.29843502522,21269.29843502522,908.506575947627,739.8016846965294,635.9546031633388,517.8611792875705,769.6428571428571,2,23.0,0.8262983242957535,600.0,1,3,1600000,10.5,0.25,0.043623081331315164,487569.83197692846,3091635.8066227743,158315.62848795205,0.1577061020358467,0.0,5.727402938973852,0.0,32.649172876390125,0.0,3.600827123609875,10.492708333333335,7.258978101023018,1149209.6802437399,1661159.7143324388,0.0,6489283.72087343,9503070540.022505,0.0,315.0227573612066,315.0227573612066,25804.541301133067,26119.564058494274,26119.564058494274,15053.789770917623,523.6100789884391,585.3714359060774,366.52705529190735,409.7600051342542,0.051558933286698284,6.488868760091869e-05,0.00016207714649874583,0.00016207714649874583,209.85416666666669,-209.85416666666669,34.350827123609875,-34.350827123609875,0.0055674840400664095,-0.0055674840400664095,0.03401256451420556,-0.03401256451420556,-0.0055674840400664095,0.0055674840400664095,-0.03401256451420556,0.03401256451420556,0.0571264173267647,0.04599144924663187,0.08557149780090384,0.017546368772492722,0.04599144924663187,0.0571264173267647,0.017546368772492722,0.08557149780090384,0.051558933286698284,0.05155893328669828,0.051558933286698284,0.05155893328669828,0.0571264173267647,0.08557149780090384,0.051558933286698284,0.05155893328669828,1.107982917511266,1.659683246840572,1.659683246840572,0.014967559156318831,0.016525948177845827,0.013409170134791835,0.013409170134791835,0.016525948177845827,0.024485935856048725,0.00544918245658893,0.00544918245658893,0.024485935856048725,0.016525948177845827,0.024485935856048725,0.014967559156318831,0.014967559156318831,0.059870236625275325,0.059870236625275325,0.21,0.0,10.5,0.0,191978.7958299329,9539.319047450083,13388.28401704196,0.0,0.0,191978.7958299329,6795.70958690028,9537.671357273255,9537.671357273255,1.3333333333333333,0.0,0.0,191978.7958299329,0.0,0.0,143984.09687244968,0.0,0.0,0.0,0.0,191978.7958299329,143984.09687244968,6795.70958690028,5096.7821901752095,9537.671357273255,7153.253517954941,9537.671357273255,C,9.537671357273256,9.537671357273256,896.6715761812375
3,D-C--D-5.2,x,14.0,0.0,36.25,D-C,1,1.0,1.9128808887800435,1134.5891666666666,,0,83984.09457804382,93890.26684015908,1.1179529565912003,10.5,0.75,6.118957545860806,6862.754166666667,107.0,41992.901393512686,392.4570223692774,79158.78026252864,739.8016846965294,5494.398313169884,10357.22358575141,10357.22358575141,740.7395660193373,739.8016846965293,518.517696213536,517.8611792875705,600.0,3,19.0,0.8641961603558934,600.0,1,3,1600000,10.5,0.25,0.05216855803083884,198533.829124218,3091635.8066227743,158315.62848795205,0.06421643477505566,0.0,2.2934144084709636,0.0,32.649172876390125,0.0,3.600827123609875,10.492708333333335,7.258978101023018,1149209.6802437399,1661159.7143324388,0.0,2576466.0064676953,9503070540.022505,0.0,125.07473251541325,125.07473251541325,10245.27919175531,10370.353924270723,10370.353924270723,5441.4441726441155,388.67458376029396,434.5199000666748,272.07220863220573,304.1639300466723,0.051558933286698284,6.488868760091869e-05,0.00016207714649874583,0.00016207714649874583,209.85416666666669,-209.85416666666669,34.350827123609875,-34.350827123609875,0.0055674840400664095,-0.0055674840400664095,0.03401256451420556,-0.03401256451420556,-0.0055674840400664095,0.0055674840400664095,-0.03401256451420556,0.03401256451420556,0.0571264173267647,0.04599144924663187,0.08557149780090384,0.017546368772492722,0.04599144924663187,0.0571264173267647,0.017546368772492722,0.08557149780090384,0.051558933286698284,0.05155893328669828,0.051558933286698284,0.05155893328669828,0.0571264173267647,0.08557149780090384,0.051558933286698284,0.05155893328669828,1.107982917511266,1.659683246840572,1.659683246840572,0.014967559156318831,0.016525948177845827,0.013409170134791835,0.013409170134791835,0.016525948177845827,0.024485935856048725,0.00544918245658893,0.00544918245658893,0.024485935856048725,0.016525948177845827,0.024485935856048725,0.014967559156318831,0.014967559156318831,0.059870236625275325,0.059870236625275325,0.21,0.0,10.5,0.0,76222.1013433898,7777.765443203042,11298.415265793476,0.0,0.0,76222.1013433898,5646.081580991838,8201.812563316744,8201.812563316744,1.3333333333333333,0.0,0.0,76222.1013433898,0.0,0.0,57166.57600754237,0.0,0.0,0.0,0.0,76222.1013433898,57166.57600754237,5646.081580991838,4234.561185743879,8201.812563316744,6151.35942248756,8201.812563316744,C,9.537671357273256,9.537671357273256,0.0
3,D-C--D-6.7,x,14.5,0.0,36.25,D-C,1,1.0,1.9128808887800435,1708.5,,0,83984.09457804382,93890.26684015908,1.1179529565912003,10.5,0.7241379310344828,6.118957545860806,6862.754166666667,107.0,41992.901393512686,392.4570223692774,79158.78026252864,739.8016846965294,5690.626824354523,10727.124428099676,10727.124428099676,749.6931894513963,739.8016846965294,524.7852326159774,517.8611792875705,600.0,3,19.0,0.8746420543599623,600.0,1,3,1600000,10.5,0.25,0.05198665672625277,206343.80249889352,3091635.8066227743,158315.62848795205,0.06674259693100731,0.0,2.404033559515066,0.0,32.649172876390125,0.0,3.600827123609875,10.492708333333335,7.258978101023018,1149209.6802437399,1661159.7143324388,0.0,2700737.6955600563,9503070540.022505,0.0,131.10751083790905,131.10751083790905,10739.443736207339,10870.551247045247,10870.551247045247,5688.016450846575,392.2769966101086,438.54722816298715,274.593897627076,306.983059714091,0.051558933286698284,6.488868760091869e-05,0.00016207714649874583,0.00016207714649874583,209.85416666666669,-209.85416666666669,34.350827123609875,-34.350827123609875,0.0055674840400664095,-0.0055674840400664095,0.03401256451420556,-0.03401256451420556,-0.0055674840400664095,0.0055674840400664095,-0.03401256451420556,0.03401256451420556,0.0571264173267647,0.04599144924663187,0.08557149780090384,0.017546368772492722,0.04599144924663187,0.0571264173267647,0.017546368772492722,0.08557149780090384,0.051558933286698284,0.05155893328669828,0.051558933286698284,0.05155893328669828,0.0571264173267647,0.08557149780090384,0.051558933286698284,0.05155893328669828,1.107982917511266,1.659683246840572,1.659683246840572,0.014967559156318831,0.016525948177845827,0.013409170134791835,0.013409170134791835,0.016525948177845827,0.024485935856048725,0.00544918245658893,0.00544918245658893,0.024485935856048725,0.016525948177845827,0.024485935856048725,0.014967559156318831,0.014967559156318831,0.059870236625275325,0.059870236625275325,0.21,0.0,10.5,0.0,79898.55166578256,7871.778489239661,11445.940417652539,0.0,0.0,79898.55166578256,5707.039404698755,8298.30680279809,8298.30680279809,1.3333333333333333,0.0,0.0,79898.55166578256,0.0,0.0,59923.91374933693,0.0,0.0,0.0,0.0,79898.55166578256,59923.91374933693,5707.039404698755,4280.279553524067,8298.30680279809,6223.730102098569,8298.30680279809,C,9.537671357273256,9.537671357273256,0.0
2,D-2,y,29.0,35.104166666666664,0.0,D-2,2,1.090850188626392,1.3513691439476212,2843.1041666666665,,90,58600.656926374846,88024.04333333336,1.5020999413696967,10.5,0.3620689655172414,4.269557631044401,2843.1041666666665,29.0,12138.797090645798,418.5792100222689,44932.72392045666,1549.404273119195,12138.797090645798,44932.72392045666,44932.72392045666,1716.8023174759205,1549.404273119195,1201.7616222331442,1084.5829911834364,1539.2857142857142,2,23.0,0.7807268079472863,1200.0,2,3,1600000,10.5,0.25,0.042919172940830426,1046914.9529605841,4660095.459629066,216914.99738959013,0.22465525911006043,7.037174131168895,0.0,105.38880793545647,0.0,70.28464126878981,0.0,11.90769746674151,4.527086632224532,981992.9850114328,2582958.164914264,4658598055.873699,0.0,12299307619.687136,5292.032834143373,0.0,5292.032834143373,44495.23437265833,49787.2672068017,49787.2672068017,13439.962939354926,463.44699790879054,696.1437083867562,324.41289853615336,487.3005958707293,0.04718230163195924,5.4555402860394765e-05,0.00017839507519432966,0.00017839507519432966,104.46535873121022,-104.46535873121022,67.0,-67.0,0.011952470038020087,-0.011952470038020087,0.018636105526056868,-0.018636105526056868,-0.011952470038020087,0.011952470038020087,-0.018636105526056868,0.018636105526056868,0.059134771669979325,0.03522983159393915,0.06581840715801611,0.02854619610590237,0.03522983159393915,0.059134771669979325,0.02854619610590237,0.06581840715801611,0.04718230163195924,0.04718230163195924,0.04718230163195924,0.04718230163195924,0.059134771669979325,0.06581840715801611,0.04718230163195924,0.04718230163195924,1.2533252856389694,1.3949808483576305,1.3949808483576305,0.003585684626943038,0.008199066315856735,-0.0010276970619706588,-0.0010276970619706588,0.008199066315856735,0.010355654689819957,-0.0031842854359338778,-0.0031842854359338778,0.010355654689819957,0.008199066315856735,0.010355654689819957,0.008199066315856735,0.008199066315856735,0.03279626526342694,0.03279626526342694,0.21,355.3880208333333,10.5,571.8887691570881,365936.4139699925,18026.42433349717,36524.171572038314,2648.1309455818964,14186.415779903018,354398.12913567136,12435.022074935838,24838.54557081266,24838.54557081266,1.3333333333333333,653.5871647509578,408.49197796934857,365936.4139699925,42.70102809706257,381.2591794380587,274452.3104774944,32.025771072796935,381.2591794380587,326.7935823754789,27.232798531289905,366360.3741775276,275219.62180891196,12854.74997114132,9656.82883540042,26060.0899485959,19592.366532580218,26060.0899485959,E,24.838545570812663,26.060089948595902,3153.145851679723
2,D-2.8,y,29.0,54.35416666666667,0.0,D-2.8,1,1.090850188626392,1.3513691439476212,940.0937500000002,,90,58600.656926374846,88024.04333333336,1.5020999413696967,10.5,0.3620689655172414,4.269557631044401,940.0937500000002,29.0,4013.784444209648,138.40636014516028,14857.342697232683,512.3221619735408,4013.784444209648,14857.342697232683,14857.342697232683,647.3341793207757,512.3221619735408,453.1339255245429,358.6255133814785,460.7142857142857,4,17.0,0.9835465050145118,460.7142857142857,1,4,1600000,10.5,0.25,0.041887185265574035,354698.9993009518,4660095.459629066,216914.99738959013,0.07611410589627386,4.7390674651425595,0.0,105.38880793545647,0.0,51.0346412687898,0.0,11.90769746674151,4.527086632224532,981992.9850114328,2582958.164914264,953901865.2302383,0.0,12299307619.687136,1492.3350976968075,0.0,1492.3350976968075,17280.35610260569,18772.691200302495,18772.691200302495,4252.29390437785,146.63082428889138,220.25415256733405,102.64157700222395,154.17790679713383,0.04718230163195924,5.4555402860394765e-05,0.00017839507519432966,0.00017839507519432966,104.46535873121022,-104.46535873121022,67.0,-67.0,0.011952470038020087,-0.011952470038020087,0.018636105526056868,-0.018636105526056868,-0.011952470038020087,0.011952470038020087,-0.018636105526056868,0.018636105526056868,0.059134771669979325,0.03522983159393915,0.06581840715801611,0.02854619610590237,0.03522983159393915,0.059134771669979325,0.02854619610590237,0.06581840715801611,0.04718230163195924,0.04718230163195924,0.04718230163195924,0.04718230163195924,0.059134771669979325,0.06581840715801611,0.04718230163195924,0.04718230163195924,1.2533252856389694,1.3949808483576305,1.3949808483576305,0.003585684626943038,0.008199066315856735,-0.0010276970619706588,-0.0010276970619706588,0.008199066315856735,0.010355654689819957,-0.0031842854359338778,-0.0031842854359338778,0.010355654689819957,0.008199066315856735,0.010355654689819957,0.008199066315856735,0.008199066315856735,0.03279626526342694,0.03279626526342694,0.21,235.02343750000006,10.5,378.1986350574713,137979.28032222332,6797.008882868145,14386.292501228585,1751.2487796336206,9381.689890894397,130348.83921096253,4573.643481086405,9468.765632661998,9468.765632661998,1.3333333333333333,432.2270114942529,270.14188218390814,137979.28032222332,28.238831417624517,252.13242337164752,103484.4602416675,21.179123563218397,252.13242337164752,216.11350574712642,18.00945881226054,138259.6515770126,103991.89475316175,4851.21584480746,3648.8384123916403,10276.591282080984,7738.723047918875,10276.591282080984,E,24.838545570812663,26.060089948595902,0.0
2,D-3.2,y,20.0,63.16666666666668,0.0,D-3.2,1,1.090850188626392,1.3513691439476212,1298.1250000000002,,90,58600.656926374846,88024.04333333336,1.5020999413696967,10.5,0.525,4.269557631044401,1298.1250000000002,20.0,5542.419499799514,277.1209749899757,20515.707065221075,1025.7853532610538,5542.419499799515,20515.707065221075,20515.707065221075,1025.7853532610538,1025.7853532610538,718.0497472827376,718.0497472827376,769.6428571428571,2,23.0,0.9329648688592415,769.6428571428571,1,2,1600000,10.5,0.25,0.05231804352037679,392134.44702362834,4660095.459629066,216914.99738959013,0.0841472992175232,5.047470075265087,0.0,105.38880793545647,0.0,42.22214126878979,0.0,11.90769746674151,4.527086632224532,981992.9850114328,2582958.164914264,699061691.5698096,0.0,12299307619.687136,1321.9132952473608,0.0,1321.9132952473608,18501.805759750372,19823.71905499773,20515.707065221075,5542.419499799513,277.12097498997565,416.2634002847556,193.98468249298296,291.3843801993289,0.04718230163195924,5.4555402860394765e-05,0.00017839507519432966,0.00017839507519432966,104.46535873121022,-104.46535873121022,67.0,-67.0,0.011952470038020087,-0.011952470038020087,0.018636105526056868,-0.018636105526056868,-0.011952470038020087,0.011952470038020087,-0.018636105526056868,0.018636105526056868,0.059134771669979325,0.03522983159393915,0.06581840715801611,0.02854619610590237,0.03522983159393915,0.059134771669979325,0.02854619610590237,0.06581840715801611,0.04718230163195924,0.04718230163195924,0.04718230163195924,0.04718230163195924,0.059134771669979325,0.06581840715801611,0.04718230163195924,0.04718230163195924,1.2533252856389694,1.3949808483576305,1.3949808483576305,0.003585684626943038,0.008199066315856735,-0.0010276970619706588,-0.0010276970619706588,0.008199066315856735,0.010355654689819957,-0.0031842854359338778,-0.0031842854359338778,0.010355654689819957,0.008199066315856735,0.010355654689819957,0.008199066315856735,0.008199066315856735,0.03279626526342694,0.03279626526342694,0.21,324.53125000000006,10.5,757.2395833333335,150790.44692937488,10770.746209241064,22206.86906118921,3506.3978906250004,18784.274414062504,135512.57040593738,6949.362584919866,13665.791253065327,13665.791253065327,1.3333333333333333,865.4166666666667,540.8854166666667,150790.44692937488,56.54055555555556,504.82638888888897,113092.83519703118,42.40541666666668,504.82638888888897,432.7083333333333,36.059027777777786,151351.8138738193,114108.83436369784,7761.631480708683,5851.735095574249,16029.757317434985,12113.852443204445,16029.757317434985,E,24.838545570812663,26.060089948595902,0.0
2,D-4,y,29.0,93.10416666666669,0.0,D-4,1,1.090850188626392,1.3513691439476212,1829.2395833333335,,90,58600.656926374846,88024.04333333336,1.5020999413696967,10.5,0.3620689655172414,4.269557631044401,1829.2395833333335,29.0,7810.043822029314,269.3118559320453,28909.49904190561,996.87927730709,7810.0438220293145,28909.499041905612,28909.499041905612,1020.5295483566617,996.8792773070901,714.3706838496631,697.815494114963,769.6428571428571,2,23.0,0.9281846472292608,769.6428571428571,1,2,1600000,10.5,0.25,0.047984168726365635,602479.9388891121,4660095.459629066,216914.99738959013,0.12928489214619399,11.658128881898682,0.0,105.38880793545647,0.0,12.284641268789784,0.0,11.90769746674151,4.527086632224532,981992.9850114328,2582958.164914264,92732911.20662583,0.0,12299307619.687136,602.6971483437001,0.0,602.6971483437001,28992.65975399949,29595.356902343192,29595.356902343192,7534.54258525914,259.81181328479795,390.26330950224957,181.86826929935856,273.1843166515747,0.04718230163195924,5.4555402860394765e-05,0.00017839507519432966,0.00017839507519432966,104.46535873121022,-104.46535873121022,67.0,-67.0,0.011952470038020087,-0.011952470038020087,0.018636105526056868,-0.018636105526056868,-0.011952470038020087,0.011952470038020087,-0.018636105526056868,0.018636105526056868,0.059134771669979325,0.03522983159393915,0.06581840715801611,0.02854619610590237,0.03522983159393915,0.059134771669979325,0.02854619610590237,0.06581840715801611,0.04718230163195924,0.04718230163195924,0.04718230163195924,0.04718230163195924,0.059134771669979325,0.06581840715801611,0.04718230163195924,0.04718230163195924,1.2533252856389694,1.3949808483576305,1.3949808483576305,0.003585684626943038,0.008199066315856735,-0.0010276970619706588,-0.0010276970619706588,0.008199066315856735,0.010355654689819957,-0.0031842854359338778,-0.0031842854359338778,0.010355654689819957,0.008199066315856735,0.010355654689819957,0.008199066315856735,0.008199066315856735,0.03279626526342694,0.03279626526342694,0.21,114.32747395833334,10.5,183.97524545019158,217525.87323222245,10715.56025774495,22462.91239864636,851.8973740571121,4563.735932448815,213814.03467383076,7502.246830660728,15621.287634526285,15621.287634526285,1.3333333333333333,210.25742337164752,131.4108896072797,217525.87323222245,13.736818326947636,122.65016363346105,163144.40492416685,10.302613745210731,122.65016363346105,105.12871168582376,8.760725973818646,217662.26021418287,163391.24713920517,7637.272288216943,5733.026215410708,16014.25553117201,12025.907646123007,16014.25553117201,E,24.838545570812663,26.060089948595902,0.0
2,D-5,y,29.0,117.77083333333336,0.0,D-5,1,1.053993425838026,1.2876278796896894,1448.8750000000002,,90,58600.656926374846,88024.04333333336,1.5020999413696967,10.5,0.3620689655172414,4.269557631044401,1448.8750000000002,29.0,6186.055312679457,213.31225216136056,22898.176272795135,789.5922852687978,6186.055312679457,22898.176272795135,22898.176272795135,841.4827514400713,789.5922852687978,589.0379260080499,552.7145996881584,600.0,3,19.0,0.9817298766800832,600.0,1,3,1600000,10.5,0.25,0.047628550783635384,480765.7570102402,4660095.459629066,216914.99738959013,0.10316650402876257,12.16935663540955,0.0,105.38880793545647,0.0,12.382025397876887,0.0,10.59752100044608,4.31355339696046,935674.4238415358,2298761.2401478877,77743207.19780508,0.0,12299307619.687136,477.65558160579843,0.0,477.65558160579843,23925.34421015627,24402.999791762068,24402.999791762068,6001.4180973817165,206.9454516338523,310.8527507659349,144.8618161436966,217.59692553615443,0.04718230163195924,5.4555402860394765e-05,0.0001633565249379818,0.0001633565249379818,104.46535873121022,-104.46535873121022,67.0,-67.0,0.010944887170844781,-0.010944887170844781,0.017065097978730157,-0.017065097978730157,-0.010944887170844781,0.010944887170844781,-0.017065097978730157,0.017065097978730157,0.05812718880280402,0.036237414461114455,0.0642473996106894,0.03011720365322908,0.036237414461114455,0.05812718880280402,0.03011720365322908,0.0642473996106894,0.04718230163195924,0.04718230163195924,0.04718230163195924,0.04718230163195924,0.05812718880280402,0.0642473996106894,0.04718230163195924,0.04718230163195924,1.2319701835705106,1.3616843050990757,1.3616843050990757,0.003585684626943038,0.00015149921217481183,0.007019870041711264,0.007019870041711264,0.00015149921217481183,-0.0025978846700867864,0.009769253923972866,0.009769253923972866,-0.0025978846700867864,0.007019870041711264,0.009769253923972866,0.007019870041711264,0.007019870041711264,0.028079480166845056,0.028079480166845056,0.21,90.55468750000001,10.5,145.72018678160921,179362.04846945117,8835.568890120749,18623.773165663883,674.7573248922415,3614.7713833512935,176422.0344109921,6190.24682143832,12965.469744840535,12965.469744840535,1.3333333333333333,166.5373563218391,104.08584770114943,179362.04846945117,10.88044061302682,97.14679118773947,134521.5363520884,8.160330459770117,97.14679118773947,83.26867816091955,6.939056513409962,179470.07570125192,134717.05120841024,6297.195638640418,4726.914077488079,13276.725507311545,9969.596176006951,13276.725507311545,E,24.838545570812663,26.060089948595902,0.0
2,D-6,y,29.0,136.35416666666669,0.0,D-6,1,1.053993425838026,1.2876278796896894,862.625,,90,58600.656926374846,88024.04333333336,1.5020999413696967,10.5,0.3620689655172414,4.269557631044401,862.625,29.0,3683.027151479676,127.00093625791986,13633.018243340455,470.1040773565674,3683.027151479676,13633.018243340455,13633.018243340455,594.3884178559964,470.1040773565674,416.0718924991975,329.07285414959716,460.7142857142857,4,17.0,0.9031017821688007,460.7142857142857,1,4,1600000,10.5,0.25,0.0390781669536822,348865.3462046756,4660095.459629066,216914.99738959013,0.07486227465229747,11.661049395991034,0.0,105.38880793545647,0.0,30.965358731210216,0.0,10.59752100044608,4.31355339696046,935674.4238415358,2298761.2401478877,333643042.94153154,0.0,12299307619.687136,819.6907843364572,0.0,819.6907843364572,16417.57333348744,17237.264117823896,17237.264117823896,3469.202557678529,119.6276744027079,179.6927227065007,83.73937208189552,125.78490589455048,0.04718230163195924,5.4555402860394765e-05,0.0001633565249379818,0.0001633565249379818,104.46535873121022,-104.46535873121022,67.0,-67.0,0.010944887170844781,-0.010944887170844781,0.017065097978730157,-0.017065097978730157,-0.010944887170844781,0.010944887170844781,-0.017065097978730157,0.017065097978730157,0.05812718880280402,0.036237414461114455,0.0642473996106894,0.03011720365322908,0.036237414461114455,0.05812718880280402,0.03011720365322908,0.0642473996106894,0.04718230163195924,0.04718230163195924,0.04718230163195924,0.04718230163195924,0.05812718880280402,0.0642473996106894,0.04718230163195924,0.04718230163195924,1.2319701835705106,1.3616843050990757,1.3616843050990757,0.003585684626943038,0.00015149921217481183,0.007019870041711264,0.007019870041711264,0.00015149921217481183,-0.0025978846700867864,0.009769253923972866,0.009769253923972866,-0.0025978846700867864,0.007019870041711264,0.009769253923972866,0.007019870041711264,0.007019870041711264,0.028079480166845056,0.028079480166845056,0.21,53.9140625,10.5,86.75826149425286,126693.89126600562,6241.078387487962,13385.097808657923,401.7341298491379,2152.1471241918102,124943.47827166296,4383.98169374256,9355.402924271077,9355.402924271077,1.3333333333333333,99.15229885057471,61.97018678160919,126693.89126600562,6.47795019157088,57.83884099616857,95020.41844950424,4.858462643678161,57.83884099616857,49.576149425287355,4.131345785440613,126758.20805719336,95136.8232483548,4447.656423059416,3338.1341490650807,9540.717048748036,7162.713281872582,9540.717048748036,D,22.791413898349738,23.34050422317476,0.0
2,D-6.2,y,10.583333333333334,143.52083333333337,0.0,D-6.2,2,1.053993425838026,1.2876278796896894,873.7916666666666,,90,58600.656926374846,88024.04333333336,1.5020999413696967,10.5,0.9921259842519684,4.269557631044401,873.7916666666666,10.583333333333334,3730.7038783596718,352.5074530733548,13809.497443901495,1304.8344041481728,3730.7038783596718,13809.497443901495,13809.497443901495,1304.8344041481728,1304.8344041481728,913.3840829037209,913.3840829037209,921.4285714285714,4,17.0,0.9912695473373715,921.4285714285714,2,4,1600000,10.5,0.25,0.059913289018228996,230491.3929812778,4660095.459629066,216914.99738959013,0.04946065911697535,6.740939954997474,0.0,105.38880793545647,0.0,38.1320253978769,0.0,10.59752100044608,4.31355339696046,935674.4238415358,2298761.2401478877,335146323.6503812,0.0,12299307619.687136,668.6343450515594,0.0,668.6343450515594,10875.114427213102,11543.748772264662,13809.497443901495,3730.7038783596727,352.5074530733549,529.5014245938675,246.7552171513484,370.6509972157072,0.04718230163195924,5.4555402860394765e-05,0.0001633565249379818,0.0001633565249379818,104.46535873121022,-104.46535873121022,67.0,-67.0,0.010944887170844781,-0.010944887170844781,0.017065097978730157,-0.017065097978730157,-0.010944887170844781,0.010944887170844781,-0.017065097978730157,0.017065097978730157,0.05812718880280402,0.036237414461114455,0.0642473996106894,0.03011720365322908,0.036237414461114455,0.05812718880280402,0.03011720365322908,0.0642473996106894,0.04718230163195924,0.04718230163195924,0.04718230163195924,0.04718230163195924,0.05812718880280402,0.0642473996106894,0.04718230163195924,0.04718230163195924,1.2319701835705106,1.3616843050990757,1.3616843050990757,0.003585684626943038,0.00015149921217481183,0.007019870041711264,0.007019870041711264,0.00015149921217481183,-0.0025978846700867864,0.009769253923972866,0.009769253923972866,-0.0025978846700867864,0.007019870041711264,0.009769253923972866,0.007019870041711264,0.007019870041711264,0.028079480166845056,0.028079480166845056,0.21,54.611979166666664,10.5,240.8087270341207,101499.80621267598,13700.761243555813,28171.469303808204,1115.0648105314958,5973.561484990156,96641.3095382173,9584.2621029637,19297.17441706486,19297.17441706486,1.3333333333333333,275.2099737532808,172.0062335958005,101499.80621267598,17.980384951881007,160.53915135608045,76124.854659507,13.485288713910762,160.53915135608045,137.6049868766404,11.467082239720032,101678.32574898393,76447.95116869334,10083.800900725679,7581.614991936529,20750.994416658144,15619.538761670417,20750.994416658144,D,22.791413898349738,23.34050422317476,0.0
2,D-6.7,y,10.583333333333334,162.43750000000003,0.0,D-6.7,1,1.053993425838026,1.2876278796896894,704.8958333333333,,90,58600.656926374846,88024.04333333336,1.5020999413696967,10.5,0.9921259842519684,4.269557631044401,704.8958333333333,10.583333333333334,3009.593384299735,284.37102843777024,11140.249535415742,1052.6220033463692,3009.593384299735,11140.249535415742,11140.249535415742,1052.6220033463692,1052.6220033463692,736.8354023424583,736.8354023424583,769.6428571428571,2,23.0,0.9573731445748879,769.6428571428571,1,2,1600000,10.5,0.25,0.06528365331968267,170643.7824621101,4660095.459629066,216914.99738959013,0.03661808732040287,5.648427575856047,0.0,105.38880793545647,0.0,57.04869206454356,0.0,10.59752100044608,4.31355339696046,935674.4238415358,2298761.2401478877,555369279.5816007,0.0,12299307619.687136,740.5941131297252,0.0,740.5941131297252,8051.366415745714,8791.96052887544,11140.249535415742,3009.5933842997347,284.3710284377702,427.15370514361496,199.0597199064391,299.00759360053047,0.04718230163195924,5.4555402860394765e-05,0.0001633565249379818,0.0001633565249379818,104.46535873121022,-104.46535873121022,67.0,-67.0,0.010944887170844781,-0.010944887170844781,0.017065097978730157,-0.017065097978730157,-0.010944887170844781,0.010944887170844781,-0.017065097978730157,0.017065097978730157,0.05812718880280402,0.036237414461114455,0.0642473996106894,0.03011720365322908,0.036237414461114455,0.05812718880280402,0.03011720365322908,0.0642473996106894,0.04718230163195924,0.04718230163195924,0.04718230163195924,0.04718230163195924,0.05812718880280402,0.0642473996106894,0.04718230163195924,0.04718230163195924,1.2319701835705106,1.3616843050990757,1.3616843050990757,0.003585684626943038,0.00015149921217481183,0.007019870041711264,0.007019870041711264,0.00015149921217481183,-0.0025978846700867864,0.009769253923972866,0.009769253923972866,-0.0025978846700867864,0.007019870041711264,0.009769253923972866,0.007019870041711264,0.007019870041711264,0.028079480166845056,0.028079480166845056,0.21,44.05598958333333,10.5,194.26263123359576,81880.83408530569,11052.531035136877,22726.185300995436,899.5331139271651,4818.927396038385,77961.43980319446,7731.713038333334,15567.209393958074,15567.209393958074,1.3333333333333333,222.014435695538,138.75902230971127,81880.83408530569,14.504943132108481,129.50842082239717,61410.62556397928,10.878707349081363,129.50842082239717,111.007217847769,9.250601487314086,82024.8474492602,61671.27051148585,8134.695614802664,6116.159058990332,16740.019457527735,12600.4266368108,16740.019457527735,D,22.791413898349738,23.34050422317476,0.0
2,D-6.8,y,20.0,164.56250000000003,0.0,D-6.8,1,1.053993425838026,1.2876278796896894,368.5000000000001,,90,58600.656926374846,88024.04333333336,1.5020999413696967,10.5,0.525,4.269557631044401,368.5000000000001,20.0,1573.331987039862,78.6665993519931,5823.81361851437,291.19068092571854,1573.331987039862,5823.81361851437,5823.81361851437,419.7790293675827,291.19068092571854,293.8453205573079,203.83347664800297,310.7142857142857,6,14.0,0.9457090776557036,310.7142857142857,1,6,1600000,10.5,0.25,0.03813786929355259,152704.22093294334,4660095.459629066,216914.99738959013,0.03276847486405317,6.552230159560986,0.0,105.38880793545647,0.0,59.17369206454356,0.0,10.59752100044608,4.31355339696046,935674.4238415358,2298761.2401478877,568790413.065366,0.0,12299307619.687136,731.2530575795389,0.0,731.2530575795389,7664.327529772117,8395.580587351655,8395.580587351655,2486.5438107510554,124.32719053755277,186.75186561711712,87.02903337628693,130.72630593198198,0.04718230163195924,5.4555402860394765e-05,0.0001633565249379818,0.0001633565249379818,104.46535873121022,-104.46535873121022,67.0,-67.0,0.010944887170844781,-0.010944887170844781,0.017065097978730157,-0.017065097978730157,-0.010944887170844781,0.010944887170844781,-0.017065097978730157,0.017065097978730157,0.05812718880280402,0.036237414461114455,0.0642473996106894,0.03011720365322908,0.036237414461114455,0.05812718880280402,0.03011720365322908,0.0642473996106894,0.04718230163195924,0.04718230163195924,0.04718230163195924,0.04718230163195924,0.05812718880280402,0.0642473996106894,0.04718230163195924,0.04718230163195924,1.2319701835705106,1.3616843050990757,1.3616843050990757,0.003585684626943038,0.00015149921217481183,0.007019870041711264,0.007019870041711264,0.00015149921217481183,-0.0025978846700867864,0.009769253923972866,0.009769253923972866,-0.0025978846700867864,0.007019870041711264,0.009769253923972866,0.007019870041711264,0.007019870041711264,0.028079480166845056,0.028079480166845056,0.21,23.031250000000007,10.5,53.73958333333335,61707.51731703465,4407.679808359619,9063.114158150063,248.8411406250001,1333.0775390625004,60623.28091859716,3108.8862009537,6345.214925242352,6345.214925242352,1.3333333333333333,61.416666666666686,38.38541666666668,61707.51731703465,4.012555555555556,35.8263888888889,46280.637987776,3.0094166666666684,35.8263888888889,30.708333333333343,2.5590277777777786,61747.3562614791,46352.74115444267,3166.5310903322616,2377.063648945778,6512.98025884278,4891.231187721829,6512.98025884278,D,22.791413898349738,23.34050422317476,0.0
2,D-7,y,29.0,173.43750000000003,0.0,D-7,2,1.053993425838026,1.2876278796896894,2555.9791666666674,,90,58600.656926374846,88024.04333333336,1.5020999413696967,10.5,0.3620689655172414,4.269557631044401,2555.9791666666674,29.0,10912.900355832178,376.30690882179925,40394.96955080691,1392.9299845105832,10912.900355832178,40394.96955080691,40394.96955080691,1557.863424176021,1392.9299845105832,1090.5043969232147,975.0509891574081,1200.0,3,19.0,0.9087536641026789,1200.0,2,3,1600000,10.5,0.25,0.045882694853261165,880396.6218635433,4660095.459629066,216914.99738959013,0.18892244364745717,34.13496366016615,0.0,105.38880793545647,0.0,68.04869206454356,0.0,10.59752100044608,4.31355339696046,935674.4238415358,2298761.2401478877,3995531056.927614,0.0,12299307619.687136,4466.823816903019,0.0,4466.823816903019,40711.21548420159,45178.03930110461,45178.03930110461,14266.381258838068,491.9441813392437,738.9493259468414,344.3609269374706,517.264528162789,0.04718230163195924,5.4555402860394765e-05,0.0001633565249379818,0.0001633565249379818,104.46535873121022,-104.46535873121022,67.0,-67.0,0.010944887170844781,-0.010944887170844781,0.017065097978730157,-0.017065097978730157,-0.010944887170844781,0.010944887170844781,-0.017065097978730157,0.017065097978730157,0.05812718880280402,0.036237414461114455,0.0642473996106894,0.03011720365322908,0.036237414461114455,0.05812718880280402,0.03011720365322908,0.0642473996106894,0.04718230163195924,0.04718230163195924,0.04718230163195924,0.04718230163195924,0.05812718880280402,0.0642473996106894,0.04718230163195924,0.04718230163195924,1.2319701835705106,1.3616843050990757,1.3616843050990757,0.003585684626943038,0.00015149921217481183,0.007019870041711264,0.007019870041711264,0.00015149921217481183,-0.0025978846700867864,0.009769253923972866,0.009769253923972866,-0.0025978846700867864,0.007019870041711264,0.009769253923972866,0.007019870041711264,0.007019870041711264,0.028079480166845056,0.028079480166845056,0.21,159.7486979166667,10.5,257.066870210728,332058.58886311884,16357.565953848221,32740.524809907984,1190.3481425107761,6376.865049164872,326872.0719564648,11469.195507244378,22791.41389834974,22791.41389834974,1.3333333333333333,293.7907088122606,183.6191930076629,332058.58886311884,19.194326309067687,171.37791347381864,249043.94164733915,14.39574473180077,171.37791347381864,146.8953544061303,12.241279533844192,332249.16110290174,249388.8519394847,11657.865301856202,8750.486032964376,23340.50422317476,17526.639337097746,23340.50422317476,D,22.791413898349738,23.34050422317476,4022.0998881494543
2,D-B--D-1.8,x,9.67,0.0,30.75,D-B,1,1.0,1.9956371870821303,1557.75,,0,58600.656926374846,88024.04333333336,1.5020999413696967,10.5,1.0858324715615306,4.269557631044401,6862.586666666666,104.34,29300.20927137022,280.81473328896124,108457.05749679364,1039.4580937013,2715.478470904255,10051.55976609157,10051.55976609157,1039.4580937013,1039.4580937013,727.6206655909099,727.6206655909099,769.6428571428571,2,23.0,0.9454004007677715,769.6428571428571,1,2,1600000,10.5,0.25,0.06710407462549528,149790.60246622664,4052711.713573885,216916.7621815957,0.03696058665227232,0.0,1.1847936249546402,0.0,32.649030916156,0.0,1.8990309161560006,10.492708333333335,5.8344154928811385,1265582.5179379154,2276044.3181825145,0.0,540192.6088941873,12299307619.687136,0.0,52.64009361920099,52.64009361920099,7726.340108406313,7778.980202025515,10051.55976609157,2715.478470904255,280.81473328896124,421.8117944090957,196.57031330227287,295.26825608636693,0.051580940200493385,4.06975365971247e-05,0.00017087719028928235,0.00017087719028928235,209.85416666666669,-209.85416666666669,34.350969083844,-34.350969083844,0.005869797080761266,-0.005869797080761266,0.03585929037049878,-0.03585929037049878,-0.005869797080761266,0.005869797080761266,-0.03585929037049878,0.03585929037049878,0.05745073728125465,0.045711143119732116,0.08744023057099216,0.015721649829994605,0.045711143119732116,0.05745073728125465,0.015721649829994605,0.08744023057099216,0.051580940200493385,0.051580940200493385,0.051580940200493385,0.051580940200493385,0.05745073728125465,0.08744023057099216,0.051580940200493385,0.051580940200493385,1.1137977915475283,1.6952042795481221,1.6952042795481221,2.2006913795100114e-05,0.0003243199544899558,-0.0002803061268997556,-0.0002803061268997556,0.0003243199544899558,0.0018687327700883244,-0.0018247189424981172,-0.0018247189424981172,0.0018687327700883244,0.0003243199544899558,0.0018687327700883244,2.2006913795100114e-05,2.2006913795100114e-05,8.802765518040045e-05,8.802765518040045e-05,0.21,0.0,9.67,0.0,73878.96428077304,10914.309983863648,22441.97553820467,0.0,0.0,73878.96428077304,8056.593705645915,16565.946828583146,16565.946828583146,1.3333333333333333,0.0,0.0,73878.96428077304,0.0,0.0,55409.22321057979,0.0,0.0,0.0,0.0,73878.96428077304,55409.22321057979,8056.593705645915,6042.445279234437,16565.946828583146,12424.46012143736,16565.946828583146,B,18.57302429657958,18.57302429657958,0.0
2,D-B--D-3,x,13.5,0.0,30.75,D-B,1,1.0,1.9956371870821303,946.375,,0,58600.656926374846,88024.04333333336,1.5020999413696967,10.5,0.7777777777777778,4.269557631044401,6862.586666666666,104.34,29300.20927137022,280.81473328896124,108457.05749679364,1039.4580937013,3790.998899400977,14032.68426496755,14032.68426496755,1039.4580937013,1039.4580937013,727.6206655909099,727.6206655909099,769.6428571428571,2,23.0,0.9454004007677715,769.6428571428571,1,2,1600000,10.5,0.25,0.05928534999669206,236697.333586637,4052711.713573885,216916.7621815957,0.05840468069659595,0.0,1.872196835181564,0.0,32.649030916156,0.0,1.8990309161560006,10.492708333333335,5.8344154928811385,1265582.5179379154,2276044.3181825145,0.0,853605.9542005803,12299307619.687136,0.0,83.18125165579148,83.18125165579148,12209.071009348556,12292.252261004347,14032.68426496755,3790.9988994009764,280.81473328896124,421.8117944090957,196.57031330227287,295.26825608636693,0.051580940200493385,4.06975365971247e-05,0.00017087719028928235,0.00017087719028928235,209.85416666666669,-209.85416666666669,34.350969083844,-34.350969083844,0.005869797080761266,-0.005869797080761266,0.03585929037049878,-0.03585929037049878,-0.005869797080761266,0.005869797080761266,-0.03585929037049878,0.03585929037049878,0.05745073728125465,0.045711143119732116,0.08744023057099216,0.015721649829994605,0.045711143119732116,0.05745073728125465,0.015721649829994605,0.08744023057099216,0.051580940200493385,0.051580940200493385,0.051580940200493385,0.051580940200493385,0.05745073728125465,0.08744023057099216,0.051580940200493385,0.051580940200493385,1.1137977915475283,1.6952042795481221,1.6952042795481221,2.2006913795100114e-05,0.0003243199544899558,-0.0002803061268997556,-0.0002803061268997556,0.0003243199544899558,0.0018687327700883244,-0.0018247189424981172,-0.0018247189424981172,0.0018687327700883244,0.0003243199544899558,0.0018687327700883244,2.2006913795100114e-05,2.2006913795100114e-05,8.802765518040045e-05,8.802765518040045e-05,0.21,0.0,10.5,0.0,103140.22934751149,10914.309983863648,22441.97553820467,0.0,0.0,103140.22934751149,7933.863795962422,16313.589910464167,16313.589910464167,1.3333333333333333,0.0,0.0,103140.22934751149,0.0,0.0,77355.17201063361,0.0,0.0,0.0,0.0,103140.22934751149,77355.17201063361,7933.863795962422,5950.397846971817,16313.589910464167,12235.192432848127,16313.589910464167,B,18.57302429657958,18.57302429657958,0.0
2,D-B--D-3.7,x,16.75,0.0,30.75,D-B,1,1.0,1.9956371870821303,926.945,,0,58600.656926374846,88024.04333333336,1.5020999413696967,10.5,0.6268656716417911,4.269557631044401,6862.586666666666,104.34,29300.20927137022,280.81473328896124,108457.05749679364,1039.4580937013,4703.646782590101,17410.923069496774,17410.923069496774,1039.4580937013,1039.4580937013,727.6206655909099,727.6206655909099,769.6428571428571,2,23.0,0.9454004007677715,769.6428571428571,1,2,1600000,10.5,0.25,0.05545505549107322,313964.5775361178,4052711.713573885,216916.7621815957,0.07747024701622511,0.0,2.4833549221503426,0.0,32.649030916156,0.0,1.8990309161560006,10.492708333333335,5.8344154928811385,1265582.5179379154,2276044.3181825145,0.0,1121957.5448671887,12299307619.687136,0.0,109.33128152100714,109.33128152100714,16047.286534670899,16156.617816191905,17410.923069496774,4365.956183663018,260.6541005171951,391.5285091046498,182.45787036203657,274.06995637325485,0.051580940200493385,4.06975365971247e-05,0.00017087719028928235,0.00017087719028928235,209.85416666666669,-209.85416666666669,34.350969083844,-34.350969083844,0.005869797080761266,-0.005869797080761266,0.03585929037049878,-0.03585929037049878,-0.005869797080761266,0.005869797080761266,-0.03585929037049878,0.03585929037049878,0.05745073728125465,0.045711143119732116,0.08744023057099216,0.015721649829994605,0.045711143119732116,0.05745073728125465,0.015721649829994605,0.08744023057099216,0.051580940200493385,0.051580940200493385,0.051580940200493385,0.051580940200493385,0.05745073728125465,0.08744023057099216,0.051580940200493385,0.051580940200493385,1.1137977915475283,1.6952042795481221,1.6952042795481221,2.2006913795100114e-05,0.0003243199544899558,-0.0002803061268997556,-0.0002803061268997556,0.0003243199544899558,0.0018687327700883244,-0.0018247189424981172,-0.0018247189424981172,0.0018687327700883244,0.0003243199544899558,0.0018687327700883244,2.2006913795100114e-05,2.2006913795100114e-05,8.802765518040045e-05,8.802765518040045e-05,0.21,0.0,10.5,0.0,127970.28456080127,10914.30998386365,22863.373872743963,0.0,0.0,127970.28456080127,7875.094434510847,16496.803609718336,16496.803609718336,1.3333333333333333,0.0,0.0,127970.28456080127,0.0,0.0,95977.71342060097,0.0,0.0,0.0,0.0,127970.28456080127,95977.71342060097,7875.094434510847,5906.320825883136,16496.803609718336,12372.602707288752,16496.803609718336,B,18.57302429657958,18.57302429657958,0.0
2,D-B--D-4.5,x,22.75,0.0,30.75,D-B,2,1.0,1.9956371870821303,929.625,,0,58600.656926374846,88024.04333333336,1.5020999413696967,10.5,0.46153846153846156,4.269557631044401,6862.586666666666,104.34,29300.20927137022,280.81473328896124,108457.05749679364,1039.4580937013,6388.535182323868,23647.671631704572,23647.671631704572,1310.1834214098742,1039.4580937013,917.1283949869119,727.6206655909099,921.4285714285714,4,17.0,0.995333141846261,769.6428571428571,1,2,1600000,10.5,0.25,0.04597890299127971,514315.69901068654,4052711.713573885,216916.7621815957,0.12690655920283486,0.0,3.649029000838984,0.0,32.649030916156,0.0,1.8990309161560006,10.492708333333335,5.8344154928811385,1265582.5179379154,2276044.3181825145,0.0,2069852.8527071378,12299307619.687136,0.0,201.70073812656787,201.70073812656787,29604.97209894807,29806.67283707464,29806.67283707464,11803.96171272737,518.8554599001042,779.3727558952935,363.1988219300729,545.5609291267054,0.051580940200493385,4.06975365971247e-05,0.00017087719028928235,0.00017087719028928235,209.85416666666669,-209.85416666666669,34.350969083844,-34.350969083844,0.005869797080761266,-0.005869797080761266,0.03585929037049878,-0.03585929037049878,-0.005869797080761266,0.005869797080761266,-0.03585929037049878,0.03585929037049878,0.05745073728125465,0.045711143119732116,0.08744023057099216,0.015721649829994605,0.045711143119732116,0.05745073728125465,0.015721649829994605,0.08744023057099216,0.051580940200493385,0.051580940200493385,0.051580940200493385,0.051580940200493385,0.05745073728125465,0.08744023057099216,0.051580940200493385,0.051580940200493385,1.1137977915475283,1.6952042795481221,1.6952042795481221,2.2006913795100114e-05,0.0003243199544899558,-0.0002803061268997556,-0.0002803061268997556,0.0003243199544899558,0.0018687327700883244,-0.0018247189424981172,-0.0018247189424981172,0.0018687327700883244,0.0003243199544899558,0.0018687327700883244,2.2006913795100114e-05,2.2006913795100114e-05,8.802765518040045e-05,8.802765518040045e-05,0.21,0.0,10.5,0.0,219079.04535249856,13756.92592480368,25949.75137198717,0.0,0.0,219079.04535249856,9846.249229325778,18573.02429657958,18573.02429657958,1.3333333333333333,0.0,0.0,219079.04535249856,0.0,0.0,164309.28401437396,0.0,0.0,0.0,0.0,219079.04535249856,164309.28401437396,9846.249229325778,7384.6869219943355,18573.02429657958,13929.768222434686,18573.02429657958,B,18.57302429657958,18.57302429657958,3799.0111376325494
2,D-B--D-5.8,x,18.25,0.0,30.75,D-B,1,1.0,1.9956371870821303,770.5,,0,58600.656926374846,88024.04333333336,1.5020999413696967,10.5,0.5753424657534246,4.269557631044401,6862.586666666666,104.34,29300.20927137022,280.81473328896124,108457.05749679364,1039.4580937013,5124.868882523542,18970.110210048722,18970.110210048722,1039.4580937013,1039.4580937013,727.6206655909099,727.6206655909099,769.6428571428571,2,23.0,0.9454004007677715,769.6428571428571,1,2,1600000,10.5,0.25,0.05414734693488722,350342.37656852306,4052711.713573885,216916.7621815957,0.08644640954724449,0.0,2.7710911597637313,0.0,32.649030916156,0.0,1.8990309161560006,10.492708333333335,5.8344154928811385,1265582.5179379154,2276044.3181825145,0.0,1228579.6850752844,12299307619.687136,0.0,119.72127825554806,119.72127825554806,17572.296141929884,17692.01742018543,18970.110210048722,4673.302740918627,256.07138306403436,384.6448094869432,179.24996814482404,269.2513666408602,0.051580940200493385,4.06975365971247e-05,0.00017087719028928235,0.00017087719028928235,209.85416666666669,-209.85416666666669,34.350969083844,-34.350969083844,0.005869797080761266,-0.005869797080761266,0.03585929037049878,-0.03585929037049878,-0.005869797080761266,0.005869797080761266,-0.03585929037049878,0.03585929037049878,0.05745073728125465,0.045711143119732116,0.08744023057099216,0.015721649829994605,0.045711143119732116,0.05745073728125465,0.015721649829994605,0.08744023057099216,0.051580940200493385,0.051580940200493385,0.051580940200493385,0.051580940200493385,0.05745073728125465,0.08744023057099216,0.051580940200493385,0.051580940200493385,1.1137977915475283,1.6952042795481221,1.6952042795481221,2.2006913795100114e-05,0.0003243199544899558,-0.0002803061268997556,-0.0002803061268997556,0.0003243199544899558,0.0018687327700883244,-0.0018247189424981172,-0.0018247189424981172,0.0018687327700883244,0.0003243199544899558,0.0018687327700883244,2.2006913795100114e-05,2.2006913795100114e-05,8.802765518040045e-05,8.802765518040045e-05,0.21,0.0,10.5,0.0,139430.3100438581,10914.309983863648,22951.436875349213,0.0,0.0,139430.3100438581,7855.228734865245,16518.56935676542,16518.56935676542,1.3333333333333333,0.0,0.0,139430.3100438581,0.0,0.0,104572.73253289358,0.0,0.0,0.0,0.0,139430.3100438581,104572.73253289358,7855.228734865245,5891.421551148935,16518.56935676542,12388.927017574064,16518.56935676542,B,18.57302429657958,18.57302429657958,0.0
2,D-B--D-6.5,x,8.75,0.0,30.75,D-B,1,1.0,1.9956371870821303,617.5166666666665,,0,58600.656926374846,88024.04333333336,1.5020999413696967,10.5,1.2,4.269557631044401,6862.586666666666,104.34,29300.20927137022,280.81473328896124,108457.05749679364,1039.4580937013,2457.128916278411,9095.258319886374,9095.258319886374,1039.4580937013,1039.4580937013,727.6206655909099,727.6206655909099,769.6428571428571,2,23.0,0.9454004007677715,769.6428571428571,1,2,1600000,10.5,0.25,0.07000175638274216,129929.00164043125,4052711.713573885,216916.7621815957,0.032059769069005234,0.0,1.0276949975884677,0.0,32.649030916156,0.0,1.8990309161560006,10.492708333333335,5.8344154928811385,1265582.5179379154,2276044.3181825145,0.0,468565.3519751796,12299307619.687136,0.0,45.66023967854538,45.66023967854538,6701.860063924891,6747.520303603436,9095.258319886374,2457.1289162784105,280.8147332889612,421.8117944090956,196.5703133022728,295.26825608636693,0.051580940200493385,4.06975365971247e-05,0.00017087719028928235,0.00017087719028928235,209.85416666666669,-209.85416666666669,34.350969083844,-34.350969083844,0.005869797080761266,-0.005869797080761266,0.03585929037049878,-0.03585929037049878,-0.005869797080761266,0.005869797080761266,-0.03585929037049878,0.03585929037049878,0.05745073728125465,0.045711143119732116,0.08744023057099216,0.015721649829994605,0.045711143119732116,0.05745073728125465,0.015721649829994605,0.08744023057099216,0.051580940200493385,0.051580940200493385,0.051580940200493385,0.051580940200493385,0.05745073728125465,0.08744023057099216,0.051580940200493385,0.051580940200493385,1.1137977915475283,1.6952042795481221,1.6952042795481221,2.2006913795100114e-05,0.0003243199544899558,-0.0002803061268997556,-0.0002803061268997556,0.0003243199544899558,0.0018687327700883244,-0.0018247189424981172,-0.0018247189424981172,0.0018687327700883244,0.0003243199544899558,0.0018687327700883244,2.2006913795100114e-05,2.2006913795100114e-05,8.802765518040045e-05,8.802765518040045e-05,0.21,0.0,8.75,0.0,66850.14865116484,10914.309983863648,22441.97553820467,0.0,0.0,66850.14865116484,8103.048321353314,16661.466687454984,16661.466687454984,1.3333333333333333,0.0,0.0,66850.14865116484,0.0,0.0,50137.61148837364,0.0,0.0,0.0,0.0,66850.14865116484,50137.61148837364,8103.048321353314,6077.286241014986,16661.466687454984,12496.100015591239,16661.466687454984,A,18.2181538276766,18.2181538276766,0.0
2,D-B--D-7.2,x,14.67,0.0,30.75,D-B,1,1.0,1.9956371870821303,1113.875,,0,58600.656926374846,88024.04333333336,1.5020999413696967,10.5,0.7157464212678937,4.269557631044401,6862.586666666666,104.34,29300.20927137022,280.81473328896124,108457.05749679364,1039.4580937013,4119.552137349061,15248.85023459807,15248.85023459807,1039.4580937013,1039.4580937013,727.6206655909099,727.6206655909099,769.6428571428571,2,23.0,0.9454004007677715,769.6428571428571,1,2,1600000,10.5,0.25,0.057710934463707626,264228.0943169883,4052711.713573885,216916.7621815957,0.0651978509677854,0.0,2.089955955356184,0.0,32.649030916156,0.0,1.8990309161560006,10.492708333333335,5.8344154928811385,1265582.5179379154,2276044.3181825145,0.0,952890.643753273,12299307619.687136,0.0,92.8562365907127,92.8562365907127,13629.1335322549,13721.989768845613,15248.85023459807,4119.552137349063,280.81473328896135,421.81179440909585,196.57031330227292,295.2682560863671,0.051580940200493385,4.06975365971247e-05,0.00017087719028928235,0.00017087719028928235,209.85416666666669,-209.85416666666669,34.350969083844,-34.350969083844,0.005869797080761266,-0.005869797080761266,0.03585929037049878,-0.03585929037049878,-0.005869797080761266,0.005869797080761266,-0.03585929037049878,0.03585929037049878,0.05745073728125465,0.045711143119732116,0.08744023057099216,0.015721649829994605,0.045711143119732116,0.05745073728125465,0.015721649829994605,0.08744023057099216,0.051580940200493385,0.051580940200493385,0.051580940200493385,0.051580940200493385,0.05745073728125465,0.08744023057099216,0.051580940200493385,0.051580940200493385,1.1137977915475283,1.6952042795481221,1.6952042795481221,2.2006913795100114e-05,0.0003243199544899558,-0.0002803061268997556,-0.0002803061268997556,0.0003243199544899558,0.0018687327700883244,-0.0018247189424981172,-0.0018247189424981172,0.0018687327700883244,0.0003243199544899558,0.0018687327700883244,2.2006913795100114e-05,2.2006913795100114e-05,8.802765518040045e-05,8.802765518040045e-05,0.21,0.0,10.5,0.0,112079.04922429581,10914.30998386365,22487.075899449665,0.0,0.0,112079.04922429581,7909.601215546635,16296.385491280776,16296.385491280776,1.3333333333333333,0.0,0.0,112079.04922429581,0.0,0.0,84059.28691822186,0.0,0.0,0.0,0.0,112079.04922429581,84059.28691822186,7909.601215546635,5932.200911659976,16296.385491280776,12222.289118460581,16296.385491280776,A,18.2181538276766,18.2181538276766,0.0
2,D-C--D-1.2,x,23.5,0.0,30.75,D-C,2,1.0,1.9956371870821303,1239.5,,0,58600.656926374846,88024.04333333336,1.5020999413696967,10.5,0.44680851063829785,4.269557631044401,6862.754166666667,107.0,29300.924422273423,273.84041516143384,108459.70468480207,1013.6420998579632,6435.249756293695,23820.589346662135,23820.589346662135,1286.8856996303386,1013.6420998579632,900.819989741237,709.5494699005742,921.4285714285714,4,17.0,0.9776340973935905,769.6428571428571,1,2,1600000,10.5,0.25,0.04494248035138795,530023.9141324225,4052711.713573885,216916.7621815957,0.13078253564328185,0.0,3.7794121480530145,0.0,32.649030916156,0.0,1.8990309161560006,10.492708333333335,5.8344154928811385,1265582.5179379154,2276044.3181825145,0.0,2100070.1822581743,12299307619.687136,0.0,204.64532313254372,204.64532313254372,30037.168618180414,30241.813941312957,30241.813941312957,12013.223666156115,511.20100707047294,767.8750027486873,357.84070494933104,537.5125019240811,0.051580940200493385,4.06975365971247e-05,0.00017087719028928235,0.00017087719028928235,209.85416666666669,-209.85416666666669,34.350969083844,-34.350969083844,0.005869797080761266,-0.005869797080761266,0.03585929037049878,-0.03585929037049878,-0.005869797080761266,0.005869797080761266,-0.03585929037049878,0.03585929037049878,0.05745073728125465,0.045711143119732116,0.08744023057099216,0.015721649829994605,0.045711143119732116,0.05745073728125465,0.015721649829994605,0.08744023057099216,0.051580940200493385,0.051580940200493385,0.051580940200493385,0.051580940200493385,0.05745073728125465,0.08744023057099216,0.051580940200493385,0.051580940200493385,1.1137977915475283,1.6952042795481221,1.6952042795481221,2.2006913795100114e-05,0.0003243199544899558,-0.0002803061268997556,-0.0002803061268997556,0.0003243199544899558,0.0018687327700883244,-0.0018247189424981172,-0.0018247189424981172,0.0018687327700883244,0.0003243199544899558,0.0018687327700883244,2.2006913795100114e-05,2.2006913795100114e-05,8.802765518040045e-05,8.802765518040045e-05,0.21,0.0,10.5,0.0,222277.33246865022,13512.299846118556,25472.190762101018,0.0,0.0,222277.33246865022,9664.231846463053,18218.153827676597,18218.153827676597,1.3333333333333333,0.0,0.0,222277.33246865022,0.0,0.0,166707.9993514877,0.0,0.0,0.0,0.0,222277.33246865022,166707.9993514877,9664.231846463053,7248.173884847291,18218.153827676597,13663.615370757449,18218.153827676597,A,18.2181538276766,18.2181538276766,3735.1152237873357
2,D-C--D-1.8,x,10.25,0.0,30.75,D-C,1,1.0,1.9956371870821303,725.61,,0,58600.656926374846,88024.04333333336,1.5020999413696967,10.5,1.024390243902439,4.269557631044401,6862.754166666667,107.0,29300.924422273423,273.84041516143384,108459.70468480207,1013.6420998579632,2806.864255404697,10389.831523544122,10389.831523544122,1013.6420998579631,1013.6420998579631,709.5494699005741,709.5494699005741,769.6428571428571,2,23.0,0.9219204249288202,769.6428571428571,1,2,1600000,10.5,0.25,0.06444678182070959,161215.6764079942,4052711.713573885,216916.7621815957,0.03977970499802121,0.0,1.2751621430590627,0.0,32.649030916156,0.0,1.8990309161560006,10.492708333333335,5.8344154928811385,1265582.5179379154,2276044.3181825145,0.0,581395.0635061444,12299307619.687136,0.0,56.655144977556674,56.655144977556674,8315.656164182841,8372.311309160397,10389.831523544122,2806.8642554046965,273.8404151614338,411.33567155864307,191.68829061300363,287.9349700910501,0.051580940200493385,4.06975365971247e-05,0.00017087719028928235,0.00017087719028928235,209.85416666666669,-209.85416666666669,34.350969083844,-34.350969083844,0.005869797080761266,-0.005869797080761266,0.03585929037049878,-0.03585929037049878,-0.005869797080761266,0.005869797080761266,-0.03585929037049878,0.03585929037049878,0.05745073728125465,0.045711143119732116,0.08744023057099216,0.015721649829994605,0.045711143119732116,0.05745073728125465,0.015721649829994605,0.08744023057099216,0.051580940200493385,0.051580940200493385,0.051580940200493385,0.051580940200493385,0.05745073728125465,0.08744023057099216,0.051580940200493385,0.051580940200493385,1.1137977915475283,1.6952042795481221,1.6952042795481221,2.2006913795100114e-05,0.0003243199544899558,-0.0002803061268997556,-0.0002803061268997556,0.0003243199544899558,0.0018687327700883244,-0.0018247189424981172,-0.0018247189424981172,0.0018687327700883244,0.0003243199544899558,0.0018687327700883244,2.2006913795100114e-05,2.2006913795100114e-05,8.802765518040045e-05,8.802765518040045e-05,0.21,0.0,10.25,0.0,76365.2616980493,10643.242048508613,21884.60636109469,0.0,0.0,76365.2616980493,7832.334533133262,16104.825706754298,16104.825706754298,1.3333333333333333,0.0,0.0,76365.2616980493,0.0,0.0,57273.946273536974,0.0,0.0,0.0,0.0,76365.2616980493,57273.946273536974,7832.334533133262,5874.250899849946,16104.825706754298,12078.619280065725,16104.825706754298,A,18.2181538276766,18.2181538276766,0.0
2,D-C--D-3.2,x,9.25,0.0,36.25,D-C,1,1.0,1.9956371870821303,536.0,,0,58600.656926374846,88024.04333333336,1.5020999413696967,10.5,1.135135135135135,4.269557631044401,6862.754166666667,107.0,29300.924422273423,273.84041516143384,108459.70468480207,1013.6420998579632,2533.023840243263,9376.189423686159,9376.189423686159,1013.6420998579631,1013.6420998579631,709.5494699005741,709.5494699005741,769.6428571428571,2,23.0,0.9219204249288202,769.6428571428571,1,2,1600000,10.5,0.25,0.06724508567265132,139433.08020052788,4052711.713573885,216916.7621815957,0.03440488494000694,0.0,1.3001302209412882,0.0,32.649030916156,0.0,3.6009690838439994,10.492708333333335,7.536353660569134,1634761.434706073,2276044.3181825145,0.0,1808025.7312301812,12299307619.687136,0.0,92.91487875810992,92.91487875810992,7192.089371794026,7285.004250552136,9376.189423686159,2533.0238402432624,273.8404151614338,411.33567155864307,191.68829061300363,287.9349700910501,0.051580940200493385,6.841415683488804e-05,0.00017087719028928235,0.00017087719028928235,209.85416666666669,-209.85416666666669,34.350969083844,-34.350969083844,0.005869797080761266,-0.005869797080761266,0.03585929037049878,-0.03585929037049878,-0.005869797080761266,0.005869797080761266,-0.03585929037049878,0.03585929037049878,0.05745073728125465,0.045711143119732116,0.08744023057099216,0.015721649829994605,0.045711143119732116,0.05745073728125465,0.015721649829994605,0.08744023057099216,0.051580940200493385,0.051580940200493385,0.051580940200493385,0.051580940200493385,0.05745073728125465,0.08744023057099216,0.051580940200493385,0.051580940200493385,1.1137977915475283,1.6952042795481221,1.6952042795481221,2.2006913795100114e-05,0.0003243199544899558,-0.0002803061268997556,-0.0002803061268997556,0.0003243199544899558,0.0018687327700883244,-0.0018247189424981172,-0.0018247189424981172,0.0018687327700883244,0.0003243199544899558,0.0018687327700883244,2.2006913795100114e-05,2.2006913795100114e-05,8.802765518040045e-05,8.802765518040045e-05,0.21,0.0,9.25,0.0,68914.99226409326,10643.242048508613,21884.606361094688,0.0,0.0,68914.99226409326,7875.999115896373,16194.60870721007,16194.60870721007,1.3333333333333333,0.0,0.0,68914.99226409326,0.0,0.0,51686.24419806995,0.0,0.0,0.0,0.0,68914.99226409326,51686.24419806995,7875.999115896373,5906.99933692228,16194.60870721007,12145.956530407553,16194.60870721007,A,18.2181538276766,18.2181538276766,0.0
2,D-C--D-3.6,x,6.75,0.0,36.25,D-C,1,1.0,1.9956371870821303,390.61,,0,58600.656926374846,88024.04333333336,1.5020999413696967,10.5,1.5555555555555556,4.269557631044401,6862.754166666667,107.0,29300.924422273423,273.84041516143384,108459.70468480207,1013.6420998579632,1848.4228023396784,6842.084174041251,6842.084174041251,1013.6420998579631,1013.6420998579631,709.5494699005741,709.5494699005741,769.6428571428571,2,23.0,0.9219204249288202,769.6428571428571,1,2,1600000,10.5,0.25,0.07786827622168936,87867.4154101213,4052711.713573885,216916.7621815957,0.021681141324665157,0.0,0.8193111853113064,0.0,32.649030916156,0.0,3.6009690838439994,10.492708333333335,7.536353660569134,1634761.434706073,2276044.3181825145,0.0,1139374.8726608797,12299307619.687136,0.0,58.55274973398309,58.55274973398309,4532.283899841378,4590.836649575362,6842.084174041251,1848.4228023396781,273.8404151614338,411.33567155864307,191.68829061300363,287.9349700910501,0.051580940200493385,6.841415683488804e-05,0.00017087719028928235,0.00017087719028928235,209.85416666666669,-209.85416666666669,34.350969083844,-34.350969083844,0.005869797080761266,-0.005869797080761266,0.03585929037049878,-0.03585929037049878,-0.005869797080761266,0.005869797080761266,-0.03585929037049878,0.03585929037049878,0.05745073728125465,0.045711143119732116,0.08744023057099216,0.015721649829994605,0.045711143119732116,0.05745073728125465,0.015721649829994605,0.08744023057099216,0.051580940200493385,0.051580940200493385,0.051580940200493385,0.051580940200493385,0.05745073728125465,0.08744023057099216,0.051580940200493385,0.051580940200493385,1.1137977915475283,1.6952042795481221,1.6952042795481221,2.2006913795100114e-05,0.0003243199544899558,-0.0002803061268997556,-0.0002803061268997556,0.0003243199544899558,0.0018687327700883244,-0.0018247189424981172,-0.0018247189424981172,0.0018687327700883244,0.0003243199544899558,0.0018687327700883244,2.2006913795100114e-05,2.2006913795100114e-05,8.802765518040045e-05,8.802765518040045e-05,0.21,0.0,6.75,0.0,50289.318679203185,10643.242048508613,21884.606361094688,0.0,0.0,50289.318679203185,8046.290988672509,16544.762408987583,16544.762408987583,1.3333333333333333,0.0,0.0,50289.318679203185,0.0,0.0,37716.9890094024,0.0,0.0,0.0,0.0,50289.318679203185,37716.9890094024,8046.290988672509,6034.718241504384,16544.762408987583,12408.57180674069,16544.762408987583,C,19.364538329794744,19.364538329794744,0.0
2,D-C--D-3.9,x,28.75,0.0,36.25,D-C,2,1.0,1.9956371870821303,1127.9450000000002,,0,58600.656926374846,88024.04333333336,1.5020999413696967,10.5,0.3652173913043478,4.269557631044401,6862.754166666667,107.0,29300.924422273423,273.84041516143384,108459.70468480207,1013.6420998579632,7872.911935891223,29142.210370916444,29142.210370916444,1313.736726287996,1013.6420998579632,919.6157084015971,709.5494699005742,921.4285714285714,4,17.0,0.9980325517536712,769.6428571428571,1,2,1600000,10.5,0.25,0.0435172195090061,669670.7808936489,4052711.713573885,216916.7621815957,0.16524017206817296,0.0,5.685901154677424,0.0,32.649030916156,0.0,3.6009690838439994,10.492708333333335,7.536353660569134,1634761.434706073,2276044.3181825145,0.0,9373914.489351159,12299307619.687136,0.0,481.72772832958543,481.72772832958543,37288.203152450296,37769.93088077988,37769.93088077988,11650.366822285607,405.23015034036894,608.6961850675016,283.66110523825824,426.0873295472511,0.051580940200493385,6.841415683488804e-05,0.00017087719028928235,0.00017087719028928235,209.85416666666669,-209.85416666666669,34.350969083844,-34.350969083844,0.005869797080761266,-0.005869797080761266,0.03585929037049878,-0.03585929037049878,-0.005869797080761266,0.005869797080761266,-0.03585929037049878,0.03585929037049878,0.05745073728125465,0.045711143119732116,0.08744023057099216,0.015721649829994605,0.045711143119732116,0.05745073728125465,0.015721649829994605,0.08744023057099216,0.051580940200493385,0.051580940200493385,0.051580940200493385,0.051580940200493385,0.05745073728125465,0.08744023057099216,0.051580940200493385,0.051580940200493385,1.1137977915475283,1.6952042795481221,1.6952042795481221,2.2006913795100114e-05,0.0003243199544899558,-0.0002803061268997556,-0.0002803061268997556,0.0003243199544899558,0.0018687327700883244,-0.0018247189424981172,-0.0018247189424981172,0.0018687327700883244,0.0003243199544899558,0.0018687327700883244,2.2006913795100114e-05,2.2006913795100114e-05,8.802765518040045e-05,8.802765518040045e-05,0.21,0.0,10.5,0.0,277608.9919737321,13794.235626023958,27182.51964306592,0.0,0.0,277608.9919737321,9826.86697252149,19364.538329794745,19364.538329794745,1.3333333333333333,0.0,0.0,277608.9919737321,0.0,0.0,208206.7439802991,0.0,0.0,0.0,0.0,277608.9919737321,208206.7439802991,9826.86697252149,7370.150229391119,19364.538329794745,14523.40374734606,19364.538329794745,C,19.364538329794744,19.364538329794744,1366.0821530548983
2,D-C--D-5.2,x,14.0,0.0,36.25,D-C,1,1.0,1.9956371870821303,1134.5891666666666,,0,58600.656926374846,88024.04333333336,1.5020999413696967,10.5,0.75,4.269557631044401,6862.754166666667,107.0,29300.924422273423,273.84041516143384,108459.70468480207,1013.6420998579632,3833.7658122600737,14190.989398011485,14190.989398011485,1013.6420998579632,1013.6420998579632,709.5494699005742,709.5494699005742,769.6428571428571,2,23.0,0.9219204249288203,769.6428571428571,1,2,1600000,10.5,0.25,0.05751348433040754,246741.95213919025,4052711.713573885,216916.7621815957,0.060883173928401826,0.0,2.3007213803844206,0.0,32.649030916156,0.0,3.6009690838439994,10.492708333333335,7.536353660569134,1634761.434706073,2276044.3181825145,0.0,3199497.5496491464,12299307619.687136,0.0,164.4229513870083,164.4229513870083,12727.181878244573,12891.604829631582,14190.989398011485,3820.635473740762,272.90253383862586,409.92688007864155,191.03177368703808,286.94881605504906,0.051580940200493385,6.841415683488804e-05,0.00017087719028928235,0.00017087719028928235,209.85416666666669,-209.85416666666669,34.350969083844,-34.350969083844,0.005869797080761266,-0.005869797080761266,0.03585929037049878,-0.03585929037049878,-0.005869797080761266,0.005869797080761266,-0.03585929037049878,0.03585929037049878,0.05745073728125465,0.045711143119732116,0.08744023057099216,0.015721649829994605,0.045711143119732116,0.05745073728125465,0.015721649829994605,0.08744023057099216,0.051580940200493385,0.051580940200493385,0.051580940200493385,0.051580940200493385,0.05745073728125465,0.08744023057099216,0.051580940200493385,0.051580940200493385,1.1137977915475283,1.6952042795481221,1.6952042795481221,2.2006913795100114e-05,0.0003243199544899558,-0.0002803061268997556,-0.0002803061268997556,0.0003243199544899558,0.0018687327700883244,-0.0018247189424981172,-0.0018247189424981172,0.0018687327700883244,0.0003243199544899558,0.0018687327700883244,2.2006913795100114e-05,2.2006913795100114e-05,8.802765518040045e-05,8.802765518040045e-05,0.21,0.0,10.5,0.0,104303.77207538442,10643.242048508615,21941.65731430209,0.0,0.0,104303.77207538442,7726.205338917364,15928.017902234109,15928.017902234109,1.3333333333333333,0.0,0.0,104303.77207538442,0.0,0.0,78227.8290565383,0.0,0.0,0.0,0.0,104303.77207538442,78227.8290565383,7726.205338917364,5794.654004188023,15928.017902234109,11946.013426675581,15928.017902234109,C,19.364538329794744,19.364538329794744,0.0
2,D-C--D-6.7,x,14.5,0.0,36.25,D-C,1,1.0,1.9956371870821303,1708.5,,0,58600.656926374846,88024.04333333336,1.5020999413696967,10.5,0.7241379310344828,4.269557631044401,6862.754166666667,107.0,29300.924422273423,273.84041516143384,108459.70468480207,1013.6420998579632,3970.686019840791,14697.810447940466,14697.810447940466,1013.6420998579632,1013.6420998579632,709.5494699005742,709.5494699005742,769.6428571428571,2,23.0,0.9219204249288203,769.6428571428571,1,2,1600000,10.5,0.25,0.05686000111867792,258491.20926436965,4052711.713573885,216916.7621815957,0.06378228394548674,0.0,2.4102761878955703,0.0,32.649030916156,0.0,3.6009690838439994,10.492708333333335,7.536353660569134,1634761.434706073,2276044.3181825145,0.0,3351849.9123353395,12299307619.687136,0.0,172.25237608101838,172.25237608101838,13333.219607418672,13505.47198349969,14697.810447940466,3827.2592008952197,263.9489104065669,396.47764284629943,184.76423728459682,277.5343499924096,0.051580940200493385,6.841415683488804e-05,0.00017087719028928235,0.00017087719028928235,209.85416666666669,-209.85416666666669,34.350969083844,-34.350969083844,0.005869797080761266,-0.005869797080761266,0.03585929037049878,-0.03585929037049878,-0.005869797080761266,0.005869797080761266,-0.03585929037049878,0.03585929037049878,0.05745073728125465,0.045711143119732116,0.08744023057099216,0.015721649829994605,0.045711143119732116,0.05745073728125465,0.015721649829994605,0.08744023057099216,0.051580940200493385,0.051580940200493385,0.051580940200493385,0.051580940200493385,0.05745073728125465,0.08744023057099216,0.051580940200493385,0.051580940200493385,1.1137977915475283,1.6952042795481221,1.6952042795481221,2.2006913795100114e-05,0.0003243199544899558,-0.0002803061268997556,-0.0002803061268997556,0.0003243199544899558,0.0018687327700883244,-0.0018247189424981172,-0.0018247189424981172,0.0018687327700883244,0.0003243199544899558,0.0018687327700883244,2.2006913795100114e-05,2.2006913795100114e-05,8.802765518040045e-05,8.802765518040045e-05,0.21,0.0,10.5,0.0,108028.90679236241,10643.242048508615,22089.182466161154,0.0,0.0,108028.90679236241,7716.350485168744,16014.657287966835,16014.657287966835,1.3333333333333333,0.0,0.0,108028.90679236241,0.0,0.0,81021.68009427183,0.0,0.0,0.0,0.0,108028.90679236241,81021.68009427183,7716.350485168744,5787.262863876559,16014.657287966835,12010.992965975129,16014.657287966835,C,19.364538329794744,19.364538329794744,0.0
1,D-2,y,29.0,35.104166666666664,0.0,D-2,2,1.0089484436065255,1.2247125999428556,2843.1041666666665,,90,33560.03850784585,89618.72333333336,2.6703998957683495,13.5,0.46551724137931033,2.4451350210858664,2843.1041666666665,29.0,6951.773566511814,239.71632987971773,51884.497486968474,1789.120602998913,6951.773566511814,51884.497486968474,51884.497486968474,1937.251165653797,1789.120602998913,1356.0758159576578,1252.384422099239,1539.2857142857142,2,23.0,0.8809773282323532,1539.2857142857142,2,2,1600000,10.5,0.25,0.06359881979635958,815809.12433753,4141999.764785571,250475.035897436,0.19696020537552203,7.116240239249275,0.0,102.84032014123191,0.0,67.73615347456524,0.0,8.499838550032464,4.102787209808566,1027645.773656342,2128997.365941792,3798937525.4027143,0.0,10748406831.89344,5362.174770295693,0.0,5362.174770295693,50818.10903366442,56180.28380396011,56180.28380396011,6393.016597158414,220.44884817787633,588.6865811964536,154.31419372451342,412.0806068375175,0.06137583459347917,7.497053398858895e-05,0.00018811886445281828,0.00018811886445281828,107.01384652543477,-107.01384652543477,67.0,-67.0,0.012603963918338824,-0.012603963918338824,0.02013132328909296,-0.02013132328909296,-0.012603963918338824,0.012603963918338824,-0.02013132328909296,0.02013132328909296,0.07397979851181799,0.04877187067514035,0.08150715788257214,0.04124451130438621,0.04877187067514035,0.07397979851181799,0.04124451130438621,0.08150715788257214,0.06137583459347917,0.06137583459347917,0.06137583459347917,0.06137583459347917,0.07397979851181799,0.08150715788257214,0.06137583459347917,0.06137583459347917,1.2053571084095354,1.3280008071976883,1.3280008071976883,0.014193532961519935,0.014845026841838665,0.013542039081201197,0.013542039081201197,0.014845026841838665,0.015688750724556028,0.012698315198483839,0.012698315198483839,0.015688750724556028,0.014845026841838665,0.015688750724556028,0.014845026841838665,0.014845026841838665,0.05938010736735466,0.05938010736735466,0.27,355.3880208333333,13.5,571.8887691570881,530903.681947423,26152.89073632626,62677.06230836458,4377.5225835129295,23451.01384024784,511830.19069068815,17958.95405932239,42797.49963013505,42797.49963013505,1.3333333333333333,653.5871647509578,408.49197796934857,530903.681947423,42.70102809706257,381.2591794380587,398177.7614605673,32.025771072796935,381.2591794380587,326.7935823754789,27.232798531289905,531327.6421549582,398945.0727919849,18643.07516333187,13998.07272954333,44703.16511192777,33590.439262123546,44703.16511192777,E,42.79749963013505,44.70316511192777,971.7661697165804
1,D-2.8,y,29.0,54.35416666666667,0.0,D-2.8,1,1.0089484436065255,1.2247125999428556,940.0937500000002,,90,33560.03850784585,89618.72333333336,2.6703998957683495,13.5,0.46551724137931033,2.4451350210858664,940.0937500000002,29.0,2298.656151228942,79.2640052147911,17155.998848461626,591.586167188332,2298.656151228942,17155.998848461626,17155.998848461626,713.533861853429,591.586167188332,499.4737032974003,414.1103170318323,600.0,3,19.0,0.8324561721623338,460.7142857142857,1,4,1600000,10.5,0.25,0.05434923668039291,315662.185825157,4141999.764785571,250475.035897436,0.07621009264868914,4.262431399739005,0.0,102.84032014123191,0.0,48.48615347456524,0.0,8.499838550032464,4.102787209808566,1027645.773656342,2128997.365941792,736933157.2826995,0.0,10748406831.89344,1453.1475357888526,0.0,1453.1475357888526,19239.33445796059,20692.481993749443,20692.481993749443,1919.7907934469476,66.19968253265337,176.77962533509537,46.33977777285735,123.74573773456676,0.06137583459347917,7.497053398858895e-05,0.00018811886445281828,0.00018811886445281828,107.01384652543477,-107.01384652543477,67.0,-67.0,0.012603963918338824,-0.012603963918338824,0.02013132328909296,-0.02013132328909296,-0.012603963918338824,0.012603963918338824,-0.02013132328909296,0.02013132328909296,0.07397979851181799,0.04877187067514035,0.08150715788257214,0.04124451130438621,0.04877187067514035,0.07397979851181799,0.04124451130438621,0.08150715788257214,0.06137583459347917,0.06137583459347917,0.06137583459347917,0.06137583459347917,0.07397979851181799,0.08150715788257214,0.06137583459347917,0.06137583459347917,1.2053571084095354,1.3280008071976883,1.3280008071976883,0.014193532961519935,0.014845026841838665,0.013542039081201197,0.013542039081201197,0.014845026841838665,0.015688750724556028,0.012698315198483839,0.012698315198483839,0.015688750724556028,0.014845026841838665,0.015688750724556028,0.014845026841838665,0.014845026841838665,0.05938010736735466,0.05938010736735466,0.27,235.02343750000006,13.5,378.1986350574713,195543.95484093222,9632.707135021294,24018.99963624988,2894.921452047414,15508.507778825433,182930.3685141542,6418.60942154927,15887.375054211268,15887.375054211268,1.3333333333333333,432.2270114942529,270.14188218390814,195543.95484093222,28.238831417624517,252.13242337164752,146657.96613069918,21.179123563218397,252.13242337164752,216.11350574712642,18.00945881226054,195824.3260957215,147165.40064219348,6871.02898581479,5163.698268147139,17147.620267895774,12902.421316066015,17147.620267895774,E,42.79749963013505,44.70316511192777,0.0
1,D-3.2,y,20.0,63.16666666666668,0.0,D-3.2,2,1.0089484436065255,1.2247125999428556,1298.1250000000002,,90,33560.03850784585,89618.72333333336,2.6703998957683495,13.5,0.675,2.4451350210858664,1298.1250000000002,20.0,3174.090899247091,158.70454496235453,23689.797964468165,1184.4898982234083,3174.0908992470904,23689.79796446817,23689.79796446817,1272.3217260245326,1184.4898982234085,890.6252082171728,829.1429287563859,921.4285714285714,4,17.0,0.966569993413986,921.4285714285714,2,4,1600000,10.5,0.25,0.062372469066445425,379811.7714280545,4141999.764785571,250475.035897436,0.09169768058828394,5.890162802044582,0.0,102.84032014123191,0.0,39.673653474565235,0.0,8.499838550032464,4.102787209808566,1027645.773656342,2128997.365941792,614596789.674783,0.0,10748406831.89344,1481.1104150384865,0.0,1481.1104150384865,23965.324105452168,25446.434520490653,25446.434520490653,4930.727455269578,246.5363727634789,658.350704130701,172.57546093443523,460.8454928914907,0.06137583459347917,7.497053398858895e-05,0.00018811886445281828,0.00018811886445281828,107.01384652543477,-107.01384652543477,67.0,-67.0,0.012603963918338824,-0.012603963918338824,0.02013132328909296,-0.02013132328909296,-0.012603963918338824,0.012603963918338824,-0.02013132328909296,0.02013132328909296,0.07397979851181799,0.04877187067514035,0.08150715788257214,0.04124451130438621,0.04877187067514035,0.07397979851181799,0.04124451130438621,0.08150715788257214,0.06137583459347917,0.06137583459347917,0.06137583459347917,0.06137583459347917,0.07397979851181799,0.08150715788257214,0.06137583459347917,0.06137583459347917,1.2053571084095354,1.3280008071976883,1.3280008071976883,0.014193532961519935,0.014845026841838665,0.013542039081201197,0.013542039081201197,0.014845026841838665,0.015688750724556028,0.012698315198483839,0.012698315198483839,0.015688750724556028,0.014845026841838665,0.015688750724556028,0.014845026841838665,0.014845026841838665,0.05938010736735466,0.05938010736735466,0.27,324.53125000000006,13.5,757.2395833333335,240468.80621863666,17176.34330133119,39383.2123625204,5796.290390625,31051.555664062507,215213.54094519917,11036.591843343547,24702.383096408874,24702.383096408874,1.3333333333333333,865.4166666666667,540.8854166666667,240468.80621863666,56.54055555555556,504.82638888888897,180351.60466397752,42.40541666666668,504.82638888888897,432.7083333333333,36.059027777777786,241030.17316308108,181367.6038306442,12360.521700670824,9300.902760545856,28390.279018105808,21414.7552037503,28390.279018105808,E,42.79749963013505,44.70316511192777,1645.4812864012438
1,D-4,y,29.0,93.10416666666669,0.0,D-4,2,1.0089484436065255,1.2247125999428556,1829.2395833333335,,90,33560.03850784585,89618.72333333336,2.6703998957683495,13.5,0.46551724137931033,2.4451350210858664,1829.2395833333335,29.0,4472.737767164852,154.232336798788,33382.23680907046,1151.111614105878,4472.737767164852,33382.23680907046,33382.23680907046,1245.8066892990096,1151.111614105878,872.0646825093066,805.7781298741146,921.4285714285714,4,17.0,0.9464267872194025,921.4285714285714,2,4,1600000,10.5,0.25,0.05511406215329849,605693.6379724387,4141999.764785571,250475.035897436,0.1462321758494342,13.98040048914014,0.0,102.84032014123191,0.0,9.736153474565228,0.0,8.499838550032464,4.102787209808566,1027645.773656342,2128997.365941792,54965316.22159771,0.0,10748406831.89344,539.7599585656218,0.0,539.7599585656218,35588.634031105656,36128.393989671276,36128.393989671276,6533.037087328084,225.27714094234773,601.5800536914371,157.6939986596434,421.10603758400595,0.06137583459347917,7.497053398858895e-05,0.00018811886445281828,0.00018811886445281828,107.01384652543477,-107.01384652543477,67.0,-67.0,0.012603963918338824,-0.012603963918338824,0.02013132328909296,-0.02013132328909296,-0.012603963918338824,0.012603963918338824,-0.02013132328909296,0.02013132328909296,0.07397979851181799,0.04877187067514035,0.08150715788257214,0.04124451130438621,0.04877187067514035,0.07397979851181799,0.04124451130438621,0.08150715788257214,0.06137583459347917,0.06137583459347917,0.06137583459347917,0.06137583459347917,0.07397979851181799,0.08150715788257214,0.06137583459347917,0.06137583459347917,1.2053571084095354,1.3280008071976883,1.3280008071976883,0.014193532961519935,0.014845026841838665,0.013542039081201197,0.013542039081201197,0.014845026841838665,0.015688750724556028,0.012698315198483839,0.012698315198483839,0.015688750724556028,0.014845026841838665,0.015688750724556028,0.014845026841838665,0.014845026841838665,0.05938010736735466,0.05938010736735466,0.27,114.32747395833334,13.5,183.97524545019158,341413.32320239354,16818.390305536628,39281.302704182985,1408.2385162984913,7544.134908741918,335277.4268099501,11764.120238945618,27385.4078734719,27385.4078734719,1.3333333333333333,210.25742337164752,131.4108896072797,341413.32320239354,13.736818326947636,122.65016363346105,256059.99240179517,10.302613745210731,122.65016363346105,105.12871168582376,8.760725973818646,341549.7101843539,256306.83461683348,11984.200357345751,8993.222267257315,27998.45588851776,21019.129913380322,27998.45588851776,E,42.79749963013505,44.70316511192777,1233.5036613647444
1,D-5,y,29.0,117.77083333333336,0.0,D-5,1,1.1868582564338566,1.543500232659566,1448.8750000000002,,90,33560.03850784585,89618.72333333336,2.6703998957683495,13.5,0.46551724137931033,2.4451350210858664,1448.8750000000002,29.0,3542.6950036757853,122.16189667847536,26440.87127647092,911.7541819472731,3542.6950036757853,26440.87127647092,26440.87127647092,976.3677861887843,911.7541819472731,683.4574503321489,638.2279273630911,769.6428571428571,2,23.0,0.888018960988407,769.6428571428571,1,2,1600000,10.5,0.25,0.060742520759252884,435294.27073444583,4141999.764785571,250475.035897436,0.10509278016749979,12.614671560899925,0.0,102.84032014123191,0.0,14.930513192101444,0.0,14.540120709870422,5.170725779409546,1295137.7252134038,3641937.2567578466,99911702.21797526,0.0,10748406831.89344,806.3312288741395,0.0,806.3312288741395,27508.334570600604,28314.665799474744,28314.665799474744,3911.666007712676,134.88503474871297,360.1969827336733,94.41952432409907,252.1378879135713,0.06137583459347917,7.497053398858895e-05,0.00028151931270331174,0.00028151931270331174,107.01384652543477,-107.01384652543477,67.0,-67.0,0.018861793951121888,-0.018861793951121888,0.030126464523578082,-0.030126464523578082,-0.018861793951121888,0.018861793951121888,-0.030126464523578082,0.030126464523578082,0.08023762854460106,0.04251404064235728,0.09150229911705726,0.03124937006990109,0.04251404064235728,0.08023762854460106,0.03124937006990109,0.09150229911705726,0.06137583459347917,0.06137583459347917,0.06137583459347917,0.06137583459347917,0.08023762854460106,0.09150229911705726,0.06137583459347917,0.06137583459347917,1.3073162927404958,1.4908522177029402,1.4908522177029402,0.014193532961519935,0.022110439741797043,0.006276626181242827,0.006276626181242827,0.022110439741797043,0.027254899506367863,0.0011321664166720098,0.0011321664166720098,0.027254899506367863,0.022110439741797043,0.027254899506367863,0.022110439741797043,0.022110439741797043,0.08844175896718817,0.08844175896718817,0.27,90.55468750000001,13.5,145.72018678160921,267573.5918050363,13180.965113548587,31804.73827921247,1115.4151697198279,5975.438409213363,262713.56856554275,9218.019949668167,22183.489694508702,22183.489694508702,1.3333333333333333,166.5373563218391,104.08584770114943,267573.5918050363,10.88044061302682,97.14679118773947,200680.19385377725,8.160330459770117,97.14679118773947,83.26867816091955,6.939056513409962,267681.6190368371,200875.70871009908,9392.337510064459,7048.270481056108,22669.063017376004,17017.86665706306,22669.063017376004,E,42.79749963013505,44.70316511192777,0.0
1,D-6,y,29.0,136.35416666666669,0.0,D-6,1,1.1868582564338566,1.543500232659566,862.625,,90,33560.03850784585,89618.72333333336,2.6703998957683495,13.5,0.46551724137931033,2.4451350210858664,862.625,29.0,2109.2345975641956,72.73222750221365,15742.25284090465,542.836304858781,2109.2345975641956,15742.25284090465,15742.25284090465,667.8712245187024,542.836304858781,467.5098571630917,379.9854134011467,600.0,3,19.0,0.7791830952718195,460.7142857142857,1,4,1600000,10.5,0.25,0.05149179607456357,305723.51405472076,4141999.764785571,250475.035897436,0.07381060632931927,10.512736147104855,0.0,102.84032014123191,0.0,33.51384652543477,0.0,14.540120709870422,5.170725779409546,1295137.7252134038,3641937.2567578466,332558332.41489065,0.0,10748406831.89344,1195.68123860324,0.0,1195.68123860324,18172.58427243913,19368.26551104237,19368.26551104237,2131.001393218474,73.482806662706,196.22847925285586,51.43796466389419,137.35993547699908,0.06137583459347917,7.497053398858895e-05,0.00028151931270331174,0.00028151931270331174,107.01384652543477,-107.01384652543477,67.0,-67.0,0.018861793951121888,-0.018861793951121888,0.030126464523578082,-0.030126464523578082,-0.018861793951121888,0.018861793951121888,-0.030126464523578082,0.030126464523578082,0.08023762854460106,0.04251404064235728,0.09150229911705726,0.03124937006990109,0.04251404064235728,0.08023762854460106,0.03124937006990109,0.09150229911705726,0.06137583459347917,0.06137583459347917,0.06137583459347917,0.06137583459347917,0.08023762854460106,0.09150229911705726,0.06137583459347917,0.06137583459347917,1.3073162927404958,1.4908522177029402,1.4908522177029402,0.014193532961519935,0.022110439741797043,0.006276626181242827,0.006276626181242827,0.022110439741797043,0.027254899506367863,0.0011321664166720098,0.0011321664166720098,0.027254899506367863,0.022110439741797043,0.027254899506367863,0.022110439741797043,0.022110439741797043,0.08844175896718817,0.08844175896718817,0.27,53.9140625,13.5,86.75826149425286,183030.10907935037,9016.261531002483,22401.359339660405,664.0911126077584,3557.6309603987065,180136.56923155944,6320.581376545945,15675.984300817021,15675.984300817021,1.3333333333333333,99.15229885057471,61.97018678160919,183030.10907935037,6.47795019157088,57.83884099616857,137272.5818095128,4.858462643678161,57.83884099616857,49.576149425287355,4.131345785440613,183094.4258705381,137388.98660836337,6424.365820018881,4820.666196784679,15965.082868766916,11983.379478657262,15965.082868766916,D,39.543650393687024,40.400256586172866,0.0
1,D-6.2,y,10.583333333333334,143.52083333333337,0.0,D-6.2,2,1.1868582564338566,1.543500232659566,873.7916666666666,,90,33560.03850784585,89618.72333333336,2.6703998957683495,13.5,1.2755905511811023,2.4451350210858664,873.7916666666666,10.583333333333334,2136.538605299654,201.87766349288069,15946.03604920115,1506.7120676410534,2136.538605299654,15946.03604920115,15946.03604920115,1506.7120676410534,1506.7120676410534,1054.6984473487373,1054.6984473487373,1200.0,3,19.0,0.8789153727906144,1200.0,2,3,1600000,10.5,0.25,0.08508121057810887,187421.35826290198,4141999.764785571,250475.035897436,0.04524900263305657,6.250862894155075,0.0,102.84032014123191,0.0,40.68051319210146,0.0,14.540120709870422,5.170725779409546,1295137.7252134038,3641937.2567578466,310164384.2575212,0.0,10748406831.89344,918.7077107749619,0.0,918.7077107749619,11503.142284029072,12421.849994804033,15946.03604920115,2136.5386052996546,201.87766349288074,539.0940915493467,141.3143644450165,377.36586408454264,0.06137583459347917,7.497053398858895e-05,0.00028151931270331174,0.00028151931270331174,107.01384652543477,-107.01384652543477,67.0,-67.0,0.018861793951121888,-0.018861793951121888,0.030126464523578082,-0.030126464523578082,-0.018861793951121888,0.018861793951121888,-0.030126464523578082,0.030126464523578082,0.08023762854460106,0.04251404064235728,0.09150229911705726,0.03124937006990109,0.04251404064235728,0.08023762854460106,0.03124937006990109,0.09150229911705726,0.06137583459347917,0.06137583459347917,0.06137583459347917,0.06137583459347917,0.08023762854460106,0.09150229911705726,0.06137583459347917,0.06137583459347917,1.3073162927404958,1.4908522177029402,1.4908522177029402,0.014193532961519935,0.022110439741797043,0.006276626181242827,0.006276626181242827,0.022110439741797043,0.027254899506367863,0.0011321664166720098,0.0011321664166720098,0.027254899506367863,0.022110439741797043,0.027254899506367863,0.022110439741797043,0.022110439741797043,0.08844175896718817,0.08844175896718817,0.27,54.611979166666664,10.583333333333334,240.8087270341207,150690.04066495085,20340.612913154222,48512.08221696242,1132.834487847222,6068.756184895832,145754.11896790224,14454.953947229973,33752.12836429483,33752.12836429483,1.3333333333333333,275.2099737532808,172.0062335958005,150690.04066495085,17.980384951881007,160.53915135608045,113017.53049871314,13.485288713910762,160.53915135608045,137.6049868766404,11.467082239720032,150868.56020125884,113340.62700789949,14962.171259628974,11240.392761113997,35713.16567628712,26859.931522784413,35713.16567628712,D,39.543650393687024,40.400256586172866,0.0
1,D-6.7,y,10.583333333333334,162.43750000000003,0.0,D-6.7,2,1.1868582564338566,1.543500232659566,704.8958333333333,,90,33560.03850784585,89618.72333333336,2.6703998957683495,13.5,1.2755905511811023,2.4451350210858664,704.8958333333333,10.583333333333334,1723.5654883008392,162.85658157173282,12863.815023716581,1215.4785849181021,1723.565488300839,12863.815023716581,12863.815023716581,1215.4785849181021,1215.4785849181021,850.8350094426714,850.8350094426714,921.4285714285714,4,17.0,0.9233868319532869,921.4285714285714,2,4,1600000,10.5,0.25,0.07800594213777022,164908.14252325994,4141999.764785571,250475.035897436,0.03981365328054217,6.224928131029838,0.0,102.84032014123191,0.0,59.597179858768115,0.0,14.540120709870422,5.170725779409546,1295137.7252134038,3641937.2567578466,585724673.1981072,0.0,10748406831.89344,1184.2398384053258,0.0,1184.2398384053258,10121.374878625491,11305.614717030818,12863.815023716581,1723.5654883008392,162.85658157173282,434.892198454345,113.99960710021297,304.4245389180415,0.06137583459347917,7.497053398858895e-05,0.00028151931270331174,0.00028151931270331174,107.01384652543477,-107.01384652543477,67.0,-67.0,0.018861793951121888,-0.018861793951121888,0.030126464523578082,-0.030126464523578082,-0.018861793951121888,0.018861793951121888,-0.030126464523578082,0.030126464523578082,0.08023762854460106,0.04251404064235728,0.09150229911705726,0.03124937006990109,0.04251404064235728,0.08023762854460106,0.03124937006990109,0.09150229911705726,0.06137583459347917,0.06137583459347917,0.06137583459347917,0.06137583459347917,0.08023762854460106,0.09150229911705726,0.06137583459347917,0.06137583459347917,1.3073162927404958,1.4908522177029402,1.4908522177029402,0.014193532961519935,0.022110439741797043,0.006276626181242827,0.006276626181242827,0.022110439741797043,0.027254899506367863,0.0011321664166720098,0.0011321664166720098,0.027254899506367863,0.022110439741797043,0.027254899506367863,0.022110439741797043,0.022110439741797043,0.08844175896718817,0.08844175896718817,0.27,44.05598958333333,10.583333333333334,194.26263123359576,121563.05197412167,16408.960896394376,39135.14619738981,913.8680772569443,4895.721842447916,117581.1982089307,11660.945276918746,27228.15467087682,27228.15467087682,1.3333333333333333,222.014435695538,138.75902230971127,121563.05197412167,14.504943132108481,129.50842082239717,91172.28898059127,10.878707349081363,129.50842082239717,111.007217847769,9.250601487314086,121707.06533807618,91432.93392809783,12070.122182288545,9067.728984604742,28810.141639816284,21668.155621415543,28810.141639816284,D,39.543650393687024,40.400256586172866,0.0
1,D-6.8,y,20.0,164.56250000000003,0.0,D-6.8,1,1.1868582564338566,1.543500232659566,368.5000000000001,,90,33560.03850784585,89618.72333333336,2.6703998957683495,13.5,0.675,2.4451350210858664,368.5000000000001,20.0,901.0322552701421,45.0516127635071,6724.845873784512,336.2422936892256,901.0322552701421,6724.845873784512,6724.845873784512,470.26476360769703,336.2422936892256,329.18533452538793,235.36960558245792,460.7142857142857,4,17.0,0.7145108036209971,310.7142857142857,1,6,1600000,10.5,0.25,0.04747865211455486,141639.35946536635,4141999.764785571,250475.035897436,0.034195887858216464,6.0194016159042825,0.0,102.84032014123191,0.0,61.722179858768115,0.0,14.540120709870422,5.170725779409546,1295137.7252134038,3641937.2567578466,520695519.8107934,0.0,10748406831.89344,1016.5165239510197,0.0,1016.5165239510197,8388.77874820292,9405.29527215394,9405.29527215394,1009.7146848022858,50.48573424011429,134.8170994525898,35.34001396808,94.37196961681285,0.06137583459347917,7.497053398858895e-05,0.00028151931270331174,0.00028151931270331174,107.01384652543477,-107.01384652543477,67.0,-67.0,0.018861793951121888,-0.018861793951121888,0.030126464523578082,-0.030126464523578082,-0.018861793951121888,0.018861793951121888,-0.030126464523578082,0.030126464523578082,0.08023762854460106,0.04251404064235728,0.09150229911705726,0.03124937006990109,0.04251404064235728,0.08023762854460106,0.03124937006990109,0.09150229911705726,0.06137583459347917,0.06137583459347917,0.06137583459347917,0.06137583459347917,0.08023762854460106,0.09150229911705726,0.06137583459347917,0.06137583459347917,1.3073162927404958,1.4908522177029402,1.4908522177029402,0.014193532961519935,0.022110439741797043,0.006276626181242827,0.006276626181242827,0.022110439741797043,0.027254899506367863,0.0011321664166720098,0.0011321664166720098,0.027254899506367863,0.022110439741797043,0.027254899506367863,0.022110439741797043,0.022110439741797043,0.08844175896718817,0.08844175896718817,0.27,23.031250000000007,13.5,53.73958333333335,88880.04032185473,6348.57430870391,15411.688466853971,411.3496406250001,2203.658789062501,87087.73117341724,4466.037496072679,10811.252421315032,10811.252421315032,1.3333333333333333,61.416666666666686,38.38541666666668,88880.04032185473,4.012555555555556,35.8263888888889,66660.03024139105,3.0094166666666684,35.8263888888889,30.708333333333343,2.5590277777777786,88919.87926629918,66732.13340805772,4559.993808528163,3422.1606875927037,11072.974067370942,8313.391875314534,11072.974067370942,D,39.543650393687024,40.400256586172866,0.0
1,D-7,y,29.0,173.43750000000003,0.0,D-7,2,1.1868582564338566,1.543500232659566,2555.9791666666674,,90,33560.03850784585,89618.72333333336,2.6703998957683495,13.5,0.46551724137931033,2.4451350210858664,2555.9791666666674,29.0,6249.714173582537,215.50738529594955,46644.68372438945,1608.4373698065326,6249.714173582537,46644.68372438945,46644.68372438945,1773.4441529124726,1608.4373698065326,1241.4109070387308,1125.9061588645727,1539.2857142857142,2,23.0,0.8064850440158808,1200.0,2,3,1600000,10.5,0.25,0.059041183056453984,790036.4001816959,4141999.764785571,250475.035897436,0.19073791526943645,29.968484861964935,0.0,102.84032014123191,0.0,70.59717985876811,0.0,14.540120709870422,5.170725779409546,1295137.7252134038,3641937.2567578466,3667936461.719619,0.0,10748406831.89344,6260.460919105771,0.0,6260.460919105771,45169.41951535594,51429.88043446171,51429.88043446171,6251.841133357098,215.58072873645168,575.6867555474854,150.90651011551617,402.98072888323975,0.06137583459347917,7.497053398858895e-05,0.00028151931270331174,0.00028151931270331174,107.01384652543477,-107.01384652543477,67.0,-67.0,0.018861793951121888,-0.018861793951121888,0.030126464523578082,-0.030126464523578082,-0.018861793951121888,0.018861793951121888,-0.030126464523578082,0.030126464523578082,0.08023762854460106,0.04251404064235728,0.09150229911705726,0.03124937006990109,0.04251404064235728,0.08023762854460106,0.03124937006990109,0.09150229911705726,0.06137583459347917,0.06137583459347917,0.06137583459347917,0.06137583459347917,0.08023762854460106,0.09150229911705726,0.06137583459347917,0.06137583459347917,1.3073162927404958,1.4908522177029402,1.4908522177029402,0.014193532961519935,0.022110439741797043,0.006276626181242827,0.006276626181242827,0.022110439741797043,0.027254899506367863,0.0011321664166720098,0.0011321664166720098,0.027254899506367863,0.022110439741797043,0.027254899506367863,0.022110439741797043,0.022110439741797043,0.08844175896718817,0.08844175896718817,0.27,159.7486979166667,13.5,257.066870210728,486012.37010566314,23941.49606431838,56682.020874226364,1967.7183580280175,10541.348346578667,477438.7401171125,16752.23649533728,39543.65039368702,39543.65039368702,1.3333333333333333,293.7907088122606,183.6191930076629,486012.37010566314,19.194326309067687,171.37791347381864,364509.27757924737,14.39574473180077,171.37791347381864,146.8953544061303,12.241279533844192,486202.94234544603,364854.187871393,17059.752362998108,12801.901328820806,40400.256586172865,30328.540665918554,40400.256586172865,D,39.543650393687024,40.400256586172866,707.8697090425248
1,D-B--D-1.8,x,9.67,0.0,30.75,D-B,2,1.0,2.133055921970579,1557.75,,0,33560.03850784585,89618.72333333336,2.6703998957683495,13.5,1.3960703205791107,2.4451350210858664,6862.586666666666,104.34,16779.950993903585,160.81992518596496,125237.00849069722,1200.2780188872648,1555.1286765482812,11606.688442639852,11606.688442639852,1200.278018887265,1200.278018887265,840.1946132210854,840.1946132210854,921.4285714285714,4,17.0,0.9118391151236586,921.4285714285714,2,4,1600000,10.5,0.25,0.08091858288908772,143436.62516369985,3856961.0041467617,250477.0737295189,0.037189026544340434,0.0,1.1249353626465368,0.0,32.65348171084547,0.0,1.903481710845469,10.492708333333335,6.299219049446908,1577809.954286703,2628182.878830671,0.0,519705.69406743674,10748406831.89344,0.0,66.76060323805362,66.76060323805362,9391.85542215357,9458.616025391624,11606.688442639852,1555.1286765482819,160.81992518596505,429.4535114540748,112.57394763017552,300.61745801785236,0.06547738704417322,5.6026533639562086e-05,0.0002348209990354111,0.0002348209990354111,209.85416666666669,-209.85416666666669,34.34651828915453,-34.34651828915453,0.008065283738047286,-0.008065283738047286,0.04927816506841034,-0.04927816506841034,-0.008065283738047286,0.008065283738047286,-0.04927816506841034,0.04927816506841034,0.0735426707822205,0.057412103306125936,0.11475555211258356,0.01619922197576288,0.057412103306125936,0.0735426707822205,0.01619922197576288,0.11475555211258356,0.06547738704417322,0.06547738704417322,0.06547738704417322,0.06547738704417322,0.0735426707822205,0.11475555211258356,0.06547738704417322,0.06547738704417322,1.1231766278731645,1.7525982219657859,1.7525982219657859,0.013896446843679834,0.016091933500965848,0.01170096018639382,0.01170096018639382,0.016091933500965848,0.0273153215415914,0.00047757214576827495,0.00047757214576827495,0.0273153215415914,0.016091933500965848,0.0273153215415914,0.013896446843679834,0.013896446843679834,0.055585787374719337,0.055585787374719337,0.27,0.0,9.67,0.0,109683.20578294659,16203.753254978075,38645.728793182745,0.0,0.0,109683.20578294659,11961.091143178472,28527.037971761616,28527.037971761616,1.3333333333333333,0.0,0.0,109683.20578294659,0.0,0.0,82262.40433720995,0.0,0.0,0.0,0.0,109683.20578294659,82262.40433720995,11961.091143178472,8970.818357383856,28527.037971761616,21395.278478821216,28527.037971761616,B,31.736697038641793,31.736697038641793,0.0
1,D-B--D-3,x,13.5,0.0,30.75,D-B,2,1.0,2.133055921970579,946.375,,0,33560.03850784585,89618.72333333336,2.6703998957683495,13.5,1.0,2.4451350210858664,6862.586666666666,104.34,16779.950993903585,160.81992518596496,125237.00849069722,1200.2780188872648,2171.068990010527,16203.753254978077,16203.753254978077,1200.278018887265,1200.278018887265,840.1946132210854,840.1946132210854,921.4285714285714,4,17.0,0.9118391151236586,921.4285714285714,2,4,1600000,10.5,0.25,0.06922899694151365,234060.2055619469,3856961.0041467617,250477.0737295189,0.060685136642631365,0.0,1.8356720393027404,0.0,32.65348171084547,0.0,1.903481710845469,10.492708333333335,6.299219049446908,1577809.954286703,2628182.878830671,0.0,848056.9132626464,10748406831.89344,0.0,108.94010159193948,108.94010159193948,15325.650671218344,15434.590772810283,16203.753254978077,2171.068990010528,160.81992518596505,429.4535114540748,112.57394763017552,300.61745801785236,0.06547738704417322,5.6026533639562086e-05,0.0002348209990354111,0.0002348209990354111,209.85416666666669,-209.85416666666669,34.34651828915453,-34.34651828915453,0.008065283738047286,-0.008065283738047286,0.04927816506841034,-0.04927816506841034,-0.008065283738047286,0.008065283738047286,-0.04927816506841034,0.04927816506841034,0.0735426707822205,0.057412103306125936,0.11475555211258356,0.01619922197576288,0.057412103306125936,0.0735426707822205,0.01619922197576288,0.11475555211258356,0.06547738704417322,0.06547738704417322,0.06547738704417322,0.06547738704417322,0.0735426707822205,0.11475555211258356,0.06547738704417322,0.06547738704417322,1.1231766278731645,1.7525982219657859,1.7525982219657859,0.013896446843679834,0.016091933500965848,0.01170096018639382,0.01170096018639382,0.016091933500965848,0.0273153215415914,0.00047757214576827495,0.00047757214576827495,0.0273153215415914,0.016091933500965848,0.0273153215415914,0.013896446843679834,0.013896446843679834,0.055585787374719337,0.055585787374719337,0.27,0.0,13.5,0.0,153125.46825954283,16203.753254978077,38645.72879318275,0.0,0.0,153125.46825954283,11778.882173810987,28092.472084275156,28092.472084275156,1.3333333333333333,0.0,0.0,153125.46825954283,0.0,0.0,114844.10119465712,0.0,0.0,0.0,0.0,153125.46825954283,114844.10119465712,11778.882173810987,8834.16163035824,28092.472084275156,21069.354063206367,28092.472084275156,B,31.736697038641793,31.736697038641793,0.0
1,D-B--D-3.7,x,16.75,0.0,30.75,D-B,2,1.0,2.133055921970579,926.945,,0,33560.03850784585,89618.72333333336,2.6703998957683495,13.5,0.8059701492537313,2.4451350210858664,6862.586666666666,104.34,16779.950993903585,160.81992518596496,125237.00849069722,1200.2780188872648,2693.733746864913,20104.656816361687,20104.656816361687,1234.5595939001407,1200.2780188872648,864.1917157300985,840.1946132210853,921.4285714285714,4,17.0,0.9378824821877038,921.4285714285714,2,4,1600000,10.5,0.25,0.06483655672805688,310082.1177269852,3856961.0041467617,250477.0737295189,0.08039545056162206,0.0,2.4829840165369244,0.0,32.65348171084547,0.0,1.903481710845469,10.492708333333335,6.299219049446908,1577809.954286703,2628182.878830671,0.0,1136205.1402614599,10748406831.89344,0.0,145.95518469764855,145.95518469764855,20532.918013129707,20678.873197827357,20678.873197827357,3267.9501283305835,195.1015001988408,520.999025795233,136.57105013918854,364.6993180566631,0.06547738704417322,5.6026533639562086e-05,0.0002348209990354111,0.0002348209990354111,209.85416666666669,-209.85416666666669,34.34651828915453,-34.34651828915453,0.008065283738047286,-0.008065283738047286,0.04927816506841034,-0.04927816506841034,-0.008065283738047286,0.008065283738047286,-0.04927816506841034,0.04927816506841034,0.0735426707822205,0.057412103306125936,0.11475555211258356,0.01619922197576288,0.057412103306125936,0.0735426707822205,0.01619922197576288,0.11475555211258356,0.06547738704417322,0.06547738704417322,0.06547738704417322,0.06547738704417322,0.0735426707822205,0.11475555211258356,0.06547738704417322,0.06547738704417322,1.1231766278731645,1.7525982219657859,1.7525982219657859,0.013896446843679834,0.016091933500965848,0.01170096018639382,0.01170096018639382,0.016091933500965848,0.0273153215415914,0.00047757214576827495,0.00047757214576827495,0.0273153215415914,0.016091933500965848,0.0273153215415914,0.013896446843679834,0.013896446843679834,0.055585787374719337,0.055585787374719337,0.27,0.0,13.5,0.0,195415.3517194685,16666.5545176519,39529.928390395864,0.0,0.0,195415.3517194685,12025.560105813447,28522.36371553178,28522.36371553178,1.3333333333333333,0.0,0.0,195415.3517194685,0.0,0.0,146561.5137896014,0.0,0.0,0.0,0.0,195415.3517194685,146561.5137896014,12025.560105813447,9019.170079360085,28522.36371553178,21391.77278664884,28522.36371553178,B,31.736697038641793,31.736697038641793,0.0
1,D-B--D-4.5,x,22.75,0.0,30.75,D-B,2,1.0,2.133055921970579,929.625,,0,33560.03850784585,89618.72333333336,2.6703998957683495,13.5,0.5934065934065934,2.4451350210858664,6862.586666666666,104.34,16779.950993903585,160.81992518596496,125237.00849069722,1200.2780188872648,3658.653297980703,27306.324929685277,27306.324929685277,1362.3662701826117,1200.278018887265,953.6563891278281,840.1946132210854,1200.0,3,19.0,0.7947136576065235,921.4285714285714,2,4,1600000,10.5,0.25,0.05854258210492684,466435.2672511728,3856961.0041467617,250477.0737295189,0.12093336353405984,0.0,3.7421041501458094,0.0,32.65348171084547,0.0,1.903481710845469,10.492708333333335,6.299219049446908,1577809.954286703,2628182.878830671,0.0,1702962.8081104595,10748406831.89344,0.0,218.7600129443099,218.7600129443099,30775.072633710108,30993.832646654417,30993.832646654417,1187.159809579778,52.1828487727375,139.34907392361376,36.52799414091625,97.54435174652963,0.06547738704417322,5.6026533639562086e-05,0.0002348209990354111,0.0002348209990354111,209.85416666666669,-209.85416666666669,34.34651828915453,-34.34651828915453,0.008065283738047286,-0.008065283738047286,0.04927816506841034,-0.04927816506841034,-0.008065283738047286,0.008065283738047286,-0.04927816506841034,0.04927816506841034,0.0735426707822205,0.057412103306125936,0.11475555211258356,0.01619922197576288,0.057412103306125936,0.0735426707822205,0.01619922197576288,0.11475555211258356,0.06547738704417322,0.06547738704417322,0.06547738704417322,0.06547738704417322,0.0735426707822205,0.11475555211258356,0.06547738704417322,0.06547738704417322,1.1231766278731645,1.7525982219657859,1.7525982219657859,0.013896446843679834,0.016091933500965848,0.01170096018639382,0.01170096018639382,0.016091933500965848,0.0273153215415914,0.00047757214576827495,0.00047757214576827495,0.0273153215415914,0.016091933500965848,0.0273153215415914,0.013896446843679834,0.013896446843679834,0.055585787374719337,0.055585787374719337,0.27,0.0,13.5,0.0,292891.7185108842,18391.944647465258,44341.69601945243,0.0,0.0,292891.7185108842,13163.672742062212,31736.697038641792,31736.697038641792,1.3333333333333333,0.0,0.0,292891.7185108842,0.0,0.0,219668.7888831632,0.0,0.0,0.0,0.0,292891.7185108842,219668.7888831632,13163.672742062212,9872.75455654666,31736.697038641792,23802.522778981347,31736.697038641792,B,31.736697038641793,31.736697038641793,0.0
1,D-B--D-5.8,x,18.25,0.0,30.75,D-B,2,1.0,2.133055921970579,770.5,,0,33560.03850784585,89618.72333333336,2.6703998957683495,13.5,0.7397260273972602,2.4451350210858664,6862.586666666666,104.34,16779.950993903585,160.81992518596496,125237.00849069722,1200.2780188872648,2934.9636346438606,21905.073844692582,21905.073844692582,1243.8319510962363,1200.2780188872648,870.6823657673654,840.1946132210853,921.4285714285714,4,17.0,0.9449265985072182,921.4285714285714,2,4,1600000,10.5,0.25,0.06322142069534742,346481.83485545457,3856961.0041467617,250477.0737295189,0.08983285920779056,0.0,2.7912791818167415,0.0,32.65348171084547,0.0,1.903481710845469,10.492708333333335,6.299219049446908,1577809.954286703,2628182.878830671,0.0,1247252.7121569565,10748406831.89344,0.0,160.22018693351498,160.22018693351498,22539.712920572798,22699.933107506313,22699.933107506313,3729.8228974575904,204.37385739493646,545.7599274852139,143.0617001764555,382.0319492396497,0.06547738704417322,5.6026533639562086e-05,0.0002348209990354111,0.0002348209990354111,209.85416666666669,-209.85416666666669,34.34651828915453,-34.34651828915453,0.008065283738047286,-0.008065283738047286,0.04927816506841034,-0.04927816506841034,-0.008065283738047286,0.008065283738047286,-0.04927816506841034,0.04927816506841034,0.0735426707822205,0.057412103306125936,0.11475555211258356,0.01619922197576288,0.057412103306125936,0.0735426707822205,0.01619922197576288,0.11475555211258356,0.06547738704417322,0.06547738704417322,0.06547738704417322,0.06547738704417322,0.0735426707822205,0.11475555211258356,0.06547738704417322,0.06547738704417322,1.1231766278731645,1.7525982219657859,1.7525982219657859,0.013896446843679834,0.016091933500965848,0.01170096018639382,0.01170096018639382,0.016091933500965848,0.0273153215415914,0.00047757214576827495,0.00047757214576827495,0.0273153215415914,0.016091933500965848,0.0273153215415914,0.013896446843679834,0.013896446843679834,0.055585787374719337,0.055585787374719337,0.27,0.0,13.5,0.0,214514.36786593462,16791.73133979919,39743.1682151484,0.0,0.0,214514.36786593462,12085.316499489274,28603.885856254692,28603.885856254692,1.3333333333333333,0.0,0.0,214514.36786593462,0.0,0.0,160885.77589945102,0.0,0.0,0.0,0.0,214514.36786593462,160885.77589945102,12085.316499489274,9063.98737461696,28603.885856254692,21452.914392191025,28603.885856254692,B,31.736697038641793,31.736697038641793,63.15450219503509
1,D-B--D-6.5,x,8.75,0.0,30.75,D-B,2,1.0,2.133055921970579,617.5166666666665,,0,33560.03850784585,89618.72333333336,2.6703998957683495,13.5,1.542857142857143,2.4451350210858664,6862.586666666666,104.34,16779.950993903585,160.81992518596496,125237.00849069722,1200.2780188872648,1407.1743453771935,10502.432665263568,10502.432665263568,1200.278018887265,1200.278018887265,840.1946132210854,840.1946132210854,921.4285714285714,4,17.0,0.9118391151236586,921.4285714285714,2,4,1600000,10.5,0.25,0.08525083674865863,123194.4819055259,3856961.0041467617,250477.0737295189,0.031940816039642335,0.0,0.9661816082209211,0.0,32.65348171084547,0.0,1.903481710845469,10.492708333333335,6.299219049446908,1577809.954286703,2628182.878830671,0.0,446363.4978229582,10748406831.89344,0.0,57.339176226615585,57.339176226615585,8066.452773434513,8123.7919496611285,10502.432665263568,1407.1743453771942,160.81992518596505,429.4535114540748,112.57394763017552,300.61745801785236,0.06547738704417322,5.6026533639562086e-05,0.0002348209990354111,0.0002348209990354111,209.85416666666669,-209.85416666666669,34.34651828915453,-34.34651828915453,0.008065283738047286,-0.008065283738047286,0.04927816506841034,-0.04927816506841034,-0.008065283738047286,0.008065283738047286,-0.04927816506841034,0.04927816506841034,0.0735426707822205,0.057412103306125936,0.11475555211258356,0.01619922197576288,0.057412103306125936,0.0735426707822205,0.01619922197576288,0.11475555211258356,0.06547738704417322,0.06547738704417322,0.06547738704417322,0.06547738704417322,0.0735426707822205,0.11475555211258356,0.06547738704417322,0.06547738704417322,1.1231766278731645,1.7525982219657859,1.7525982219657859,0.013896446843679834,0.016091933500965848,0.01170096018639382,0.01170096018639382,0.016091933500965848,0.0273153215415914,0.00047757214576827495,0.00047757214576827495,0.0273153215415914,0.016091933500965848,0.0273153215415914,0.013896446843679834,0.013896446843679834,0.055585787374719337,0.055585787374719337,0.27,0.0,8.75,0.0,99247.9886867407,16203.753254978075,38645.728793182745,0.0,0.0,99247.9886867407,12030.059234756449,28691.525922211433,28691.525922211433,1.3333333333333333,0.0,0.0,99247.9886867407,0.0,0.0,74435.99151505555,0.0,0.0,0.0,0.0,99247.9886867407,74435.99151505555,12030.059234756449,9022.54442606734,28691.525922211433,21518.64444165858,28691.525922211433,A,31.129291681370088,31.129291681370088,0.0
1,D-B--D-7.2,x,14.67,0.0,30.75,D-B,2,1.0,2.133055921970579,1113.875,,0,33560.03850784585,89618.72333333336,2.6703998957683495,13.5,0.9202453987730062,2.4451350210858664,6862.586666666666,104.34,16779.950993903585,160.81992518596496,125237.00849069722,1200.2780188872648,2359.228302478106,17608.078537076177,17608.078537076177,1200.278018887265,1200.278018887265,840.1946132210854,840.1946132210854,921.4285714285714,4,17.0,0.9118391151236586,921.4285714285714,2,4,1600000,10.5,0.25,0.06687512638541065,263297.8730477214,3856961.0041467617,250477.0737295189,0.06826563005553857,0.0,2.064975301551916,0.0,32.65348171084547,0.0,1.903481710845469,10.492708333333335,6.299219049446908,1577809.954286703,2628182.878830671,0.0,953992.0763095028,10748406831.89344,0.0,122.54837156061912,122.54837156061912,17240.056741453238,17362.60511301386,17608.078537076177,2359.2283024781063,160.819925185965,429.45351145407466,112.57394763017548,300.61745801785224,0.06547738704417322,5.6026533639562086e-05,0.0002348209990354111,0.0002348209990354111,209.85416666666669,-209.85416666666669,34.34651828915453,-34.34651828915453,0.008065283738047286,-0.008065283738047286,0.04927816506841034,-0.04927816506841034,-0.008065283738047286,0.008065283738047286,-0.04927816506841034,0.04927816506841034,0.0735426707822205,0.057412103306125936,0.11475555211258356,0.01619922197576288,0.057412103306125936,0.0735426707822205,0.01619922197576288,0.11475555211258356,0.06547738704417322,0.06547738704417322,0.06547738704417322,0.06547738704417322,0.0735426707822205,0.11475555211258356,0.06547738704417322,0.06547738704417322,1.1231766278731645,1.7525982219657859,1.7525982219657859,0.013896446843679834,0.016091933500965848,0.01170096018639382,0.01170096018639382,0.016091933500965848,0.0273153215415914,0.00047757214576827495,0.00047757214576827495,0.0273153215415914,0.016091933500965848,0.0273153215415914,0.013896446843679834,0.013896446843679834,0.055585787374719337,0.055585787374719337,0.27,0.0,13.5,0.0,166396.34217536985,16203.753254978077,38690.829154427745,0.0,0.0,166396.34217536985,11742.861127407894,28039.24661868867,28039.24661868867,1.3333333333333333,0.0,0.0,166396.34217536985,0.0,0.0,124797.25663152742,0.0,0.0,0.0,0.0,166396.34217536985,124797.25663152742,11742.861127407894,8807.145845555922,28039.24661868867,21029.434964016502,28039.24661868867,A,31.129291681370088,31.129291681370088,0.0
1,D-C--D-1.2,x,23.5,0.0,30.75,D-C,2,1.0,2.133055921970579,1239.5,,0,33560.03850784585,89618.72333333336,2.6703998957683495,13.5,0.574468085106383,2.4451350210858664,6862.754166666667,107.0,16780.36055401962,156.8257995702768,125240.06523882168,1170.4678994282401,3685.4062899015053,27505.99563656364,27505.99563656364,1337.18865534144,1170.46789942824,936.0320587390079,819.3275295997679,1200.0,3,19.0,0.7800267156158399,921.4285714285714,2,4,1600000,10.5,0.25,0.057111438274076456,481619.73271559033,3856961.0041467617,250477.0737295189,0.12487026241587175,0.0,3.8827124321537925,0.0,32.65348171084547,0.0,1.903481710845469,10.492708333333335,6.299219049446908,1577809.954286703,2628182.878830671,0.0,1726594.7866376122,10748406831.89344,0.0,221.7957409730598,221.7957409730598,31202.13765955078,31423.933400523838,31423.933400523838,1182.1194592108804,50.3029557111013,134.3290076877648,35.212068997770906,94.03030538143535,0.06547738704417322,5.6026533639562086e-05,0.0002348209990354111,0.0002348209990354111,209.85416666666669,-209.85416666666669,34.34651828915453,-34.34651828915453,0.008065283738047286,-0.008065283738047286,0.04927816506841034,-0.04927816506841034,-0.008065283738047286,0.008065283738047286,-0.04927816506841034,0.04927816506841034,0.0735426707822205,0.057412103306125936,0.11475555211258356,0.01619922197576288,0.057412103306125936,0.0735426707822205,0.01619922197576288,0.11475555211258356,0.06547738704417322,0.06547738704417322,0.06547738704417322,0.06547738704417322,0.0735426707822205,0.11475555211258356,0.06547738704417322,0.06547738704417322,1.1231766278731645,1.7525982219657859,1.7525982219657859,0.013896446843679834,0.016091933500965848,0.01170096018639382,0.01170096018639382,0.016091933500965848,0.0273153215415914,0.00047757214576827495,0.00047757214576827495,0.0273153215415914,0.016091933500965848,0.0273153215415914,0.013896446843679834,0.013896446843679834,0.055585787374719337,0.055585787374719337,0.27,0.0,13.5,0.0,296956.1706349502,18052.04684710944,43524.23760921045,0.0,0.0,296956.1706349502,12911.137853693488,31129.291681370087,31129.291681370087,1.3333333333333333,0.0,0.0,296956.1706349502,0.0,0.0,222717.1279762127,0.0,0.0,0.0,0.0,296956.1706349502,222717.1279762127,12911.137853693488,9683.353390270118,31129.291681370087,23346.968761027565,31129.291681370087,A,31.129291681370088,31.129291681370088,0.0
1,D-C--D-1.8,x,10.25,0.0,30.75,D-C,2,1.0,2.133055921970579,725.61,,0,33560.03850784585,89618.72333333336,2.6703998957683495,13.5,1.3170731707317074,2.4451350210858664,6862.754166666667,107.0,16780.36055401962,156.8257995702768,125240.06523882168,1170.4678994282401,1607.4644455953373,11997.295969139459,11997.295969139459,1170.46789942824,1170.46789942824,819.3275295997679,819.3275295997679,921.4285714285714,4,17.0,0.8891926677826938,921.4285714285714,2,4,1600000,10.5,0.25,0.0773167542641934,155170.71407504225,3856961.0041467617,250477.0737295189,0.04023134117980775,0.0,1.2169627060795183,0.0,32.65348171084547,0.0,1.903481710845469,10.492708333333335,6.299219049446908,1577809.954286703,2628182.878830671,0.0,562221.1451592235,10748406831.89344,0.0,72.22207343979694,72.22207343979694,10160.17290341228,10232.394976852076,11997.295969139459,1607.4644455953367,156.82579957027676,418.78759882625513,109.77805969919372,293.15131917837857,0.06547738704417322,5.6026533639562086e-05,0.0002348209990354111,0.0002348209990354111,209.85416666666669,-209.85416666666669,34.34651828915453,-34.34651828915453,0.008065283738047286,-0.008065283738047286,0.04927816506841034,-0.04927816506841034,-0.008065283738047286,0.008065283738047286,-0.04927816506841034,0.04927816506841034,0.0735426707822205,0.057412103306125936,0.11475555211258356,0.01619922197576288,0.057412103306125936,0.0735426707822205,0.01619922197576288,0.11475555211258356,0.06547738704417322,0.06547738704417322,0.06547738704417322,0.06547738704417322,0.0735426707822205,0.11475555211258356,0.06547738704417322,0.06547738704417322,1.1231766278731645,1.7525982219657859,1.7525982219657859,0.013896446843679834,0.016091933500965848,0.01170096018639382,0.01170096018639382,0.016091933500965848,0.0273153215415914,0.00047757214576827495,0.00047757214576827495,0.0273153215415914,0.016091933500965848,0.0273153215415914,0.013896446843679834,0.013896446843679834,0.055585787374719337,0.055585787374719337,0.27,0.0,10.25,0.0,113374.44690836787,15801.31664228124,37685.92300337593,0.0,0.0,113374.44690836787,11628.148400858243,27732.97410761254,27732.97410761254,1.3333333333333333,0.0,0.0,113374.44690836787,0.0,0.0,85030.83518127592,0.0,0.0,0.0,0.0,113374.44690836787,85030.83518127592,11628.148400858243,8721.111300643684,27732.97410761254,20799.73058070941,27732.97410761254,A,31.129291681370088,31.129291681370088,0.0
1,D-C--D-3.2,x,9.25,0.0,36.25,D-C,2,1.0,2.133055921970579,536.0,,0,33560.03850784585,89618.72333333336,2.6703998957683495,13.5,1.4594594594594594,2.4451350210858664,6862.754166666667,107.0,16780.36055401962,156.8257995702768,125240.06523882168,1170.4678994282401,1450.6386460250606,10826.82806971122,10826.82806971122,1170.4678994282401,1170.4678994282401,819.327529599768,819.327529599768,921.4285714285714,4,17.0,0.8891926677826939,921.4285714285714,2,4,1600000,10.5,0.25,0.08148843394026911,132863.3714773224,3856961.0041467617,250477.0737295189,0.034447683379343494,0.0,1.2283882970457705,0.0,32.65348171084547,0.0,3.596518289154531,10.492708333333335,7.9922556277559735,2001876.8021385951,2628182.878830671,0.0,1718580.2436987748,10748406831.89344,0.0,116.8420121223414,116.8420121223414,8699.546398214403,8816.388410336744,10826.82806971122,1450.6386460250615,156.82579957027693,418.7875988262556,109.77805969919385,293.1513191783789,0.06547738704417322,9.39157542385045e-05,0.0002348209990354111,0.0002348209990354111,209.85416666666669,-209.85416666666669,34.34651828915453,-34.34651828915453,0.008065283738047286,-0.008065283738047286,0.04927816506841034,-0.04927816506841034,-0.008065283738047286,0.008065283738047286,-0.04927816506841034,0.04927816506841034,0.0735426707822205,0.057412103306125936,0.11475555211258356,0.01619922197576288,0.057412103306125936,0.0735426707822205,0.01619922197576288,0.11475555211258356,0.06547738704417322,0.06547738704417322,0.06547738704417322,0.06547738704417322,0.0735426707822205,0.11475555211258356,0.06547738704417322,0.06547738704417322,1.1231766278731645,1.7525982219657859,1.7525982219657859,0.013896446843679834,0.016091933500965848,0.01170096018639382,0.01170096018639382,0.016091933500965848,0.0273153215415914,0.00047757214576827495,0.00047757214576827495,0.0273153215415914,0.016091933500965848,0.0273153215415914,0.013896446843679834,0.013896446843679834,0.055585787374719337,0.055585787374719337,0.27,0.0,9.25,0.0,102313.52525877103,15801.316642281241,37685.92300337593,0.0,0.0,102313.52525877103,11692.974315288118,27887.583022498187,27887.583022498187,1.3333333333333333,0.0,0.0,102313.52525877103,0.0,0.0,76735.14394407827,0.0,0.0,0.0,0.0,102313.52525877103,76735.14394407827,11692.974315288118,8769.730736466088,27887.583022498187,20915.68726687364,27887.583022498187,A,31.129291681370088,31.129291681370088,0.0
1,D-C--D-3.6,x,6.75,0.0,36.25,D-C,2,1.0,2.133055921970579,390.61,,0,33560.03850784585,89618.72333333336,2.6703998957683495,13.5,2.0,2.4451350210858664,6862.754166666667,107.0,16780.36055401962,156.8257995702768,125240.06523882168,1170.4678994282401,1058.5741470993685,7900.65832114062,7900.65832114062,1170.46789942824,1170.46789942824,819.3275295997679,819.3275295997679,921.4285714285714,4,17.0,0.8891926677826938,921.4285714285714,2,4,1600000,10.5,0.25,0.09732536604388978,81177.79200108782,3856961.0041467617,250477.0737295189,0.021047086531030663,0.0,0.7505292735339946,0.0,32.65348171084547,0.0,3.596518289154531,10.492708333333335,7.9922556277559735,2001876.8021385951,2628182.878830671,0.0,1050030.1776849772,10748406831.89344,0.0,71.38894980303085,71.38894980303085,5315.309706246616,5386.698656049647,7900.65832114062,1058.574147099369,156.82579957027687,418.7875988262554,109.7780596991938,293.1513191783788,0.06547738704417322,9.39157542385045e-05,0.0002348209990354111,0.0002348209990354111,209.85416666666669,-209.85416666666669,34.34651828915453,-34.34651828915453,0.008065283738047286,-0.008065283738047286,0.04927816506841034,-0.04927816506841034,-0.008065283738047286,0.008065283738047286,-0.04927816506841034,0.04927816506841034,0.0735426707822205,0.057412103306125936,0.11475555211258356,0.01619922197576288,0.057412103306125936,0.0735426707822205,0.01619922197576288,0.11475555211258356,0.06547738704417322,0.06547738704417322,0.06547738704417322,0.06547738704417322,0.0735426707822205,0.11475555211258356,0.06547738704417322,0.06547738704417322,1.1231766278731645,1.7525982219657859,1.7525982219657859,0.013896446843679834,0.016091933500965848,0.01170096018639382,0.01170096018639382,0.016091933500965848,0.0273153215415914,0.00047757214576827495,0.00047757214576827495,0.0273153215415914,0.016091933500965848,0.0273153215415914,0.013896446843679834,0.013896446843679834,0.055585787374719337,0.055585787374719337,0.27,0.0,6.75,0.0,74661.22113477885,15801.31664228124,37685.92300337593,0.0,0.0,74661.22113477885,11945.795381564616,28490.5577905522,28490.5577905522,1.3333333333333333,0.0,0.0,74661.22113477885,0.0,0.0,55995.91585108414,0.0,0.0,0.0,0.0,74661.22113477885,55995.91585108414,11945.795381564616,8959.346536173462,28490.5577905522,21367.918342914152,28490.5577905522,C,32.373443120965725,32.373443120965725,0.0
1,D-C--D-3.9,x,28.75,0.0,36.25,D-C,2,1.0,2.133055921970579,1127.9450000000002,,0,33560.03850784585,89618.72333333336,2.6703998957683495,13.5,0.46956521739130436,2.4451350210858664,6862.754166666667,107.0,16780.36055401962,156.8257995702768,125240.06523882168,1170.4678994282401,4508.741737645459,33650.9521085619,33650.9521085619,1352.662748012258,1170.46789942824,946.8639236085804,819.3275295997679,1200.0,3,19.0,0.7890532696738171,921.4285714285714,2,4,1600000,10.5,0.25,0.05442213759689389,618332.0537281231,3856961.0041467617,250477.0737295189,0.16031586864978187,0.0,5.927651995304451,0.0,32.65348171084547,0.0,3.596518289154531,10.492708333333335,7.9922556277559735,2001876.8021385951,2628182.878830671,0.0,7580650.579252398,10748406831.89344,0.0,515.3896480096458,515.3896480096458,38373.66435734277,38889.05400535242,38889.05400535242,1119.1231245725357,38.926021724262114,103.94804435514605,27.248215206983478,72.76363104860224,0.06547738704417322,9.39157542385045e-05,0.0002348209990354111,0.0002348209990354111,209.85416666666669,-209.85416666666669,34.34651828915453,-34.34651828915453,0.008065283738047286,-0.008065283738047286,0.04927816506841034,-0.04927816506841034,-0.008065283738047286,0.008065283738047286,-0.04927816506841034,0.04927816506841034,0.0735426707822205,0.057412103306125936,0.11475555211258356,0.01619922197576288,0.057412103306125936,0.0735426707822205,0.01619922197576288,0.11475555211258356,0.06547738704417322,0.06547738704417322,0.06547738704417322,0.06547738704417322,0.0735426707822205,0.11475555211258356,0.06547738704417322,0.06547738704417322,1.1231766278731645,1.7525982219657859,1.7525982219657859,0.013896446843679834,0.016091933500965848,0.01170096018639382,0.01170096018639382,0.016091933500965848,0.0273153215415914,0.00047757214576827495,0.00047757214576827495,0.0273153215415914,0.016091933500965848,0.0273153215415914,0.013896446843679834,0.013896446843679834,0.055585787374719337,0.055585787374719337,0.27,0.0,13.5,0.0,367501.5603505803,18260.947098165485,45443.4667412314,0.0,0.0,367501.5603505803,13008.904791170984,32373.443120965727,32373.443120965727,1.3333333333333333,0.0,0.0,367501.5603505803,0.0,0.0,275626.1702629353,0.0,0.0,0.0,0.0,367501.5603505803,275626.1702629353,13008.904791170984,9756.67859337824,32373.443120965727,24280.0823407243,32373.443120965727,C,32.373443120965725,32.373443120965725,0.0
1,D-C--D-5.2,x,14.0,0.0,36.25,D-C,2,1.0,2.133055921970579,1134.5891666666666,,0,33560.03850784585,89618.72333333336,2.6703998957683495,13.5,0.9642857142857143,2.4451350210858664,6862.754166666667,107.0,16780.36055401962,156.8257995702768,125240.06523882168,1170.4678994282401,2195.5611939838755,16386.55059199536,16386.55059199536,1170.4678994282401,1170.4678994282401,819.327529599768,819.327529599768,921.4285714285714,4,17.0,0.8891926677826939,921.4285714285714,2,4,1600000,10.5,0.25,0.06698067292391657,244645.9534768912,3856961.0041467617,250477.0737295189,0.06342971920479966,0.0,2.2618741556013506,0.0,32.65348171084547,0.0,3.596518289154531,10.492708333333335,7.9922556277559735,2001876.8021385951,2628182.878830671,0.0,3164481.660154151,10748406831.89344,0.0,215.14526647931456,215.14526647931456,16018.7777845972,16233.923051076514,16386.55059199536,2195.5611939838764,156.82579957027687,418.7875988262554,109.7780596991938,293.1513191783788,0.06547738704417322,9.39157542385045e-05,0.0002348209990354111,0.0002348209990354111,209.85416666666669,-209.85416666666669,34.34651828915453,-34.34651828915453,0.008065283738047286,-0.008065283738047286,0.04927816506841034,-0.04927816506841034,-0.008065283738047286,0.008065283738047286,-0.04927816506841034,0.04927816506841034,0.0735426707822205,0.057412103306125936,0.11475555211258356,0.01619922197576288,0.057412103306125936,0.0735426707822205,0.01619922197576288,0.11475555211258356,0.06547738704417322,0.06547738704417322,0.06547738704417322,0.06547738704417322,0.0735426707822205,0.11475555211258356,0.06547738704417322,0.06547738704417322,1.1231766278731645,1.7525982219657859,1.7525982219657859,0.013896446843679834,0.016091933500965848,0.01170096018639382,0.01170096018639382,0.016091933500965848,0.0273153215415914,0.00047757214576827495,0.00047757214576827495,0.0273153215415914,0.016091933500965848,0.0273153215415914,0.013896446843679834,0.013896446843679834,0.055585787374719337,0.055585787374719337,0.27,0.0,13.5,0.0,154852.90309435615,15801.316642281241,37742.97395658333,0.0,0.0,154852.90309435615,11470.585414396752,27398.603316630863,27398.603316630863,1.3333333333333333,0.0,0.0,154852.90309435615,0.0,0.0,116139.67732076714,0.0,0.0,0.0,0.0,154852.90309435615,116139.67732076714,11470.585414396752,8602.939060797566,27398.603316630863,20548.952487473147,27398.603316630863,C,32.373443120965725,32.373443120965725,0.0
1,D-C--D-6.7,x,14.5,0.0,36.25,D-C,2,1.0,2.133055921970579,1708.5,,0,33560.03850784585,89618.72333333336,2.6703998957683495,13.5,0.9310344827586207,2.4451350210858664,6862.754166666667,107.0,16780.36055401962,156.8257995702768,125240.06523882168,1170.4678994282401,2273.974093769014,16971.78454170948,16971.78454170948,1176.680245365102,1170.46789942824,823.6761717555714,819.3275295997679,921.4285714285714,4,17.0,0.8939121243858914,921.4285714285714,2,4,1600000,10.5,0.25,0.06625385317129695,256162.98116019822,3856961.0041467617,250477.0737295189,0.0664157560537397,0.0,2.3772311909049977,0.0,32.65348171084547,0.0,3.596518289154531,10.492708333333335,7.9922556277559735,2001876.8021385951,2628182.878830671,0.0,3325872.258160738,10748406831.89344,0.0,226.11781331142092,226.11781331142092,16835.74574448256,17061.863557793982,17061.863557793982,2364.0531098535157,163.038145507139,435.377046768529,114.1267018549973,304.76393273797026,0.06547738704417322,9.39157542385045e-05,0.0002348209990354111,0.0002348209990354111,209.85416666666669,-209.85416666666669,34.34651828915453,-34.34651828915453,0.008065283738047286,-0.008065283738047286,0.04927816506841034,-0.04927816506841034,-0.008065283738047286,0.008065283738047286,-0.04927816506841034,0.04927816506841034,0.0735426707822205,0.057412103306125936,0.11475555211258356,0.01619922197576288,0.057412103306125936,0.0735426707822205,0.01619922197576288,0.11475555211258356,0.06547738704417322,0.06547738704417322,0.06547738704417322,0.06547738704417322,0.0735426707822205,0.11475555211258356,0.06547738704417322,0.06547738704417322,1.1231766278731645,1.7525982219657859,1.7525982219657859,0.013896446843679834,0.016091933500965848,0.01170096018639382,0.01170096018639382,0.016091933500965848,0.0273153215415914,0.00047757214576827495,0.00047757214576827495,0.0273153215415914,0.016091933500965848,0.0273153215415914,0.013896446843679834,0.013896446843679834,0.055585787374719337,0.055585787374719337,0.27,0.0,13.5,0.0,161234.61062115312,15885.18331242888,37974.365778590036,0.0,0.0,161234.61062115312,11516.757901510937,27531.41518947777,27531.41518947777,1.3333333333333333,0.0,0.0,161234.61062115312,0.0,0.0,120925.95796586484,0.0,0.0,0.0,0.0,161234.61062115312,120925.95796586484,11516.757901510937,8637.568426133203,27531.41518947777,20648.56139210833,27531.41518947777,C,32.373443120965725,32.373443120965725,0.0
