Level,Wall,Direction,wall length,x,y,line,sheathed sides,accidental torsional amplification factor x,accidental torsional amplification factor y,tributary area,level tributary area,angle,level seismic force,level diaphragm force,diaphragm force scale factor,level seismic force per area,wall height,aspect ratio,line tributary area,line wall length,line shear demand,line unit shear,line cumulative shear demand,line cumulative unit shear,shear demand,cumulative shear demand,flexible shear force demand,unit shear demand,adjusted unit shear demand,adjusted unit shear capacity,nail spacing,sheathing shear stiffness,shear dcr,end post youngs modulus,end post area,Delta_A,delta_sw,wall stiffness,total level stiffness,total level cumulative shear demand,relative wall stiffness,kx,ky,CRx,CRy,dx,dy,ex,ey,torque x,torque y,Jx wall,Jy wall,J,torsional shear force x,torsional shear force y,torsional shear force,direct shear force,rigid shear force demand,shear force demand,floor shear demand,floor unit shear demand,diaphragm floor unit shear demand,adjusted floor unit shear demand,adjusted diaphragm floor unit shear demand,level deflection at center of mass,level rotation at center of rigidity from torque x,level rotation at center of rigidity from torque y,level rotation at center of rigidity,x edge 1 to CRx,x edge 2 to CRx,y edge 1 to CRy,y edge 2 to CRy,level edge 1 x deflection from ccw rotation,level edge 2 x deflection from ccw rotation,level edge 1 y deflection from ccw rotation,level edge 2 y deflection from ccw rotation,level edge 1 x deflection from cw rotation,level edge 2 x deflection from cw rotation,level edge 1 y deflection from cw rotation,level edge 2 y deflection from cw rotation,total edge 1 x deflection from ccw rotation,total edge 2 x deflection from ccw rotation,total edge 1 y deflection from ccw rotation,total edge 2 y deflection from ccw rotation,total edge 1 x deflection from cw rotation,total edge 2 x deflection from cw rotation,total edge 1 y deflection from cw rotation,total edge 2 y deflection from cw rotation,average level x deflection from ccw rotation,average level y deflection from ccw rotation,average level x deflection from cw rotation,average level y deflection from cw rotation,maximum x deflection,maximum y deflection,maximum average x deflection,maximum average y deflection,torsional irregularity ratio x,torsional irregularity ratio y,torsional irregularity ratio,story drift at center of mass,edge 1 x story drift from ccw rotation,edge 2 x story drift from ccw rotation,edge 1 x story drift from cw rotation,edge 2 x story drift from cw rotation,edge 1 y story drift from ccw rotation,edge 2 y story drift from ccw rotation,edge 1 y story drift from cw rotation,edge 2 y story drift from cw rotation,maximum edge x story drift,maximum edge y story drift,elastic story drift x,elastic story drift y,inelastic story drift x,inelastic story drift y,allowable story drift,gravity tributary area,wall vertical load length,dead load,horizontal effects moment lc10,connors floor seismic axial load,connors seismic axial load,vertical effects moment lc10,dead effects moment lc10,net moment lc10,floor tension force lc10,tension force lc10,tension force,live load,snow load,horizontal effects moment lc8,vertical effects moment lc8,dead effects moment lc8,horizontal effects moment lc9,vertical effects moment lc9,dead effects moment lc9,live effects moment lc9,snow effects moment lc9,net moment lc8,net moment lc9,floor compression force lc8,floor compression force lc9,compression force lc8,compression force lc9,compression force,option,binned tension force,binned compression force,required strap capacity
4,A-2,y,29.75,31.916666666666668,0.0,A-2,1,1.163711475680936,1.5563570707510095,1369.3125,,90,85514.3929338812,85514.3929338812,1.0,5.549279229972823,10.0,0.33613445378151263,1369.3125,29.75,7598.697415592162,255.41840052410626,7598.697415592162,255.41840052410626,7598.697415592162,7598.697415592162,7598.697415592162,272.76111740428803,190.93278218300162,310.7142857142857,6,14.0,0.6144963104740282,1600000,10.5,0.2,0.022201848714913486,342255.1659172393,4325269.013768536,85514.3929338812,0.07912922059361992,2.478353065037227,0.0,121.92147585636938,0.0,90.00480918970271,0.0,18.095085695620384,5.213796187015882,445854.6158136477,1547390.2683475346,2910944382.9607162,0.0,15017847384.80402,960.1824699771371,0.0,960.1824699771371,7154.460772800432,8114.643242777569,8114.643242777569,8114.643242777569,272.76111740428803,272.76111740428803,190.93278218300162,190.93278218300162,0.01991014533051285,1.8129599395677798e-05,8.75171280336873e-05,8.75171280336873e-05,113.07852414363062,-113.07852414363062,67.0,-67.0,0.005863647578257049,-0.005863647578257049,0.009896307675338521,-0.009896307675338521,-0.005863647578257049,0.005863647578257049,-0.009896307675338521,0.009896307675338521,0.0257737929087699,0.0140464977522558,0.02980645300585137,0.010013837655174329,0.0140464977522558,0.0257737929087699,0.010013837655174329,0.02980645300585137,0.01991014533051285,0.01991014533051285,0.01991014533051285,0.01991014533051285,0.0257737929087699,0.02980645300585137,0.01991014533051285,0.01991014533051285,1.294505513692602,1.4970484901570333,1.4970484901570333,0.0,0.0,0.0,0.0,0.0,0.0,0.0,0.0,0.0,0.0,0.0,0.0,0.0,0.0,0.0,0.2,684.65625,1.3333333333333333,1073.9705882352941,56802.50269944298,2727.6111740428805,2727.6111740428805,4510.676470588235,24164.33823529412,37148.8409347371,1270.0458439226359,1270.0458439226359,1270.0458439226359,1227.3949579831933,767.1218487394958,56802.50269944298,80.18980392156863,715.9803921568628,42601.87702458224,60.14235294117648,715.9803921568628,613.6974789915967,51.141456582633054,57598.672895521406,44042.83870525451,1969.1853981374838,1505.7380753933164,1969.1853981374838,1505.7380753933164,1969.1853981374838,E,2.3242953023412842,2.8723465940754513,0.0
4,A-2.4,y,29.75,40.083333333333336,0.0,A-2.4,1,1.163711475680936,1.5563570707510095,2146.791666666667,,90,85514.3929338812,85514.3929338812,1.0,5.549279229972823,10.0,0.33613445378151263,2146.791666666667,29.75,11913.146406912076,400.44189603065803,11913.146406912076,400.44189603065803,11913.146406912076,11913.146406912076,11913.146406912076,400.44189603065803,280.3093272214606,310.7142857142857,6,14.0,0.9021449611725169,1600000,10.5,0.2,0.029972204223554448,397473.14939052146,4325269.013768536,85514.3929338812,0.09189559033790816,3.4428238073824735,0.0,121.92147585636938,0.0,81.83814252303605,0.0,18.095085695620384,5.213796187015882,445854.6158136477,1547390.2683475346,2662069093.257084,0.0,15017847384.80402,965.7153624677889,0.0,965.7153624677889,7913.748169341928,8879.463531809717,11913.146406912076,11913.146406912076,400.44189603065803,400.44189603065803,280.3093272214606,280.3093272214606,0.01991014533051285,1.8129599395677798e-05,8.75171280336873e-05,8.75171280336873e-05,113.07852414363062,-113.07852414363062,67.0,-67.0,0.005863647578257049,-0.005863647578257049,0.009896307675338521,-0.009896307675338521,-0.005863647578257049,0.005863647578257049,-0.009896307675338521,0.009896307675338521,0.0257737929087699,0.0140464977522558,0.02980645300585137,0.010013837655174329,0.0140464977522558,0.0257737929087699,0.010013837655174329,0.02980645300585137,0.01991014533051285,0.01991014533051285,0.01991014533051285,0.01991014533051285,0.0257737929087699,0.02980645300585137,0.01991014533051285,0.01991014533051285,1.294505513692602,1.4970484901570333,1.4970484901570333,0.0,0.0,0.0,0.0,0.0,0.0,0.0,0.0,0.0,0.0,0.0,0.0,0.0,0.0,0.0,0.2,536.6979166666667,1.3333333333333333,841.8790849673203,83392.02484838452,4004.41896030658,4004.41896030658,3535.8921568627457,18942.279411764706,67985.63759348256,2324.2953023412842,2324.2953023412842,2324.2953023412842,962.1475256769377,601.342203548086,83392.02484838452,62.86030501089324,561.2527233115468,62544.0186362884,47.14522875816994,561.2527233115468,481.07376283846884,40.08948023653907,84016.13787670695,63673.57983143312,2872.3465940754513,2176.8745241515594,2872.3465940754513,2176.8745241515594,2872.3465940754513,E,2.3242953023412842,2.8723465940754513,0.0
4,A-3,y,29.75,49.833333333333336,0.0,A-3,1,1.163711475680936,1.5563570707510095,593.2291666666667,,90,85514.3929338812,85514.3929338812,1.0,5.549279229972823,10.0,0.33613445378151263,593.2291666666667,29.75,3291.99429319742,110.65527035957714,3291.99429319742,110.65527035957714,3291.99429319742,3291.99429319742,3291.99429319742,148.75172345993315,104.1262064219532,310.7142857142857,6,14.0,0.33511882526605624,1600000,10.5,0.2,0.014654925147204817,224633.98892387474,4325269.013768536,85514.3929338812,0.05193526419022775,2.873634331305544,0.0,121.92147585636938,0.0,72.08814252303605,0.0,18.095085695620384,5.213796187015882,445854.6158136477,1547390.2683475346,1042945780.5634649,0.0,15017847384.80402,429.52008474764193,0.0,429.52008474764193,3995.8436881853695,4425.363772933011,4425.363772933011,4425.363772933011,148.75172345993315,148.75172345993315,104.1262064219532,104.1262064219532,0.01991014533051285,1.8129599395677798e-05,8.75171280336873e-05,8.75171280336873e-05,113.07852414363062,-113.07852414363062,67.0,-67.0,0.005863647578257049,-0.005863647578257049,0.009896307675338521,-0.009896307675338521,-0.005863647578257049,0.005863647578257049,-0.009896307675338521,0.009896307675338521,0.0257737929087699,0.0140464977522558,0.02980645300585137,0.010013837655174329,0.0140464977522558,0.0257737929087699,0.010013837655174329,0.02980645300585137,0.01991014533051285,0.01991014533051285,0.01991014533051285,0.01991014533051285,0.0257737929087699,0.02980645300585137,0.01991014533051285,0.01991014533051285,1.294505513692602,1.4970484901570333,1.4970484901570333,0.0,0.0,0.0,0.0,0.0,0.0,0.0,0.0,0.0,0.0,0.0,0.0,0.0,0.0,0.0,0.2,593.2291666666667,1.3333333333333333,930.5555555555557,30977.546410531075,1487.5172345993315,1487.5172345993315,3908.333333333334,20937.500000000004,13948.379743864407,476.8676835509199,476.8676835509199,476.8676835509199,1063.4920634920636,664.6825396825398,30977.546410531075,69.48148148148148,620.3703703703704,23233.159807898308,52.11111111111113,620.3703703703704,531.7460317460318,44.31216931216932,31667.39826238293,24481.69949043799,1082.646094440442,836.9811791602732,1082.646094440442,836.9811791602732,1082.646094440442,E,2.3242953023412842,2.8723465940754513,0.0
4,A-3.7,y,20.0,67.33333333333334,0.0,A-3.7,1,1.163711475680936,1.5563570707510095,441.08333333333337,,90,85514.3929338812,85514.3929338812,1.0,5.549279229972823,10.0,0.5,441.08333333333337,20.0,2447.6945803538465,122.38472901769232,2447.6945803538465,122.38472901769232,2447.6945803538465,2447.6945803538465,2447.6945803538465,149.94588051365764,104.96211635956034,310.7142857142857,6,14.0,0.3378091101227229,1600000,10.5,0.2,0.01755619503159402,139420.562140543,4325269.013768536,85514.3929338812,0.03223396318164917,2.2454370917566107,0.0,121.92147585636938,0.0,54.58814252303604,0.0,18.095085695620384,5.213796187015882,445854.6158136477,1547390.2683475346,415051031.0705172,0.0,15017847384.80402,225.72972933748932,0.0,225.72972933748932,2773.187880935663,2998.9176102731526,2998.9176102731526,2998.9176102731526,149.94588051365764,149.94588051365764,104.96211635956034,104.96211635956034,0.01991014533051285,1.8129599395677798e-05,8.75171280336873e-05,8.75171280336873e-05,113.07852414363062,-113.07852414363062,67.0,-67.0,0.005863647578257049,-0.005863647578257049,0.009896307675338521,-0.009896307675338521,-0.005863647578257049,0.005863647578257049,-0.009896307675338521,0.009896307675338521,0.0257737929087699,0.0140464977522558,0.02980645300585137,0.010013837655174329,0.0140464977522558,0.0257737929087699,0.010013837655174329,0.02980645300585137,0.01991014533051285,0.01991014533051285,0.01991014533051285,0.01991014533051285,0.0257737929087699,0.02980645300585137,0.01991014533051285,0.01991014533051285,1.294505513692602,1.4970484901570333,1.4970484901570333,0.0,0.0,0.0,0.0,0.0,0.0,0.0,0.0,0.0,0.0,0.0,0.0,0.0,0.0,0.0,0.2,441.08333333333337,1.3333333333333333,1029.1944444444443,20992.423271912066,1499.4588051365763,1499.4588051365763,4322.616666666667,23156.875,2158.1649385787314,110.67512505531955,110.67512505531955,110.67512505531955,1176.2222222222222,735.1388888888889,20992.423271912066,76.8465185185185,686.1296296296296,15744.317453934053,57.634888888888895,686.1296296296296,588.1111111111111,49.00925925925927,21755.399420060217,17125.20234282294,1115.6615087210369,878.2155047601508,1115.6615087210369,878.2155047601508,1115.6615087210369,E,2.3242953023412842,2.8723465940754513,0.0
4,A-4,y,20.0,76.16666666666667,0.0,A-4,1,1.163711475680936,1.5563570707510095,505.29166666666663,,90,85514.3929338812,85514.3929338812,1.0,5.549279229972823,10.0,0.5,505.29166666666663,20.0,2804.0045509116844,140.20022754558423,2804.0045509116844,140.20022754558423,2804.0045509116844,2804.0045509116844,2804.0045509116844,164.26369561122905,114.98458692786033,310.7142857142857,6,14.0,0.37006533723909074,1600000,10.5,0.2,0.018436854293547817,152086.92905345449,4325269.013768536,85514.3929338812,0.03516242078107036,2.721723235817075,0.0,121.92147585636938,0.0,45.75480918970271,0.0,18.095085695620384,5.213796187015882,445854.6158136477,1547390.2683475346,323375889.4555093,0.0,15017847384.80402,209.82463110022982,0.0,209.82463110022982,3075.4492811243513,3285.273912224581,3285.273912224581,3285.273912224581,164.26369561122905,164.26369561122905,114.98458692786033,114.98458692786033,0.01991014533051285,1.8129599395677798e-05,8.75171280336873e-05,8.75171280336873e-05,113.07852414363062,-113.07852414363062,67.0,-67.0,0.005863647578257049,-0.005863647578257049,0.009896307675338521,-0.009896307675338521,-0.005863647578257049,0.005863647578257049,-0.009896307675338521,0.009896307675338521,0.0257737929087699,0.0140464977522558,0.02980645300585137,0.010013837655174329,0.0140464977522558,0.0257737929087699,0.010013837655174329,0.02980645300585137,0.01991014533051285,0.01991014533051285,0.01991014533051285,0.01991014533051285,0.0257737929087699,0.02980645300585137,0.01991014533051285,0.01991014533051285,1.294505513692602,1.4970484901570333,1.4970484901570333,0.0,0.0,0.0,0.0,0.0,0.0,0.0,0.0,0.0,0.0,0.0,0.0,0.0,0.0,0.0,0.2,505.29166666666663,1.3333333333333333,1179.0138888888887,22996.917385572066,1642.6369561122906,1642.6369561122906,4951.858333333332,26527.812499999996,1420.9632189053991,72.86990866181534,72.86990866181534,72.86990866181534,1347.4444444444443,842.1527777777776,22996.917385572066,88.033037037037,786.0092592592591,17247.68803917905,66.02477777777779,786.0092592592591,673.7222222222222,56.14351851851851,23870.95968186836,18829.587816956828,1224.151778557352,965.6198880490681,1224.151778557352,965.6198880490681,1224.151778557352,E,2.3242953023412842,2.8723465940754513,0.0
4,A-5,y,29.75,97.5,0.0,A-5,1,1.163711475680936,1.5563570707510095,770.5,,90,85514.3929338812,85514.3929338812,1.0,5.549279229972823,10.0,0.33613445378151263,770.5,29.75,4275.71964669406,143.72166879643902,4275.71964669406,143.72166879643902,4275.71964669406,4275.71964669406,4275.71964669406,173.06537279067484,121.14576095347238,310.7142857142857,6,14.0,0.3898944030686467,1600000,10.5,0.2,0.01613459735037287,265003.18253031885,4325269.013768536,85514.3929338812,0.06126860125618543,6.278287403638812,0.0,121.92147585636938,0.0,24.421475856369383,0.0,18.095085695620384,5.213796187015882,445854.6158136477,1547390.2683475346,148810216.29744714,0.0,15017847384.80402,180.9032721870793,0.0,180.9032721870793,4967.791568335498,5148.694840522577,5148.694840522577,5148.694840522577,173.06537279067484,173.06537279067484,121.14576095347238,121.14576095347238,0.01991014533051285,1.8129599395677798e-05,8.75171280336873e-05,8.75171280336873e-05,113.07852414363062,-113.07852414363062,67.0,-67.0,0.005863647578257049,-0.005863647578257049,0.009896307675338521,-0.009896307675338521,-0.005863647578257049,0.005863647578257049,-0.009896307675338521,0.009896307675338521,0.0257737929087699,0.0140464977522558,0.02980645300585137,0.010013837655174329,0.0140464977522558,0.0257737929087699,0.010013837655174329,0.02980645300585137,0.01991014533051285,0.01991014533051285,0.01991014533051285,0.01991014533051285,0.0257737929087699,0.02980645300585137,0.01991014533051285,0.01991014533051285,1.294505513692602,1.4970484901570333,1.4970484901570333,0.0,0.0,0.0,0.0,0.0,0.0,0.0,0.0,0.0,0.0,0.0,0.0,0.0,0.0,0.0,0.2,770.5,1.3333333333333333,1208.627450980392,36040.863883658036,1730.6537279067486,1730.6537279067486,5076.235294117646,27194.117647058818,13922.981530716861,475.99936857151664,475.99936857151664,475.99936857151664,1381.2885154061623,863.3053221288516,36040.863883658036,90.24418300653593,805.751633986928,27030.64791274353,67.68313725490196,805.751633986928,690.6442577030812,57.55368814192344,36936.8597006515,28652.28062983037,1262.7986222444956,979.5651497377904,1262.7986222444956,979.5651497377904,1262.7986222444956,E,2.3242953023412842,2.8723465940754513,0.0
4,A-5.1,y,29.75,98.08333333333334,0.0,A-5.1,1,1.163711475680936,1.5563570707510095,1384.6666666666667,,90,85514.3929338812,85514.3929338812,1.0,5.549279229972823,10.0,0.33613445378151263,1384.6666666666667,29.75,7683.901973769036,258.2824192863541,7683.901973769036,258.2824192863541,7683.901973769035,7683.901973769035,7683.901973769035,258.2824192863541,180.79769350044788,310.7142857142857,6,14.0,0.581877634254315,1600000,10.5,0.2,0.02132070879010258,360396.17863623874,4325269.013768536,85514.3929338812,0.083323413523875,7.638684370196967,0.0,121.92147585636938,0.0,23.83814252303604,0.0,18.095085695620384,5.213796187015882,445854.6158136477,1547390.2683475346,204797665.3202122,0.0,15017847384.80402,255.0575419301117,0.0,255.0575419301117,7175.540293208984,7430.597835139095,7683.901973769035,7683.901973769035,258.2824192863541,258.2824192863541,180.79769350044788,180.79769350044788,0.01991014533051285,1.8129599395677798e-05,8.75171280336873e-05,8.75171280336873e-05,113.07852414363062,-113.07852414363062,67.0,-67.0,0.005863647578257049,-0.005863647578257049,0.009896307675338521,-0.009896307675338521,-0.005863647578257049,0.005863647578257049,-0.009896307675338521,0.009896307675338521,0.0257737929087699,0.0140464977522558,0.02980645300585137,0.010013837655174329,0.0140464977522558,0.0257737929087699,0.010013837655174329,0.02980645300585137,0.01991014533051285,0.01991014533051285,0.01991014533051285,0.01991014533051285,0.0257737929087699,0.02980645300585137,0.01991014533051285,0.01991014533051285,1.294505513692602,1.4970484901570333,1.4970484901570333,0.0,0.0,0.0,0.0,0.0,0.0,0.0,0.0,0.0,0.0,0.0,0.0,0.0,0.0,0.0,0.2,692.3333333333334,1.3333333333333333,1086.0130718954247,53787.31381638324,2582.824192863541,2582.824192863541,4561.254901960784,24435.29411764706,33913.27460069697,1159.4281914768194,1159.4281914768194,1159.4281914768194,1241.1577964519142,775.7236227824465,53787.31381638324,81.08897603485836,724.0087145969497,40340.485362287436,60.8167320261438,724.0087145969497,620.5788982259571,51.714908185496434,54592.41150701505,41797.60461532198,1866.4072310090617,1428.9779355665635,1866.4072310090617,1428.9779355665635,1866.4072310090617,E,2.3242953023412842,2.8723465940754513,0.0
4,A-6,y,29.75,122.16666666666667,0.0,A-6,1,1.0,1.0425268136896044,988.25,,90,85514.3929338812,85514.3929338812,1.0,5.549279229972823,10.0,0.33613445378151263,988.25,29.75,5484.075199020643,184.33866215195437,5484.075199020643,184.33866215195437,5484.075199020643,5484.075199020643,5484.075199020643,204.7494975127469,143.32464825892282,310.7142857142857,6,14.0,0.4612747300287171,1600000,10.5,0.2,0.018062819559849373,303611.2485567217,4325269.013768536,85514.3929338812,0.07019476651978006,8.607086602997018,0.0,121.92147585636938,0.0,0.24519081029728795,0.0,7.3285241436306165,3.492464825860175,298656.00942636596,626694.2932438637,18388.123652162736,0.0,15017847384.80402,1.4914091317414637,0.0,1.4914091317414637,6089.806141872479,6091.297551004221,6091.297551004221,6091.297551004221,204.7494975127469,204.7494975127469,143.32464825892282,143.32464825892282,0.01991014533051285,1.8129599395677798e-05,3.966065877181366e-05,3.966065877181366e-05,113.07852414363062,-113.07852414363062,67.0,-67.0,0.0026572641377115153,-0.0026572641377115153,0.004484768760480826,-0.004484768760480826,-0.0026572641377115153,0.0026572641377115153,-0.004484768760480826,0.004484768760480826,0.022567409468224366,0.017252881192801335,0.024394914090993675,0.015425376570032024,0.017252881192801335,0.022567409468224366,0.015425376570032024,0.024394914090993675,0.01991014533051285,0.01991014533051285,0.01991014533051285,0.01991014533051285,0.022567409468224366,0.024394914090993675,0.01991014533051285,0.01991014533051285,1.1334628197635095,1.2252504281627614,1.2252504281627614,0.0,0.0,0.0,0.0,0.0,0.0,0.0,0.0,0.0,0.0,0.0,0.0,0.0,0.0,0.0,0.2,494.125,1.3333333333333333,775.0980392156863,42639.08285702954,2047.4949751274692,2047.4949751274692,3255.4117647058824,17439.705882352944,28454.78873938248,972.8132902352984,972.8132902352984,972.8132902352984,885.8263305322128,553.641456582633,42639.08285702954,57.873986928104564,516.7320261437908,31979.31214277216,43.40549019607844,516.7320261437908,442.9131652661064,36.90943043884221,43213.68887010144,33019.27225481698,1477.3910724821005,1128.8640087116914,1477.3910724821005,1128.8640087116914,1477.3910724821005,A,1.2524946973452407,1.5108413725775367,0.0
4,A-6.1,y,29.75,122.75000000000001,0.0,A-6.1,1,1.0,1.0425268136896044,826.3333333333334,,90,85514.3929338812,85514.3929338812,1.0,5.549279229972823,10.0,0.33613445378151263,826.3333333333334,29.75,4585.554403700877,154.1362824773404,4585.554403700877,154.1362824773404,4585.554403700877,4585.554403700877,4585.554403700877,178.76652801605204,125.13656961123641,310.7142857142857,6,14.0,0.40273838495570335,1600000,10.5,0.2,0.016481556410207245,278223.3843437858,4325269.013768536,85514.3929338812,0.06432510520342741,8.118370127163448,0.0,121.92147585636938,0.0,0.8285241436306308,0.0,7.3285241436306165,3.492464825860175,298656.00942636596,626694.2932438637,183210.2766781342,0.0,15017847384.80402,4.39752415155314,0.0,4.39752415155314,5313.906684325995,5318.304208477548,5318.304208477548,5318.304208477548,178.76652801605204,178.76652801605204,125.13656961123641,125.13656961123641,0.01991014533051285,1.8129599395677798e-05,3.966065877181366e-05,3.966065877181366e-05,113.07852414363062,-113.07852414363062,67.0,-67.0,0.0026572641377115153,-0.0026572641377115153,0.004484768760480826,-0.004484768760480826,-0.0026572641377115153,0.0026572641377115153,-0.004484768760480826,0.004484768760480826,0.022567409468224366,0.017252881192801335,0.024394914090993675,0.015425376570032024,0.017252881192801335,0.022567409468224366,0.015425376570032024,0.024394914090993675,0.01991014533051285,0.01991014533051285,0.01991014533051285,0.01991014533051285,0.022567409468224366,0.024394914090993675,0.01991014533051285,0.01991014533051285,1.1334628197635095,1.2252504281627614,1.2252504281627614,0.0,0.0,0.0,0.0,0.0,0.0,0.0,0.0,0.0,0.0,0.0,0.0,0.0,0.0,0.0,0.2,826.3333333333334,1.3333333333333333,1296.2091503267975,37228.12945934283,1787.6652801605203,1787.6652801605203,5444.078431372549,29164.70588235294,13507.502008362437,461.79494045683543,461.79494045683543,461.79494045683543,1481.3818860877684,925.8636788048553,37228.12945934283,96.7836165577342,864.1394335511983,27921.097094507128,72.58771241830067,864.1394335511983,740.6909430438842,61.724245253657024,38189.052509451765,29660.239428774163,1305.6086328017698,1014.0252796162107,1305.6086328017698,1014.0252796162107,1305.6086328017698,A,1.2524946973452407,1.5108413725775367,0.0
4,A-6.8,y,29.75,147.41666666666669,0.0,A-6.8,1,1.0,1.0425268136896044,905.8958333333333,,90,85514.3929338812,85514.3929338812,1.0,5.549279229972823,10.0,0.33613445378151263,905.8958333333333,29.75,5027.068932435589,168.97710697262485,5027.068932435589,168.97710697262485,5027.068932435589,5027.068932435589,5027.068932435589,193.12974901225292,135.19082430857702,310.7142857142857,6,14.0,0.43509690582070765,1600000,10.5,0.2,0.01735566866571167,289649.97138757334,4325269.013768536,85514.3929338812,0.06696692632655606,10.080815001355575,0.0,121.92147585636938,0.0,25.495190810297302,0.0,7.3285241436306165,3.492464825860175,298656.00942636596,626694.2932438637,182918366.6283692,0.0,15017847384.80402,142.6798418530097,0.0,142.6798418530097,5602.930191261515,5745.610033114524,5745.610033114524,5745.610033114524,193.12974901225292,193.12974901225292,135.19082430857702,135.19082430857702,0.01991014533051285,1.8129599395677798e-05,3.966065877181366e-05,3.966065877181366e-05,113.07852414363062,-113.07852414363062,67.0,-67.0,0.0026572641377115153,-0.0026572641377115153,0.004484768760480826,-0.004484768760480826,-0.0026572641377115153,0.0026572641377115153,-0.004484768760480826,0.004484768760480826,0.022567409468224366,0.017252881192801335,0.024394914090993675,0.015425376570032024,0.017252881192801335,0.022567409468224366,0.015425376570032024,0.024394914090993675,0.01991014533051285,0.01991014533051285,0.01991014533051285,0.01991014533051285,0.022567409468224366,0.024394914090993675,0.01991014533051285,0.01991014533051285,1.1334628197635095,1.2252504281627614,1.2252504281627614,0.0,0.0,0.0,0.0,0.0,0.0,0.0,0.0,0.0,0.0,0.0,0.0,0.0,0.0,0.0,0.2,226.47395833333331,1.3333333333333333,355.25326797385617,40219.27023180167,1931.2974901225293,1931.2974901225293,1492.0637254901958,7993.198529411764,33718.1354278801,1152.7567667651317,1152.7567667651317,1152.7567667651317,406.0037348272641,253.7523342670401,40219.27023180167,26.525577342047924,236.83551198257078,30164.452673851258,19.894183006535947,236.83551198257078,203.00186741363206,16.91682228446934,40482.63132112629,30641.10105853847,1384.0215836282491,1047.5590105483236,1384.0215836282491,1047.5590105483236,1384.0215836282491,A,1.2524946973452407,1.5108413725775367,0.0
4,A-7,y,29.75,156.5,0.0,A-7,1,1.0,1.0425268136896044,1011.9791666666667,,90,85514.3929338812,85514.3929338812,1.0,5.549279229972823,10.0,0.33613445378151263,1011.9791666666667,29.75,5615.75497074854,188.76487296633746,5615.75497074854,188.76487296633746,5615.75497074854,5615.75497074854,5615.75497074854,210.79427910126523,147.55599537088565,310.7142857142857,6,14.0,0.4748928586649193,1600000,10.5,0.2,0.018430690921695643,304695.84643394826,4325269.013768536,85514.3929338812,0.0704455249983334,11.11278151422663,0.0,121.92147585636938,0.0,34.57852414363062,0.0,7.3285241436306165,3.492464825860175,298656.00942636596,626694.2932438637,364030583.48723775,0.0,15017847384.80402,209.36061720687758,0.0,209.36061720687758,6061.769186055763,6271.129803262641,6271.129803262641,6271.129803262641,210.79427910126523,210.79427910126523,147.55599537088565,147.55599537088565,0.01991014533051285,1.8129599395677798e-05,3.966065877181366e-05,3.966065877181366e-05,113.07852414363062,-113.07852414363062,67.0,-67.0,0.0026572641377115153,-0.0026572641377115153,0.004484768760480826,-0.004484768760480826,-0.0026572641377115153,0.0026572641377115153,-0.004484768760480826,0.004484768760480826,0.022567409468224366,0.017252881192801335,0.024394914090993675,0.015425376570032024,0.017252881192801335,0.022567409468224366,0.015425376570032024,0.024394914090993675,0.01991014533051285,0.01991014533051285,0.01991014533051285,0.01991014533051285,0.022567409468224366,0.024394914090993675,0.01991014533051285,0.01991014533051285,1.1334628197635095,1.2252504281627614,1.2252504281627614,0.0,0.0,0.0,0.0,0.0,0.0,0.0,0.0,0.0,0.0,0.0,0.0,0.0,0.0,0.0,0.2,252.99479166666669,1.3333333333333333,396.85457516339875,43897.908622838484,2107.9427910126524,2107.9427910126524,1666.7892156862745,8929.22794117647,36635.46989734829,1252.4946973452406,1252.4946973452406,1252.4946973452406,453.5480859010271,283.46755368814195,43897.908622838484,29.6318082788671,264.56971677559915,32923.43146712887,22.223856209150334,264.56971677559915,226.77404295051352,18.897836912542797,44192.11014789295,33455.89691997667,1510.8413725775367,1143.7913476915103,1510.8413725775367,1143.7913476915103,1510.8413725775367,A,1.2524946973452407,1.5108413725775367,0.0
4,A-7.8,y,20.0,176.83333333333334,0.0,A-7.8,1,1.0,1.0425268136896044,640.6875,,90,85514.3929338812,85514.3929338812,1.0,5.549279229972823,10.0,0.5,640.6875,20.0,3555.3538366532134,177.76769183266066,3555.3538366532134,177.76769183266066,3555.353836653213,3555.353836653213,3555.353836653213,192.59704536179967,134.81793175325976,310.7142857142857,6,14.0,0.43389679184957164,1600000,10.5,0.2,0.020179580171063076,176185.71875699802,4325269.013768536,85514.3929338812,0.040734048725327786,7.05124378790418,0.0,121.92147585636938,0.0,54.91185747696396,0.0,7.3285241436306165,3.492464825860175,298656.00942636596,626694.2932438637,553028939.8068953,0.0,15017847384.80402,200.28355663645502,0.0,200.28355663645502,3651.6573505995384,3851.9409072359936,3851.9409072359936,3851.9409072359936,192.59704536179967,192.59704536179967,134.81793175325976,134.81793175325976,0.01991014533051285,1.8129599395677798e-05,3.966065877181366e-05,3.966065877181366e-05,113.07852414363062,-113.07852414363062,67.0,-67.0,0.0026572641377115153,-0.0026572641377115153,0.004484768760480826,-0.004484768760480826,-0.0026572641377115153,0.0026572641377115153,-0.004484768760480826,0.004484768760480826,0.022567409468224366,0.017252881192801335,0.024394914090993675,0.015425376570032024,0.017252881192801335,0.022567409468224366,0.015425376570032024,0.024394914090993675,0.01991014533051285,0.01991014533051285,0.01991014533051285,0.01991014533051285,0.022567409468224366,0.024394914090993675,0.01991014533051285,0.01991014533051285,1.1334628197635095,1.2252504281627614,1.2252504281627614,0.0,0.0,0.0,0.0,0.0,0.0,0.0,0.0,0.0,0.0,0.0,0.0,0.0,0.0,0.0,0.2,160.171875,1.3333333333333333,373.734375,26963.586350651953,1925.9704536179968,1925.9704536179968,1569.6843749999998,8409.0234375,20124.247288151953,1032.0126814436899,1032.0126814436899,1032.0126814436899,427.125,266.953125,26963.586350651953,27.905499999999996,249.15625,20222.689762988965,20.929125000000003,249.15625,213.5625,17.796875,27240.648100651953,20724.134512988963,1396.9563128539464,1062.7761288712288,1396.9563128539464,1062.7761288712288,1396.9563128539464,A,1.2524946973452407,1.5108413725775367,0.0
4,A-8,y,29.75,182.58333333333334,0.0,A-8,1,1.0,1.0425268136896044,794.2291666666666,,90,85514.3929338812,85514.3929338812,1.0,5.549279229972823,10.0,0.33613445378151263,794.2291666666666,29.75,4407.399418421957,148.1478796108221,4407.399418421957,148.1478796108221,4407.399418421957,4407.399418421957,4407.399418421957,176.9659427492987,123.87615992450908,310.7142857142857,6,14.0,0.3986818940099143,1600000,10.5,0.2,0.016371976974705552,269203.86128268566,4325269.013768536,85514.3929338812,0.0622397960510051,11.895796005097324,0.0,121.92147585636938,0.0,60.66185747696396,0.0,7.3285241436306165,3.492464825860175,298656.00942636596,626694.2932438637,917457367.0924305,0.0,15017847384.80402,300.7694760496368,0.0,300.7694760496368,4963.967320741999,5264.736796791636,5264.736796791636,5264.736796791636,176.9659427492987,176.9659427492987,123.87615992450908,123.87615992450908,0.01991014533051285,1.8129599395677798e-05,3.966065877181366e-05,3.966065877181366e-05,113.07852414363062,-113.07852414363062,67.0,-67.0,0.0026572641377115153,-0.0026572641377115153,0.004484768760480826,-0.004484768760480826,-0.0026572641377115153,0.0026572641377115153,-0.004484768760480826,0.004484768760480826,0.022567409468224366,0.017252881192801335,0.024394914090993675,0.015425376570032024,0.017252881192801335,0.022567409468224366,0.015425376570032024,0.024394914090993675,0.01991014533051285,0.01991014533051285,0.01991014533051285,0.01991014533051285,0.022567409468224366,0.024394914090993675,0.01991014533051285,0.01991014533051285,1.1334628197635095,1.2252504281627614,1.2252504281627614,0.0,0.0,0.0,0.0,0.0,0.0,0.0,0.0,0.0,0.0,0.0,0.0,0.0,0.0,0.0,0.2,397.1145833333333,1.3333333333333333,622.9248366013071,36853.15757754145,1769.6594274929869,1769.6594274929869,2616.2843137254904,14015.808823529413,25453.63306773753,870.2096775294882,870.2096775294882,870.2096775294882,711.9140989729224,444.94631185807646,36853.15757754145,46.51172113289759,415.2832244008714,27639.86818315609,34.883790849673204,415.2832244008714,355.9570494864612,29.663087457205098,37314.95252307522,28475.655335350297,1275.7248725837683,973.5266781316341,1275.7248725837683,973.5266781316341,1275.7248725837683,A,1.2524946973452407,1.5108413725775367,0.0
4,A-8.2,y,20.0,185.66666666666669,0.0,A-8.2,1,1.0,1.0425268136896044,448.0625,,90,85514.3929338812,85514.3929338812,1.0,5.549279229972823,10.0,0.5,448.0625,20.0,2486.4239249796983,124.32119624898492,2486.4239249796983,124.32119624898492,2486.4239249796983,2486.4239249796983,2486.4239249796983,148.5059243999017,103.95414707993118,310.7142857142857,6,14.0,0.33456507106184746,1600000,10.5,0.2,0.017467626302374906,142344.6942325325,4325269.013768536,85514.3929338812,0.032910021036705386,6.242715065677665,0.0,121.92147585636938,0.0,63.7451908102973,0.0,7.3285241436306165,3.492464825860175,298656.00942636596,626694.2932438637,569884943.1529807,0.0,15017847384.80402,177.7883619137599,0.0,177.7883619137599,2792.330126084274,2970.1184879980337,2970.1184879980337,2970.1184879980337,148.5059243999017,148.5059243999017,103.95414707993118,103.95414707993118,0.01991014533051285,1.8129599395677798e-05,3.966065877181366e-05,3.966065877181366e-05,113.07852414363062,-113.07852414363062,67.0,-67.0,0.0026572641377115153,-0.0026572641377115153,0.004484768760480826,-0.004484768760480826,-0.0026572641377115153,0.0026572641377115153,-0.004484768760480826,0.004484768760480826,0.022567409468224366,0.017252881192801335,0.024394914090993675,0.015425376570032024,0.017252881192801335,0.022567409468224366,0.015425376570032024,0.024394914090993675,0.01991014533051285,0.01991014533051285,0.01991014533051285,0.01991014533051285,0.022567409468224366,0.024394914090993675,0.01991014533051285,0.01991014533051285,1.1334628197635095,1.2252504281627614,1.2252504281627614,0.0,0.0,0.0,0.0,0.0,0.0,0.0,0.0,0.0,0.0,0.0,0.0,0.0,0.0,0.0,0.2,448.0625,1.3333333333333333,1045.4791666666665,20790.829415986234,1485.0592439990169,1485.0592439990169,4391.012499999999,23523.28125,1658.5606659862315,85.05439312749905,85.05439312749905,85.05439312749905,1194.8333333333333,746.7708333333333,20790.829415986234,78.06244444444442,696.986111111111,15593.122061989678,58.54683333333333,696.986111111111,597.4166666666666,49.784722222222214,21565.877971541788,16995.85639532301,1105.942460079066,871.582379247334,1105.942460079066,871.582379247334,1105.942460079066,A,1.2524946973452407,1.5108413725775367,0.0
4,A-8.9,y,29.75,203.58333333333334,0.0,A-8.9,1,1.0,1.0425268136896044,1352.5625,,90,85514.3929338812,85514.3929338812,1.0,5.549279229972823,10.0,0.33613445378151263,1352.5625,29.75,7505.746988490117,252.29401641983586,7505.746988490117,252.29401641983586,7505.746988490117,7505.746988490117,7505.746988490117,259.25097282852755,181.47568097996927,310.7142857142857,6,14.0,0.584059662924039,1600000,10.5,0.2,0.021379652708152022,351069.64041694603,4325269.013768536,85514.3929338812,0.0811671226227533,15.756703343482368,0.0,121.92147585636938,0.0,81.66185747696396,0.0,7.3285241436306165,3.492464825860175,298656.00942636596,626694.2932438637,2388462761.9056153,0.0,15017847384.80402,581.6514187824416,0.0,581.6514187824416,7131.065022866253,7712.716441648694,7712.716441648694,7712.716441648694,259.25097282852755,259.25097282852755,181.47568097996927,181.47568097996927,0.01991014533051285,1.8129599395677798e-05,3.966065877181366e-05,3.966065877181366e-05,113.07852414363062,-113.07852414363062,67.0,-67.0,0.0026572641377115153,-0.0026572641377115153,0.004484768760480826,-0.004484768760480826,-0.0026572641377115153,0.0026572641377115153,-0.004484768760480826,0.004484768760480826,0.022567409468224366,0.017252881192801335,0.024394914090993675,0.015425376570032024,0.017252881192801335,0.022567409468224366,0.015425376570032024,0.024394914090993675,0.01991014533051285,0.01991014533051285,0.01991014533051285,0.01991014533051285,0.022567409468224366,0.024394914090993675,0.01991014533051285,0.01991014533051285,1.1334628197635095,1.2252504281627614,1.2252504281627614,0.0,0.0,0.0,0.0,0.0,0.0,0.0,0.0,0.0,0.0,0.0,0.0,0.0,0.0,0.0,0.2,676.28125,1.3333333333333333,1060.8333333333333,53989.01509154085,2592.5097282852753,2592.5097282852753,4455.5,23868.75,34575.76509154085,1182.0774390270376,1182.0774390270376,1182.0774390270376,1212.3809523809523,757.7380952380952,53989.01509154085,79.20888888888888,707.2222222222222,40491.76131865564,59.40666666666667,707.2222222222222,606.1904761904761,50.51587301587301,54775.44620265196,41915.096556750876,1872.6648274410927,1432.994754076953,1872.6648274410927,1432.994754076953,1872.6648274410927,C,2.553456476228285,2.553456476228285,0.0
4,A-9,y,29.75,203.91666666666669,0.0,A-9,1,1.0,1.0425268136896044,1231.125,,90,85514.3929338812,85514.3929338812,1.0,5.549279229972823,10.0,0.33613445378151263,1231.125,29.75,6831.856392000292,229.64223166387535,6831.856392000292,229.64223166387535,6831.856392000292,6831.856392000292,6831.856392000292,249.1436281977843,174.400539738449,310.7142857142857,6,14.0,0.5612890934111002,1600000,10.5,0.2,0.0207645431993116,329015.4917651541,4325269.013768536,85514.3929338812,0.07606821465157569,15.377021103330463,0.0,121.92147585636938,0.0,81.9951908102973,0.0,7.3285241436306165,3.492464825860175,298656.00942636596,626694.2932438637,2313409147.327772,0.0,15017847384.80402,561.0836827429242,0.0,561.0836827429242,6850.939256141159,7412.022938884083,7412.022938884083,7412.022938884083,249.1436281977843,249.1436281977843,174.400539738449,174.400539738449,0.01991014533051285,1.8129599395677798e-05,3.966065877181366e-05,3.966065877181366e-05,113.07852414363062,-113.07852414363062,67.0,-67.0,0.0026572641377115153,-0.0026572641377115153,0.004484768760480826,-0.004484768760480826,-0.0026572641377115153,0.0026572641377115153,-0.004484768760480826,0.004484768760480826,0.022567409468224366,0.017252881192801335,0.024394914090993675,0.015425376570032024,0.017252881192801335,0.022567409468224366,0.015425376570032024,0.024394914090993675,0.01991014533051285,0.01991014533051285,0.01991014533051285,0.01991014533051285,0.022567409468224366,0.024394914090993675,0.01991014533051285,0.01991014533051285,1.1334628197635095,1.2252504281627614,1.2252504281627614,0.0,0.0,0.0,0.0,0.0,0.0,0.0,0.0,0.0,0.0,0.0,0.0,0.0,0.0,0.0,0.2,307.78125,1.3333333333333333,482.79411764705884,51884.16057218857,2491.436281977843,2491.436281977843,2027.735294117647,10862.867647058825,43049.0282192474,1471.7616485212786,1471.7616485212786,1471.7616485212786,551.7647058823529,344.85294117647055,51884.16057218857,36.04862745098039,321.8627450980392,38913.12042914143,27.036470588235296,321.8627450980392,275.88235294117646,22.99019607843137,52242.071944737596,39560.89219384732,1786.0537417004307,1352.509134832387,1786.0537417004307,1352.509134832387,1786.0537417004307,C,2.553456476228285,2.553456476228285,0.0
4,A-B--A-1,x,20.0,0.0,30.75,A-B,1,1.0,1.5077614521900018,1105.5,,0,85514.3929338812,85514.3929338812,1.0,5.549279229972823,10.0,0.5,7705.0,128.34,42757.1964669406,333.15565269550103,42757.1964669406,333.15565269550103,6663.11305391002,6663.11305391002,6663.11305391002,355.6600091889397,248.96200643225777,310.7142857142857,6,14.0,0.801257032195772,1600000,10.5,0.2,0.03020924659693875,220565.3501661715,2750949.834647408,85514.3929338812,0.08017788888340145,0.0,2.4882147330675966,0.0,33.66056394241889,0.0,2.9105639424188894,11.75,5.211564807255396,445663.8007280248,1004794.1169731041,0.0,1897626.0979361932,15017847384.80402,0.0,43.62173115195488,43.62173115195488,7069.578452626839,7113.200183778794,7113.200183778794,7113.200183778794,355.6600091889397,355.6600091889397,248.96200643225777,248.96200643225777,0.03156001226420528,1.899854266536292e-05,6.358889340275048e-05,6.358889340275048e-05,235.0,-235.0,33.33943605758111,-33.33943605758111,0.002120017845573341,-0.002120017845573341,0.014943389949646361,-0.014943389949646361,-0.002120017845573341,0.002120017845573341,-0.014943389949646361,0.014943389949646361,0.03368003010977862,0.02943999441863194,0.046503402213851644,0.016616622314558918,0.02943999441863194,0.03368003010977862,0.016616622314558918,0.046503402213851644,0.03156001226420528,0.03156001226420528,0.03156001226420528,0.03156001226420528,0.03368003010977862,0.046503402213851644,0.03156001226420528,0.03156001226420528,1.0671741768610725,1.4734912592728884,1.4734912592728884,0.0,0.0,0.0,0.0,0.0,0.0,0.0,0.0,0.0,0.0,0.0,0.0,0.0,0.0,0.0,0.2,0.0,1.3333333333333333,0.0,49792.40128645155,3556.6000918893974,3556.6000918893974,0.0,0.0,49792.40128645155,2553.456476228285,2553.456476228285,2553.456476228285,0.0,0.0,49792.40128645155,0.0,0.0,37344.30096483867,0.0,0.0,0.0,0.0,49792.40128645155,37344.30096483867,2553.456476228285,1915.092357171214,2553.456476228285,1915.092357171214,2553.456476228285,C,2.553456476228285,2.553456476228285,0.0
4,A-B--A-2.5,x,13.0,0.0,30.75,A-B,1,1.0,1.5077614521900018,720.25,,0,85514.3929338812,85514.3929338812,1.0,5.549279229972823,10.0,0.7692307692307693,7705.0,128.34,42757.1964669406,333.15565269550103,42757.1964669406,333.15565269550103,4331.023485041514,4331.023485041514,4331.023485041514,333.15565269550103,233.2089568868507,310.7142857142857,6,14.0,0.750557562394462,1600000,10.5,0.2,0.03366816508015193,128638.53657396793,2750949.834647408,85514.3929338812,0.04676149850273647,0.0,1.3846877059123115,0.0,33.66056394241889,0.0,2.9105639424188894,11.75,5.211564807255396,445663.8007280248,1004794.1169731041,0.0,1089746.2427869884,15017847384.80402,0.0,25.050571173323608,25.050571173323608,4059.8337919238475,4084.884363097171,4331.023485041514,4331.023485041514,333.15565269550103,333.15565269550103,233.2089568868507,233.2089568868507,0.03156001226420528,1.899854266536292e-05,6.358889340275048e-05,6.358889340275048e-05,235.0,-235.0,33.33943605758111,-33.33943605758111,0.002120017845573341,-0.002120017845573341,0.014943389949646361,-0.014943389949646361,-0.002120017845573341,0.002120017845573341,-0.014943389949646361,0.014943389949646361,0.03368003010977862,0.02943999441863194,0.046503402213851644,0.016616622314558918,0.02943999441863194,0.03368003010977862,0.016616622314558918,0.046503402213851644,0.03156001226420528,0.03156001226420528,0.03156001226420528,0.03156001226420528,0.03368003010977862,0.046503402213851644,0.03156001226420528,0.03156001226420528,1.0671741768610725,1.4734912592728884,1.4734912592728884,0.0,0.0,0.0,0.0,0.0,0.0,0.0,0.0,0.0,0.0,0.0,0.0,0.0,0.0,0.0,0.2,0.0,1.3333333333333333,0.0,30317.164395290594,3331.5565269550107,3331.5565269550107,0.0,0.0,30317.164395290594,2425.3731516232474,2425.3731516232474,2425.3731516232474,0.0,0.0,30317.164395290594,0.0,0.0,22737.873296467948,0.0,0.0,0.0,0.0,30317.164395290594,22737.873296467948,2425.3731516232474,1819.0298637174358,2425.3731516232474,1819.0298637174358,2425.3731516232474,C,2.553456476228285,2.553456476228285,0.0
4,A-B--A-3.5,x,9.0,0.0,30.75,A-B,1,1.0,1.5077614521900018,561.125,,0,85514.3929338812,85514.3929338812,1.0,5.549279229972823,10.0,1.1111111111111112,7705.0,128.34,42757.1964669406,333.15565269550103,42757.1964669406,333.15565269550103,2998.4008742595092,2998.4008742595092,2998.4008742595092,333.15565269550103,233.2089568868507,310.7142857142857,6,14.0,0.750557562394462,1600000,10.5,0.2,0.0398181523989628,75302.36069762023,2750949.834647408,85514.3929338812,0.027373222059235335,0.0,0.8105677805516168,0.0,33.66056394241889,0.0,2.9105639424188894,11.75,5.211564807255396,445663.8007280248,1004794.1169731041,0.0,637915.097829467,15017847384.80402,0.0,14.664090531614134,14.664090531614134,2376.543427140504,2391.207517672118,2998.4008742595092,2998.4008742595092,333.15565269550103,333.15565269550103,233.2089568868507,233.2089568868507,0.03156001226420528,1.899854266536292e-05,6.358889340275048e-05,6.358889340275048e-05,235.0,-235.0,33.33943605758111,-33.33943605758111,0.002120017845573341,-0.002120017845573341,0.014943389949646361,-0.014943389949646361,-0.002120017845573341,0.002120017845573341,-0.014943389949646361,0.014943389949646361,0.03368003010977862,0.02943999441863194,0.046503402213851644,0.016616622314558918,0.02943999441863194,0.03368003010977862,0.016616622314558918,0.046503402213851644,0.03156001226420528,0.03156001226420528,0.03156001226420528,0.03156001226420528,0.03368003010977862,0.046503402213851644,0.03156001226420528,0.03156001226420528,1.0671741768610725,1.4734912592728884,1.4734912592728884,0.0,0.0,0.0,0.0,0.0,0.0,0.0,0.0,0.0,0.0,0.0,0.0,0.0,0.0,0.0,0.2,0.0,1.3333333333333333,0.0,20988.806119816563,3331.55652695501,3331.55652695501,0.0,0.0,20988.806119816563,2469.2713082137134,2469.2713082137134,2469.2713082137134,0.0,0.0,20988.806119816563,0.0,0.0,15741.604589862425,0.0,0.0,0.0,0.0,20988.806119816563,15741.604589862425,2469.2713082137134,1851.9534811602853,2469.2713082137134,1851.9534811602853,2469.2713082137134,C,2.553456476228285,2.553456476228285,0.0
4,A-B--A-4,x,12.0,0.0,30.75,A-B,1,1.0,1.5077614521900018,653.25,,0,85514.3929338812,85514.3929338812,1.0,5.549279229972823,10.0,0.8333333333333334,7705.0,128.34,42757.1964669406,333.15565269550103,42757.1964669406,333.15565269550103,3997.8678323460126,3997.8678323460126,3997.8678323460126,333.15565269550103,233.2089568868507,310.7142857142857,6,14.0,0.750557562394462,1600000,10.5,0.2,0.03482128770242896,114811.02785486997,2750949.834647408,85514.3929338812,0.04173504962135575,0.0,1.2358459836985274,0.0,33.66056394241889,0.0,2.9105639424188894,11.75,5.211564807255396,445663.8007280248,1004794.1169731041,0.0,972608.1279183008,15017847384.80402,0.0,22.357855595683763,22.357855595683763,3623.43744716571,3645.795302761394,3997.8678323460126,3997.8678323460126,333.15565269550103,333.15565269550103,233.2089568868507,233.2089568868507,0.03156001226420528,1.899854266536292e-05,6.358889340275048e-05,6.358889340275048e-05,235.0,-235.0,33.33943605758111,-33.33943605758111,0.002120017845573341,-0.002120017845573341,0.014943389949646361,-0.014943389949646361,-0.002120017845573341,0.002120017845573341,-0.014943389949646361,0.014943389949646361,0.03368003010977862,0.02943999441863194,0.046503402213851644,0.016616622314558918,0.02943999441863194,0.03368003010977862,0.016616622314558918,0.046503402213851644,0.03156001226420528,0.03156001226420528,0.03156001226420528,0.03156001226420528,0.03368003010977862,0.046503402213851644,0.03156001226420528,0.03156001226420528,1.0671741768610725,1.4734912592728884,1.4734912592728884,0.0,0.0,0.0,0.0,0.0,0.0,0.0,0.0,0.0,0.0,0.0,0.0,0.0,0.0,0.0,0.2,0.0,1.3333333333333333,0.0,27985.07482642209,3331.55652695501,3331.55652695501,0.0,0.0,27985.07482642209,2433.4847675149645,2433.4847675149645,2433.4847675149645,0.0,0.0,27985.07482642209,0.0,0.0,20988.806119816567,0.0,0.0,0.0,0.0,27985.07482642209,20988.806119816567,2433.4847675149645,1825.1135756362232,2433.4847675149645,1825.1135756362232,2433.4847675149645,C,2.553456476228285,2.553456476228285,0.0
4,A-B--A-4.8,x,10.67,0.0,30.75,A-B,1,1.0,1.5077614521900018,536.0,,0,85514.3929338812,85514.3929338812,1.0,5.549279229972823,10.0,0.9372071227741331,7705.0,128.34,42757.1964669406,333.15565269550103,42757.1964669406,333.15565269550103,3554.770814260996,3554.770814260996,3554.770814260996,333.15565269550103,233.2089568868507,310.7142857142857,6,14.0,0.750557562394462,1600000,10.5,0.2,0.03668984347929589,96887.05312321532,2750949.834647408,85514.3929338812,0.035219491065577146,0.0,1.0429091848743741,0.0,33.66056394241889,0.0,2.9105639424188894,11.75,5.211564807255396,445663.8007280248,1004794.1169731041,0.0,820767.2827109377,15017847384.80402,0.0,18.867410067597486,18.867410067597486,3057.756584811384,3076.6239948789816,3554.770814260996,3554.770814260996,333.15565269550103,333.15565269550103,233.2089568868507,233.2089568868507,0.03156001226420528,1.899854266536292e-05,6.358889340275048e-05,6.358889340275048e-05,235.0,-235.0,33.33943605758111,-33.33943605758111,0.002120017845573341,-0.002120017845573341,0.014943389949646361,-0.014943389949646361,-0.002120017845573341,0.002120017845573341,-0.014943389949646361,0.014943389949646361,0.03368003010977862,0.02943999441863194,0.046503402213851644,0.016616622314558918,0.02943999441863194,0.03368003010977862,0.016616622314558918,0.046503402213851644,0.03156001226420528,0.03156001226420528,0.03156001226420528,0.03156001226420528,0.03368003010977862,0.046503402213851644,0.03156001226420528,0.03156001226420528,1.0671741768610725,1.4734912592728884,1.4734912592728884,0.0,0.0,0.0,0.0,0.0,0.0,0.0,0.0,0.0,0.0,0.0,0.0,0.0,0.0,0.0,0.2,0.0,1.3333333333333333,0.0,24883.39569982697,3331.5565269550107,3331.5565269550107,0.0,0.0,24883.39569982697,2446.74490657099,2446.74490657099,2446.74490657099,0.0,0.0,24883.39569982697,0.0,0.0,18662.54677487023,0.0,0.0,0.0,0.0,24883.39569982697,18662.54677487023,2446.74490657099,1835.0586799282428,2446.74490657099,1835.0586799282428,2446.74490657099,C,2.553456476228285,2.553456476228285,0.0
4,A-B--A-5.5,x,29.0,0.0,30.75,A-B,1,1.0,1.5077614521900018,1139.0,,0,85514.3929338812,85514.3929338812,1.0,5.549279229972823,10.0,0.3448275862068966,7705.0,128.34,42757.1964669406,333.15565269550103,42757.1964669406,333.15565269550103,9661.51392816953,9661.51392816953,9661.51392816953,362.0838739912695,253.45871179388865,310.7142857142857,6,14.0,0.8157291873826301,1600000,10.5,0.2,0.027795200318297054,347596.48491576215,2750949.834647408,85514.3929338812,0.1263550794485185,0.0,3.9947542380777232,0.0,33.66056394241889,0.0,2.9105639424188894,11.75,5.211564807255396,445663.8007280248,1004794.1169731041,0.0,2801255.9669475164,15017847384.80402,0.0,64.39394715897438,64.39394715897438,10436.038398587842,10500.432345746816,10500.432345746816,10500.432345746816,362.0838739912695,362.0838739912695,253.45871179388865,253.45871179388865,0.03156001226420528,1.899854266536292e-05,6.358889340275048e-05,6.358889340275048e-05,235.0,-235.0,33.33943605758111,-33.33943605758111,0.002120017845573341,-0.002120017845573341,0.014943389949646361,-0.014943389949646361,-0.002120017845573341,0.002120017845573341,-0.014943389949646361,0.014943389949646361,0.03368003010977862,0.02943999441863194,0.046503402213851644,0.016616622314558918,0.02943999441863194,0.03368003010977862,0.016616622314558918,0.046503402213851644,0.03156001226420528,0.03156001226420528,0.03156001226420528,0.03156001226420528,0.03368003010977862,0.046503402213851644,0.03156001226420528,0.03156001226420528,1.0671741768610725,1.4734912592728884,1.4734912592728884,0.0,0.0,0.0,0.0,0.0,0.0,0.0,0.0,0.0,0.0,0.0,0.0,0.0,0.0,0.0,0.2,0.0,1.3333333333333333,0.0,73503.0264202277,3620.838739912695,3620.838739912695,0.0,0.0,73503.0264202277,2579.0535586044807,2579.0535586044807,2579.0535586044807,0.0,0.0,73503.0264202277,0.0,0.0,55127.26981517079,0.0,0.0,0.0,0.0,73503.0264202277,55127.26981517079,2579.0535586044807,1934.290168953361,2579.0535586044807,1934.290168953361,2579.0535586044807,D,2.579053558604481,2.579053558604481,0.0
4,A-B--A-6.5,x,13.0,0.0,30.75,A-B,1,1.0,1.5077614521900018,963.125,,0,85514.3929338812,85514.3929338812,1.0,5.549279229972823,10.0,0.7692307692307693,7705.0,128.34,42757.1964669406,333.15565269550103,42757.1964669406,333.15565269550103,4331.023485041514,4331.023485041514,4331.023485041514,333.15565269550103,233.2089568868507,310.7142857142857,6,14.0,0.750557562394462,1600000,10.5,0.2,0.03366816508015193,128638.53657396793,2750949.834647408,85514.3929338812,0.04676149850273647,0.0,1.3846877059123115,0.0,33.66056394241889,0.0,2.9105639424188894,11.75,5.211564807255396,445663.8007280248,1004794.1169731041,0.0,1089746.2427869884,15017847384.80402,0.0,25.050571173323608,25.050571173323608,4059.8337919238475,4084.884363097171,4331.023485041514,4331.023485041514,333.15565269550103,333.15565269550103,233.2089568868507,233.2089568868507,0.03156001226420528,1.899854266536292e-05,6.358889340275048e-05,6.358889340275048e-05,235.0,-235.0,33.33943605758111,-33.33943605758111,0.002120017845573341,-0.002120017845573341,0.014943389949646361,-0.014943389949646361,-0.002120017845573341,0.002120017845573341,-0.014943389949646361,0.014943389949646361,0.03368003010977862,0.02943999441863194,0.046503402213851644,0.016616622314558918,0.02943999441863194,0.03368003010977862,0.016616622314558918,0.046503402213851644,0.03156001226420528,0.03156001226420528,0.03156001226420528,0.03156001226420528,0.03368003010977862,0.046503402213851644,0.03156001226420528,0.03156001226420528,1.0671741768610725,1.4734912592728884,1.4734912592728884,0.0,0.0,0.0,0.0,0.0,0.0,0.0,0.0,0.0,0.0,0.0,0.0,0.0,0.0,0.0,0.2,0.0,1.3333333333333333,0.0,30317.164395290594,3331.5565269550107,3331.5565269550107,0.0,0.0,30317.164395290594,2425.3731516232474,2425.3731516232474,2425.3731516232474,0.0,0.0,30317.164395290594,0.0,0.0,22737.873296467948,0.0,0.0,0.0,0.0,30317.164395290594,22737.873296467948,2425.3731516232474,1819.0298637174358,2425.3731516232474,1819.0298637174358,2425.3731516232474,D,2.579053558604481,2.579053558604481,0.0
4,A-B--A-7.9,x,11.67,0.0,30.75,A-B,1,1.0,1.5077614521900018,938.0,,0,85514.3929338812,85514.3929338812,1.0,5.549279229972823,10.0,0.856898029134533,7705.0,128.34,42757.1964669406,333.15565269550103,42757.1964669406,333.15565269550103,3887.926466956497,3887.926466956497,3887.926466956497,333.15565269550103,233.2089568868507,310.7142857142857,6,14.0,0.750557562394462,1600000,10.5,0.2,0.03524518624994983,110310.85037781666,2750949.834647408,85514.3929338812,0.040099186465883084,0.0,1.1874052862772213,0.0,33.66056394241889,0.0,2.9105639424188894,11.75,5.211564807255396,445663.8007280248,1004794.1169731041,0.0,934485.4033592134,15017847384.80402,0.0,21.48150843577426,21.48150843577426,3481.411790798807,3502.8932992345813,3887.926466956497,3887.926466956497,333.15565269550103,333.15565269550103,233.2089568868507,233.2089568868507,0.03156001226420528,1.899854266536292e-05,6.358889340275048e-05,6.358889340275048e-05,235.0,-235.0,33.33943605758111,-33.33943605758111,0.002120017845573341,-0.002120017845573341,0.014943389949646361,-0.014943389949646361,-0.002120017845573341,0.002120017845573341,-0.014943389949646361,0.014943389949646361,0.03368003010977862,0.02943999441863194,0.046503402213851644,0.016616622314558918,0.02943999441863194,0.03368003010977862,0.016616622314558918,0.046503402213851644,0.03156001226420528,0.03156001226420528,0.03156001226420528,0.03156001226420528,0.03368003010977862,0.046503402213851644,0.03156001226420528,0.03156001226420528,1.0671741768610725,1.4734912592728884,1.4734912592728884,0.0,0.0,0.0,0.0,0.0,0.0,0.0,0.0,0.0,0.0,0.0,0.0,0.0,0.0,0.0,0.2,0.0,1.3333333333333333,0.0,27215.485268695476,3331.55652695501,3331.55652695501,0.0,0.0,27215.485268695476,2436.4803284418513,2436.4803284418513,2436.4803284418513,0.0,0.0,27215.485268695476,0.0,0.0,20411.61395152161,0.0,0.0,0.0,0.0,27215.485268695476,20411.61395152161,2436.4803284418513,1827.3602463313885,2436.4803284418513,1827.3602463313885,2436.4803284418513,D,2.579053558604481,2.579053558604481,0.0
4,A-B--A-8.8,x,10.0,0.0,30.75,A-B,1,1.0,1.5077614521900018,1088.75,,0,85514.3929338812,85514.3929338812,1.0,5.549279229972823,10.0,1.0,7705.0,128.34,42757.1964669406,333.15565269550103,42757.1964669406,333.15565269550103,3331.55652695501,3331.55652695501,3331.55652695501,333.15565269550103,233.2089568868507,310.7142857142857,6,14.0,0.750557562394462,1600000,10.5,0.2,0.03781940652034927,88091.19003923076,2750949.834647408,85514.3929338812,0.03202209975978042,0.0,0.9482289762863508,0.0,33.66056394241889,0.0,2.9105639424188894,11.75,5.211564807255396,445663.8007280248,1004794.1169731041,0.0,746254.1624351223,15017847384.80402,0.0,17.154537703805733,17.154537703805733,2780.1590380065604,2797.313575710366,3331.55652695501,3331.55652695501,333.15565269550103,333.15565269550103,233.2089568868507,233.2089568868507,0.03156001226420528,1.899854266536292e-05,6.358889340275048e-05,6.358889340275048e-05,235.0,-235.0,33.33943605758111,-33.33943605758111,0.002120017845573341,-0.002120017845573341,0.014943389949646361,-0.014943389949646361,-0.002120017845573341,0.002120017845573341,-0.014943389949646361,0.014943389949646361,0.03368003010977862,0.02943999441863194,0.046503402213851644,0.016616622314558918,0.02943999441863194,0.03368003010977862,0.016616622314558918,0.046503402213851644,0.03156001226420528,0.03156001226420528,0.03156001226420528,0.03156001226420528,0.03368003010977862,0.046503402213851644,0.03156001226420528,0.03156001226420528,1.0671741768610725,1.4734912592728884,1.4734912592728884,0.0,0.0,0.0,0.0,0.0,0.0,0.0,0.0,0.0,0.0,0.0,0.0,0.0,0.0,0.0,0.2,0.0,1.3333333333333333,0.0,23320.89568868507,3331.5565269550107,3331.5565269550107,0.0,0.0,23320.89568868507,2454.831125124744,2454.831125124744,2454.831125124744,0.0,0.0,23320.89568868507,0.0,0.0,17490.671766513802,0.0,0.0,0.0,0.0,23320.89568868507,17490.671766513802,2454.831125124744,1841.1233438435581,2454.831125124744,1841.1233438435581,2454.831125124744,D,2.579053558604481,2.579053558604481,0.0
4,A-C--A-1.8,x,16.0,0.0,36.25,A-C,1,1.0,1.5077614521900018,1563.4450000000002,,0,85514.3929338812,85514.3929338812,1.0,5.549279229972823,10.0,0.625,7705.0,144.34,42757.1964669406,296.2255540178786,42757.1964669406,296.2255540178786,4739.608864286058,4739.608864286058,4739.608864286058,317.3249280126936,222.1274496088855,310.7142857142857,6,14.0,0.7148929412699764,1600000,10.5,0.2,0.03009207142935848,157503.57616332095,2750949.834647408,85514.3929338812,0.05725425239661207,0.0,2.0894770766575665,0.0,33.66056394241889,0.0,2.5894360575811106,11.75,4.890436922417614,418202.7446019805,1004794.1169731041,0.0,1072802.6234966195,15017847384.80402,0.0,27.719413223962782,27.719413223962782,5049.479434979135,5077.198848203097,5077.198848203097,5077.198848203097,317.3249280126936,317.3249280126936,222.1274496088855,222.1274496088855,0.03156001226420528,1.7260656125992687e-05,6.358889340275048e-05,6.358889340275048e-05,235.0,-235.0,33.33943605758111,-33.33943605758111,0.002120017845573341,-0.002120017845573341,0.014943389949646361,-0.014943389949646361,-0.002120017845573341,0.002120017845573341,-0.014943389949646361,0.014943389949646361,0.03368003010977862,0.02943999441863194,0.046503402213851644,0.016616622314558918,0.02943999441863194,0.03368003010977862,0.016616622314558918,0.046503402213851644,0.03156001226420528,0.03156001226420528,0.03156001226420528,0.03156001226420528,0.03368003010977862,0.046503402213851644,0.03156001226420528,0.03156001226420528,1.0671741768610725,1.4734912592728884,1.4734912592728884,0.0,0.0,0.0,0.0,0.0,0.0,0.0,0.0,0.0,0.0,0.0,0.0,0.0,0.0,0.0,0.2,0.0,1.3333333333333333,0.0,35540.39193742168,3173.249280126936,3173.249280126936,0.0,0.0,35540.39193742168,2292.928512091721,2292.928512091721,2292.928512091721,0.0,0.0,35540.39193742168,0.0,0.0,26655.293953066262,0.0,0.0,0.0,0.0,35540.39193742168,26655.293953066262,2292.928512091721,1719.696384068791,2292.928512091721,1719.696384068791,2292.928512091721,D,2.579053558604481,2.579053558604481,0.0
4,A-C--A-3.2,x,9.34,0.0,36.25,A-C,1,1.0,1.5077614521900018,469.0,,0,85514.3929338812,85514.3929338812,1.0,5.549279229972823,10.0,1.0706638115631693,7705.0,144.34,42757.1964669406,296.2255540178786,42757.1964669406,296.2255540178786,2766.746674526986,2766.746674526986,2766.746674526986,296.2255540178786,207.357887812515,310.7142857142857,6,14.0,0.6673587193966,1600000,10.5,0.2,0.036735433728494776,75315.47592375067,2750949.834647408,85514.3929338812,0.02737798958569665,0.0,0.9557138089042552,0.0,33.66056394241889,0.0,2.5894360575811106,11.75,4.890436922417614,418202.7446019805,1004794.1169731041,0.0,505003.7547919096,15017847384.80402,0.0,13.048446612764858,13.048446612764858,2376.9573438380285,2390.0057904507935,2766.746674526986,2766.746674526986,296.2255540178786,296.2255540178786,207.357887812515,207.357887812515,0.03156001226420528,1.7260656125992687e-05,6.358889340275048e-05,6.358889340275048e-05,235.0,-235.0,33.33943605758111,-33.33943605758111,0.002120017845573341,-0.002120017845573341,0.014943389949646361,-0.014943389949646361,-0.002120017845573341,0.002120017845573341,-0.014943389949646361,0.014943389949646361,0.03368003010977862,0.02943999441863194,0.046503402213851644,0.016616622314558918,0.02943999441863194,0.03368003010977862,0.016616622314558918,0.046503402213851644,0.03156001226420528,0.03156001226420528,0.03156001226420528,0.03156001226420528,0.03368003010977862,0.046503402213851644,0.03156001226420528,0.03156001226420528,1.0671741768610725,1.4734912592728884,1.4734912592728884,0.0,0.0,0.0,0.0,0.0,0.0,0.0,0.0,0.0,0.0,0.0,0.0,0.0,0.0,0.0,0.2,0.0,1.3333333333333333,0.0,19367.2267216889,2962.2555401787863,2962.2555401787863,0.0,0.0,19367.2267216889,2190.862751322274,2190.862751322274,2190.862751322274,0.0,0.0,19367.2267216889,0.0,0.0,14525.420041266678,0.0,0.0,0.0,0.0,19367.2267216889,14525.420041266678,2190.862751322274,1643.1470634917057,2190.862751322274,1643.1470634917057,2190.862751322274,D,2.579053558604481,2.579053558604481,0.0
4,A-C--A-3.8,x,16.75,0.0,36.25,A-C,1,1.0,1.5077614521900018,720.25,,0,85514.3929338812,85514.3929338812,1.0,5.549279229972823,10.0,0.5970149253731343,7705.0,144.34,42757.1964669406,296.2255540178786,42757.1964669406,296.2255540178786,4961.778029799467,4961.778029799467,4961.778029799467,319.07377519716005,223.351642638012,310.7142857142857,6,14.0,0.7188328728579697,1600000,10.5,0.2,0.029698655240525482,167070.79797434201,2750949.834647408,85514.3929338812,0.06073204093732797,0.0,2.226036468042427,0.0,33.66056394241889,0.0,2.5894360575811106,11.75,4.890436922417614,418202.7446019805,1004794.1169731041,0.0,1129279.8428206749,15017847384.80402,0.0,29.178689465366197,29.178689465366197,5315.307045087065,5344.485734552431,5344.485734552431,5344.485734552431,319.07377519716005,319.07377519716005,223.351642638012,223.351642638012,0.03156001226420528,1.7260656125992687e-05,6.358889340275048e-05,6.358889340275048e-05,235.0,-235.0,33.33943605758111,-33.33943605758111,0.002120017845573341,-0.002120017845573341,0.014943389949646361,-0.014943389949646361,-0.002120017845573341,0.002120017845573341,-0.014943389949646361,0.014943389949646361,0.03368003010977862,0.02943999441863194,0.046503402213851644,0.016616622314558918,0.02943999441863194,0.03368003010977862,0.016616622314558918,0.046503402213851644,0.03156001226420528,0.03156001226420528,0.03156001226420528,0.03156001226420528,0.03368003010977862,0.046503402213851644,0.03156001226420528,0.03156001226420528,1.0671741768610725,1.4734912592728884,1.4734912592728884,0.0,0.0,0.0,0.0,0.0,0.0,0.0,0.0,0.0,0.0,0.0,0.0,0.0,0.0,0.0,0.2,0.0,1.3333333333333333,0.0,37411.40014186701,3190.7377519716,3190.7377519716,0.0,0.0,37411.40014186701,2302.2400087302776,2302.2400087302776,2302.2400087302776,0.0,0.0,37411.40014186701,0.0,0.0,28058.55010640026,0.0,0.0,0.0,0.0,37411.40014186701,28058.55010640026,2302.2400087302776,1726.6800065477082,2302.2400087302776,1726.6800065477082,2302.2400087302776,D,2.579053558604481,2.579053558604481,0.0
4,A-C--A-4.6,x,16.0,0.0,36.25,A-C,1,1.0,1.5077614521900018,971.5,,0,85514.3929338812,85514.3929338812,1.0,5.549279229972823,10.0,0.625,7705.0,144.34,42757.1964669406,296.2255540178786,42757.1964669406,296.2255540178786,4739.608864286058,4739.608864286058,4739.608864286058,317.3249280126936,222.1274496088855,310.7142857142857,6,14.0,0.7148929412699764,1600000,10.5,0.2,0.03009207142935848,157503.57616332095,2750949.834647408,85514.3929338812,0.05725425239661207,0.0,2.0894770766575665,0.0,33.66056394241889,0.0,2.5894360575811106,11.75,4.890436922417614,418202.7446019805,1004794.1169731041,0.0,1072802.6234966195,15017847384.80402,0.0,27.719413223962782,27.719413223962782,5049.479434979135,5077.198848203097,5077.198848203097,5077.198848203097,317.3249280126936,317.3249280126936,222.1274496088855,222.1274496088855,0.03156001226420528,1.7260656125992687e-05,6.358889340275048e-05,6.358889340275048e-05,235.0,-235.0,33.33943605758111,-33.33943605758111,0.002120017845573341,-0.002120017845573341,0.014943389949646361,-0.014943389949646361,-0.002120017845573341,0.002120017845573341,-0.014943389949646361,0.014943389949646361,0.03368003010977862,0.02943999441863194,0.046503402213851644,0.016616622314558918,0.02943999441863194,0.03368003010977862,0.016616622314558918,0.046503402213851644,0.03156001226420528,0.03156001226420528,0.03156001226420528,0.03156001226420528,0.03368003010977862,0.046503402213851644,0.03156001226420528,0.03156001226420528,1.0671741768610725,1.4734912592728884,1.4734912592728884,0.0,0.0,0.0,0.0,0.0,0.0,0.0,0.0,0.0,0.0,0.0,0.0,0.0,0.0,0.0,0.2,0.0,1.3333333333333333,0.0,35540.39193742168,3173.249280126936,3173.249280126936,0.0,0.0,35540.39193742168,2292.928512091721,2292.928512091721,2292.928512091721,0.0,0.0,35540.39193742168,0.0,0.0,26655.293953066262,0.0,0.0,0.0,0.0,35540.39193742168,26655.293953066262,2292.928512091721,1719.696384068791,2292.928512091721,1719.696384068791,2292.928512091721,B,2.3431856057349068,2.3431856057349068,0.0
4,A-C--A-5.5,x,15.0,0.0,36.25,A-C,1,1.0,1.5077614521900018,681.055,,0,85514.3929338812,85514.3929338812,1.0,5.549279229972823,10.0,0.6666666666666666,7705.0,144.34,42757.1964669406,296.2255540178786,42757.1964669406,296.2255540178786,4443.383310268179,4443.383310268179,4443.383310268179,314.5556429570744,220.18895006995206,310.7142857142857,6,14.0,0.708654092179156,1600000,10.5,0.2,0.03066681907272817,144892.21395053834,2750949.834647408,85514.3929338812,0.05266988591564386,0.0,1.9095648587805398,0.0,33.66056394241889,0.0,2.5894360575811106,11.75,4.890436922417614,418202.7446019805,1004794.1169731041,0.0,996975.2882126524,15017847384.80402,0.0,25.760162571165626,25.760162571165626,4692.57448178495,4718.334644356116,4718.334644356116,4718.334644356116,314.5556429570744,314.5556429570744,220.18895006995206,220.18895006995206,0.03156001226420528,1.7260656125992687e-05,6.358889340275048e-05,6.358889340275048e-05,235.0,-235.0,33.33943605758111,-33.33943605758111,0.002120017845573341,-0.002120017845573341,0.014943389949646361,-0.014943389949646361,-0.002120017845573341,0.002120017845573341,-0.014943389949646361,0.014943389949646361,0.03368003010977862,0.02943999441863194,0.046503402213851644,0.016616622314558918,0.02943999441863194,0.03368003010977862,0.016616622314558918,0.046503402213851644,0.03156001226420528,0.03156001226420528,0.03156001226420528,0.03156001226420528,0.03368003010977862,0.046503402213851644,0.03156001226420528,0.03156001226420528,1.0671741768610725,1.4734912592728884,1.4734912592728884,0.0,0.0,0.0,0.0,0.0,0.0,0.0,0.0,0.0,0.0,0.0,0.0,0.0,0.0,0.0,0.2,0.0,1.3333333333333333,0.0,33028.34251049281,3145.556429570744,3145.556429570744,0.0,0.0,33028.34251049281,2277.816724861573,2277.816724861573,2277.816724861573,0.0,0.0,33028.34251049281,0.0,0.0,24771.25688286961,0.0,0.0,0.0,0.0,33028.34251049281,24771.25688286961,2277.816724861573,1708.36254364618,2277.816724861573,1708.36254364618,2277.816724861573,B,2.3431856057349068,2.3431856057349068,0.0
4,A-C--A-6.5,x,26.0,0.0,36.25,A-C,1,1.0,1.5077614521900018,1021.75,,0,85514.3929338812,85514.3929338812,1.0,5.549279229972823,10.0,0.38461538461538464,7705.0,144.34,42757.1964669406,296.2255540178786,42757.1964669406,296.2255540178786,7701.864404464844,7701.864404464844,7701.864404464844,328.3034777265941,229.81243440861587,310.7142857142857,6,14.0,0.7396262256829016,1600000,10.5,0.2,0.026453203768412342,291150.5340484167,2750949.834647408,85514.3929338812,0.10583636618213133,0.0,3.9899257763946494,0.0,33.66056394241889,0.0,2.5894360575811106,11.75,4.890436922417614,418202.7446019805,1004794.1169731041,0.0,1803617.6858924744,15017847384.80402,0.0,46.60244376579728,46.60244376579728,8489.287977125648,8535.890420891446,8535.890420891446,8535.890420891446,328.3034777265941,328.3034777265941,229.81243440861587,229.81243440861587,0.03156001226420528,1.7260656125992687e-05,6.358889340275048e-05,6.358889340275048e-05,235.0,-235.0,33.33943605758111,-33.33943605758111,0.002120017845573341,-0.002120017845573341,0.014943389949646361,-0.014943389949646361,-0.002120017845573341,0.002120017845573341,-0.014943389949646361,0.014943389949646361,0.03368003010977862,0.02943999441863194,0.046503402213851644,0.016616622314558918,0.02943999441863194,0.03368003010977862,0.016616622314558918,0.046503402213851644,0.03156001226420528,0.03156001226420528,0.03156001226420528,0.03156001226420528,0.03368003010977862,0.046503402213851644,0.03156001226420528,0.03156001226420528,1.0671741768610725,1.4734912592728884,1.4734912592728884,0.0,0.0,0.0,0.0,0.0,0.0,0.0,0.0,0.0,0.0,0.0,0.0,0.0,0.0,0.0,0.2,0.0,1.3333333333333333,0.0,59751.232946240125,3283.034777265941,3283.034777265941,0.0,0.0,59751.232946240125,2343.185605734907,2343.185605734907,2343.185605734907,0.0,0.0,59751.232946240125,0.0,0.0,44813.4247096801,0.0,0.0,0.0,0.0,59751.232946240125,44813.4247096801,2343.185605734907,1757.3892043011804,2343.185605734907,1757.3892043011804,2343.185605734907,B,2.3431856057349068,2.3431856057349068,0.0
4,A-C--A-6.9,x,11.5,0.0,36.25,A-C,1,1.0,1.5077614521900018,536.0,,0,85514.3929338812,85514.3929338812,1.0,5.549279229972823,10.0,0.8695652173913043,7705.0,144.34,42757.1964669406,296.2255540178786,42757.1964669406,296.2255540178786,3406.593871205604,3406.593871205604,3406.593871205604,296.2255540178786,207.357887812515,310.7142857142857,6,14.0,0.6673587193966,1600000,10.5,0.2,0.03314739945074632,102771.07488530004,2750949.834647408,85514.3929338812,0.03735839657667633,0.0,1.3041109309758876,0.0,33.66056394241889,0.0,2.5894360575811106,11.75,4.890436922417614,418202.7446019805,1004794.1169731041,0.0,689098.4630253195,15017847384.80402,0.0,17.80514386359222,17.80514386359222,3243.4563837856285,3261.2615276492206,3406.593871205604,3406.593871205604,296.2255540178786,296.2255540178786,207.357887812515,207.357887812515,0.03156001226420528,1.7260656125992687e-05,6.358889340275048e-05,6.358889340275048e-05,235.0,-235.0,33.33943605758111,-33.33943605758111,0.002120017845573341,-0.002120017845573341,0.014943389949646361,-0.014943389949646361,-0.002120017845573341,0.002120017845573341,-0.014943389949646361,0.014943389949646361,0.03368003010977862,0.02943999441863194,0.046503402213851644,0.016616622314558918,0.02943999441863194,0.03368003010977862,0.016616622314558918,0.046503402213851644,0.03156001226420528,0.03156001226420528,0.03156001226420528,0.03156001226420528,0.03368003010977862,0.046503402213851644,0.03156001226420528,0.03156001226420528,1.0671741768610725,1.4734912592728884,1.4734912592728884,0.0,0.0,0.0,0.0,0.0,0.0,0.0,0.0,0.0,0.0,0.0,0.0,0.0,0.0,0.0,0.2,0.0,1.3333333333333333,0.0,23846.157098439224,2962.2555401787863,2962.2555401787863,0.0,0.0,23846.157098439224,2167.8324634944747,2167.8324634944747,2167.8324634944747,0.0,0.0,23846.157098439224,0.0,0.0,17884.617823829423,0.0,0.0,0.0,0.0,23846.157098439224,17884.617823829423,2167.8324634944747,1625.8743476208567,2167.8324634944747,1625.8743476208567,2167.8324634944747,B,2.3431856057349068,2.3431856057349068,0.0
4,A-C--A-8.5,x,9.75,0.0,36.25,A-C,1,1.0,1.5077614521900018,787.25,,0,85514.3929338812,85514.3929338812,1.0,5.549279229972823,10.0,1.0256410256410255,7705.0,144.34,42757.1964669406,296.2255540178786,42757.1964669406,296.2255540178786,2888.1991516743165,2888.1991516743165,2888.1991516743165,296.2255540178786,207.357887812515,310.7142857142857,6,14.0,0.6673587193966,1600000,10.5,0.2,0.03593212975795422,80379.29204669427,2750949.834647408,85514.3929338812,0.029218741481338777,0.0,1.019970974315369,0.0,33.66056394241889,0.0,2.5894360575811106,11.75,4.890436922417614,418202.7446019805,1004794.1169731041,0.0,538957.5488069841,15017847384.80402,0.0,13.9257554729516,13.9257554729516,2536.771442781809,2550.6971982547607,2888.1991516743165,2888.1991516743165,296.2255540178786,296.2255540178786,207.357887812515,207.357887812515,0.03156001226420528,1.7260656125992687e-05,6.358889340275048e-05,6.358889340275048e-05,235.0,-235.0,33.33943605758111,-33.33943605758111,0.002120017845573341,-0.002120017845573341,0.014943389949646361,-0.014943389949646361,-0.002120017845573341,0.002120017845573341,-0.014943389949646361,0.014943389949646361,0.03368003010977862,0.02943999441863194,0.046503402213851644,0.016616622314558918,0.02943999441863194,0.03368003010977862,0.016616622314558918,0.046503402213851644,0.03156001226420528,0.03156001226420528,0.03156001226420528,0.03156001226420528,0.03368003010977862,0.046503402213851644,0.03156001226420528,0.03156001226420528,1.0671741768610725,1.4734912592728884,1.4734912592728884,0.0,0.0,0.0,0.0,0.0,0.0,0.0,0.0,0.0,0.0,0.0,0.0,0.0,0.0,0.0,0.2,0.0,1.3333333333333333,0.0,20217.394061720213,2962.2555401787863,2962.2555401787863,0.0,0.0,20217.394061720213,2185.6642228886717,2185.6642228886717,2185.6642228886717,0.0,0.0,20217.394061720213,0.0,0.0,15163.045546290161,0.0,0.0,0.0,0.0,20217.394061720213,15163.045546290161,2185.6642228886717,1639.248167166504,2185.6642228886717,1639.248167166504,2185.6642228886717,B,2.3431856057349068,2.3431856057349068,0.0
4,A-C--A-9.2,x,24.0,0.0,36.25,A-C,1,1.0,1.5077614521900018,954.75,,0,85514.3929338812,85514.3929338812,1.0,5.549279229972823,10.0,0.4166666666666667,7705.0,144.34,42757.1964669406,296.2255540178786,42757.1964669406,296.2255540178786,7109.413296429087,7109.413296429087,7109.413296429087,327.47482200350527,229.23237540245367,310.7142857142857,6,14.0,0.7377593691113451,1600000,10.5,0.2,0.026978453065690633,263521.90316910186,2750949.834647408,85514.3929338812,0.0957930602187363,0.0,3.598985377032593,0.0,33.66056394241889,0.0,2.5894360575811106,11.75,4.890436922417614,418202.7446019805,1004794.1169731041,0.0,1660675.622183056,15017847384.80402,0.0,42.90906154966042,42.90906154966042,7816.486666534466,7859.395728084127,7859.395728084127,7859.395728084127,327.47482200350527,327.47482200350527,229.23237540245367,229.23237540245367,0.03156001226420528,1.7260656125992687e-05,6.358889340275048e-05,6.358889340275048e-05,235.0,-235.0,33.33943605758111,-33.33943605758111,0.002120017845573341,-0.002120017845573341,0.014943389949646361,-0.014943389949646361,-0.002120017845573341,0.002120017845573341,-0.014943389949646361,0.014943389949646361,0.03368003010977862,0.02943999441863194,0.046503402213851644,0.016616622314558918,0.02943999441863194,0.03368003010977862,0.016616622314558918,0.046503402213851644,0.03156001226420528,0.03156001226420528,0.03156001226420528,0.03156001226420528,0.03368003010977862,0.046503402213851644,0.03156001226420528,0.03156001226420528,1.0671741768610725,1.4734912592728884,1.4734912592728884,0.0,0.0,0.0,0.0,0.0,0.0,0.0,0.0,0.0,0.0,0.0,0.0,0.0,0.0,0.0,0.2,0.0,1.3333333333333333,0.0,55015.77009658889,3274.748220035053,3274.748220035053,0.0,0.0,55015.77009658889,2341.0965998548463,2341.0965998548463,2341.0965998548463,0.0,0.0,55015.77009658889,0.0,0.0,41261.827572441674,0.0,0.0,0.0,0.0,55015.77009658889,41261.827572441674,2341.0965998548463,1755.8224498911352,2341.0965998548463,1755.8224498911352,2341.0965998548463,B,2.3431856057349068,2.3431856057349068,0.0
3,A-2,y,29.75,31.916666666666668,0.0,A-2,1,1.1153101785998831,1.4702464659949648,1369.3125,,90,95205.37091990536,107133.42581503162,1.125287625896244,6.178155153790095,10.5,0.35294117647058826,1369.3125,29.75,8459.825079024198,284.3638682024941,16058.52249461636,539.7822687266004,8459.825079024198,16058.52249461636,16058.52249461636,592.4458631545144,414.7121042081601,460.7142857142857,4,17.0,0.9001503037076343,1600000,10.5,0.2,0.03729069612752978,430630.8050592059,5383995.755421615,180719.76385378657,0.07998349638845205,2.5708455506728507,0.0,120.94048068736043,0.0,89.02381402069376,0.0,16.54537528590906,4.925325661083132,890103.6903739389,2990076.3145417618,3689050528.3726525,0.0,19151721257.064953,1925.9330967192557,0.0,1925.9330967192557,15699.33133212755,17625.264428846804,17625.264428846804,9510.621186069235,319.6847457502264,359.7372885805167,223.77932202515848,251.81610200636166,0.03372709570006765,2.9673905099292886e-05,0.00013455548726249995,0.00013455548726249995,114.05951931263957,-114.05951931263957,67.0,-67.0,0.009015217646587496,-0.009015217646587496,0.01534733419803874,-0.01534733419803874,-0.009015217646587496,0.009015217646587496,-0.01534733419803874,0.01534733419803874,0.042742313346655146,0.02471187805348015,0.04907442989810639,0.018379761502028906,0.02471187805348015,0.042742313346655146,0.018379761502028906,0.04907442989810639,0.03372709570006765,0.03372709570006765,0.03372709570006765,0.03372709570006765,0.042742313346655146,0.04907442989810639,0.03372709570006765,0.03372709570006765,1.2672989612494092,1.4550446422817236,1.4550446422817236,0.013816950369554798,0.016968520437885246,0.01066538030122435,0.01066538030122435,0.016968520437885246,0.01926797689225502,0.008365923846854577,0.008365923846854577,0.01926797689225502,0.016968520437885246,0.01926797689225502,0.016968520437885246,0.016968520437885246,0.06787408175154098,0.06787408175154098,0.21,684.65625,1.3333333333333333,1073.9705882352941,129545.69355202401,6220.681563122402,8948.292737165282,4973.020808823529,26641.182904411762,107877.53145643578,3688.12073355336,4958.166577475996,4958.166577475996,1227.3949579831933,767.1218487394958,129545.69355202401,80.18980392156863,715.9803921568628,97159.270164018,60.14235294117648,715.9803921568628,613.6974789915967,51.141456582633054,130341.86374810245,98600.23184469026,4456.13209395222,3370.948097254368,6425.317492089704,4876.6861726476845,6425.317492089704,E,8.069959997685626,9.22005077580789,0.0
3,A-2.4,y,29.75,40.083333333333336,0.0,A-2.4,1,1.1153101785998831,1.4702464659949648,2146.791666666667,,90,95205.37091990536,107133.42581503162,1.125287625896244,6.178155153790095,10.5,0.35294117647058826,2146.791666666667,29.75,13263.211999530296,445.82225208505196,25176.35840644237,846.2641481157099,13263.211999530296,25176.35840644237,25176.35840644237,846.2641481157099,592.3849036809969,600.0,3,19.0,0.9873081728016615,1600000,10.5,0.2,0.046161775377999675,545394.0668504101,5383995.755421615,180719.76385378657,0.10129912645291468,3.782949008638661,0.0,120.94048068736043,0.0,80.85714735402709,0.0,16.54537528590906,4.925325661083132,890103.6903739389,2990076.3145417618,3565720022.73728,0.0,19151721257.064953,2049.564611865008,0.0,2049.564611865008,18394.557886912873,20444.12249877788,25176.35840644237,13263.211999530295,445.8222520850519,501.67826362050494,312.0755764595363,351.1747845343534,0.03372709570006765,2.9673905099292886e-05,0.00013455548726249995,0.00013455548726249995,114.05951931263957,-114.05951931263957,67.0,-67.0,0.009015217646587496,-0.009015217646587496,0.01534733419803874,-0.01534733419803874,-0.009015217646587496,0.009015217646587496,-0.01534733419803874,0.01534733419803874,0.042742313346655146,0.02471187805348015,0.04907442989810639,0.018379761502028906,0.02471187805348015,0.042742313346655146,0.018379761502028906,0.04907442989810639,0.03372709570006765,0.03372709570006765,0.03372709570006765,0.03372709570006765,0.042742313346655146,0.04907442989810639,0.03372709570006765,0.03372709570006765,1.2672989612494092,1.4550446422817236,1.4550446422817236,0.013816950369554798,0.016968520437885246,0.01066538030122435,0.01066538030122435,0.016968520437885246,0.01926797689225502,0.008365923846854577,0.008365923846854577,0.01926797689225502,0.016968520437885246,0.01926797689225502,0.016968520437885246,0.016968520437885246,0.06787408175154098,0.06787408175154098,0.21,536.6979166666667,1.3333333333333333,841.8790849673203,185046.2342873514,8885.773555214955,12890.192515521536,3898.3211029411764,20883.863051470587,168060.692338822,5745.664695344342,8069.959997685626,8069.959997685626,962.1475256769377,601.342203548086,185046.2342873514,62.86030501089324,561.2527233115468,138784.67571551356,47.14522875816994,561.2527233115468,481.07376283846884,40.08948023653907,185670.34731567383,139914.23691065828,6347.704181732439,4783.3927148943,9220.05077580789,6960.267239045859,9220.05077580789,E,8.069959997685626,9.22005077580789,0.0
3,A-3,y,29.75,49.833333333333336,0.0,A-3,1,1.1153101785998831,1.4702464659949648,593.2291666666667,,90,95205.37091990536,107133.42581503162,1.125287625896244,6.178155153790095,10.5,0.35294117647058826,593.2291666666667,29.75,3665.06183342027,123.19535574521916,6957.05612661769,233.8506261047963,3665.06183342027,6957.05612661769,6957.05612661769,290.10689662588254,203.07482763811777,310.7142857142857,6,14.0,0.6535741579157813,1600000,10.5,0.2,0.024461993158907624,284402.66831177403,5383995.755421615,180719.76385378657,0.05282371703680935,2.876112831264834,0.0,120.94048068736043,0.0,71.10714735402709,0.0,16.54537528590906,4.925325661083132,890103.6903739389,2990076.3145417618,1178407543.5864203,0.0,19151721257.064953,770.2204534580189,0.0,770.2204534580189,7860.459721161987,8630.680174620005,8630.680174620005,4205.316401686994,141.3551731659494,159.06522722006366,98.94862121616457,111.34565905404456,0.03372709570006765,2.9673905099292886e-05,0.00013455548726249995,0.00013455548726249995,114.05951931263957,-114.05951931263957,67.0,-67.0,0.009015217646587496,-0.009015217646587496,0.01534733419803874,-0.01534733419803874,-0.009015217646587496,0.009015217646587496,-0.01534733419803874,0.01534733419803874,0.042742313346655146,0.02471187805348015,0.04907442989810639,0.018379761502028906,0.02471187805348015,0.042742313346655146,0.018379761502028906,0.04907442989810639,0.03372709570006765,0.03372709570006765,0.03372709570006765,0.03372709570006765,0.042742313346655146,0.04907442989810639,0.03372709570006765,0.03372709570006765,1.2672989612494092,1.4550446422817236,1.4550446422817236,0.013816950369554798,0.016968520437885246,0.01066538030122435,0.01066538030122435,0.016968520437885246,0.01926797689225502,0.008365923846854577,0.008365923846854577,0.01926797689225502,0.016968520437885246,0.01926797689225502,0.016968520437885246,0.016968520437885246,0.06787408175154098,0.06787408175154098,0.21,593.2291666666667,1.3333333333333333,930.5555555555557,63435.49928345703,3046.122414571767,4533.639649171098,4308.9375,23083.59375,44660.84303345703,1526.8664284942574,2003.7341120451774,2003.7341120451774,1063.4920634920636,664.6825396825398,63435.49928345703,69.48148148148148,620.3703703703704,47576.62446259279,52.11111111111113,620.3703703703704,531.7460317460318,44.31216931216932,64125.35113530888,48825.164145132476,2192.3196969336373,1669.2363810301702,3274.9657913740793,2506.2175601904432,3274.9657913740793,E,8.069959997685626,9.22005077580789,0.0
3,A-3.7,y,20.0,67.33333333333334,0.0,A-3.7,1,1.1153101785998831,1.4702464659949648,441.08333333333337,,90,95205.37091990536,107133.42581503162,1.125287625896244,6.178155153790095,10.5,0.525,441.08333333333337,20.0,2725.0812690842477,136.25406345421237,5172.775849438094,258.6387924719047,2725.0812690842477,5172.775849438094,5172.775849438094,308.74584845894634,216.12209392126243,310.7142857142857,6,14.0,0.6955653597465917,1600000,10.5,0.2,0.02875576614936329,179886.55988401233,5383995.755421615,180719.76385378657,0.033411348755776574,2.3627449047361857,0.0,120.94048068736043,0.0,53.60714735402709,0.0,16.54537528590906,4.925325661083132,890103.6903739389,2990076.3145417618,489942688.7853731,0.0,19151721257.064953,424.7715031819609,0.0,424.7715031819609,5750.145465996966,6174.916969178927,6174.916969178927,3175.999358905774,158.7999679452887,178.69563892155358,111.15997756170208,125.0869472450875,0.03372709570006765,2.9673905099292886e-05,0.00013455548726249995,0.00013455548726249995,114.05951931263957,-114.05951931263957,67.0,-67.0,0.009015217646587496,-0.009015217646587496,0.01534733419803874,-0.01534733419803874,-0.009015217646587496,0.009015217646587496,-0.01534733419803874,0.01534733419803874,0.042742313346655146,0.02471187805348015,0.04907442989810639,0.018379761502028906,0.02471187805348015,0.042742313346655146,0.018379761502028906,0.04907442989810639,0.03372709570006765,0.03372709570006765,0.03372709570006765,0.03372709570006765,0.042742313346655146,0.04907442989810639,0.03372709570006765,0.03372709570006765,1.2672989612494092,1.4550446422817236,1.4550446422817236,0.013816950369554798,0.016968520437885246,0.01066538030122435,0.01066538030122435,0.016968520437885246,0.01926797689225502,0.008365923846854577,0.008365923846854577,0.01926797689225502,0.016968520437885246,0.01926797689225502,0.016968520437885246,0.016968520437885246,0.06787408175154098,0.06787408175154098,0.21,441.08333333333337,1.3333333333333333,1029.1944444444443,45385.63972346511,3241.8314088189363,4741.290213955513,4765.684874999999,25530.454687499998,24620.86991096511,1262.6087133828262,1373.2838384381457,1373.2838384381457,1176.2222222222222,735.1388888888889,45385.63972346511,76.8465185185185,686.1296296296296,34039.22979259884,57.634888888888895,686.1296296296296,588.1111111111111,49.00925925925927,46148.615871613256,35420.11468148773,2366.5956857237566,1816.4161375121912,3482.2571944447936,2694.631642272342,3482.2571944447936,E,8.069959997685626,9.22005077580789,0.0
3,A-4,y,20.0,76.16666666666667,0.0,A-4,1,1.1153101785998831,1.4702464659949648,505.29166666666663,,90,95205.37091990536,107133.42581503162,1.125287625896244,6.178155153790095,10.5,0.525,505.29166666666663,20.0,3121.770314583853,156.08851572919266,5925.774865495538,296.2887432747769,3121.770314583853,5925.774865495538,5925.774865495538,340.65462015060564,238.45823410542394,310.7142857142857,6,14.0,0.7674517879255023,1600000,10.5,0.2,0.030823354840071277,192249.51003035705,5383995.755421615,180719.76385378657,0.03570758944911207,2.7945155168180165,0.0,120.94048068736043,0.0,44.77381402069376,0.0,16.54537528590906,4.925325661083132,890103.6903739389,2990076.3145417618,381427603.1562846,0.0,19151721257.064953,395.9321947625701,0.0,395.9321947625701,6417.160208249543,6813.092403012113,6813.092403012113,3527.818490787532,176.3909245393766,198.49052470455865,123.47364717756362,138.94336729319105,0.03372709570006765,2.9673905099292886e-05,0.00013455548726249995,0.00013455548726249995,114.05951931263957,-114.05951931263957,67.0,-67.0,0.009015217646587496,-0.009015217646587496,0.01534733419803874,-0.01534733419803874,-0.009015217646587496,0.009015217646587496,-0.01534733419803874,0.01534733419803874,0.042742313346655146,0.02471187805348015,0.04907442989810639,0.018379761502028906,0.02471187805348015,0.042742313346655146,0.018379761502028906,0.04907442989810639,0.03372709570006765,0.03372709570006765,0.03372709570006765,0.03372709570006765,0.042742313346655146,0.04907442989810639,0.03372709570006765,0.03372709570006765,1.2672989612494092,1.4550446422817236,1.4550446422817236,0.013816950369554798,0.016968520437885246,0.01066538030122435,0.01066538030122435,0.016968520437885246,0.01926797689225502,0.008365923846854577,0.008365923846854577,0.01926797689225502,0.016968520437885246,0.01926797689225502,0.016968520437885246,0.016968520437885246,0.06787408175154098,0.06787408175154098,0.21,505.29166666666663,1.3333333333333333,1179.0138888888887,50076.229162139025,3576.8735115813593,5219.51046769365,5459.423812499999,29246.91328125,26288.739693389023,1348.1404970968729,1421.0104057586882,1421.0104057586882,1347.4444444444443,842.1527777777776,50076.229162139025,88.033037037037,786.0092592592591,37557.171871604274,66.02477777777779,786.0092592592591,673.7222222222222,56.14351851851851,50950.27145843532,39139.071649382044,2612.834433765914,2007.1318794554895,3836.986212323266,2972.7517675045574,3836.986212323266,E,8.069959997685626,9.22005077580789,0.0
3,A-5,y,29.75,97.5,0.0,A-5,1,1.1153101785998831,1.4702464659949648,770.5,,90,95205.37091990536,107133.42581503162,1.125287625896244,6.178155153790095,10.5,0.35294117647058826,770.5,29.75,4760.268545995268,160.00902675614347,9035.988192689329,303.73069555258246,4760.268545995268,9035.988192689329,9035.988192689329,347.53895500078403,243.27726850054881,310.7142857142857,6,14.0,0.7829613239098122,1600000,10.5,0.2,0.028140178662182564,321106.28369366913,5383995.755421615,180719.76385378657,0.05964088722958579,6.017607864169254,0.0,120.94048068736043,0.0,23.440480687360434,0.0,16.54537528590906,4.925325661083132,890103.6903739389,2990076.3145417618,163169152.35257173,0.0,19151721257.064953,323.5223834650624,0.0,323.5223834650624,10015.761527808263,10339.283911273325,10339.283911273325,5190.589070750749,174.4735822101092,196.33296310682695,122.13150754707644,137.43307417477885,0.03372709570006765,2.9673905099292886e-05,0.00013455548726249995,0.00013455548726249995,114.05951931263957,-114.05951931263957,67.0,-67.0,0.009015217646587496,-0.009015217646587496,0.01534733419803874,-0.01534733419803874,-0.009015217646587496,0.009015217646587496,-0.01534733419803874,0.01534733419803874,0.042742313346655146,0.02471187805348015,0.04907442989810639,0.018379761502028906,0.02471187805348015,0.042742313346655146,0.018379761502028906,0.04907442989810639,0.03372709570006765,0.03372709570006765,0.03372709570006765,0.03372709570006765,0.042742313346655146,0.04907442989810639,0.03372709570006765,0.03372709570006765,1.2672989612494092,1.4550446422817236,1.4550446422817236,0.013816950369554798,0.016968520437885246,0.01066538030122435,0.01066538030122435,0.016968520437885246,0.01926797689225502,0.008365923846854577,0.008365923846854577,0.01926797689225502,0.016968520437885246,0.01926797689225502,0.016968520437885246,0.016968520437885246,0.06787408175154098,0.06787408175154098,0.21,770.5,1.3333333333333333,1208.627450980392,75993.73674785894,3649.1590275082326,5379.812755414981,5596.549411764706,29981.514705882353,51608.7714537413,1764.4024428629502,2240.4018114344667,2240.4018114344667,1381.2885154061623,863.3053221288516,75993.73674785894,90.24418300653593,805.751633986928,56995.30256089421,67.68313725490196,805.751633986928,690.6442577030812,57.55368814192344,76889.73256485241,58616.93527798104,2628.70880563598,2003.9977872814031,3891.5074278804755,2983.5629370191937,3891.5074278804755,E,8.069959997685626,9.22005077580789,0.0
3,A-5.1,y,29.75,98.08333333333334,0.0,A-5.1,1,1.1153101785998831,1.4702464659949648,1384.6666666666667,,90,95205.37091990536,107133.42581503162,1.125287625896244,6.178155153790095,10.5,0.35294117647058826,1384.6666666666667,29.75,8554.685502948018,287.55245388060564,16238.587476717054,545.8348731669598,8554.685502948018,16238.587476717054,16238.587476717054,545.8348731669598,382.08441121687184,460.7142857142857,4,17.0,0.8293305049668536,1600000,10.5,0.2,0.03481962820245427,466363.03473144135,5383995.755421615,180719.76385378657,0.0866202456162451,7.915449535642134,0.0,120.94048068736043,0.0,22.85714735402709,0.0,16.54537528590906,4.925325661083132,890103.6903739389,2990076.3145417618,243650987.48591542,0.0,19151721257.064953,495.426162621637,0.0,495.426162621637,15729.070703361296,16224.496865982934,16238.587476717054,8554.685502948018,287.55245388060564,323.57921814794594,201.28671771642394,226.50545270356213,0.03372709570006765,2.9673905099292886e-05,0.00013455548726249995,0.00013455548726249995,114.05951931263957,-114.05951931263957,67.0,-67.0,0.009015217646587496,-0.009015217646587496,0.01534733419803874,-0.01534733419803874,-0.009015217646587496,0.009015217646587496,-0.01534733419803874,0.01534733419803874,0.042742313346655146,0.02471187805348015,0.04907442989810639,0.018379761502028906,0.02471187805348015,0.042742313346655146,0.018379761502028906,0.04907442989810639,0.03372709570006765,0.03372709570006765,0.03372709570006765,0.03372709570006765,0.042742313346655146,0.04907442989810639,0.03372709570006765,0.03372709570006765,1.2672989612494092,1.4550446422817236,1.4550446422817236,0.013816950369554798,0.016968520437885246,0.01066538030122435,0.01066538030122435,0.016968520437885246,0.01926797689225502,0.008365923846854577,0.008365923846854577,0.01926797689225502,0.016968520437885246,0.01926797689225502,0.016968520437885246,0.016968520437885246,0.06787408175154098,0.06787408175154098,0.21,692.3333333333334,1.3333333333333333,1086.0130718954247,119353.61795387033,5731.266168253078,8314.09036111662,5028.783529411764,26939.91176470588,97442.48971857622,3331.3671698658536,4490.795361342673,4490.795361342673,1241.1577964519142,775.7236227824465,119353.61795387033,81.08897603485836,724.0087145969497,89515.21346540276,60.8167320261438,724.0087145969497,620.5788982259571,51.714908185496434,120158.71564450214,90972.3327184373,4107.990278444518,3110.1652211431556,5974.397509453579,4539.143156709719,5974.397509453579,E,8.069959997685626,9.22005077580789,0.0
3,A-6,y,29.75,122.16666666666667,0.0,A-6,1,1.0,1.0831938602288587,988.25,,90,95205.37091990536,107133.42581503162,1.125287625896244,6.178155153790095,10.5,0.35294117647058826,988.25,29.75,6105.5618307330615,205.22896910027097,11589.637029753703,389.56763125222534,6105.5618307330615,11589.637029753703,11589.637029753703,421.4046547511505,294.9832583258053,310.7142857142857,6,14.0,0.9493714061060401,1600000,10.5,0.2,0.032870842227077354,352581.07929485117,5383995.755421615,180719.76385378657,0.06548687913429473,7.946556340356461,0.0,120.94048068736043,0.0,1.226185979306237,0.0,8.309519312639566,3.6286994317666768,655777.7044052434,1501694.3679187011,558187.0269993003,0.0,19151721257.064953,15.587347864692543,0.0,15.587347864692543,12521.201130982035,12536.788478846727,12536.788478846727,6445.490927842507,216.65515723840358,243.79936752698063,151.6586100668825,170.65955726888643,0.03372709570006765,2.9673905099292886e-05,7.360474253850983e-05,7.360474253850983e-05,114.05951931263957,-114.05951931263957,67.0,-67.0,0.004931517750080158,-0.004931517750080158,0.008395321553073024,-0.008395321553073024,-0.004931517750080158,0.004931517750080158,-0.008395321553073024,0.008395321553073024,0.03865861345014781,0.02879557794998749,0.04212241725314067,0.025331774146994626,0.02879557794998749,0.03865861345014781,0.025331774146994626,0.04212241725314067,0.03372709570006765,0.03372709570006765,0.03372709570006765,0.03372709570006765,0.03865861345014781,0.04212241725314067,0.03372709570006765,0.03372709570006765,1.1462182748830718,1.248919196237113,1.248919196237113,0.013816950369554798,0.016091203981923444,0.011542696757186156,0.011542696757186156,0.016091203981923444,0.017727503162146996,0.009906397576962602,0.009906397576962602,0.017727503162146996,0.016091203981923444,0.017727503162146996,0.013816950369554798,0.013816950369554798,0.05526780147821919,0.05526780147821919,0.21,494.125,1.3333333333333333,775.0980392156863,92145.39531952344,4424.748874887081,6472.24385001455,3589.091470588235,19227.27573529412,76507.21105481754,2615.6311471732492,3588.444437408548,3588.444437408548,885.8263305322128,553.641456582633,92145.39531952344,57.873986928104564,516.7320261437908,69109.0464896426,43.40549019607844,516.7320261437908,442.9131652661064,36.90943043884221,92720.00133259532,70149.0066016874,3169.914575473344,2398.256635955125,4647.305647955444,3527.1206446668166,4647.305647955444,A,4.219194550131839,4.761337472198576,0.0
3,A-6.1,y,29.75,122.75000000000001,0.0,A-6.1,1,1.0,1.0831938602288587,826.3333333333334,,90,95205.37091990536,107133.42581503162,1.125287625896244,6.178155153790095,10.5,0.35294117647058826,826.3333333333334,29.75,5105.215542081882,171.6038837674582,9690.769945782758,325.7401662447986,5105.215542081882,9690.769945782758,9690.769945782758,363.02971058770333,254.12079741139232,310.7142857142857,6,14.0,0.8178600376458603,1600000,10.5,0.2,0.029132270435433056,332647.26026969904,5383995.755421615,180719.76385378657,0.061784458120110415,7.696763370498955,0.0,120.94048068736043,0.0,1.8095193126395799,0.0,8.309519312639566,3.6286994317666768,655777.7044052434,1501694.3679187011,1046597.104207889,0.0,19151721257.064953,19.80455740200395,0.0,19.80455740200395,10780.32933258217,10800.133889984174,10800.133889984174,5481.829681506626,184.2631825716513,207.34907925613967,128.9842278001559,145.14435547929776,0.03372709570006765,2.9673905099292886e-05,7.360474253850983e-05,7.360474253850983e-05,114.05951931263957,-114.05951931263957,67.0,-67.0,0.004931517750080158,-0.004931517750080158,0.008395321553073024,-0.008395321553073024,-0.004931517750080158,0.004931517750080158,-0.008395321553073024,0.008395321553073024,0.03865861345014781,0.02879557794998749,0.04212241725314067,0.025331774146994626,0.02879557794998749,0.03865861345014781,0.025331774146994626,0.04212241725314067,0.03372709570006765,0.03372709570006765,0.03372709570006765,0.03372709570006765,0.03865861345014781,0.04212241725314067,0.03372709570006765,0.03372709570006765,1.1462182748830718,1.248919196237113,1.248919196237113,0.013816950369554798,0.016091203981923444,0.011542696757186156,0.011542696757186156,0.016091203981923444,0.017727503162146996,0.009906397576962602,0.009906397576962602,0.017727503162146996,0.016091203981923444,0.017727503162146996,0.013816950369554798,0.013816950369554798,0.05526780147821919,0.05526780147821919,0.21,826.3333333333334,1.3333333333333333,1296.2091503267975,79380.98409138368,3811.8119611708853,5599.477241331406,6002.096470588235,32154.08823529412,53228.9923266778,1819.79460945907,2281.5895499159055,2281.5895499159055,1481.3818860877684,925.8636788048553,79380.98409138368,96.7836165577342,864.1394335511983,59535.73806853776,72.58771241830067,864.1394335511983,740.6909430438842,61.724245253657024,80341.90714149261,61274.8804028048,2746.7318680852177,2094.867706078797,4052.3405008869877,3108.8929856950076,4052.3405008869877,A,4.219194550131839,4.761337472198576,0.0
3,A-6.8,y,29.75,147.41666666666669,0.0,A-6.8,1,1.0,1.0831938602288587,905.8958333333333,,90,95205.37091990536,107133.42581503162,1.125287625896244,6.178155153790095,10.5,0.35294117647058826,905.8958333333333,29.75,5596.765011505306,188.1265550085817,10623.833943940896,357.1036619812066,5596.765011505306,10623.833943940896,10623.833943940896,394.10679232229114,275.87475462560377,310.7142857142857,6,14.0,0.8878727735076902,1600000,10.5,0.2,0.031122574714170265,341354.59683236975,5383995.755421615,180719.76385378657,0.06340172101521997,9.425509663239488,0.0,120.94048068736043,0.0,26.47618597930625,0.0,8.309519312639566,3.6286994317666768,655777.7044052434,1501694.3679187011,237308448.08033803,0.0,19151721257.064953,306.9068706973148,0.0,306.9068706973148,11417.770200890847,11724.677071588161,11724.677071588161,5979.067038473637,200.9770433100382,226.1569799259995,140.68393031702672,158.30988594819965,0.03372709570006765,2.9673905099292886e-05,7.360474253850983e-05,7.360474253850983e-05,114.05951931263957,-114.05951931263957,67.0,-67.0,0.004931517750080158,-0.004931517750080158,0.008395321553073024,-0.008395321553073024,-0.004931517750080158,0.004931517750080158,-0.008395321553073024,0.008395321553073024,0.03865861345014781,0.02879557794998749,0.04212241725314067,0.025331774146994626,0.02879557794998749,0.03865861345014781,0.025331774146994626,0.04212241725314067,0.03372709570006765,0.03372709570006765,0.03372709570006765,0.03372709570006765,0.03865861345014781,0.04212241725314067,0.03372709570006765,0.03372709570006765,1.1462182748830718,1.248919196237113,1.248919196237113,0.013816950369554798,0.016091203981923444,0.011542696757186156,0.011542696757186156,0.016091203981923444,0.017727503162146996,0.009906397576962602,0.009906397576962602,0.017727503162146996,0.016091203981923444,0.017727503162146996,0.013816950369554798,0.013816950369554798,0.05526780147821919,0.05526780147821919,0.21,226.47395833333331,1.3333333333333333,355.25326797385617,86176.37647617298,4138.121319384057,6069.418809506586,1645.0002573529412,8812.50137867647,79008.87535484944,2701.1581317897244,3853.9148985548563,3853.9148985548563,406.0037348272641,253.7523342670401,86176.37647617298,26.525577342047924,236.83551198257078,64632.282357129734,19.894183006535947,236.83551198257078,203.00186741363206,16.91682228446934,86439.7375654976,65108.93074181694,2955.204703093935,2225.9463501475875,4339.226286722184,3273.505360695911,4339.226286722184,A,4.219194550131839,4.761337472198576,0.0
3,A-7,y,29.75,156.5,0.0,A-7,1,1.0,1.0831938602288587,1011.9791666666667,,90,95205.37091990536,107133.42581503162,1.125287625896244,6.178155153790095,10.5,0.35294117647058826,1011.9791666666667,29.75,6252.164304069873,210.15678333007975,11867.919274818412,398.9216562964172,6252.164304069873,11867.919274818412,11867.919274818412,433.4662294122721,303.42636058859046,310.7142857142857,6,14.0,0.9765446087908658,1600000,10.5,0.2,0.033643315133683016,352757.1295415085,5383995.755421615,180719.76385378657,0.065519577942885,10.225577051345804,0.0,120.94048068736043,0.0,35.559519312639566,0.0,8.309519312639566,3.6286994317666768,655777.7044052434,1501694.3679187011,466630085.07797647,0.0,19151721257.064953,449.33028275019996,0.0,449.33028275019996,12446.290042264896,12895.620325015096,12895.620325015096,6624.490521752455,222.67195031100687,250.56999031915936,155.8703652177048,175.39899322341154,0.03372709570006765,2.9673905099292886e-05,7.360474253850983e-05,7.360474253850983e-05,114.05951931263957,-114.05951931263957,67.0,-67.0,0.004931517750080158,-0.004931517750080158,0.008395321553073024,-0.008395321553073024,-0.004931517750080158,0.004931517750080158,-0.008395321553073024,0.008395321553073024,0.03865861345014781,0.02879557794998749,0.04212241725314067,0.025331774146994626,0.02879557794998749,0.03865861345014781,0.025331774146994626,0.04212241725314067,0.03372709570006765,0.03372709570006765,0.03372709570006765,0.03372709570006765,0.03865861345014781,0.04212241725314067,0.03372709570006765,0.03372709570006765,1.1462182748830718,1.248919196237113,1.248919196237113,0.013816950369554798,0.016091203981923444,0.011542696757186156,0.011542696757186156,0.016091203981923444,0.017727503162146996,0.009906397576962602,0.009906397576962602,0.017727503162146996,0.016091203981923444,0.017727503162146996,0.013816950369554798,0.013816950369554798,0.05526780147821919,0.05526780147821919,0.21,252.99479166666669,1.3333333333333333,396.85457516339875,94782.80938886094,4551.395408828857,6659.33819984151,1837.6351102941178,9844.47380514706,86775.97069400799,2966.699852786598,4219.194550131839,4219.194550131839,453.5480859010271,283.46755368814195,94782.80938886094,29.6318082788671,264.56971677559915,71087.10704164572,22.223856209150334,264.56971677559915,226.77404295051352,18.897836912542797,95077.01091391541,71619.57249449352,3250.49609962104,2448.5323929741376,4761.3374721985765,3592.323740665648,4761.3374721985765,A,4.219194550131839,4.761337472198576,0.0
3,A-7.8,y,20.0,176.83333333333334,0.0,A-7.8,1,1.0,1.0831938602288587,640.6875,,90,95205.37091990536,107133.42581503162,1.125287625896244,6.178155153790095,10.5,0.525,640.6875,20.0,3958.266780093891,197.91333900469456,7513.620616747105,375.68103083735525,3958.266780093891,7513.620616747105,7513.620616747105,404.60641493252587,283.22449045276807,310.7142857142857,6,14.0,0.9115270957100581,1600000,10.5,0.2,0.03496723129258101,214876.0522066632,5383995.755421615,180719.76385378657,0.03991014517243736,6.9475882454196105,0.0,120.94048068736043,0.0,55.89285264597291,0.0,8.309519312639566,3.6286994317666768,655777.7044052434,1501694.3679187011,709293927.0549587,0.0,19151721257.064953,434.5290347183704,0.0,434.5290347183704,7657.599263932148,8092.1282986505175,8092.1282986505175,4240.1873914145235,212.00936957072616,238.57152015200185,148.4065586995083,167.00006410640128,0.03372709570006765,2.9673905099292886e-05,7.360474253850983e-05,7.360474253850983e-05,114.05951931263957,-114.05951931263957,67.0,-67.0,0.004931517750080158,-0.004931517750080158,0.008395321553073024,-0.008395321553073024,-0.004931517750080158,0.004931517750080158,-0.008395321553073024,0.008395321553073024,0.03865861345014781,0.02879557794998749,0.04212241725314067,0.025331774146994626,0.02879557794998749,0.03865861345014781,0.025331774146994626,0.04212241725314067,0.03372709570006765,0.03372709570006765,0.03372709570006765,0.03372709570006765,0.03865861345014781,0.04212241725314067,0.03372709570006765,0.03372709570006765,1.1462182748830718,1.248919196237113,1.248919196237113,0.013816950369554798,0.016091203981923444,0.011542696757186156,0.011542696757186156,0.016091203981923444,0.017727503162146996,0.009906397576962602,0.009906397576962602,0.017727503162146996,0.016091203981923444,0.017727503162146996,0.013816950369554798,0.013816950369554798,0.05526780147821919,0.05526780147821919,0.21,160.171875,1.3333333333333333,373.734375,59477.142995081296,4248.367356791522,6174.337810409519,1730.5770234374997,9270.94833984375,51936.771678675046,2663.424188650002,3695.436870093692,3695.436870093692,427.125,266.953125,59477.142995081296,27.905499999999996,249.15625,44607.85724631098,20.929125000000003,249.15625,213.5625,17.796875,59754.2047450813,45109.301996310984,3064.318192055451,2313.297538272358,4461.274504909397,3376.073667143587,4461.274504909397,A,4.219194550131839,4.761337472198576,0.0
3,A-8,y,29.75,182.58333333333334,0.0,A-8,1,1.0,1.0831938602288587,794.2291666666666,,90,95205.37091990536,107133.42581503162,1.125287625896244,6.178155153790095,10.5,0.35294117647058826,794.2291666666666,29.75,4906.8710193320785,164.93684098595222,9314.270437754036,313.08472059677433,4906.8710193320785,9314.270437754036,9314.270437754036,356.47359324475667,249.53151527132965,310.7142857142857,6,14.0,0.8030899342065781,1600000,10.5,0.2,0.028712389685013457,324398.99778232863,5383995.755421615,180719.76385378657,0.06025246165093332,11.347589641612212,0.0,120.94048068736043,0.0,61.64285264597291,0.0,8.309519312639566,3.6286994317666768,655777.7044052434,1501694.3679187011,1124444963.7326276,0.0,19151721257.064953,624.6033514712128,0.0,624.6033514712128,9980.486047560298,10605.08939903151,10605.08939903151,5340.352602239875,179.50765049545797,201.99773785624663,125.65535534682057,141.39841649937264,0.03372709570006765,2.9673905099292886e-05,7.360474253850983e-05,7.360474253850983e-05,114.05951931263957,-114.05951931263957,67.0,-67.0,0.004931517750080158,-0.004931517750080158,0.008395321553073024,-0.008395321553073024,-0.004931517750080158,0.004931517750080158,-0.008395321553073024,0.008395321553073024,0.03865861345014781,0.02879557794998749,0.04212241725314067,0.025331774146994626,0.02879557794998749,0.03865861345014781,0.025331774146994626,0.04212241725314067,0.03372709570006765,0.03372709570006765,0.03372709570006765,0.03372709570006765,0.03865861345014781,0.04212241725314067,0.03372709570006765,0.03372709570006765,1.1462182748830718,1.248919196237113,1.248919196237113,0.013816950369554798,0.016091203981923444,0.011542696757186156,0.011542696757186156,0.016091203981923444,0.017727503162146996,0.009906397576962602,0.009906397576962602,0.017727503162146996,0.016091203981923444,0.017727503162146996,0.013816950369554798,0.013816950369554798,0.05526780147821919,0.05526780147821919,0.21,397.1145833333333,1.3333333333333333,622.9248366013071,77947.4070828816,3742.9727290699448,5512.632156562931,2884.453455882352,15452.429227941175,65379.43131082278,2235.194232848642,3105.40391037813,3105.40391037813,711.9140989729224,444.94631185807646,77947.4070828816,46.51172113289759,415.2832244008714,58460.55531216121,34.883790849673204,415.2832244008714,355.9570494864612,29.663087457205098,78409.20202841537,59296.342464355424,2680.6564796039443,2027.2253833967666,3956.3813521877128,3000.7520615284006,3956.3813521877128,A,4.219194550131839,4.761337472198576,0.0
3,A-8.2,y,20.0,185.66666666666669,0.0,A-8.2,1,1.0,1.0831938602288587,448.0625,,90,95205.37091990536,107133.42581503162,1.125287625896244,6.178155153790095,10.5,0.525,448.0625,20.0,2768.199643595074,138.4099821797537,5254.623568574772,262.73117842873864,2768.199643595074,5254.623568574772,5254.623568574772,307.8601624399278,215.50211370794946,310.7142857142857,6,14.0,0.6935700211290328,1600000,10.5,0.2,0.0286983764630997,183098.28694773567,5383995.755421615,180719.76385378657,0.03400788099867241,6.550090326053769,0.0,120.94048068736043,0.0,64.72618597930625,0.0,8.309519312639566,3.6286994317666768,655777.7044052434,1501694.3679187011,717669352.6459754,0.0,19151721257.064953,379.65857968435967,0.0,379.65857968435967,5777.544669114196,6157.203248798556,6157.203248798556,3187.0847608005224,159.35423804002613,179.31935220056596,111.54796662801829,125.52354654039617,0.03372709570006765,2.9673905099292886e-05,7.360474253850983e-05,7.360474253850983e-05,114.05951931263957,-114.05951931263957,67.0,-67.0,0.004931517750080158,-0.004931517750080158,0.008395321553073024,-0.008395321553073024,-0.004931517750080158,0.004931517750080158,-0.008395321553073024,0.008395321553073024,0.03865861345014781,0.02879557794998749,0.04212241725314067,0.025331774146994626,0.02879557794998749,0.03865861345014781,0.025331774146994626,0.04212241725314067,0.03372709570006765,0.03372709570006765,0.03372709570006765,0.03372709570006765,0.03865861345014781,0.04212241725314067,0.03372709570006765,0.03372709570006765,1.1462182748830718,1.248919196237113,1.248919196237113,0.013816950369554798,0.016091203981923444,0.011542696757186156,0.011542696757186156,0.016091203981923444,0.017727503162146996,0.009906397576962602,0.009906397576962602,0.017727503162146996,0.016091203981923444,0.017727503162146996,0.013816950369554798,0.013816950369554798,0.05526780147821919,0.05526780147821919,0.21,448.0625,1.3333333333333333,1045.4791666666665,45255.443878669386,3232.531705619242,4717.590949618259,4841.091281249999,25934.417578124998,24162.117581794384,1239.0829529125326,1324.1373460400316,1324.1373460400316,1194.8333333333333,746.7708333333333,45255.443878669386,78.06244444444442,696.986111111111,33941.58290900204,58.54683333333333,696.986111111111,597.4166666666666,49.784722222222214,46030.49243422494,35344.31724233537,2360.538073549997,1812.5290893505316,3466.480533629063,2684.1114685978655,3466.480533629063,A,4.219194550131839,4.761337472198576,0.0
3,A-8.9,y,29.75,203.58333333333334,0.0,A-8.9,1,1.0,1.0831938602288587,1352.5625,,90,95205.37091990536,107133.42581503162,1.125287625896244,6.178155153790095,10.5,0.35294117647058826,1352.5625,29.75,8356.340980198214,280.88541109909966,15862.08796868833,533.1794275189355,8356.340980198214,15862.08796868833,15862.08796868833,570.7794777945334,399.54563445617333,460.7142857142857,4,17.0,0.8672308344785158,1600000,10.5,0.2,0.03614205908013666,438881.6899866667,5383995.755421615,180719.76385378657,0.08151597993826767,16.36381660284666,0.0,120.94048068736043,0.0,82.64285264597291,0.0,8.309519312639566,3.6286994317666768,655777.7044052434,1501694.3679187011,3172464228.9976387,0.0,19151721257.064953,1314.4384942382321,0.0,1314.4384942382321,15666.250970149136,16980.689464387367,16980.689464387367,9267.973022738674,311.5285049660058,350.559171752203,218.06995347620406,245.39142022654207,0.03372709570006765,2.9673905099292886e-05,7.360474253850983e-05,7.360474253850983e-05,114.05951931263957,-114.05951931263957,67.0,-67.0,0.004931517750080158,-0.004931517750080158,0.008395321553073024,-0.008395321553073024,-0.004931517750080158,0.004931517750080158,-0.008395321553073024,0.008395321553073024,0.03865861345014781,0.02879557794998749,0.04212241725314067,0.025331774146994626,0.02879557794998749,0.03865861345014781,0.025331774146994626,0.04212241725314067,0.03372709570006765,0.03372709570006765,0.03372709570006765,0.03372709570006765,0.03865861345014781,0.04212241725314067,0.03372709570006765,0.03372709570006765,1.1462182748830718,1.248919196237113,1.248919196237113,0.013816950369554798,0.016091203981923444,0.011542696757186156,0.011542696757186156,0.016091203981923444,0.017727503162146996,0.009906397576962602,0.009906397576962602,0.017727503162146996,0.016091203981923444,0.017727503162146996,0.013816950369554798,0.013816950369554798,0.05526780147821919,0.05526780147821919,0.21,676.28125,1.3333333333333333,1060.8333333333333,124808.06756324714,5993.184516842601,8585.694245127876,4912.188749999999,26315.296875,103404.95943824714,3535.212288487082,4717.2897275141195,4717.2897275141195,1212.3809523809523,757.7380952380952,124808.06756324714,79.20888888888888,707.2222222222222,93606.05067243538,59.40666666666667,707.2222222222222,606.1904761904761,50.51587301587301,125594.49867435824,95029.3859105306,4293.829014507974,3248.8678943771147,6166.493841949066,4681.862648454067,6166.493841949066,C,8.069703021660512,8.069703021660512,0.0
3,A-9,y,29.75,203.91666666666669,0.0,A-9,1,1.0,1.0831938602288587,1231.125,,90,95205.37091990536,107133.42581503162,1.125287625896244,6.178155153790095,10.5,0.35294117647058826,1231.125,29.75,7606.081263709831,255.6665970994901,14437.937655710122,485.30882876336545,7606.081263709831,14437.937655710122,14437.937655710122,532.3096658786576,372.6167661150603,460.7142857142857,4,17.0,0.8087805776140843,1600000,10.5,0.2,0.034102593316067076,423367.73399892263,5383995.755421615,180719.76385378657,0.0786344850982835,16.11676423404553,0.0,120.94048068736043,0.0,82.97618597930625,0.0,8.309519312639566,3.6286994317666768,655777.7044052434,1501694.3679187011,2981628291.6390123,0.0,19151721257.064953,1230.4072091976984,0.0,1230.4072091976984,14605.805350692364,15836.212559890062,15836.212559890062,8424.189621005979,283.1660376808732,318.6432382763562,198.21622637661125,223.05026679344934,0.03372709570006765,2.9673905099292886e-05,7.360474253850983e-05,7.360474253850983e-05,114.05951931263957,-114.05951931263957,67.0,-67.0,0.004931517750080158,-0.004931517750080158,0.008395321553073024,-0.008395321553073024,-0.004931517750080158,0.004931517750080158,-0.008395321553073024,0.008395321553073024,0.03865861345014781,0.02879557794998749,0.04212241725314067,0.025331774146994626,0.02879557794998749,0.03865861345014781,0.025331774146994626,0.04212241725314067,0.03372709570006765,0.03372709570006765,0.03372709570006765,0.03372709570006765,0.03865861345014781,0.04212241725314067,0.03372709570006765,0.03372709570006765,1.1462182748830718,1.248919196237113,1.248919196237113,0.013816950369554798,0.016091203981923444,0.011542696757186156,0.011542696757186156,0.016091203981923444,0.017727503162146996,0.009906397576962602,0.009906397576962602,0.017727503162146996,0.016091203981923444,0.017727503162146996,0.013816950369554798,0.013816950369554798,0.05526780147821919,0.05526780147821919,0.21,307.78125,1.3333333333333333,482.79411764705884,116396.16231519195,5589.251491725905,8080.6877737037485,2235.578161764706,11976.311580882351,106655.4288960743,3646.3394494384374,5118.101097959716,5118.101097959716,551.7647058823529,344.85294117647055,116396.16231519195,36.04862745098039,321.8627450980392,87297.12173639398,27.036470588235296,321.8627450980392,275.88235294117646,22.99019607843137,116754.07368774097,87944.89350109987,3991.592262828751,3006.663025678628,5777.6460045291815,4359.172160511015,5777.6460045291815,C,8.069703021660512,8.069703021660512,0.0
3,A-B--A-1,x,20.0,0.0,30.75,A-B,1,1.0,1.6151219650223596,1105.5,,0,95205.37091990536,107133.42581503162,1.125287625896244,6.178155153790095,10.5,0.525,7705.0,128.34,47602.68545995268,370.9107484802297,90359.88192689329,704.0664011757308,7418.214969604594,14081.328023514616,14081.328023514616,731.7469907206016,512.2228935044211,600.0,3,19.0,0.8537048225073686,1600000,10.5,0.2,0.044129605941970663,319090.27336503327,3911284.0768848415,180719.76385378654,0.08158197336031241,0.0,2.5436062694108927,0.0,33.55584379254397,0.0,2.8058437925439677,11.75,5.466502375368872,987905.0183828258,2123457.225281992,0.0,2456924.191113629,19151721257.064953,0.0,97.08764617648586,97.08764617648586,14537.852168235548,14634.939814412033,14634.939814412033,7521.739630633239,376.086981531662,423.2060265782485,263.26088707216337,296.24421860477395,0.0465838598338052,3.0168562830735966e-05,0.00010408011490050489,0.00010408011490050489,235.0,-235.0,33.44415620745603,-33.44415620745603,0.0034808716208224576,-0.0034808716208224576,0.02445882700161865,-0.02445882700161865,-0.0034808716208224576,0.0034808716208224576,-0.02445882700161865,0.02445882700161865,0.050064731454627656,0.04310298821298274,0.07104268683542385,0.022125032832186548,0.04310298821298274,0.050064731454627656,0.022125032832186548,0.07104268683542385,0.0465838598338052,0.0465838598338052,0.0465838598338052,0.0465838598338052,0.050064731454627656,0.07104268683542385,0.0465838598338052,0.0465838598338052,1.0747226965142216,1.5250493859649916,1.5250493859649916,0.015023847569599916,0.016384701344849033,0.013662993794350799,0.013662993794350799,0.016384701344849033,0.024539284621572205,0.00550841051762763,0.00550841051762763,0.024539284621572205,0.016384701344849033,0.024539284621572205,0.015023847569599916,0.015023847569599916,0.06009539027839966,0.06009539027839966,0.21,0.0,1.3333333333333333,0.0,107566.80763592845,7683.343402566317,11239.943494455714,0.0,0.0,107566.80763592845,5516.246545432228,8069.703021660513,8069.703021660513,0.0,0.0,107566.80763592845,0.0,0.0,80675.10572694633,0.0,0.0,0.0,0.0,107566.80763592845,80675.10572694633,5516.246545432228,4137.184909074171,8069.703021660513,6052.277266245384,8069.703021660513,C,8.069703021660512,8.069703021660512,0.0
3,A-B--A-2.5,x,13.0,0.0,30.75,A-B,1,1.0,1.6151219650223596,720.25,,0,95205.37091990536,107133.42581503162,1.125287625896244,6.178155153790095,10.5,0.8076923076923077,7705.0,128.34,47602.68545995268,370.9107484802297,90359.88192689329,704.0664011757308,4821.839730242986,9152.863215284498,9152.863215284498,704.0664011757307,492.84648082301146,600.0,3,19.0,0.8214108013716858,1600000,10.5,0.2,0.048373575988462064,189212.04455646643,3911284.0768848415,180719.76385378654,0.0483759401866727,0.0,1.4625480928443946,0.0,33.55584379254397,0.0,2.8058437925439677,11.75,5.466502375368872,987905.0183828258,2123457.225281992,0.0,1489620.9001343993,19151721257.064953,0.0,58.863756322817004,58.863756322817004,8814.227362486135,8873.091118808952,9152.863215284498,4821.839730242985,370.9107484802296,417.38127557671646,259.6375239361607,292.1668929037015,0.0465838598338052,3.0168562830735966e-05,0.00010408011490050489,0.00010408011490050489,235.0,-235.0,33.44415620745603,-33.44415620745603,0.0034808716208224576,-0.0034808716208224576,0.02445882700161865,-0.02445882700161865,-0.0034808716208224576,0.0034808716208224576,-0.02445882700161865,0.02445882700161865,0.050064731454627656,0.04310298821298274,0.07104268683542385,0.022125032832186548,0.04310298821298274,0.050064731454627656,0.022125032832186548,0.07104268683542385,0.0465838598338052,0.0465838598338052,0.0465838598338052,0.0465838598338052,0.050064731454627656,0.07104268683542385,0.0465838598338052,0.0465838598338052,1.0747226965142216,1.5250493859649916,1.5250493859649916,0.015023847569599916,0.016384701344849033,0.013662993794350799,0.013662993794350799,0.016384701344849033,0.024539284621572205,0.00550841051762763,0.00550841051762763,0.024539284621572205,0.016384701344849033,0.024539284621572205,0.015023847569599916,0.015023847569599916,0.06009539027839966,0.06009539027839966,0.21,0.0,1.3333333333333333,0.0,67273.54463234106,7392.6972123451715,10724.253739300182,0.0,0.0,67273.54463234106,5381.883570587284,7807.256722210532,7807.256722210532,0.0,0.0,67273.54463234106,0.0,0.0,50455.158474255804,0.0,0.0,0.0,0.0,67273.54463234106,50455.158474255804,5381.883570587284,4036.412677940464,7807.256722210532,5855.4425416579,7807.256722210532,C,8.069703021660512,8.069703021660512,0.0
3,A-B--A-3.5,x,9.0,0.0,30.75,A-B,1,1.0,1.6151219650223596,561.125,,0,95205.37091990536,107133.42581503162,1.125287625896244,6.178155153790095,10.5,1.1666666666666667,7705.0,128.34,47602.68545995268,370.9107484802297,90359.88192689329,704.0664011757308,3338.1967363220674,6336.597610581577,6336.597610581577,704.0664011757308,492.8464808230115,600.0,3,19.0,0.8214108013716859,1600000,10.5,0.2,0.055462227280906856,114250.68774262843,3911284.0768848415,180719.76385378654,0.029210531758057285,0.0,0.8831209760236748,0.0,33.55584379254397,0.0,2.8058437925439677,11.75,5.466502375368872,987905.0183828258,2123457.225281992,0.0,899468.1745292308,19151721257.064953,0.0,35.54332209009734,35.54332209009734,5322.238023718448,5357.781345808546,6336.597610581577,3338.196736322068,370.91074848022976,417.3812755767167,259.6375239361608,292.16689290370164,0.0465838598338052,3.0168562830735966e-05,0.00010408011490050489,0.00010408011490050489,235.0,-235.0,33.44415620745603,-33.44415620745603,0.0034808716208224576,-0.0034808716208224576,0.02445882700161865,-0.02445882700161865,-0.0034808716208224576,0.0034808716208224576,-0.02445882700161865,0.02445882700161865,0.050064731454627656,0.04310298821298274,0.07104268683542385,0.022125032832186548,0.04310298821298274,0.050064731454627656,0.022125032832186548,0.07104268683542385,0.0465838598338052,0.0465838598338052,0.0465838598338052,0.0465838598338052,0.050064731454627656,0.07104268683542385,0.0465838598338052,0.0465838598338052,1.0747226965142216,1.5250493859649916,1.5250493859649916,0.015023847569599916,0.016384701344849033,0.013662993794350799,0.013662993794350799,0.016384701344849033,0.024539284621572205,0.00550841051762763,0.00550841051762763,0.024539284621572205,0.016384701344849033,0.024539284621572205,0.015023847569599916,0.015023847569599916,0.06009539027839966,0.06009539027839966,0.21,0.0,1.3333333333333333,0.0,46573.992437774585,7392.697212345174,10724.253739300184,0.0,0.0,46573.992437774585,5479.2932279734805,7948.564536187194,7948.564536187194,0.0,0.0,46573.992437774585,0.0,0.0,34930.49432833094,0.0,0.0,0.0,0.0,46573.992437774585,34930.49432833094,5479.2932279734805,4109.469920980111,7948.564536187194,5961.423402140396,7948.564536187194,C,8.069703021660512,8.069703021660512,0.0
3,A-B--A-4,x,12.0,0.0,30.75,A-B,1,1.0,1.6151219650223596,653.25,,0,95205.37091990536,107133.42581503162,1.125287625896244,6.178155153790095,10.5,0.875,7705.0,128.34,47602.68545995268,370.9107484802297,90359.88192689329,704.0664011757308,4450.928981762756,8448.79681410877,8448.79681410877,704.0664011757308,492.8464808230115,600.0,3,19.0,0.8214108013716859,1600000,10.5,0.2,0.04970269810579546,169986.68354230892,3911284.0768848415,180719.76385378654,0.04346058230515834,0.0,1.3139422514381949,0.0,33.55584379254397,0.0,2.8058437925439677,11.75,5.466502375368872,987905.0183828258,2123457.225281992,0.0,1338264.2587194734,19151721257.064953,0.0,52.88275776319398,52.88275776319398,7918.63583974832,7971.518597511514,8448.79681410877,4450.928981762757,370.91074848022976,417.3812755767167,259.6375239361608,292.16689290370164,0.0465838598338052,3.0168562830735966e-05,0.00010408011490050489,0.00010408011490050489,235.0,-235.0,33.44415620745603,-33.44415620745603,0.0034808716208224576,-0.0034808716208224576,0.02445882700161865,-0.02445882700161865,-0.0034808716208224576,0.0034808716208224576,-0.02445882700161865,0.02445882700161865,0.050064731454627656,0.04310298821298274,0.07104268683542385,0.022125032832186548,0.04310298821298274,0.050064731454627656,0.022125032832186548,0.07104268683542385,0.0465838598338052,0.0465838598338052,0.0465838598338052,0.0465838598338052,0.050064731454627656,0.07104268683542385,0.0465838598338052,0.0465838598338052,1.0747226965142216,1.5250493859649916,1.5250493859649916,0.015023847569599916,0.016384701344849033,0.013662993794350799,0.013662993794350799,0.016384701344849033,0.024539284621572205,0.00550841051762763,0.00550841051762763,0.024539284621572205,0.016384701344849033,0.024539284621572205,0.015023847569599916,0.015023847569599916,0.06009539027839966,0.06009539027839966,0.21,0.0,1.3333333333333333,0.0,62098.656583699456,7392.697212345173,10724.253739300184,0.0,0.0,62098.656583699456,5399.883181191257,7833.367948706222,7833.367948706222,0.0,0.0,62098.656583699456,0.0,0.0,46573.9924377746,0.0,0.0,0.0,0.0,62098.656583699456,46573.9924377746,5399.883181191257,4049.9123858934436,7833.367948706222,5875.025961529667,7833.367948706222,C,8.069703021660512,8.069703021660512,0.0
3,A-B--A-4.8,x,10.67,0.0,30.75,A-B,1,1.0,1.6151219650223596,536.0,,0,95205.37091990536,107133.42581503162,1.125287625896244,6.178155153790095,10.5,0.9840674789128397,7705.0,128.34,47602.68545995268,370.9107484802297,90359.88192689329,704.0664011757308,3957.6176862840507,7512.388500545047,7512.388500545047,704.0664011757307,492.84648082301146,600.0,3,19.0,0.8214108013716858,1600000,10.5,0.2,0.05185644894072464,144868.93441415945,3911284.0768848415,180719.76385378654,0.037038714541425204,0.0,1.1197901499161595,0.0,33.55584379254397,0.0,2.8058437925439677,11.75,5.466502375368872,987905.0183828258,2123457.225281992,0.0,1140518.2634614492,19151721257.064953,0.0,45.0686407099014,45.0686407099014,6748.554135021921,6793.622775731822,7512.388500545047,3957.6176862840507,370.9107484802297,417.38127557671663,259.6375239361608,292.16689290370164,0.0465838598338052,3.0168562830735966e-05,0.00010408011490050489,0.00010408011490050489,235.0,-235.0,33.44415620745603,-33.44415620745603,0.0034808716208224576,-0.0034808716208224576,0.02445882700161865,-0.02445882700161865,-0.0034808716208224576,0.0034808716208224576,-0.02445882700161865,0.02445882700161865,0.050064731454627656,0.04310298821298274,0.07104268683542385,0.022125032832186548,0.04310298821298274,0.050064731454627656,0.022125032832186548,0.07104268683542385,0.0465838598338052,0.0465838598338052,0.0465838598338052,0.0465838598338052,0.050064731454627656,0.07104268683542385,0.0465838598338052,0.0465838598338052,1.0747226965142216,1.5250493859649916,1.5250493859649916,0.015023847569599916,0.016384701344849033,0.013662993794350799,0.013662993794350799,0.016384701344849033,0.024539284621572205,0.00550841051762763,0.00550841051762763,0.024539284621572205,0.016384701344849033,0.024539284621572205,0.015023847569599916,0.015023847569599916,0.06009539027839966,0.06009539027839966,0.21,0.0,1.3333333333333333,0.0,55216.055479006085,7392.697212345172,10724.253739300184,0.0,0.0,55216.055479006085,5429.3073234027615,7876.052229973751,7876.052229973751,0.0,0.0,55216.055479006085,0.0,0.0,41412.04160925457,0.0,0.0,0.0,0.0,55216.055479006085,41412.04160925457,5429.3073234027615,4071.980492552072,7876.052229973751,5907.039172480315,7876.052229973751,C,8.069703021660512,8.069703021660512,0.0
3,A-B--A-5.5,x,29.0,0.0,30.75,A-B,1,1.0,1.6151219650223596,1139.0,,0,95205.37091990536,107133.42581503162,1.125287625896244,6.178155153790095,10.5,0.3620689655172414,7705.0,128.34,47602.68545995268,370.9107484802297,90359.88192689329,704.0664011757308,10756.411705926661,20417.92563409619,20417.92563409619,737.275428159218,516.0927997114526,600.0,3,19.0,0.8601546661857543,1600000,10.5,0.2,0.04115583883698798,496112.48880064115,3911284.0768848415,180719.76385378654,0.12684133370229964,0.0,3.9880855130660446,0.0,33.55584379254397,0.0,2.8058437925439677,11.75,5.466502375368872,987905.0183828258,2123457.225281992,0.0,3589455.5003261333,19151721257.064953,0.0,141.8406749554396,141.8406749554396,21239.146741661883,21380.98741661732,21380.98741661732,10880.555070870505,375.1915541679484,422.19841324597274,262.6340879175639,295.5388892721809,0.0465838598338052,3.0168562830735966e-05,0.00010408011490050489,0.00010408011490050489,235.0,-235.0,33.44415620745603,-33.44415620745603,0.0034808716208224576,-0.0034808716208224576,0.02445882700161865,-0.02445882700161865,-0.0034808716208224576,0.0034808716208224576,-0.02445882700161865,0.02445882700161865,0.050064731454627656,0.04310298821298274,0.07104268683542385,0.022125032832186548,0.04310298821298274,0.050064731454627656,0.022125032832186548,0.07104268683542385,0.0465838598338052,0.0465838598338052,0.0465838598338052,0.0465838598338052,0.050064731454627656,0.07104268683542385,0.0465838598338052,0.0465838598338052,1.0747226965142216,1.5250493859649916,1.5250493859649916,0.015023847569599916,0.016384701344849033,0.013662993794350799,0.013662993794350799,0.016384701344849033,0.024539284621572205,0.00550841051762763,0.00550841051762763,0.024539284621572205,0.016384701344849033,0.024539284621572205,0.015023847569599916,0.015023847569599916,0.06009539027839966,0.06009539027839966,0.21,0.0,1.3333333333333333,0.0,157150.2575121373,7741.391995671788,11362.230735584482,0.0,0.0,157150.2575121373,5514.044123232888,8093.097681837368,8093.097681837368,0.0,0.0,157150.2575121373,0.0,0.0,117862.693134103,0.0,0.0,0.0,0.0,157150.2575121373,117862.693134103,5514.044123232888,4135.533092424666,8093.097681837368,6069.823261378027,8093.097681837368,D,8.093097681837369,8.093097681837369,0.0
3,A-B--A-6.5,x,13.0,0.0,30.75,A-B,1,1.0,1.6151219650223596,963.125,,0,95205.37091990536,107133.42581503162,1.125287625896244,6.178155153790095,10.5,0.8076923076923077,7705.0,128.34,47602.68545995268,370.9107484802297,90359.88192689329,704.0664011757308,4821.839730242986,9152.863215284498,9152.863215284498,704.0664011757307,492.84648082301146,600.0,3,19.0,0.8214108013716858,1600000,10.5,0.2,0.048373575988462064,189212.04455646643,3911284.0768848415,180719.76385378654,0.0483759401866727,0.0,1.4625480928443946,0.0,33.55584379254397,0.0,2.8058437925439677,11.75,5.466502375368872,987905.0183828258,2123457.225281992,0.0,1489620.9001343993,19151721257.064953,0.0,58.863756322817004,58.863756322817004,8814.227362486135,8873.091118808952,9152.863215284498,4821.839730242985,370.9107484802296,417.38127557671646,259.6375239361607,292.1668929037015,0.0465838598338052,3.0168562830735966e-05,0.00010408011490050489,0.00010408011490050489,235.0,-235.0,33.44415620745603,-33.44415620745603,0.0034808716208224576,-0.0034808716208224576,0.02445882700161865,-0.02445882700161865,-0.0034808716208224576,0.0034808716208224576,-0.02445882700161865,0.02445882700161865,0.050064731454627656,0.04310298821298274,0.07104268683542385,0.022125032832186548,0.04310298821298274,0.050064731454627656,0.022125032832186548,0.07104268683542385,0.0465838598338052,0.0465838598338052,0.0465838598338052,0.0465838598338052,0.050064731454627656,0.07104268683542385,0.0465838598338052,0.0465838598338052,1.0747226965142216,1.5250493859649916,1.5250493859649916,0.015023847569599916,0.016384701344849033,0.013662993794350799,0.013662993794350799,0.016384701344849033,0.024539284621572205,0.00550841051762763,0.00550841051762763,0.024539284621572205,0.016384701344849033,0.024539284621572205,0.015023847569599916,0.015023847569599916,0.06009539027839966,0.06009539027839966,0.21,0.0,1.3333333333333333,0.0,67273.54463234106,7392.6972123451715,10724.253739300182,0.0,0.0,67273.54463234106,5381.883570587284,7807.256722210532,7807.256722210532,0.0,0.0,67273.54463234106,0.0,0.0,50455.158474255804,0.0,0.0,0.0,0.0,67273.54463234106,50455.158474255804,5381.883570587284,4036.412677940464,7807.256722210532,5855.4425416579,7807.256722210532,D,8.093097681837369,8.093097681837369,0.0
3,A-B--A-7.9,x,11.67,0.0,30.75,A-B,1,1.0,1.6151219650223596,938.0,,0,95205.37091990536,107133.42581503162,1.125287625896244,6.178155153790095,10.5,0.8997429305912596,7705.0,128.34,47602.68545995268,370.9107484802297,90359.88192689329,704.0664011757308,4328.528434764281,8216.454901720777,8216.454901720777,704.0664011757307,492.84648082301146,600.0,3,19.0,0.8214108013716858,1600000,10.5,0.2,0.05019129569648614,163702.78526792457,3911284.0768848415,180719.76385378654,0.041853974820030546,0.0,1.2653697440252945,0.0,33.55584379254397,0.0,2.8058437925439677,11.75,5.466502375368872,987905.0183828258,2123457.225281992,0.0,1288792.6395855872,19151721257.064953,0.0,50.92784068776254,50.92784068776254,7625.907603324509,7676.835444012272,8216.454901720777,4328.528434764281,370.91074848022976,417.3812755767167,259.6375239361608,292.16689290370164,0.0465838598338052,3.0168562830735966e-05,0.00010408011490050489,0.00010408011490050489,235.0,-235.0,33.44415620745603,-33.44415620745603,0.0034808716208224576,-0.0034808716208224576,0.02445882700161865,-0.02445882700161865,-0.0034808716208224576,0.0034808716208224576,-0.02445882700161865,0.02445882700161865,0.050064731454627656,0.04310298821298274,0.07104268683542385,0.022125032832186548,0.04310298821298274,0.050064731454627656,0.022125032832186548,0.07104268683542385,0.0465838598338052,0.0465838598338052,0.0465838598338052,0.0465838598338052,0.050064731454627656,0.07104268683542385,0.0465838598338052,0.0465838598338052,1.0747226965142216,1.5250493859649916,1.5250493859649916,0.015023847569599916,0.016384701344849033,0.013662993794350799,0.013662993794350799,0.016384701344849033,0.024539284621572205,0.00550841051762763,0.00550841051762763,0.024539284621572205,0.016384701344849033,0.024539284621572205,0.015023847569599916,0.015023847569599916,0.06009539027839966,0.06009539027839966,0.21,0.0,1.3333333333333333,0.0,60390.94352764771,7392.697212345172,10724.253739300182,0.0,0.0,60390.94352764771,5406.530306861926,7843.010635303777,7843.010635303777,0.0,0.0,60390.94352764771,0.0,0.0,45293.20764573579,0.0,0.0,0.0,0.0,60390.94352764771,45293.20764573579,5406.530306861926,4054.897730146445,7843.010635303777,5882.257976477834,7843.010635303777,D,8.093097681837369,8.093097681837369,0.0
3,A-B--A-8.8,x,10.0,0.0,30.75,A-B,1,1.0,1.6151219650223596,1088.75,,0,95205.37091990536,107133.42581503162,1.125287625896244,6.178155153790095,10.5,1.05,7705.0,128.34,47602.68545995268,370.9107484802297,90359.88192689329,704.0664011757308,3709.107484802297,7040.664011757308,7040.664011757308,704.0664011757308,492.8464808230115,600.0,3,19.0,0.8214108013716859,1600000,10.5,0.2,0.0531584156108623,132446.8370783916,3911284.0768848415,180719.76385378654,0.03386275056346187,0.0,1.0237713430260258,0.0,33.55584379254397,0.0,2.8058437925439677,11.75,5.466502375368872,987905.0183828258,2123457.225281992,0.0,1042722.0800406765,19151721257.064953,0.0,41.20413349893081,41.20413349893081,6169.884893890627,6211.0890273895575,7040.664011757308,3709.1074848022977,370.91074848022976,417.3812755767167,259.6375239361608,292.16689290370164,0.0465838598338052,3.0168562830735966e-05,0.00010408011490050489,0.00010408011490050489,235.0,-235.0,33.44415620745603,-33.44415620745603,0.0034808716208224576,-0.0034808716208224576,0.02445882700161865,-0.02445882700161865,-0.0034808716208224576,0.0034808716208224576,-0.02445882700161865,0.02445882700161865,0.050064731454627656,0.04310298821298274,0.07104268683542385,0.022125032832186548,0.04310298821298274,0.050064731454627656,0.022125032832186548,0.07104268683542385,0.0465838598338052,0.0465838598338052,0.0465838598338052,0.0465838598338052,0.050064731454627656,0.07104268683542385,0.0465838598338052,0.0465838598338052,1.0747226965142216,1.5250493859649916,1.5250493859649916,0.015023847569599916,0.016384701344849033,0.013662993794350799,0.013662993794350799,0.016384701344849033,0.024539284621572205,0.00550841051762763,0.00550841051762763,0.024539284621572205,0.016384701344849033,0.024539284621572205,0.015023847569599916,0.015023847569599916,0.06009539027839966,0.06009539027839966,0.21,0.0,1.3333333333333333,0.0,51748.880486416216,7392.697212345173,10724.253739300184,0.0,0.0,51748.880486416216,5447.250577517497,7902.081702642241,7902.081702642241,0.0,0.0,51748.880486416216,0.0,0.0,38811.66036481216,0.0,0.0,0.0,0.0,51748.880486416216,38811.66036481216,5447.250577517497,4085.437933138122,7902.081702642241,5926.56127698168,7902.081702642241,D,8.093097681837369,8.093097681837369,0.0
3,A-C--A-1.8,x,16.0,0.0,36.25,A-C,1,1.0,1.6151219650223596,1563.4450000000002,,0,95205.37091990536,107133.42581503162,1.125287625896244,6.178155153790095,10.5,0.65625,7705.0,144.34,47602.68545995268,329.79552071465065,90359.88192689329,626.0210747325293,5276.72833143441,10016.337195720469,10016.337195720469,644.6843471674148,451.2790430171903,460.7142857142857,4,17.0,0.9795204034481649,1600000,10.5,0.2,0.0459707317746686,217885.0936029651,3911284.0768848415,180719.76385378654,0.055706793298557995,0.0,2.0302071043295293,0.0,33.55584379254397,0.0,2.6941562074560323,11.75,5.35481479028094,967720.8643803351,2123457.225281992,0.0,1596986.2937041486,19151721257.064953,0.0,65.72250695802758,65.72250695802758,10249.22704772061,10314.949554678637,10314.949554678637,5237.750706475539,327.3594191547212,368.37350359538965,229.15159340830482,257.8614525167727,0.0465838598338052,2.9179247367849816e-05,0.00010408011490050489,0.00010408011490050489,235.0,-235.0,33.44415620745603,-33.44415620745603,0.0034808716208224576,-0.0034808716208224576,0.02445882700161865,-0.02445882700161865,-0.0034808716208224576,0.0034808716208224576,-0.02445882700161865,0.02445882700161865,0.050064731454627656,0.04310298821298274,0.07104268683542385,0.022125032832186548,0.04310298821298274,0.050064731454627656,0.022125032832186548,0.07104268683542385,0.0465838598338052,0.0465838598338052,0.0465838598338052,0.0465838598338052,0.050064731454627656,0.07104268683542385,0.0465838598338052,0.0465838598338052,1.0747226965142216,1.5250493859649916,1.5250493859649916,0.015023847569599916,0.016384701344849033,0.013662993794350799,0.013662993794350799,0.016384701344849033,0.024539284621572205,0.00550841051762763,0.00550841051762763,0.024539284621572205,0.016384701344849033,0.024539284621572205,0.015023847569599916,0.015023847569599916,0.06009539027839966,0.06009539027839966,0.21,0.0,1.3333333333333333,0.0,75814.87922688798,6769.185645257855,9942.43492538479,0.0,0.0,75814.87922688798,4891.282530766966,7184.2110428586875,7184.2110428586875,0.0,0.0,75814.87922688798,0.0,0.0,56861.15942016598,0.0,0.0,0.0,0.0,75814.87922688798,56861.15942016598,4891.282530766966,3668.461898075225,7184.2110428586875,5388.158282144016,7184.2110428586875,D,8.093097681837369,8.093097681837369,0.0
3,A-C--A-3.2,x,9.34,0.0,36.25,A-C,1,1.0,1.6151219650223596,469.0,,0,95205.37091990536,107133.42581503162,1.125287625896244,6.178155153790095,10.5,1.1241970021413277,7705.0,144.34,47602.68545995268,329.79552071465065,90359.88192689329,626.0210747325293,3080.290163474837,5847.036838001823,5847.036838001823,626.0210747325292,438.21475231277043,460.7142857142857,4,17.0,0.9511638034695792,1600000,10.5,0.2,0.05403728785930551,108203.74355621795,3911284.0768848415,180719.76385378654,0.02766450644576992,0.0,0.9859764785300188,0.0,33.55584379254397,0.0,2.6941562074560323,11.75,5.35481479028094,967720.8643803351,2123457.225281992,0.0,785394.456432028,19151721257.064953,0.0,32.32218888236295,32.32218888236295,5040.54802331586,5072.870212198222,5847.036838001823,3080.2901634748364,329.7955207146506,371.1148185362048,230.8568645002554,259.7803729753433,0.0465838598338052,2.9179247367849816e-05,0.00010408011490050489,0.00010408011490050489,235.0,-235.0,33.44415620745603,-33.44415620745603,0.0034808716208224576,-0.0034808716208224576,0.02445882700161865,-0.02445882700161865,-0.0034808716208224576,0.0034808716208224576,-0.02445882700161865,0.02445882700161865,0.050064731454627656,0.04310298821298274,0.07104268683542385,0.022125032832186548,0.04310298821298274,0.050064731454627656,0.022125032832186548,0.07104268683542385,0.0465838598338052,0.0465838598338052,0.0465838598338052,0.0465838598338052,0.050064731454627656,0.07104268683542385,0.0465838598338052,0.0465838598338052,1.0747226965142216,1.5250493859649916,1.5250493859649916,0.015023847569599916,0.016384701344849033,0.013662993794350799,0.013662993794350799,0.016384701344849033,0.024539284621572205,0.00550841051762763,0.00550841051762763,0.024539284621572205,0.016384701344849033,0.024539284621572205,0.015023847569599916,0.015023847569599916,0.06009539027839966,0.06009539027839966,0.21,0.0,1.3333333333333333,0.0,42975.72075931339,6573.221284691556,9535.476824870342,0.0,0.0,42975.72075931339,4861.506873225497,7052.369624547771,7052.369624547771,0.0,0.0,42975.72075931339,0.0,0.0,32231.79056948505,0.0,0.0,0.0,0.0,42975.72075931339,32231.79056948505,4861.506873225497,3646.130154919123,7052.369624547771,5289.277218410829,7052.369624547771,D,8.093097681837369,8.093097681837369,0.0
3,A-C--A-3.8,x,16.75,0.0,36.25,A-C,1,1.0,1.6151219650223596,720.25,,0,95205.37091990536,107133.42581503162,1.125287625896244,6.178155153790095,10.5,0.6268656716417911,7705.0,144.34,47602.68545995268,329.79552071465065,90359.88192689329,626.0210747325293,5524.074971970398,10485.853001769865,10485.853001769865,646.5059796913953,452.55418578397666,460.7142857142857,4,17.0,0.9822881551900269,1600000,10.5,0.2,0.04549687103904218,230474.15706393635,3911284.0768848415,180719.76385378654,0.0589254455911314,0.0,2.1526770974146006,0.0,33.55584379254397,0.0,2.6941562074560323,11.75,5.35481479028094,967720.8643803351,2123457.225281992,0.0,1676569.0237688592,19151721257.064953,0.0,68.99766126025087,68.99766126025087,10759.977498570619,10828.97515983087,10828.97515983087,5484.48942527844,327.43220449423524,368.4554080372915,229.20254314596465,257.918785626104,0.0465838598338052,2.9179247367849816e-05,0.00010408011490050489,0.00010408011490050489,235.0,-235.0,33.44415620745603,-33.44415620745603,0.0034808716208224576,-0.0034808716208224576,0.02445882700161865,-0.02445882700161865,-0.0034808716208224576,0.0034808716208224576,-0.02445882700161865,0.02445882700161865,0.050064731454627656,0.04310298821298274,0.07104268683542385,0.022125032832186548,0.04310298821298274,0.050064731454627656,0.022125032832186548,0.07104268683542385,0.0465838598338052,0.0465838598338052,0.0465838598338052,0.0465838598338052,0.050064731454627656,0.07104268683542385,0.0465838598338052,0.0465838598338052,1.0747226965142216,1.5250493859649916,1.5250493859649916,0.015023847569599916,0.016384701344849033,0.013662993794350799,0.013662993794350799,0.016384701344849033,0.024539284621572205,0.00550841051762763,0.00550841051762763,0.024539284621572205,0.016384701344849033,0.024539284621572205,0.015023847569599916,0.015023847569599916,0.06009539027839966,0.06009539027839966,0.21,0.0,1.3333333333333333,0.0,79592.96742475689,6788.3127867596495,9979.05053873125,0.0,0.0,79592.96742475689,4898.028764600424,7200.268773330702,7200.268773330702,0.0,0.0,79592.96742475689,0.0,0.0,59694.72556856767,0.0,0.0,0.0,0.0,79592.96742475689,59694.72556856767,4898.028764600424,3673.521573450318,7200.268773330702,5400.201579998026,7200.268773330702,D,8.093097681837369,8.093097681837369,0.0
3,A-C--A-4.6,x,16.0,0.0,36.25,A-C,1,1.0,1.6151219650223596,971.5,,0,95205.37091990536,107133.42581503162,1.125287625896244,6.178155153790095,10.5,0.65625,7705.0,144.34,47602.68545995268,329.79552071465065,90359.88192689329,626.0210747325293,5276.72833143441,10016.337195720469,10016.337195720469,644.6843471674148,451.2790430171903,460.7142857142857,4,17.0,0.9795204034481649,1600000,10.5,0.2,0.0459707317746686,217885.0936029651,3911284.0768848415,180719.76385378654,0.055706793298557995,0.0,2.0302071043295293,0.0,33.55584379254397,0.0,2.6941562074560323,11.75,5.35481479028094,967720.8643803351,2123457.225281992,0.0,1596986.2937041486,19151721257.064953,0.0,65.72250695802758,65.72250695802758,10249.22704772061,10314.949554678637,10314.949554678637,5237.750706475539,327.3594191547212,368.37350359538965,229.15159340830482,257.8614525167727,0.0465838598338052,2.9179247367849816e-05,0.00010408011490050489,0.00010408011490050489,235.0,-235.0,33.44415620745603,-33.44415620745603,0.0034808716208224576,-0.0034808716208224576,0.02445882700161865,-0.02445882700161865,-0.0034808716208224576,0.0034808716208224576,-0.02445882700161865,0.02445882700161865,0.050064731454627656,0.04310298821298274,0.07104268683542385,0.022125032832186548,0.04310298821298274,0.050064731454627656,0.022125032832186548,0.07104268683542385,0.0465838598338052,0.0465838598338052,0.0465838598338052,0.0465838598338052,0.050064731454627656,0.07104268683542385,0.0465838598338052,0.0465838598338052,1.0747226965142216,1.5250493859649916,1.5250493859649916,0.015023847569599916,0.016384701344849033,0.013662993794350799,0.013662993794350799,0.016384701344849033,0.024539284621572205,0.00550841051762763,0.00550841051762763,0.024539284621572205,0.016384701344849033,0.024539284621572205,0.015023847569599916,0.015023847569599916,0.06009539027839966,0.06009539027839966,0.21,0.0,1.3333333333333333,0.0,75814.87922688798,6769.185645257855,9942.43492538479,0.0,0.0,75814.87922688798,4891.282530766966,7184.2110428586875,7184.2110428586875,0.0,0.0,75814.87922688798,0.0,0.0,56861.15942016598,0.0,0.0,0.0,0.0,75814.87922688798,56861.15942016598,4891.282530766966,3668.461898075225,7184.2110428586875,5388.158282144016,7184.2110428586875,B,7.722367919069359,7.722367919069359,0.0
3,A-C--A-5.5,x,15.0,0.0,36.25,A-C,1,1.0,1.6151219650223596,681.055,,0,95205.37091990536,107133.42581503162,1.125287625896244,6.178155153790095,10.5,0.7,7705.0,144.34,47602.68545995268,329.79552071465065,90359.88192689329,626.0210747325293,4946.93281071976,9390.31612098794,9390.31612098794,640.7409986690402,448.5186990683281,460.7142857142857,4,17.0,0.9735289592180765,1600000,10.5,0.2,0.04660825208305591,201473.25208107772,3911284.0768848415,180719.76385378654,0.05151076938434549,0.0,1.8680417409410217,0.0,33.55584379254397,0.0,2.6941562074560323,11.75,5.35481479028094,967720.8643803351,2123457.225281992,0.0,1488016.8641609682,19151721257.064953,0.0,61.237969977592655,61.237969977592655,9549.877010058011,9611.114980035603,9611.114980035603,4892.7803356794875,326.1853557119658,367.0523445312399,228.32974899837606,256.9366411718679,0.0465838598338052,2.9179247367849816e-05,0.00010408011490050489,0.00010408011490050489,235.0,-235.0,33.44415620745603,-33.44415620745603,0.0034808716208224576,-0.0034808716208224576,0.02445882700161865,-0.02445882700161865,-0.0034808716208224576,0.0034808716208224576,-0.02445882700161865,0.02445882700161865,0.050064731454627656,0.04310298821298274,0.07104268683542385,0.022125032832186548,0.04310298821298274,0.050064731454627656,0.022125032832186548,0.07104268683542385,0.0465838598338052,0.0465838598338052,0.0465838598338052,0.0465838598338052,0.050064731454627656,0.07104268683542385,0.0465838598338052,0.0465838598338052,1.0747226965142216,1.5250493859649916,1.5250493859649916,0.015023847569599916,0.016384701344849033,0.013662993794350799,0.013662993794350799,0.016384701344849033,0.024539284621572205,0.00550841051762763,0.00550841051762763,0.024539284621572205,0.016384701344849033,0.024539284621572205,0.015023847569599916,0.015023847569599916,0.06009539027839966,0.06009539027839966,0.21,0.0,1.3333333333333333,0.0,70641.69510326168,6727.780486024922,9873.336915595666,0.0,0.0,70641.69510326168,4871.841041604253,7149.657766465827,7149.657766465827,0.0,0.0,70641.69510326168,0.0,0.0,52981.271327446266,0.0,0.0,0.0,0.0,70641.69510326168,52981.271327446266,4871.841041604253,3653.880781203191,7149.657766465827,5362.243324849371,7149.657766465827,B,7.722367919069359,7.722367919069359,0.0
3,A-C--A-6.5,x,26.0,0.0,36.25,A-C,1,1.0,1.6151219650223596,1021.75,,0,95205.37091990536,107133.42581503162,1.125287625896244,6.178155153790095,10.5,0.40384615384615385,7705.0,144.34,47602.68545995268,329.79552071465065,90359.88192689329,626.0210747325293,8574.683538580917,16276.54794304576,16276.54794304576,717.7872788593852,502.4510952015696,600.0,3,19.0,0.837418492002616,1600000,10.5,0.2,0.04105496822546654,396457.4483082747,3911284.0768848415,180719.76385378654,0.10136247854030456,0.0,3.702471677323834,0.0,33.55584379254397,0.0,2.6941562074560323,11.75,5.35481479028094,967720.8643803351,2123457.225281992,0.0,2889370.174957009,19151721257.064953,0.0,118.90938086104131,118.90938086104131,18543.559869482975,18662.469250344016,18662.469250344016,10126.57882945257,389.48380113279114,438.2813019017634,272.6386607929538,306.79691133123436,0.0465838598338052,2.9179247367849816e-05,0.00010408011490050489,0.00010408011490050489,235.0,-235.0,33.44415620745603,-33.44415620745603,0.0034808716208224576,-0.0034808716208224576,0.02445882700161865,-0.02445882700161865,-0.0034808716208224576,0.0034808716208224576,-0.02445882700161865,0.02445882700161865,0.050064731454627656,0.04310298821298274,0.07104268683542385,0.022125032832186548,0.04310298821298274,0.050064731454627656,0.022125032832186548,0.07104268683542385,0.0465838598338052,0.0465838598338052,0.0465838598338052,0.0465838598338052,0.050064731454627656,0.07104268683542385,0.0465838598338052,0.0465838598338052,1.0747226965142216,1.5250493859649916,1.5250493859649916,0.015023847569599916,0.016384701344849033,0.013662993794350799,0.013662993794350799,0.016384701344849033,0.024539284621572205,0.00550841051762763,0.00550841051762763,0.024539284621572205,0.016384701344849033,0.024539284621572205,0.015023847569599916,0.015023847569599916,0.06009539027839966,0.06009539027839966,0.21,0.0,1.3333333333333333,0.0,137169.1489900285,7536.766428023546,10819.801205289486,0.0,0.0,137169.1489900285,5379.1823133344515,7722.367919069358,7722.367919069358,0.0,0.0,137169.1489900285,0.0,0.0,102876.86174252139,0.0,0.0,0.0,0.0,137169.1489900285,102876.86174252139,5379.1823133344515,4034.3867350008386,7722.367919069358,5791.775939302019,7722.367919069358,B,7.722367919069359,7.722367919069359,0.0
3,A-C--A-6.9,x,11.5,0.0,36.25,A-C,1,1.0,1.6151219650223596,536.0,,0,95205.37091990536,107133.42581503162,1.125287625896244,6.178155153790095,10.5,0.9130434782608695,7705.0,144.34,47602.68545995268,329.79552071465065,90359.88192689329,626.0210747325293,3792.6484882184823,7199.242359424086,7199.242359424086,626.0210747325292,438.21475231277043,460.7142857142857,4,17.0,0.9511638034695792,1600000,10.5,0.2,0.049939746279002606,144158.56899239073,3911284.0768848415,180719.76385378654,0.036857095050791204,0.0,1.3136048119369919,0.0,33.55584379254397,0.0,2.6941562074560323,11.75,5.35481479028094,967720.8643803351,2123457.225281992,0.0,1046371.7539954877,19151721257.064953,0.0,43.062470325366526,43.062470325366526,6715.462571783466,6758.525042108832,7199.242359424086,3792.6484882184823,329.79552071465065,371.11481853620484,230.85686450025543,259.78037297534337,0.0465838598338052,2.9179247367849816e-05,0.00010408011490050489,0.00010408011490050489,235.0,-235.0,33.44415620745603,-33.44415620745603,0.0034808716208224576,-0.0034808716208224576,0.02445882700161865,-0.02445882700161865,-0.0034808716208224576,0.0034808716208224576,-0.02445882700161865,0.02445882700161865,0.050064731454627656,0.04310298821298274,0.07104268683542385,0.022125032832186548,0.04310298821298274,0.050064731454627656,0.022125032832186548,0.07104268683542385,0.0465838598338052,0.0465838598338052,0.0465838598338052,0.0465838598338052,0.050064731454627656,0.07104268683542385,0.0465838598338052,0.0465838598338052,1.0747226965142216,1.5250493859649916,1.5250493859649916,0.015023847569599916,0.016384701344849033,0.013662993794350799,0.013662993794350799,0.016384701344849033,0.024539284621572205,0.00550841051762763,0.00550841051762763,0.024539284621572205,0.016384701344849033,0.024539284621572205,0.015023847569599916,0.015023847569599916,0.06009539027839966,0.06009539027839966,0.21,0.0,1.3333333333333333,0.0,52914.43134176703,6573.221284691557,9535.476824870344,0.0,0.0,52914.43134176703,4810.402849251548,6978.235312746023,6978.235312746023,0.0,0.0,52914.43134176703,0.0,0.0,39685.82350632528,0.0,0.0,0.0,0.0,52914.43134176703,39685.82350632528,4810.402849251548,3607.802136938662,6978.235312746023,5233.676484559519,6978.235312746023,B,7.722367919069359,7.722367919069359,0.0
3,A-C--A-8.5,x,9.75,0.0,36.25,A-C,1,1.0,1.6151219650223596,787.25,,0,95205.37091990536,107133.42581503162,1.125287625896244,6.178155153790095,10.5,1.0769230769230769,7705.0,144.34,47602.68545995268,329.79552071465065,90359.88192689329,626.0210747325293,3215.506326967844,6103.70547864216,6103.70547864216,626.0210747325293,438.2147523127705,460.7142857142857,4,17.0,0.9511638034695793,1600000,10.5,0.2,0.0531199132842282,114904.28167649904,3911284.0768848415,180719.76385378654,0.029377636453349877,0.0,1.047033266058432,0.0,33.55584379254397,0.0,2.6941562074560323,11.75,5.35481479028094,967720.8643803351,2123457.225281992,0.0,834030.1627562371,19151721257.064953,0.0,34.32374679172194,34.32374679172194,5352.684951922102,5387.008698713824,6103.70547864216,3215.506326967844,329.79552071465065,371.11481853620484,230.85686450025543,259.78037297534337,0.0465838598338052,2.9179247367849816e-05,0.00010408011490050489,0.00010408011490050489,235.0,-235.0,33.44415620745603,-33.44415620745603,0.0034808716208224576,-0.0034808716208224576,0.02445882700161865,-0.02445882700161865,-0.0034808716208224576,0.0034808716208224576,-0.02445882700161865,0.02445882700161865,0.050064731454627656,0.04310298821298274,0.07104268683542385,0.022125032832186548,0.04310298821298274,0.050064731454627656,0.022125032832186548,0.07104268683542385,0.0465838598338052,0.0465838598338052,0.0465838598338052,0.0465838598338052,0.050064731454627656,0.07104268683542385,0.0465838598338052,0.0465838598338052,1.0747226965142216,1.5250493859649916,1.5250493859649916,0.015023847569599916,0.016384701344849033,0.013662993794350799,0.013662993794350799,0.016384701344849033,0.024539284621572205,0.00550841051762763,0.00550841051762763,0.024539284621572205,0.016384701344849033,0.024539284621572205,0.015023847569599916,0.015023847569599916,0.06009539027839966,0.06009539027839966,0.21,0.0,1.3333333333333333,0.0,44862.235268019875,6573.221284691557,9535.476824870344,0.0,0.0,44862.235268019875,4849.971380326473,7035.635603215145,7035.635603215145,0.0,0.0,44862.235268019875,0.0,0.0,33646.67645101491,0.0,0.0,0.0,0.0,44862.235268019875,33646.67645101491,4849.971380326473,3637.478535244855,7035.635603215145,5276.726702411359,7035.635603215145,B,7.722367919069359,7.722367919069359,0.0
3,A-C--A-9.2,x,24.0,0.0,36.25,A-C,1,1.0,1.6151219650223596,954.75,,0,95205.37091990536,107133.42581503162,1.125287625896244,6.178155153790095,10.5,0.4375,7705.0,144.34,47602.68545995268,329.79552071465065,90359.88192689329,626.0210747325293,7915.092497151616,15024.505793580702,15024.505793580702,715.7490217543196,501.02431522802374,600.0,3,19.0,0.8350405253800396,1600000,10.5,0.2,0.041623781030461965,360959.6586764946,3911284.0768848415,180719.76385378654,0.09228674051310086,0.0,3.362842079084937,0.0,33.55584379254397,0.0,2.6941562074560323,11.75,5.35481479028094,967720.8643803351,2123457.225281992,0.0,2659537.2971967873,19151721257.064953,0.0,109.45081946491077,109.45081946491077,17068.525702638763,17177.976522103672,17177.976522103672,9318.580794019545,388.2741997508144,436.92015243435793,271.79193982557007,305.84410670405055,0.0465838598338052,2.9179247367849816e-05,0.00010408011490050489,0.00010408011490050489,235.0,-235.0,33.44415620745603,-33.44415620745603,0.0034808716208224576,-0.0034808716208224576,0.02445882700161865,-0.02445882700161865,-0.0034808716208224576,0.0034808716208224576,-0.02445882700161865,0.02445882700161865,0.050064731454627656,0.04310298821298274,0.07104268683542385,0.022125032832186548,0.04310298821298274,0.050064731454627656,0.022125032832186548,0.07104268683542385,0.0465838598338052,0.0465838598338052,0.0465838598338052,0.0465838598338052,0.050064731454627656,0.07104268683542385,0.0465838598338052,0.0465838598338052,1.0747226965142216,1.5250493859649916,1.5250493859649916,0.015023847569599916,0.016384701344849033,0.013662993794350799,0.013662993794350799,0.016384701344849033,0.024539284621572205,0.00550841051762763,0.00550841051762763,0.024539284621572205,0.016384701344849033,0.024539284621572205,0.015023847569599916,0.015023847569599916,0.06009539027839966,0.06009539027839966,0.21,0.0,1.3333333333333333,0.0,126258.127437462,7515.364728420357,10790.11294845541,0.0,0.0,126258.127437462,5372.686273934553,7713.7828737894,7713.7828737894,0.0,0.0,126258.127437462,0.0,0.0,94693.5955780965,0.0,0.0,0.0,0.0,126258.127437462,94693.5955780965,5372.686273934553,4029.514705450915,7713.7828737894,5785.33715534205,7713.7828737894,B,7.722367919069359,7.722367919069359,0.0
2,A-2,y,29.75,31.916666666666668,0.0,A-2,1,1.0390116198334478,1.340408943459853,1369.3125,,90,64637.0148563729,98472.64000000003,1.5234713456184787,4.194485065306483,10.5,0.35294117647058826,1369.3125,29.75,5743.560830987483,193.06086826848684,21802.083325603842,732.8431369950871,5743.560830987483,21802.083325603842,21802.083325603842,732.8431369950871,512.990195896561,600.0,3,19.0,0.8549836598276016,1600000,10.5,0.2,0.04076330395473133,534845.8346216391,6672892.985296257,245356.77871015947,0.08015201739338151,2.4732768519616384,0.0,118.12763368903262,0.0,86.21096702236595,0.0,12.836020222075632,4.490369960590507,1101742.7087473525,3149404.573146943,3975151188.5930657,0.0,24448165697.7262,2077.9018950652107,0.0,2077.9018950652107,19435.27791486172,21513.17980992693,21802.083325603842,4176.818896757039,140.39727384057272,213.89122369906337,98.2780916884009,149.72385658934436,0.03633809344072135,3.2760889990588725e-05,0.00012104546138215,0.00012104546138215,116.87236631096738,-116.87236631096738,67.0,-67.0,0.008110045912604051,-0.008110045912604051,0.014146869502934692,-0.014146869502934692,-0.008110045912604051,0.008110045912604051,-0.014146869502934692,0.014146869502934692,0.0444481393533254,0.0282280475281173,0.050484962943656043,0.022191223937786657,0.0282280475281173,0.0444481393533254,0.022191223937786657,0.050484962943656043,0.03633809344072135,0.03633809344072135,0.03633809344072135,0.03633809344072135,0.0444481393533254,0.050484962943656043,0.03633809344072135,0.03633809344072135,1.2231830331394253,1.3893123761711001,1.3893123761711001,0.002610997740653702,0.0017058260066702552,0.0035161694746371486,0.0035161694746371486,0.0017058260066702552,0.0014105330455496529,0.003811462435757751,0.003811462435757751,0.0014105330455496529,0.0035161694746371486,0.003811462435757751,0.0035161694746371486,0.0035161694746371486,0.014064677898548594,0.014064677898548594,0.21,684.65625,1.3333333333333333,1073.9705882352941,160245.31244318822,7694.8529384484145,16643.145675613698,4973.020808823529,26641.182904411762,138577.1503476,4737.680353764103,9695.8469312401,9695.8469312401,1227.3949579831933,767.1218487394958,160245.31244318822,80.18980392156863,715.9803921568628,120183.98433239119,60.14235294117648,715.9803921568628,613.6974789915967,51.141456582633054,161041.48263926664,121624.94601306345,5505.691714162962,4158.117812412425,11931.009206252667,9034.803985060109,11931.009206252667,E,16.505622060160054,18.257752324670413,0.0
2,A-2.4,y,29.75,40.083333333333336,0.0,A-2.4,2,1.0390116198334478,1.340408943459853,2146.791666666667,,90,64637.0148563729,98472.64000000003,1.5234713456184787,4.194485065306483,10.5,0.35294117647058826,2146.791666666667,29.75,9004.685584157749,302.67850703051255,34181.04399060012,1148.9426551462225,9004.685584157749,34181.04399060012,34181.04399060012,1206.0991586390278,844.2694110473194,921.4285714285714,4,17.0,0.9162613763304241,1600000,10.5,0.2,0.03878402851875583,881317.5241470926,6672892.985296257,245356.77871015947,0.13207427814129177,5.332648837810518,0.0,118.12763368903262,0.0,78.04430035569928,0.0,12.836020222075632,4.490369960590507,1101742.7087473525,3149404.573146943,5483631915.877527,0.0,24448165697.7262,3166.365234681014,0.0,3166.365234681014,32715.084734830063,35881.44996951108,35881.44996951108,10705.091563068709,359.8350105233179,548.1983276825986,251.88450736632254,383.738829377819,0.03633809344072135,3.2760889990588725e-05,0.00012104546138215,0.00012104546138215,116.87236631096738,-116.87236631096738,67.0,-67.0,0.008110045912604051,-0.008110045912604051,0.014146869502934692,-0.014146869502934692,-0.008110045912604051,0.008110045912604051,-0.014146869502934692,0.014146869502934692,0.0444481393533254,0.0282280475281173,0.050484962943656043,0.022191223937786657,0.0282280475281173,0.0444481393533254,0.022191223937786657,0.050484962943656043,0.03633809344072135,0.03633809344072135,0.03633809344072135,0.03633809344072135,0.0444481393533254,0.050484962943656043,0.03633809344072135,0.03633809344072135,1.2231830331394253,1.3893123761711001,1.3893123761711001,0.002610997740653702,0.0017058260066702552,0.0035161694746371486,0.0035161694746371486,0.0017058260066702552,0.0014105330455496529,0.003811462435757751,0.003811462435757751,0.0014105330455496529,0.0035161694746371486,0.003811462435757751,0.0035161694746371486,0.0035161694746371486,0.014064677898548594,0.014064677898548594,0.21,536.6979166666667,1.3333333333333333,841.8790849673203,263728.6572759064,12664.041165709792,25554.23368123133,3898.3211029411764,20883.863051470587,246743.115327377,8435.662062474426,16505.622060160054,16505.622060160054,962.1475256769377,601.342203548086,263728.6572759064,62.86030501089324,561.2527233115468,197796.49295692984,47.14522875816994,561.2527233115468,481.07376283846884,40.08948023653907,264352.7703042288,198926.05415207456,9037.701548862524,6800.890740241865,18257.752324670415,13761.157979287724,18257.752324670415,E,16.505622060160054,18.257752324670413,153.73017399011587
2,A-3,y,29.75,49.833333333333336,0.0,A-3,1,1.0390116198334478,1.340408943459853,593.2291666666667,,90,64637.0148563729,98472.64000000003,1.5234713456184787,4.194485065306483,10.5,0.35294117647058826,593.2291666666667,29.75,2488.290879887544,83.6400295760519,9445.347006505235,317.49065568084825,2488.290879887544,9445.347006505235,9445.347006505235,415.16239901149265,290.6136793080448,310.7142857142857,6,14.0,0.9353083931753167,1600000,10.5,0.2,0.032471062466103685,290885.06162572186,6672892.985296257,245356.77871015947,0.04359204654812959,2.6013689950996346,0.0,118.12763368903262,0.0,68.29430035569928,0.0,12.836020222075632,4.490369960590507,1101742.7087473525,3149404.573146943,1461518269.0289845,0.0,24448165697.7262,964.392208351782,0.0,964.392208351782,11386.689162240124,12351.081370591906,12351.081370591906,3720.401195971901,125.05550238561011,190.5184744964003,87.53885166992707,133.3629321474802,0.03633809344072135,3.2760889990588725e-05,0.00012104546138215,0.00012104546138215,116.87236631096738,-116.87236631096738,67.0,-67.0,0.008110045912604051,-0.008110045912604051,0.014146869502934692,-0.014146869502934692,-0.008110045912604051,0.008110045912604051,-0.014146869502934692,0.014146869502934692,0.0444481393533254,0.0282280475281173,0.050484962943656043,0.022191223937786657,0.0282280475281173,0.0444481393533254,0.022191223937786657,0.050484962943656043,0.03633809344072135,0.03633809344072135,0.03633809344072135,0.03633809344072135,0.0444481393533254,0.050484962943656043,0.03633809344072135,0.03633809344072135,1.2231830331394253,1.3893123761711001,1.3893123761711001,0.002610997740653702,0.0017058260066702552,0.0035161694746371486,0.0035161694746371486,0.0017058260066702552,0.0014105330455496529,0.003811462435757751,0.003811462435757751,0.0014105330455496529,0.0035161694746371486,0.003811462435757751,0.0035161694746371486,0.0035161694746371486,0.014064677898548594,0.014064677898548594,0.21,593.2291666666667,1.3333333333333333,930.5555555555557,90780.4480738505,4359.205189620673,8892.84483879177,4308.9375,23083.59375,72005.7918238505,2461.7364726102733,4465.470584655451,4465.470584655451,1063.4920634920636,664.6825396825398,90780.4480738505,69.48148148148148,620.3703703703704,68085.33605538789,52.11111111111113,620.3703703703704,531.7460317460318,44.31216931216932,91470.29992570233,69333.87573792756,3127.189741049652,2370.3889141171817,6402.1555324237315,4876.606474307626,6402.1555324237315,E,16.505622060160054,18.257752324670413,0.0
2,A-3.7,y,20.0,67.33333333333334,0.0,A-3.7,1,1.0390116198334478,1.340408943459853,441.08333333333337,,90,64637.0148563729,98472.64000000003,1.5234713456184787,4.194485065306483,10.5,0.525,441.08333333333337,20.0,1850.1174542222682,92.50587271111341,7022.893303660362,351.1446651830181,1850.1174542222682,7022.893303660362,7022.893303660362,380.7146854129295,266.50027978905064,310.7142857142857,6,14.0,0.8577020498957951,1600000,10.5,0.2,0.03341912188136591,210145.95561759034,6672892.985296257,245356.77871015947,0.03149248100945837,2.1748023708519675,0.0,118.12763368903262,0.0,50.79430035569928,0.0,12.836020222075632,4.490369960590507,1101742.7087473525,3149404.573146943,508589484.79893345,0.0,24448165697.7262,451.2178780378883,0.0,451.2178780378883,7163.075830220701,7614.2937082585895,7614.2937082585895,1439.376739079663,71.96883695398314,109.6424608768816,50.3781858677882,76.74972261381711,0.03633809344072135,3.2760889990588725e-05,0.00012104546138215,0.00012104546138215,116.87236631096738,-116.87236631096738,67.0,-67.0,0.008110045912604051,-0.008110045912604051,0.014146869502934692,-0.014146869502934692,-0.008110045912604051,0.008110045912604051,-0.014146869502934692,0.014146869502934692,0.0444481393533254,0.0282280475281173,0.050484962943656043,0.022191223937786657,0.0282280475281173,0.0444481393533254,0.022191223937786657,0.050484962943656043,0.03633809344072135,0.03633809344072135,0.03633809344072135,0.03633809344072135,0.0444481393533254,0.050484962943656043,0.03633809344072135,0.03633809344072135,1.2231830331394253,1.3893123761711001,1.3893123761711001,0.002610997740653702,0.0017058260066702552,0.0035161694746371486,0.0035161694746371486,0.0017058260066702552,0.0014105330455496529,0.003811462435757751,0.003811462435757751,0.0014105330455496529,0.0035161694746371486,0.003811462435757751,0.0035161694746371486,0.0035161694746371486,0.014064677898548594,0.014064677898548594,0.21,441.08333333333337,1.3333333333333333,1029.1944444444443,55965.05875570064,3997.5041968357596,8738.794410791272,4765.684874999999,25530.454687499998,35200.288943200634,1805.1430227282376,3178.4268611663833,3178.4268611663833,1176.2222222222222,735.1388888888889,55965.05875570064,76.8465185185185,686.1296296296296,41973.794066775474,57.634888888888895,686.1296296296296,588.1111111111111,49.00925925925927,56728.034903848784,43354.67895566436,2909.129995069168,2223.3168695212494,6391.387189513962,4917.948511793591,6391.387189513962,E,16.505622060160054,18.257752324670413,0.0
2,A-4,y,20.0,76.16666666666667,0.0,A-4,1,1.0390116198334478,1.340408943459853,505.29166666666663,,90,64637.0148563729,98472.64000000003,1.5234713456184787,4.194485065306483,10.5,0.525,505.29166666666663,20.0,2119.438349457155,105.97191747285774,8045.213214952692,402.26066074763463,2119.438349457155,8045.213214952692,8045.213214952692,422.5478725928359,295.7835108149851,310.7142857142857,6,14.0,0.9519469313585728,1600000,10.5,0.2,0.036129781681913914,222675.3896766561,6672892.985296257,245356.77871015947,0.03337014248052863,2.5501150810756816,0.0,118.12763368903262,0.0,41.96096702236595,0.0,12.836020222075632,4.490369960590507,1101742.7087473525,3149404.573146943,389227478.3910734,0.0,24448165697.7262,418.01504128083894,0.0,418.01504128083894,8032.94241057588,8450.957451856719,8450.957451856719,1637.8650488446056,81.89325244223028,124.76202349523834,57.32527670956119,87.33341644666683,0.03633809344072135,3.2760889990588725e-05,0.00012104546138215,0.00012104546138215,116.87236631096738,-116.87236631096738,67.0,-67.0,0.008110045912604051,-0.008110045912604051,0.014146869502934692,-0.014146869502934692,-0.008110045912604051,0.008110045912604051,-0.014146869502934692,0.014146869502934692,0.0444481393533254,0.0282280475281173,0.050484962943656043,0.022191223937786657,0.0282280475281173,0.0444481393533254,0.022191223937786657,0.050484962943656043,0.03633809344072135,0.03633809344072135,0.03633809344072135,0.03633809344072135,0.0444481393533254,0.050484962943656043,0.03633809344072135,0.03633809344072135,1.2231830331394253,1.3893123761711001,1.3893123761711001,0.002610997740653702,0.0017058260066702552,0.0035161694746371486,0.0035161694746371486,0.0017058260066702552,0.0014105330455496529,0.003811462435757751,0.003811462435757751,0.0014105330455496529,0.0035161694746371486,0.003811462435757751,0.0035161694746371486,0.0035161694746371486,0.014064677898548594,0.014064677898548594,0.21,505.29166666666663,1.3333333333333333,1179.0138888888887,62114.53727114688,4436.752662224777,9656.263129918427,5459.423812499999,29246.91328125,38327.047802396875,1965.4896308921475,3386.5000366508357,3386.5000366508357,1347.4444444444443,842.1527777777776,62114.53727114688,88.033037037037,786.0092592592591,46585.902953360164,66.02477777777779,786.0092592592591,673.7222222222222,56.14351851851851,62988.57956744317,48167.802731137934,3230.1835675611883,2470.1437298019455,7067.169779884454,5442.895497306503,7067.169779884454,E,16.505622060160054,18.257752324670413,0.0
2,A-5,y,29.75,97.5,0.0,A-5,1,1.0390116198334478,1.340408943459853,770.5,,90,64637.0148563729,98472.64000000003,1.5234713456184787,4.194485065306483,10.5,0.35294117647058826,770.5,29.75,3231.8507428186454,108.63363841407211,12267.838935507974,412.3643339666546,3231.8507428186454,12267.838935507974,12267.838935507974,505.41962046932235,353.7937343285256,460.7142857142857,4,17.0,0.7679243845890478,1600000,10.5,0.2,0.03267702546752804,375427.0396397868,6672892.985296257,245356.77871015947,0.0562615106322013,5.36668578980861,0.0,118.12763368903262,0.0,20.62763368903262,0.0,12.836020222075632,4.490369960590507,1101742.7087473525,3149404.573146943,171674461.27357468,0.0,24448165697.7262,375.0508788341469,0.0,375.0508788341469,14661.182830128193,15036.23370896234,15036.23370896234,4696.949797689014,157.8806654685383,240.52666986849493,110.5164658279768,168.36866890794644,0.03633809344072135,3.2760889990588725e-05,0.00012104546138215,0.00012104546138215,116.87236631096738,-116.87236631096738,67.0,-67.0,0.008110045912604051,-0.008110045912604051,0.014146869502934692,-0.014146869502934692,-0.008110045912604051,0.008110045912604051,-0.014146869502934692,0.014146869502934692,0.0444481393533254,0.0282280475281173,0.050484962943656043,0.022191223937786657,0.0282280475281173,0.0444481393533254,0.022191223937786657,0.050484962943656043,0.03633809344072135,0.03633809344072135,0.03633809344072135,0.03633809344072135,0.0444481393533254,0.050484962943656043,0.03633809344072135,0.03633809344072135,1.2231830331394253,1.3893123761711001,1.3893123761711001,0.002610997740653702,0.0017058260066702552,0.0035161694746371486,0.0035161694746371486,0.0017058260066702552,0.0014105330455496529,0.003811462435757751,0.003811462435757751,0.0014105330455496529,0.0035161694746371486,0.003811462435757751,0.0035161694746371486,0.0035161694746371486,0.014064677898548594,0.014064677898548594,0.21,770.5,1.3333333333333333,1208.627450980392,110516.3177608732,5306.906014927885,10686.718770342866,5596.549411764706,29981.514705882353,86131.35246675555,2944.6616227950612,5185.063434229529,5185.063434229529,1381.2885154061623,863.3053221288516,110516.3177608732,90.24418300653593,805.751633986928,82887.2383206549,67.68313725490196,805.751633986928,690.6442577030812,57.55368814192344,111412.31357786666,84508.87103774174,3808.967985568091,2889.192172230487,7700.4754134485665,5872.755109249681,7700.4754134485665,E,16.505622060160054,18.257752324670413,0.0
2,A-5.1,y,29.75,98.08333333333334,0.0,A-5.1,1,1.0390116198334478,1.340408943459853,1384.6666666666667,,90,64637.0148563729,98472.64000000003,1.5234713456184787,4.194485065306483,10.5,0.35294117647058826,1384.6666666666667,29.75,5807.963653761044,195.22566903398467,22046.551130478096,741.0605422009444,5807.963653761044,22046.551130478096,22046.551130478096,741.0605422009444,518.7423795406611,600.0,3,19.0,0.8645706325677684,1600000,10.5,0.2,0.041154425729603,535703.0438313145,6672892.985296257,245356.77871015947,0.08028047879858677,7.612826249937825,0.0,118.12763368903262,0.0,20.044300355699278,0.0,12.836020222075632,4.490369960590507,1101742.7087473525,3149404.573146943,215231542.27691156,0.0,24448165697.7262,483.89253307481016,0.0,483.89253307481016,19466.42726322115,19950.31979629596,22046.551130478096,5807.963653761042,195.22566903398462,297.4207127024723,136.65796832378922,208.1944988917306,0.03633809344072135,3.2760889990588725e-05,0.00012104546138215,0.00012104546138215,116.87236631096738,-116.87236631096738,67.0,-67.0,0.008110045912604051,-0.008110045912604051,0.014146869502934692,-0.014146869502934692,-0.008110045912604051,0.008110045912604051,-0.014146869502934692,0.014146869502934692,0.0444481393533254,0.0282280475281173,0.050484962943656043,0.022191223937786657,0.0282280475281173,0.0444481393533254,0.022191223937786657,0.050484962943656043,0.03633809344072135,0.03633809344072135,0.03633809344072135,0.03633809344072135,0.0444481393533254,0.050484962943656043,0.03633809344072135,0.03633809344072135,1.2231830331394253,1.3893123761711001,1.3893123761711001,0.002610997740653702,0.0017058260066702552,0.0035161694746371486,0.0035161694746371486,0.0017058260066702552,0.0014105330455496529,0.003811462435757751,0.003811462435757751,0.0014105330455496529,0.0035161694746371486,0.003811462435757751,0.0035161694746371486,0.0035161694746371486,0.014064677898548594,0.014064677898548594,0.21,692.3333333333334,1.3333333333333333,1086.0130718954247,162042.15080901398,7781.135693109916,16095.226054226536,5028.783529411764,26939.91176470588,140131.02257371988,4790.804190554526,9281.5995518972,9281.5995518972,1241.1577964519142,775.7236227824465,162042.15080901398,81.08897603485836,724.0087145969497,121531.6131067605,60.8167320261438,724.0087145969497,620.5788982259571,51.714908185496434,162847.2484996458,122988.73235979505,5567.427299133189,4204.742986659659,11541.824808586767,8743.886143369378,11541.824808586767,E,16.505622060160054,18.257752324670413,0.0
2,A-6,y,29.75,122.16666666666667,0.0,A-6,1,1.0009153965934983,1.265307370262678,988.25,,90,64637.0148563729,98472.64000000003,1.5234713456184787,4.194485065306483,10.5,0.35294117647058826,988.25,29.75,4145.199865789132,139.3344492702229,15734.836895542836,528.9020805224483,4145.199865789132,15734.836895542836,15734.836895542836,545.8543559940756,382.0980491958529,460.7142857142857,4,17.0,0.8293601067816962,1600000,10.5,0.2,0.034820661078803564,451882.1989029131,6672892.985296257,245356.77871015947,0.06771908374653049,8.210334665950045,0.0,118.12763368903262,0.0,4.039032977634051,0.0,11.133122220940976,4.238779690379971,1040013.3304936768,2731587.005116574,7256175.241425687,0.0,24448165697.7262,76.42280770049696,0.0,76.42280770049696,16162.744283123253,16239.16709082375,16239.16709082375,3702.378611977023,124.44970124292514,189.59555381437684,87.1147908700476,132.71688767006378,0.03633809344072135,3.2760889990588725e-05,0.00010876973705929327,0.00010876973705929327,116.87236631096738,-116.87236631096738,67.0,-67.0,0.007287572382972649,-0.007287572382972649,0.012712176553141327,-0.012712176553141327,-0.007287572382972649,0.007287572382972649,-0.012712176553141327,0.012712176553141327,0.043625665823693996,0.0290505210577487,0.04905026999386268,0.023625916887580024,0.0290505210577487,0.043625665823693996,0.023625916887580024,0.04905026999386268,0.03633809344072135,0.03633809344072135,0.03633809344072135,0.03633809344072135,0.043625665823693996,0.04905026999386268,0.03633809344072135,0.03633809344072135,1.2005491123209566,1.3498305868434957,1.3498305868434957,0.002610997740653702,0.004967052373546187,0.0002549431077612102,0.0002549431077612102,0.004967052373546187,0.00692785274072201,-0.0017058572594146025,-0.0017058572594146025,0.00692785274072201,0.004967052373546187,0.00692785274072201,0.004967052373546187,0.004967052373546187,0.019868209494184746,0.019868209494184746,0.21,494.125,1.3333333333333333,775.0980392156863,119357.87811755456,5731.470737937794,12203.714587952345,3589.091470588235,19227.27573529412,103719.69385284866,3545.9724394136297,7134.416876822177,7134.416876822177,885.8263305322128,553.641456582633,119357.87811755456,57.873986928104564,516.7320261437908,89518.40858816593,43.40549019607844,516.7320261437908,442.9131652661064,36.90943043884221,119932.48413062644,90558.36870021073,4100.255867713725,3096.0126051354096,8747.561515669171,6623.133249802226,8747.561515669171,A,8.165480194842019,8.991419363743196,0.0
2,A-6.1,y,29.75,122.75000000000001,0.0,A-6.1,1,1.0009153965934983,1.265307370262678,826.3333333333334,,90,64637.0148563729,98472.64000000003,1.5234713456184787,4.194485065306483,10.5,0.35294117647058826,826.3333333333334,29.75,3466.042825631591,116.50564119770053,13156.812771414348,442.2458074424991,3466.042825631591,13156.812771414348,13156.812771414348,532.325729875873,372.62801091311104,460.7142857142857,4,17.0,0.8088049849276828,1600000,10.5,0.2,0.03410344494415474,385791.31207885203,6672892.985296257,245356.77871015947,0.057814700899436654,6.8407170489249065,0.0,118.12763368903262,0.0,4.622366310967394,0.0,11.133122220940976,4.238779690379971,1040013.3304936768,2731587.005116574,9261626.946289139,0.0,24448165697.7262,85.23452597470799,0.0,85.23452597470799,15751.455937832514,15836.690463807221,15836.690463807221,5036.556573823047,169.29601928816965,257.91763431279975,118.50721350171874,180.54234401895982,0.03633809344072135,3.2760889990588725e-05,0.00010876973705929327,0.00010876973705929327,116.87236631096738,-116.87236631096738,67.0,-67.0,0.007287572382972649,-0.007287572382972649,0.012712176553141327,-0.012712176553141327,-0.007287572382972649,0.007287572382972649,-0.012712176553141327,0.012712176553141327,0.043625665823693996,0.0290505210577487,0.04905026999386268,0.023625916887580024,0.0290505210577487,0.043625665823693996,0.023625916887580024,0.04905026999386268,0.03633809344072135,0.03633809344072135,0.03633809344072135,0.03633809344072135,0.043625665823693996,0.04905026999386268,0.03633809344072135,0.03633809344072135,1.2005491123209566,1.3498305868434957,1.3498305868434957,0.002610997740653702,0.004967052373546187,0.0002549431077612102,0.0002549431077612102,0.004967052373546187,0.00692785274072201,-0.0017058572594146025,-0.0017058572594146025,0.00692785274072201,0.004967052373546187,0.00692785274072201,0.004967052373546187,0.004967052373546187,0.019868209494184746,0.019868209494184746,0.21,826.3333333333334,1.3333333333333333,1296.2091503267975,116399.67490898307,5589.420163696666,11188.897405028072,6002.096470588235,32154.08823529412,90247.6831442772,3085.3908767274256,5366.980426643331,5366.980426643331,1481.3818860877684,925.8636788048553,116399.67490898307,96.7836165577342,864.1394335511983,87299.7561817373,72.58771241830067,864.1394335511983,740.6909430438842,61.724245253657024,117360.597959092,89038.89851600435,4012.3281353535726,3044.064906530063,8064.66863624056,6152.957892225071,8064.66863624056,A,8.165480194842019,8.991419363743196,0.0
2,A-6.8,y,29.75,147.41666666666669,0.0,A-6.8,1,1.0009153965934983,1.265307370262678,905.8958333333333,,90,64637.0148563729,98472.64000000003,1.5234713456184787,4.194485065306483,10.5,0.35294117647058826,905.8958333333333,29.75,3799.7665436400375,127.72324516437101,14423.600487580932,484.82690714557754,3799.7665436400375,14423.600487580932,14423.600487580932,511.96968689989274,358.3787808299249,460.7142857142857,4,17.0,0.7778764235068137,1600000,10.5,0.2,0.0330242753128546,436757.51703676564,6672892.985296257,245356.77871015947,0.0654524983390506,9.753527906180716,0.0,118.12763368903262,0.0,29.289032977634065,0.0,11.133122220940976,4.238779690379971,1040013.3304936768,2731587.005116574,347646515.1933581,0.0,24448165697.7262,504.9233709496679,0.0,504.9233709496679,14726.174814322141,15231.098185271809,15231.098185271809,3506.4211136836475,117.8628945776016,179.5607426006276,82.50402620432111,125.69251982043932,0.03633809344072135,3.2760889990588725e-05,0.00010876973705929327,0.00010876973705929327,116.87236631096738,-116.87236631096738,67.0,-67.0,0.007287572382972649,-0.007287572382972649,0.012712176553141327,-0.012712176553141327,-0.007287572382972649,0.007287572382972649,-0.012712176553141327,0.012712176553141327,0.043625665823693996,0.0290505210577487,0.04905026999386268,0.023625916887580024,0.0290505210577487,0.043625665823693996,0.023625916887580024,0.04905026999386268,0.03633809344072135,0.03633809344072135,0.03633809344072135,0.03633809344072135,0.043625665823693996,0.04905026999386268,0.03633809344072135,0.03633809344072135,1.2005491123209566,1.3498305868434957,1.3498305868434957,0.002610997740653702,0.004967052373546187,0.0002549431077612102,0.0002549431077612102,0.004967052373546187,0.00692785274072201,-0.0017058572594146025,-0.0017058572594146025,0.00692785274072201,0.004967052373546187,0.00692785274072201,0.004967052373546187,0.004967052373546187,0.019868209494184746,0.019868209494184746,0.21,226.47395833333331,1.3333333333333333,355.25326797385617,111948.57166174779,5375.681712448873,11445.10052195546,1645.0002573529412,8812.50137867647,104781.07054042425,3582.2588218948463,7436.173720449702,7436.173720449702,406.0037348272641,253.7523342670401,111948.57166174779,26.525577342047924,236.83551198257078,83961.42874631085,19.894183006535947,236.83551198257078,203.00186741363206,16.91682228446934,112211.93275107241,84438.07713099806,3836.3053931990567,2886.7718677264297,8175.531679921241,6160.277228422341,8175.531679921241,A,8.165480194842019,8.991419363743196,0.0
2,A-7,y,29.75,156.5,0.0,A-7,1,1.0009153965934983,1.265307370262678,1011.9791666666667,,90,64637.0148563729,98472.64000000003,1.5234713456184787,4.194485065306483,10.5,0.35294117647058826,1011.9791666666667,29.75,4244.731500984634,142.680050453265,16112.650775803046,541.6017067496822,4244.731500984634,16112.650775803046,16112.650775803046,564.5032586869066,395.1522810808346,460.7142857142857,4,17.0,0.857694873663827,1600000,10.5,0.2,0.03580932717009262,449956.81430339953,6672892.985296257,245356.77871015947,0.06743054553622858,10.56068224470953,0.0,118.12763368903262,0.0,38.37236631096738,0.0,11.133122220940976,4.238779690379971,1040013.3304936768,2731587.005116574,651245907.0930439,0.0,24448165697.7262,721.9698322638134,0.0,721.9698322638134,16072.002113671657,16793.97194593547,16793.97194593547,3898.3516209203754,131.03702927463448,199.6311593148754,91.72592049224413,139.74181152041277,0.03633809344072135,3.2760889990588725e-05,0.00010876973705929327,0.00010876973705929327,116.87236631096738,-116.87236631096738,67.0,-67.0,0.007287572382972649,-0.007287572382972649,0.012712176553141327,-0.012712176553141327,-0.007287572382972649,0.007287572382972649,-0.012712176553141327,0.012712176553141327,0.043625665823693996,0.0290505210577487,0.04905026999386268,0.023625916887580024,0.0290505210577487,0.043625665823693996,0.023625916887580024,0.04905026999386268,0.03633809344072135,0.03633809344072135,0.03633809344072135,0.03633809344072135,0.043625665823693996,0.04905026999386268,0.03633809344072135,0.03633809344072135,1.2005491123209566,1.3498305868434957,1.3498305868434957,0.002610997740653702,0.004967052373546187,0.0002549431077612102,0.0002549431077612102,0.004967052373546187,0.00692785274072201,-0.0017058572594146025,-0.0017058572594146025,0.00692785274072201,0.004967052373546187,0.00692785274072201,0.004967052373546187,0.004967052373546187,0.019868209494184746,0.019868209494184746,0.21,252.99479166666669,1.3333333333333333,396.85457516339875,123435.6938026257,5927.28421621252,12586.62241605403,1837.6351102941178,9844.47380514706,115428.85510777275,3946.2856447101794,8165.480194842018,8165.480194842018,453.5480859010271,283.46755368814195,123435.6938026257,29.6318082788671,264.56971677559915,92576.77035196929,22.223856209150334,264.56971677559915,226.77404295051352,18.897836912542797,123729.89532768016,93109.23580481709,4230.081891544621,3183.2217369168234,8991.419363743196,6775.545477582471,8991.419363743196,A,8.165480194842019,8.991419363743196,0.0
2,A-7.8,y,20.0,176.83333333333334,0.0,A-7.8,1,1.0009153965934983,1.265307370262678,640.6875,,90,64637.0148563729,98472.64000000003,1.5234713456184787,4.194485065306483,10.5,0.525,640.6875,20.0,2687.3541502785474,134.36770751392737,10200.974767025651,510.04873835128257,2687.3541502785474,10200.974767025651,10200.974767025651,533.0727896153005,373.15095273071034,460.7142857142857,4,17.0,0.8099400524387511,1600000,10.5,0.2,0.03741197161737635,272666.05650603323,6672892.985296257,245356.77871015947,0.040861745738595516,7.22496151378704,0.0,118.12763368903262,0.0,58.70569964430072,0.0,11.133122220940976,4.238779690379971,1040013.3304936768,2731587.005116574,946126480.1363512,0.0,24448165697.7262,685.5853914607737,0.0,685.5853914607737,9975.870400845237,10661.455792306011,10661.455792306011,2569.3274936554935,128.46637468277467,195.7148407046944,89.92646227794226,137.00038849328607,0.03633809344072135,3.2760889990588725e-05,0.00010876973705929327,0.00010876973705929327,116.87236631096738,-116.87236631096738,67.0,-67.0,0.007287572382972649,-0.007287572382972649,0.012712176553141327,-0.012712176553141327,-0.007287572382972649,0.007287572382972649,-0.012712176553141327,0.012712176553141327,0.043625665823693996,0.0290505210577487,0.04905026999386268,0.023625916887580024,0.0290505210577487,0.043625665823693996,0.023625916887580024,0.04905026999386268,0.03633809344072135,0.03633809344072135,0.03633809344072135,0.03633809344072135,0.043625665823693996,0.04905026999386268,0.03633809344072135,0.03633809344072135,1.2005491123209566,1.3498305868434957,1.3498305868434957,0.002610997740653702,0.004967052373546187,0.0002549431077612102,0.0002549431077612102,0.004967052373546187,0.00692785274072201,-0.0017058572594146025,-0.0017058572594146025,0.00692785274072201,0.004967052373546187,0.00692785274072201,0.004967052373546187,0.004967052373546187,0.019868209494184746,0.019868209494184746,0.21,160.171875,1.3333333333333333,373.734375,78361.70007344917,5597.264290960656,11771.602101370176,1730.5770234374997,9270.94833984375,70821.32875704292,3631.8630131816885,7327.29988327538,7327.29988327538,427.125,266.953125,78361.70007344917,27.905499999999996,249.15625,58771.27505508689,20.929125000000003,249.15625,213.5625,17.796875,78638.76182344917,59272.71980508689,4032.7570165871366,3039.6266566711224,8494.031521496534,6415.70032381471,8494.031521496534,A,8.165480194842019,8.991419363743196,0.0
2,A-8,y,29.75,182.58333333333334,0.0,A-8,1,1.0009153965934983,1.265307370262678,794.2291666666666,,90,64637.0148563729,98472.64000000003,1.5234713456184787,4.194485065306483,10.5,0.35294117647058826,794.2291666666666,29.75,3331.382378014147,111.97923959711419,12645.652815768182,425.0639601938885,3331.382378014147,12645.652815768182,12645.652815768182,527.0529697303383,368.9370788112368,460.7142857142857,4,17.0,0.8007936594352426,1600000,10.5,0.2,0.03382391111585102,373867.255399746,6672892.985296257,245356.77871015947,0.05602776130586296,10.104917382033378,0.0,118.12763368903262,0.0,64.45569964430072,0.0,11.133122220940976,4.238779690379971,1040013.3304936768,2731587.005116574,1666898831.6244152,0.0,24448165697.7262,1100.1212178173234,0.0,1100.1212178173234,14579.704631660243,15679.825849477565,15679.825849477565,5074.736450446055,170.57937648558166,259.8727922292502,119.40556353990715,181.91095456047512,0.03633809344072135,3.2760889990588725e-05,0.00010876973705929327,0.00010876973705929327,116.87236631096738,-116.87236631096738,67.0,-67.0,0.007287572382972649,-0.007287572382972649,0.012712176553141327,-0.012712176553141327,-0.007287572382972649,0.007287572382972649,-0.012712176553141327,0.012712176553141327,0.043625665823693996,0.0290505210577487,0.04905026999386268,0.023625916887580024,0.0290505210577487,0.043625665823693996,0.023625916887580024,0.04905026999386268,0.03633809344072135,0.03633809344072135,0.03633809344072135,0.03633809344072135,0.043625665823693996,0.04905026999386268,0.03633809344072135,0.03633809344072135,1.2005491123209566,1.3498305868434957,1.3498305868434957,0.002610997740653702,0.004967052373546187,0.0002549431077612102,0.0002549431077612102,0.004967052373546187,0.00692785274072201,-0.0017058572594146025,-0.0017058572594146025,0.00692785274072201,0.004967052373546187,0.00692785274072201,0.004967052373546187,0.004967052373546187,0.019868209494184746,0.019868209494184746,0.21,397.1145833333333,1.3333333333333333,622.9248366013071,115246.71999366011,5534.056182168552,11046.688338731485,2884.453455882352,15452.429227941175,102678.74422160129,3510.3844178325226,6615.788328210652,6615.788328210652,711.9140989729224,444.94631185807646,115246.71999366011,46.51172113289759,415.2832244008714,86435.03999524508,34.883790849673204,415.2832244008714,355.9570494864612,29.663087457205098,115708.51493919388,87270.8271474393,3955.8466645878248,2983.6180221346767,7912.228016775537,5984.370083663078,7912.228016775537,A,8.165480194842019,8.991419363743196,0.0
2,A-8.2,y,20.0,185.66666666666669,0.0,A-8.2,1,1.0009153965934983,1.265307370262678,448.0625,,90,64637.0148563729,98472.64000000003,1.5234713456184787,4.194485065306483,10.5,0.525,448.0625,20.0,1879.3914645738862,93.96957322869432,7134.015033148658,356.70075165743293,1879.3914645738864,7134.015033148658,7134.015033148658,386.99532308671735,270.89672616070214,310.7142857142857,6,14.0,0.8718515324712253,1600000,10.5,0.2,0.033826087575634635,210902.75418926607,6672892.985296257,245356.77871015947,0.031605894872582405,6.022913176810555,0.0,118.12763368903262,0.0,67.53903297763406,0.0,11.133122220940976,4.238779690379971,1040013.3304936768,2731587.005116574,900400169.038693,0.0,24448165697.7262,567.1179002181926,0.0,567.1179002181926,7172.788561516154,7739.9064617343465,7739.9064617343465,1582.7032129357904,79.13516064678952,120.5601496762989,55.39461245275266,84.39210477340923,0.03633809344072135,3.2760889990588725e-05,0.00010876973705929327,0.00010876973705929327,116.87236631096738,-116.87236631096738,67.0,-67.0,0.007287572382972649,-0.007287572382972649,0.012712176553141327,-0.012712176553141327,-0.007287572382972649,0.007287572382972649,-0.012712176553141327,0.012712176553141327,0.043625665823693996,0.0290505210577487,0.04905026999386268,0.023625916887580024,0.0290505210577487,0.043625665823693996,0.023625916887580024,0.04905026999386268,0.03633809344072135,0.03633809344072135,0.03633809344072135,0.03633809344072135,0.043625665823693996,0.04905026999386268,0.03633809344072135,0.03633809344072135,1.2005491123209566,1.3498305868434957,1.3498305868434957,0.002610997740653702,0.004967052373546187,0.0002549431077612102,0.0002549431077612102,0.004967052373546187,0.00692785274072201,-0.0017058572594146025,-0.0017058572594146025,0.00692785274072201,0.004967052373546187,0.00692785274072201,0.004967052373546187,0.004967052373546187,0.019868209494184746,0.019868209494184746,0.21,448.0625,1.3333333333333333,1045.4791666666665,56888.31249374744,4063.450892410532,8781.041842028792,4841.091281249999,25934.417578124998,35794.98619687244,1835.6403177883305,3159.777663828362,3159.777663828362,1194.8333333333333,746.7708333333333,56888.31249374744,78.06244444444442,696.986111111111,42666.23437031059,58.54683333333333,696.986111111111,597.4166666666666,49.784722222222214,57663.361049303,44068.96870364391,2957.095438425795,2259.9471130073803,6423.575972054858,4944.058581605246,6423.575972054858,A,8.165480194842019,8.991419363743196,0.0
2,A-8.9,y,29.75,203.58333333333334,0.0,A-8.9,1,1.0009153965934983,1.265307370262678,1352.5625,,90,64637.0148563729,98472.64000000003,1.5234713456184787,4.194485065306483,10.5,0.35294117647058826,1352.5625,29.75,5673.3032061436,190.69926743339832,21535.39117483193,723.8786949523337,5673.3032061436,21535.39117483193,21535.39117483193,723.8786949523337,506.7150864666336,600.0,3,19.0,0.844525144111056,1600000,10.5,0.2,0.04033662565487134,533891.7379726621,6672892.985296257,245356.77871015947,0.08000903643278776,15.747876785843015,0.0,118.12763368903262,0.0,85.45569964430072,0.0,11.133122220940976,4.238779690379971,1040013.3304936768,2731587.005116574,3898838702.732272,0.0,24448165697.7262,1940.8271549369913,0.0,1940.8271549369913,19400.607861679713,21341.435016616706,21535.39117483193,4554.701710444562,153.0992171578004,233.2422703765299,107.16945201046028,163.2695892635709,0.03633809344072135,3.2760889990588725e-05,0.00010876973705929327,0.00010876973705929327,116.87236631096738,-116.87236631096738,67.0,-67.0,0.007287572382972649,-0.007287572382972649,0.012712176553141327,-0.012712176553141327,-0.007287572382972649,0.007287572382972649,-0.012712176553141327,0.012712176553141327,0.043625665823693996,0.0290505210577487,0.04905026999386268,0.023625916887580024,0.0290505210577487,0.043625665823693996,0.023625916887580024,0.04905026999386268,0.03633809344072135,0.03633809344072135,0.03633809344072135,0.03633809344072135,0.043625665823693996,0.04905026999386268,0.03633809344072135,0.03633809344072135,1.2005491123209566,1.3498305868434957,1.3498305868434957,0.002610997740653702,0.004967052373546187,0.0002549431077612102,0.0002549431077612102,0.004967052373546187,0.00692785274072201,-0.0017058572594146025,-0.0017058572594146025,0.00692785274072201,0.004967052373546187,0.00692785274072201,0.004967052373546187,0.004967052373546187,0.019868209494184746,0.019868209494184746,0.21,676.28125,1.3333333333333333,1060.8333333333333,158285.12513501468,7600.7262969995045,16186.42054212738,4912.188749999999,26315.296875,136882.01701001468,4679.727077265459,9397.016804779578,9397.016804779578,1212.3809523809523,757.7380952380952,158285.12513501468,79.20888888888888,707.2222222222222,118713.84385126102,59.40666666666667,707.2222222222222,606.1904761904761,50.51587301587301,159071.55624612578,120137.17908935624,5438.343803286351,4107.253985960897,11604.837645235417,8789.116634414964,11604.837645235417,C,15.38760555392365,15.38760555392365,0.0
2,A-9,y,29.75,203.91666666666669,0.0,A-9,1,1.0009153965934983,1.265307370262678,1231.125,,90,64637.0148563729,98472.64000000003,1.5234713456184787,4.194485065306483,10.5,0.35294117647058826,1231.125,29.75,5163.935426025444,173.5776613790065,19601.873081735568,658.886490142372,5163.935426025444,19601.873081735568,19601.873081735568,690.0249180734794,483.01744265143554,600.0,3,19.0,0.8050290710857259,1600000,10.5,0.2,0.03872529592641533,506177.48974681745,6672892.985296257,245356.77871015947,0.07585577812534704,15.549978788247557,0.0,118.12763368903262,0.0,85.78903297763406,0.0,11.133122220940976,4.238779690379971,1040013.3304936768,2731587.005116574,3778251294.8710985,0.0,24448165697.7262,1873.491353255271,0.0,1873.491353255271,18654.74995943074,20528.241312686012,20528.241312686012,4692.02875279595,157.71525219482186,240.27466748580298,110.4006765363753,168.19226724006208,0.03633809344072135,3.2760889990588725e-05,0.00010876973705929327,0.00010876973705929327,116.87236631096738,-116.87236631096738,67.0,-67.0,0.007287572382972649,-0.007287572382972649,0.012712176553141327,-0.012712176553141327,-0.007287572382972649,0.007287572382972649,-0.012712176553141327,0.012712176553141327,0.043625665823693996,0.0290505210577487,0.04905026999386268,0.023625916887580024,0.0290505210577487,0.043625665823693996,0.023625916887580024,0.04905026999386268,0.03633809344072135,0.03633809344072135,0.03633809344072135,0.03633809344072135,0.043625665823693996,0.04905026999386268,0.03633809344072135,0.03633809344072135,1.2005491123209566,1.3498305868434957,1.3498305868434957,0.002610997740653702,0.004967052373546187,0.0002549431077612102,0.0002549431077612102,0.004967052373546187,0.00692785274072201,-0.0017058572594146025,-0.0017058572594146025,0.00692785274072201,0.004967052373546187,0.00692785274072201,0.004967052373546187,0.004967052373546187,0.019868209494184746,0.019868209494184746,0.21,307.78125,1.3333333333333333,482.79411764705884,150882.57364824216,7245.261639771534,15325.949413475282,2235.578161764706,11976.311580882351,141141.84022912453,4825.3620591153685,9943.463157075084,9943.463157075084,551.7647058823529,344.85294117647055,150882.57364824216,36.04862745098039,321.8627450980392,113161.93023618164,27.036470588235296,321.8627450980392,275.88235294117646,22.99019607843137,151240.48502079118,113809.70200088753,5170.614872505681,3890.929982936326,10948.260877034863,8250.10214344734,10948.260877034863,C,15.38760555392365,15.38760555392365,0.0
2,A-B--A-1,x,20.0,0.0,30.75,A-B,1,1.0,1.650526609213146,1105.5,,0,64637.0148563729,98472.64000000003,1.5234713456184787,4.194485065306483,10.5,0.525,7705.0,128.34,32318.50742818645,251.81944388488742,122678.38935507974,955.8858450606182,5036.388877697748,19117.716901212363,19117.716901212363,955.8858450606182,669.1200915424326,769.6428571428571,2,23.0,0.8693903741618615,1600000,10.5,0.2,0.04731077266681017,404088.0295033519,4828737.742423138,245356.77871015944,0.08368398762956508,0.0,2.6134775996237662,0.0,33.47363322980876,0.0,2.7236332298087618,11.75,5.502897370672802,1350173.1724408849,2882942.1498443736,0.0,2777149.1982828,24448165697.7262,0.0,120.23758242801203,120.23758242801203,18662.967174564994,18783.204756993007,19117.716901212363,4482.77708680033,224.1388543400165,341.4691220267691,156.89719803801154,239.02838541873837,0.0498515571451736,3.2503039585322376e-05,0.00011490759922072163,0.00011490759922072163,235.0,-235.0,33.52636677019124,-33.52636677019124,0.003852434316156054,-0.003852434316156054,0.027003285816869584,-0.027003285816869584,-0.003852434316156054,0.003852434316156054,-0.027003285816869584,0.027003285816869584,0.053703991461329655,0.045999122829017546,0.07685484296204319,0.022848271328304016,0.045999122829017546,0.053703991461329655,0.022848271328304016,0.07685484296204319,0.0498515571451736,0.0498515571451736,0.0498515571451736,0.0498515571451736,0.053703991461329655,0.07685484296204319,0.0498515571451736,0.0498515571451736,1.0772781140002772,1.5416738686463263,1.5416738686463263,0.0032676973113684032,0.0036392600067019984,0.002896134616034808,0.002896134616034808,0.0036392600067019984,0.005812156126619339,0.0007232384961174676,0.0007232384961174676,0.005812156126619339,0.0036392600067019984,0.005812156126619339,0.0032676973113684032,0.0032676973113684032,0.013070789245473613,0.013070789245473613,0.21,0.0,1.3333333333333333,0.0,140515.21922391086,10036.80137313649,21276.744867592206,0.0,0.0,140515.21922391086,7205.908678149274,15275.611699809786,15275.611699809786,0.0,0.0,140515.21922391086,0.0,0.0,105386.41441793316,0.0,0.0,0.0,0.0,140515.21922391086,105386.41441793316,7205.908678149274,5404.431508611957,15275.611699809786,11456.708774857341,15275.611699809786,C,15.38760555392365,15.38760555392365,0.0
2,A-B--A-2.5,x,13.0,0.0,30.75,A-B,1,1.0,1.650526609213146,720.25,,0,64637.0148563729,98472.64000000003,1.5234713456184787,4.194485065306483,10.5,0.8076923076923077,7705.0,128.34,32318.50742818645,251.81944388488742,122678.38935507974,955.8858450606182,3273.6527705035364,12426.515985788035,12426.515985788035,955.8858450606181,669.1200915424326,769.6428571428571,2,23.0,0.8693903741618615,1600000,10.5,0.2,0.053204530520857496,233561.2374385398,4828737.742423138,245356.77871015944,0.04836900446809833,0.0,1.5105794223507634,0.0,33.47363322980876,0.0,2.7236332298087618,11.75,5.502897370672802,1350173.1724408849,2882942.1498443736,0.0,1732598.8263336185,24448165697.7262,0.0,75.01343259655562,75.01343259655562,11643.391375064826,11718.404807661382,12426.515985788035,3273.652770503537,251.81944388488745,383.6397070282065,176.2736107194212,268.54779491974455,0.0498515571451736,3.2503039585322376e-05,0.00011490759922072163,0.00011490759922072163,235.0,-235.0,33.52636677019124,-33.52636677019124,0.003852434316156054,-0.003852434316156054,0.027003285816869584,-0.027003285816869584,-0.003852434316156054,0.003852434316156054,-0.027003285816869584,0.027003285816869584,0.053703991461329655,0.045999122829017546,0.07685484296204319,0.022848271328304016,0.045999122829017546,0.053703991461329655,0.022848271328304016,0.07685484296204319,0.0498515571451736,0.0498515571451736,0.0498515571451736,0.0498515571451736,0.053703991461329655,0.07685484296204319,0.0498515571451736,0.0498515571451736,1.0772781140002772,1.5416738686463263,1.5416738686463263,0.0032676973113684032,0.0036392600067019984,0.002896134616034808,0.002896134616034808,0.0036392600067019984,0.005812156126619339,0.0007232384961174676,0.0007232384961174676,0.005812156126619339,0.0036392600067019984,0.005812156126619339,0.0032676973113684032,0.0032676973113684032,0.013070789245473613,0.013070789245473613,0.21,0.0,1.3333333333333333,0.0,91334.89249554204,10036.80137313649,20761.055112436672,0.0,0.0,91334.89249554204,7306.791399643363,15114.048121853895,15114.048121853895,0.0,0.0,91334.89249554204,0.0,0.0,68501.16937165655,0.0,0.0,0.0,0.0,91334.89249554204,68501.16937165655,7306.791399643363,5480.093549732524,15114.048121853895,11335.536091390422,15114.048121853895,C,15.38760555392365,15.38760555392365,0.0
2,A-B--A-3.5,x,9.0,0.0,30.75,A-B,1,1.0,1.650526609213146,561.125,,0,64637.0148563729,98472.64000000003,1.5234713456184787,4.194485065306483,10.5,1.1666666666666667,7705.0,128.34,32318.50742818645,251.81944388488742,122678.38935507974,955.8858450606182,2266.374994963987,8602.972605545563,8602.972605545563,955.8858450606181,669.1200915424326,769.6428571428571,2,23.0,0.8693903741618615,1600000,10.5,0.2,0.0606886674783779,141755.8328926998,4828737.742423138,245356.77871015944,0.02935670571778961,0.0,0.9168192740983132,0.0,33.47363322980876,0.0,2.7236332298087618,11.75,5.502897370672802,1350173.1724408849,2882942.1498443736,0.0,1051569.9967571285,24448165697.7262,0.0,45.528066782328565,45.528066782328565,7066.749004112104,7112.277070894433,8602.972605545563,2266.374994963986,251.81944388488733,383.6397070282063,176.27361071942113,268.54779491974443,0.0498515571451736,3.2503039585322376e-05,0.00011490759922072163,0.00011490759922072163,235.0,-235.0,33.52636677019124,-33.52636677019124,0.003852434316156054,-0.003852434316156054,0.027003285816869584,-0.027003285816869584,-0.003852434316156054,0.003852434316156054,-0.027003285816869584,0.027003285816869584,0.053703991461329655,0.045999122829017546,0.07685484296204319,0.022848271328304016,0.045999122829017546,0.053703991461329655,0.022848271328304016,0.07685484296204319,0.0498515571451736,0.0498515571451736,0.0498515571451736,0.0498515571451736,0.053703991461329655,0.07685484296204319,0.0498515571451736,0.0498515571451736,1.0772781140002772,1.5416738686463263,1.5416738686463263,0.0032676973113684032,0.0036392600067019984,0.002896134616034808,0.002896134616034808,0.0036392600067019984,0.005812156126619339,0.0007232384961174676,0.0007232384961174676,0.005812156126619339,0.0036392600067019984,0.005812156126619339,0.0032676973113684032,0.0032676973113684032,0.013070789245473613,0.013070789245473613,0.21,0.0,1.3333333333333333,0.0,63231.84865075989,10036.80137313649,20761.055112436676,0.0,0.0,63231.84865075989,7439.041017736457,15387.605553923651,15387.605553923651,0.0,0.0,63231.84865075989,0.0,0.0,47423.88648806992,0.0,0.0,0.0,0.0,63231.84865075989,47423.88648806992,7439.041017736457,5579.280763302343,15387.605553923651,11540.70416544274,15387.605553923651,C,15.38760555392365,15.38760555392365,0.0
2,A-B--A-4,x,12.0,0.0,30.75,A-B,1,1.0,1.650526609213146,653.25,,0,64637.0148563729,98472.64000000003,1.5234713456184787,4.194485065306483,10.5,0.875,7705.0,128.34,32318.50742818645,251.81944388488742,122678.38935507974,955.8858450606182,3021.833326618649,11470.630140727419,11470.630140727419,955.8858450606182,669.1200915424326,769.6428571428571,2,23.0,0.8693903741618615,1600000,10.5,0.2,0.05460780620039258,210054.7694341355,4828737.742423138,245356.77871015944,0.043500968708382715,0.0,1.3585491143723534,0.0,33.47363322980876,0.0,2.7236332298087618,11.75,5.502897370672802,1350173.1724408849,2882942.1498443736,0.0,1558223.6632186482,24448165697.7262,0.0,67.46380290384826,67.46380290384826,10471.55734206207,10539.021144965918,11470.630140727419,3021.833326618649,251.81944388488742,383.63970702820643,176.27361071942119,268.5477949197445,0.0498515571451736,3.2503039585322376e-05,0.00011490759922072163,0.00011490759922072163,235.0,-235.0,33.52636677019124,-33.52636677019124,0.003852434316156054,-0.003852434316156054,0.027003285816869584,-0.027003285816869584,-0.003852434316156054,0.003852434316156054,-0.027003285816869584,0.027003285816869584,0.053703991461329655,0.045999122829017546,0.07685484296204319,0.022848271328304016,0.045999122829017546,0.053703991461329655,0.022848271328304016,0.07685484296204319,0.0498515571451736,0.0498515571451736,0.0498515571451736,0.0498515571451736,0.053703991461329655,0.07685484296204319,0.0498515571451736,0.0498515571451736,1.0772781140002772,1.5416738686463263,1.5416738686463263,0.0032676973113684032,0.0036392600067019984,0.002896134616034808,0.002896134616034808,0.0036392600067019984,0.005812156126619339,0.0007232384961174676,0.0007232384961174676,0.005812156126619339,0.0036392600067019984,0.005812156126619339,0.0032676973113684032,0.0032676973113684032,0.013070789245473613,0.013070789245473613,0.21,0.0,1.3333333333333333,0.0,84309.13153434652,10036.801373136492,20761.055112436676,0.0,0.0,84309.13153434652,7331.2288290736105,15164.596777779832,15164.596777779832,0.0,0.0,84309.13153434652,0.0,0.0,63231.8486507599,0.0,0.0,0.0,0.0,84309.13153434652,63231.8486507599,7331.2288290736105,5498.421621805209,15164.596777779832,11373.447583334875,15164.596777779832,C,15.38760555392365,15.38760555392365,0.0
2,A-B--A-4.8,x,10.67,0.0,30.75,A-B,1,1.0,1.650526609213146,536.0,,0,64637.0148563729,98472.64000000003,1.5234713456184787,4.194485065306483,10.5,0.9840674789128397,7705.0,128.34,32318.50742818645,251.81944388488742,122678.38935507974,955.8858450606182,2686.9134662517486,10199.301966796795,10199.301966796795,955.8858450606181,669.1200915424326,769.6428571428571,2,23.0,0.8693903741618615,1600000,10.5,0.2,0.056881717774821955,179307.20740841268,4828737.742423138,245356.77871015944,0.03713334974337071,0.0,1.1596863450494566,0.0,33.47363322980876,0.0,2.7236332298087618,11.75,5.502897370672802,1350173.1724408849,2882942.1498443736,0.0,1330132.7759522798,24448165697.7262,0.0,57.58853337359538,57.58853337359538,8938.74349666198,8996.332030035575,10199.301966796795,2686.913466251748,251.81944388488736,383.6397070282064,176.27361071942116,268.54779491974443,0.0498515571451736,3.2503039585322376e-05,0.00011490759922072163,0.00011490759922072163,235.0,-235.0,33.52636677019124,-33.52636677019124,0.003852434316156054,-0.003852434316156054,0.027003285816869584,-0.027003285816869584,-0.003852434316156054,0.003852434316156054,-0.027003285816869584,0.027003285816869584,0.053703991461329655,0.045999122829017546,0.07685484296204319,0.022848271328304016,0.045999122829017546,0.053703991461329655,0.022848271328304016,0.07685484296204319,0.0498515571451736,0.0498515571451736,0.0498515571451736,0.0498515571451736,0.053703991461329655,0.07685484296204319,0.0498515571451736,0.0498515571451736,1.0772781140002772,1.5416738686463263,1.5416738686463263,0.0032676973113684032,0.0036392600067019984,0.002896134616034808,0.002896134616034808,0.0036392600067019984,0.005812156126619339,0.0007232384961174676,0.0007232384961174676,0.005812156126619339,0.0036392600067019984,0.005812156126619339,0.0032676973113684032,0.0032676973113684032,0.013070789245473613,0.013070789245473613,0.21,0.0,1.3333333333333333,0.0,74964.86945595643,10036.80137313649,20761.055112436672,0.0,0.0,74964.86945595643,7371.176937655499,15247.229167629252,15247.229167629252,0.0,0.0,74964.86945595643,0.0,0.0,56223.652091967335,0.0,0.0,0.0,0.0,74964.86945595643,56223.652091967335,7371.176937655499,5528.382703241626,15247.229167629252,11435.42187572194,15247.229167629252,C,15.38760555392365,15.38760555392365,0.0
2,A-B--A-5.5,x,29.0,0.0,30.75,A-B,2,1.0,1.650526609213146,1139.0,,0,64637.0148563729,98472.64000000003,1.5234713456184787,4.194485065306483,10.5,0.3620689655172414,7705.0,128.34,32318.50742818645,251.81944388488742,122678.38935507974,955.8858450606182,7302.763872661735,27720.689506757924,27720.689506757924,1299.4059648468467,909.5841753927926,921.4285714285714,4,17.0,0.9871456167053564,1600000,10.5,0.2,0.04153340370115,667431.2008286086,4828737.742423138,245356.77871015944,0.13822063579159735,0.0,4.082677136510295,0.0,33.47363322980876,0.0,2.7236332298087618,11.75,5.502897370672802,1350173.1724408849,2882942.1498443736,0.0,5571503.059565456,24448165697.7262,0.0,241.2200463650443,241.2200463650443,37441.55293419351,37682.772980558555,37682.772980558555,16301.785563941234,562.1305366876287,856.3897651407393,393.49137568134006,599.4728355985175,0.0498515571451736,3.2503039585322376e-05,0.00011490759922072163,0.00011490759922072163,235.0,-235.0,33.52636677019124,-33.52636677019124,0.003852434316156054,-0.003852434316156054,0.027003285816869584,-0.027003285816869584,-0.003852434316156054,0.003852434316156054,-0.027003285816869584,0.027003285816869584,0.053703991461329655,0.045999122829017546,0.07685484296204319,0.022848271328304016,0.045999122829017546,0.053703991461329655,0.022848271328304016,0.07685484296204319,0.0498515571451736,0.0498515571451736,0.0498515571451736,0.0498515571451736,0.053703991461329655,0.07685484296204319,0.0498515571451736,0.0498515571451736,1.0772781140002772,1.5416738686463263,1.5416738686463263,0.0032676973113684032,0.0036392600067019984,0.002896134616034808,0.002896134616034808,0.0036392600067019984,0.005812156126619339,0.0007232384961174676,0.0007232384961174676,0.005812156126619339,0.0036392600067019984,0.005812156126619339,0.0032676973113684032,0.0032676973113684032,0.013070789245473613,0.013070789245473613,0.21,0.0,1.3333333333333333,0.0,276968.38140710536,13643.76263089189,25005.993366476374,0.0,0.0,276968.38140710536,9718.188821301943,17811.286503139312,17811.286503139312,0.0,0.0,276968.38140710536,0.0,0.0,207726.28605532905,0.0,0.0,0.0,0.0,276968.38140710536,207726.28605532905,9718.188821301943,7288.641615976458,17811.286503139312,13358.464877354485,17811.286503139312,D,17.81128650313931,17.81128650313931,6406.14080378558
2,A-B--A-6.5,x,13.0,0.0,30.75,A-B,1,1.0,1.650526609213146,963.125,,0,64637.0148563729,98472.64000000003,1.5234713456184787,4.194485065306483,10.5,0.8076923076923077,7705.0,128.34,32318.50742818645,251.81944388488742,122678.38935507974,955.8858450606182,3273.6527705035364,12426.515985788035,12426.515985788035,955.8858450606181,669.1200915424326,769.6428571428571,2,23.0,0.8693903741618615,1600000,10.5,0.2,0.053204530520857496,233561.2374385398,4828737.742423138,245356.77871015944,0.04836900446809833,0.0,1.5105794223507634,0.0,33.47363322980876,0.0,2.7236332298087618,11.75,5.502897370672802,1350173.1724408849,2882942.1498443736,0.0,1732598.8263336185,24448165697.7262,0.0,75.01343259655562,75.01343259655562,11643.391375064826,11718.404807661382,12426.515985788035,3273.652770503537,251.81944388488745,383.6397070282065,176.2736107194212,268.54779491974455,0.0498515571451736,3.2503039585322376e-05,0.00011490759922072163,0.00011490759922072163,235.0,-235.0,33.52636677019124,-33.52636677019124,0.003852434316156054,-0.003852434316156054,0.027003285816869584,-0.027003285816869584,-0.003852434316156054,0.003852434316156054,-0.027003285816869584,0.027003285816869584,0.053703991461329655,0.045999122829017546,0.07685484296204319,0.022848271328304016,0.045999122829017546,0.053703991461329655,0.022848271328304016,0.07685484296204319,0.0498515571451736,0.0498515571451736,0.0498515571451736,0.0498515571451736,0.053703991461329655,0.07685484296204319,0.0498515571451736,0.0498515571451736,1.0772781140002772,1.5416738686463263,1.5416738686463263,0.0032676973113684032,0.0036392600067019984,0.002896134616034808,0.002896134616034808,0.0036392600067019984,0.005812156126619339,0.0007232384961174676,0.0007232384961174676,0.005812156126619339,0.0036392600067019984,0.005812156126619339,0.0032676973113684032,0.0032676973113684032,0.013070789245473613,0.013070789245473613,0.21,0.0,1.3333333333333333,0.0,91334.89249554204,10036.80137313649,20761.055112436672,0.0,0.0,91334.89249554204,7306.791399643363,15114.048121853895,15114.048121853895,0.0,0.0,91334.89249554204,0.0,0.0,68501.16937165655,0.0,0.0,0.0,0.0,91334.89249554204,68501.16937165655,7306.791399643363,5480.093549732524,15114.048121853895,11335.536091390422,15114.048121853895,D,17.81128650313931,17.81128650313931,0.0
2,A-B--A-7.9,x,11.67,0.0,30.75,A-B,1,1.0,1.650526609213146,938.0,,0,64637.0148563729,98472.64000000003,1.5234713456184787,4.194485065306483,10.5,0.8997429305912596,7705.0,128.34,32318.50742818645,251.81944388488742,122678.38935507974,955.8858450606182,2938.7329101366363,11155.187811857413,11155.187811857413,955.8858450606181,669.1200915424326,769.6428571428571,2,23.0,0.8693903741618615,1600000,10.5,0.2,0.05512366332680264,202366.5906549693,4828737.742423138,245356.77871015944,0.04190879717427323,0.0,1.3088250900157077,0.0,33.47363322980876,0.0,2.7236332298087618,11.75,5.502897370672802,1350173.1724408849,2882942.1498443736,0.0,1501191.3847656297,24448165697.7262,0.0,64.99457176358678,64.99457176358678,10088.289658310156,10153.284230073743,11155.187811857413,2938.732910136636,251.8194438848874,383.6397070282064,176.27361071942116,268.54779491974443,0.0498515571451736,3.2503039585322376e-05,0.00011490759922072163,0.00011490759922072163,235.0,-235.0,33.52636677019124,-33.52636677019124,0.003852434316156054,-0.003852434316156054,0.027003285816869584,-0.027003285816869584,-0.003852434316156054,0.003852434316156054,-0.027003285816869584,0.027003285816869584,0.053703991461329655,0.045999122829017546,0.07685484296204319,0.022848271328304016,0.045999122829017546,0.053703991461329655,0.022848271328304016,0.07685484296204319,0.0498515571451736,0.0498515571451736,0.0498515571451736,0.0498515571451736,0.053703991461329655,0.07685484296204319,0.0498515571451736,0.0498515571451736,1.0772781140002772,1.5416738686463263,1.5416738686463263,0.0032676973113684032,0.0036392600067019984,0.002896134616034808,0.002896134616034808,0.0036392600067019984,0.005812156126619339,0.0007232384961174676,0.0007232384961174676,0.005812156126619339,0.0036392600067019984,0.005812156126619339,0.0032676973113684032,0.0032676973113684032,0.013070789245473613,0.013070789245473613,0.21,0.0,1.3333333333333333,0.0,81990.63041715197,10036.80137313649,20761.055112436672,0.0,0.0,81990.63041715197,7340.253394552549,15183.264029856327,15183.264029856327,0.0,0.0,81990.63041715197,0.0,0.0,61492.972812864,0.0,0.0,0.0,0.0,81990.63041715197,61492.972812864,7340.253394552549,5505.1900459144135,15183.264029856327,11387.448022392247,15183.264029856327,D,17.81128650313931,17.81128650313931,0.0
2,A-B--A-8.8,x,10.0,0.0,30.75,A-B,1,1.0,1.650526609213146,1088.75,,0,64637.0148563729,98472.64000000003,1.5234713456184787,4.194485065306483,10.5,1.05,7705.0,128.34,32318.50742818645,251.81944388488742,122678.38935507974,955.8858450606182,2518.194438848874,9558.858450606182,9558.858450606182,955.8858450606182,669.1200915424326,769.6428571428571,2,23.0,0.8693903741618615,1600000,10.5,0.2,0.058256322967183784,164082.763273452,4828737.742423138,245356.77871015944,0.03398046695141341,0.0,1.0612208107886525,0.0,33.47363322980876,0.0,2.7236332298087618,11.75,5.502897370672802,1350173.1724408849,2882942.1498443736,0.0,1217195.1398569248,24448165697.7262,0.0,52.69886149797681,52.69886149797681,8179.781249864484,8232.480111362462,9558.858450606182,2518.1944388488737,251.81944388488736,383.6397070282064,176.27361071942116,268.54779491974443,0.0498515571451736,3.2503039585322376e-05,0.00011490759922072163,0.00011490759922072163,235.0,-235.0,33.52636677019124,-33.52636677019124,0.003852434316156054,-0.003852434316156054,0.027003285816869584,-0.027003285816869584,-0.003852434316156054,0.003852434316156054,-0.027003285816869584,0.027003285816869584,0.053703991461329655,0.045999122829017546,0.07685484296204319,0.022848271328304016,0.045999122829017546,0.053703991461329655,0.022848271328304016,0.07685484296204319,0.0498515571451736,0.0498515571451736,0.0498515571451736,0.0498515571451736,0.053703991461329655,0.07685484296204319,0.0498515571451736,0.0498515571451736,1.0772781140002772,1.5416738686463263,1.5416738686463263,0.0032676973113684032,0.0036392600067019984,0.002896134616034808,0.002896134616034808,0.0036392600067019984,0.005812156126619339,0.0007232384961174676,0.0007232384961174676,0.005812156126619339,0.0036392600067019984,0.005812156126619339,0.0032676973113684032,0.0032676973113684032,0.013070789245473613,0.013070789245473613,0.21,0.0,1.3333333333333333,0.0,70257.60961195543,10036.80137313649,20761.055112436676,0.0,0.0,70257.60961195543,7395.537853890045,15297.619556532285,15297.619556532285,0.0,0.0,70257.60961195543,0.0,0.0,52693.20720896658,0.0,0.0,0.0,0.0,70257.60961195543,52693.20720896658,7395.537853890045,5546.653390417535,15297.619556532285,11473.214667399216,15297.619556532285,D,17.81128650313931,17.81128650313931,0.0
2,A-C--A-1.8,x,16.0,0.0,36.25,A-C,1,1.0,1.650526609213146,1563.4450000000002,,0,64637.0148563729,98472.64000000003,1.5234713456184787,4.194485065306483,10.5,0.65625,7705.0,144.34,32318.50742818645,223.90541380204,122678.38935507974,849.9264885345693,3582.48662083264,13598.823816553107,13598.823816553107,849.9264885345692,594.9485419741984,600.0,3,19.0,0.9915809032903307,1600000,10.5,0.2,0.05251907007486199,258931.16152226238,4828737.742423138,245356.77871015944,0.053622949792325354,0.0,1.9741948154868343,0.0,33.47363322980876,0.0,2.7763667701912382,11.75,5.555630911055282,1363111.7040391122,2882942.1498443736,0.0,1995896.4010285027,24448165697.7262,0.0,84.77168285772433,84.77168285772433,12908.121595293238,12992.893278150963,13598.823816553107,3283.874261874471,205.24214136715443,312.6805212862368,143.6694989570081,218.87636490036576,0.0498515571451736,3.301874039585509e-05,0.00011490759922072163,0.00011490759922072163,235.0,-235.0,33.52636677019124,-33.52636677019124,0.003852434316156054,-0.003852434316156054,0.027003285816869584,-0.027003285816869584,-0.003852434316156054,0.003852434316156054,-0.027003285816869584,0.027003285816869584,0.053703991461329655,0.045999122829017546,0.07685484296204319,0.022848271328304016,0.045999122829017546,0.053703991461329655,0.022848271328304016,0.07685484296204319,0.0498515571451736,0.0498515571451736,0.0498515571451736,0.0498515571451736,0.053703991461329655,0.07685484296204319,0.0498515571451736,0.0498515571451736,1.0772781140002772,1.5416738686463263,1.5416738686463263,0.0032676973113684032,0.0036392600067019984,0.002896134616034808,0.002896134616034808,0.0036392600067019984,0.005812156126619339,0.0007232384961174676,0.0007232384961174676,0.005812156126619339,0.0036392600067019984,0.005812156126619339,0.0032676973113684032,0.0032676973113684032,0.013070789245473613,0.013070789245473613,0.21,0.0,1.3333333333333333,0.0,99951.35505166533,8924.228129612977,18866.663054997767,0.0,0.0,99951.35505166533,6448.474519462279,13632.685562320967,13632.685562320967,0.0,0.0,99951.35505166533,0.0,0.0,74963.51628874902,0.0,0.0,0.0,0.0,99951.35505166533,74963.51628874902,6448.474519462279,4836.355889596711,13632.685562320967,10224.514171740728,13632.685562320967,D,17.81128650313931,17.81128650313931,0.0
2,A-C--A-3.2,x,9.34,0.0,36.25,A-C,1,1.0,1.650526609213146,469.0,,0,64637.0148563729,98472.64000000003,1.5234713456184787,4.194485065306483,10.5,1.1241970021413277,7705.0,144.34,32318.50742818645,223.90541380204,122678.38935507974,849.9264885345693,2091.2765649110534,7938.313402912876,7938.313402912876,849.9264885345692,594.9485419741984,600.0,3,19.0,0.9915809032903307,1600000,10.5,0.2,0.06205821419374983,127917.20654624284,4828737.742423138,245356.77871015944,0.02649081672471447,0.0,0.9752919829753239,0.0,33.47363322980876,0.0,2.7763667701912382,11.75,5.555630911055282,1363111.7040391122,2882942.1498443736,0.0,986013.0031252138,24448165697.7262,0.0,41.878917939553574,41.878917939553574,6376.871931991,6418.750849930553,7938.313402912876,2091.2765649110534,223.90541380204,341.11348205625615,156.73378966142798,238.77943743937928,0.0498515571451736,3.301874039585509e-05,0.00011490759922072163,0.00011490759922072163,235.0,-235.0,33.52636677019124,-33.52636677019124,0.003852434316156054,-0.003852434316156054,0.027003285816869584,-0.027003285816869584,-0.003852434316156054,0.003852434316156054,-0.027003285816869584,0.027003285816869584,0.053703991461329655,0.045999122829017546,0.07685484296204319,0.022848271328304016,0.045999122829017546,0.053703991461329655,0.022848271328304016,0.07685484296204319,0.0498515571451736,0.0498515571451736,0.0498515571451736,0.0498515571451736,0.053703991461329655,0.07685484296204319,0.0498515571451736,0.0498515571451736,1.0772781140002772,1.5416738686463263,1.5416738686463263,0.0032676973113684032,0.0036392600067019984,0.002896134616034808,0.002896134616034808,0.0036392600067019984,0.005812156126619339,0.0007232384961174676,0.0007232384961174676,0.005812156126619339,0.0036392600067019984,0.005812156126619339,0.0032676973113684032,0.0032676973113684032,0.013070789245473613,0.013070789245473613,0.21,0.0,1.3333333333333333,0.0,58346.60351140963,8924.228129612977,18459.70495448332,0.0,0.0,58346.60351140963,6600.2945148653425,13652.664139413115,13652.664139413115,0.0,0.0,58346.60351140963,0.0,0.0,43759.95263355724,0.0,0.0,0.0,0.0,58346.60351140963,43759.95263355724,6600.2945148653425,4950.220886149009,13652.664139413115,10239.498104559838,13652.664139413115,D,17.81128650313931,17.81128650313931,0.0
2,A-C--A-3.8,x,16.75,0.0,36.25,A-C,1,1.0,1.650526609213146,720.25,,0,64637.0148563729,98472.64000000003,1.5234713456184787,4.194485065306483,10.5,0.6268656716417911,7705.0,144.34,32318.50742818645,223.90541380204,122678.38935507974,849.9264885345693,3750.41568118417,14236.268682954034,14236.268682954034,849.9264885345692,594.9485419741984,600.0,3,19.0,0.9915809032903307,1600000,10.5,0.2,0.05192006774818181,274195.88032900007,4828737.742423138,245356.77871015944,0.056784173205357016,0.0,2.0905791415407493,0.0,33.47363322980876,0.0,2.7763667701912382,11.75,5.555630911055282,1363111.7040391122,2882942.1498443736,0.0,2113416.127107228,24448165697.7262,0.0,89.76309671244077,89.76309671244077,13668.160499761445,13757.923596473885,14236.268682954034,3407.293523123164,203.42050884317396,309.9053163337059,142.39435619022177,216.93372143359412,0.0498515571451736,3.301874039585509e-05,0.00011490759922072163,0.00011490759922072163,235.0,-235.0,33.52636677019124,-33.52636677019124,0.003852434316156054,-0.003852434316156054,0.027003285816869584,-0.027003285816869584,-0.003852434316156054,0.003852434316156054,-0.027003285816869584,0.027003285816869584,0.053703991461329655,0.045999122829017546,0.07685484296204319,0.022848271328304016,0.045999122829017546,0.053703991461329655,0.022848271328304016,0.07685484296204319,0.0498515571451736,0.0498515571451736,0.0498515571451736,0.0498515571451736,0.053703991461329655,0.07685484296204319,0.0498515571451736,0.0498515571451736,1.0772781140002772,1.5416738686463263,1.5416738686463263,0.0032676973113684032,0.0036392600067019984,0.002896134616034808,0.002896134616034808,0.0036392600067019984,0.005812156126619339,0.0007232384961174676,0.0007232384961174676,0.005812156126619339,0.0036392600067019984,0.005812156126619339,0.0032676973113684032,0.0032676973113684032,0.013070789245473613,0.013070789245473613,0.21,0.0,1.3333333333333333,0.0,104636.57481971214,8924.228129612977,18903.278668344225,0.0,0.0,104636.57481971214,6439.173835059209,13639.44260838991,13639.44260838991,0.0,0.0,104636.57481971214,0.0,0.0,78477.4311147841,0.0,0.0,0.0,0.0,104636.57481971214,78477.4311147841,6439.173835059209,4829.380376294406,13639.44260838991,10229.581956292433,13639.44260838991,D,17.81128650313931,17.81128650313931,0.0
2,A-C--A-4.6,x,16.0,0.0,36.25,A-C,1,1.0,1.650526609213146,971.5,,0,64637.0148563729,98472.64000000003,1.5234713456184787,4.194485065306483,10.5,0.65625,7705.0,144.34,32318.50742818645,223.90541380204,122678.38935507974,849.9264885345693,3582.48662083264,13598.823816553107,13598.823816553107,849.9264885345692,594.9485419741984,600.0,3,19.0,0.9915809032903307,1600000,10.5,0.2,0.05251907007486199,258931.16152226238,4828737.742423138,245356.77871015944,0.053622949792325354,0.0,1.9741948154868343,0.0,33.47363322980876,0.0,2.7763667701912382,11.75,5.555630911055282,1363111.7040391122,2882942.1498443736,0.0,1995896.4010285027,24448165697.7262,0.0,84.77168285772433,84.77168285772433,12908.121595293238,12992.893278150963,13598.823816553107,3283.874261874471,205.24214136715443,312.6805212862368,143.6694989570081,218.87636490036576,0.0498515571451736,3.301874039585509e-05,0.00011490759922072163,0.00011490759922072163,235.0,-235.0,33.52636677019124,-33.52636677019124,0.003852434316156054,-0.003852434316156054,0.027003285816869584,-0.027003285816869584,-0.003852434316156054,0.003852434316156054,-0.027003285816869584,0.027003285816869584,0.053703991461329655,0.045999122829017546,0.07685484296204319,0.022848271328304016,0.045999122829017546,0.053703991461329655,0.022848271328304016,0.07685484296204319,0.0498515571451736,0.0498515571451736,0.0498515571451736,0.0498515571451736,0.053703991461329655,0.07685484296204319,0.0498515571451736,0.0498515571451736,1.0772781140002772,1.5416738686463263,1.5416738686463263,0.0032676973113684032,0.0036392600067019984,0.002896134616034808,0.002896134616034808,0.0036392600067019984,0.005812156126619339,0.0007232384961174676,0.0007232384961174676,0.005812156126619339,0.0036392600067019984,0.005812156126619339,0.0032676973113684032,0.0032676973113684032,0.013070789245473613,0.013070789245473613,0.21,0.0,1.3333333333333333,0.0,99951.35505166533,8924.228129612977,18866.663054997767,0.0,0.0,99951.35505166533,6448.474519462279,13632.685562320967,13632.685562320967,0.0,0.0,99951.35505166533,0.0,0.0,74963.51628874902,0.0,0.0,0.0,0.0,99951.35505166533,74963.51628874902,6448.474519462279,4836.355889596711,13632.685562320967,10224.514171740728,13632.685562320967,B,15.016644459064311,15.016644459064311,0.0
2,A-C--A-5.5,x,15.0,0.0,36.25,A-C,1,1.0,1.650526609213146,681.055,,0,64637.0148563729,98472.64000000003,1.5234713456184787,4.194485065306483,10.5,0.7,7705.0,144.34,32318.50742818645,223.90541380204,122678.38935507974,849.9264885345693,3358.5812070305997,12748.897328018538,12748.897328018538,849.9264885345692,594.9485419741984,600.0,3,19.0,0.9915809032903307,1600000,10.5,0.2,0.053410917983474734,238694.5929662364,4828737.742423138,245356.77871015944,0.04943208881881741,0.0,1.81990311690688,0.0,33.47363322980876,0.0,2.7763667701912382,11.75,5.555630911055282,1363111.7040391122,2882942.1498443736,0.0,1839908.6314889677,24448165697.7262,0.0,78.14641627461152,78.14641627461152,11899.297141500287,11977.4435577749,12748.897328018538,3137.782347982935,209.18548986552898,318.6880997292981,146.4298429058703,223.08166981050863,0.0498515571451736,3.301874039585509e-05,0.00011490759922072163,0.00011490759922072163,235.0,-235.0,33.52636677019124,-33.52636677019124,0.003852434316156054,-0.003852434316156054,0.027003285816869584,-0.027003285816869584,-0.003852434316156054,0.003852434316156054,-0.027003285816869584,0.027003285816869584,0.053703991461329655,0.045999122829017546,0.07685484296204319,0.022848271328304016,0.045999122829017546,0.053703991461329655,0.022848271328304016,0.07685484296204319,0.0498515571451736,0.0498515571451736,0.0498515571451736,0.0498515571451736,0.053703991461329655,0.07685484296204319,0.0498515571451736,0.0498515571451736,1.0772781140002772,1.5416738686463263,1.5416738686463263,0.0032676973113684032,0.0036392600067019984,0.002896134616034808,0.002896134616034808,0.0036392600067019984,0.005812156126619339,0.0007232384961174676,0.0007232384961174676,0.005812156126619339,0.0036392600067019984,0.005812156126619339,0.0032676973113684032,0.0032676973113684032,0.013070789245473613,0.013070789245473613,0.21,0.0,1.3333333333333333,0.0,93704.39536093625,8924.228129612977,18797.56504520864,0.0,0.0,93704.39536093625,6462.372093857673,13612.029860323499,13612.029860323499,0.0,0.0,93704.39536093625,0.0,0.0,70278.29652070219,0.0,0.0,0.0,0.0,93704.39536093625,70278.29652070219,6462.372093857673,4846.779070393254,13612.029860323499,10209.022395242624,13612.029860323499,B,15.016644459064311,15.016644459064311,0.0
2,A-C--A-6.5,x,26.0,0.0,36.25,A-C,1,1.0,1.650526609213146,1021.75,,0,64637.0148563729,98472.64000000003,1.5234713456184787,4.194485065306483,10.5,0.40384615384615385,7705.0,144.34,32318.50742818645,223.90541380204,122678.38935507974,849.9264885345693,5821.54075885304,22098.0887018988,22098.0887018988,973.3336042379451,681.3335229665615,769.6428571428571,2,23.0,0.8852593337848595,1600000,10.5,0.2,0.04547947706127242,485891.4422460719,4828737.742423138,245356.77871015944,0.10062493930396059,0.0,3.5564952726297925,0.0,33.47363322980876,0.0,2.7763667701912382,11.75,5.555630911055282,1363111.7040391122,2882942.1498443736,0.0,3887471.2428448494,24448165697.7262,0.0,165.11251743685108,165.11251743685108,25141.561192749723,25306.673710186573,25306.673710186573,6644.204459842556,255.54632537855986,389.3175041923322,178.8824277649919,272.5222529346325,0.0498515571451736,3.301874039585509e-05,0.00011490759922072163,0.00011490759922072163,235.0,-235.0,33.52636677019124,-33.52636677019124,0.003852434316156054,-0.003852434316156054,0.027003285816869584,-0.027003285816869584,-0.003852434316156054,0.003852434316156054,-0.027003285816869584,0.027003285816869584,0.053703991461329655,0.045999122829017546,0.07685484296204319,0.022848271328304016,0.045999122829017546,0.053703991461329655,0.022848271328304016,0.07685484296204319,0.0498515571451736,0.0498515571451736,0.0498515571451736,0.0498515571451736,0.053703991461329655,0.07685484296204319,0.0498515571451736,0.0498515571451736,1.0772781140002772,1.5416738686463263,1.5416738686463263,0.0032676973113684032,0.0036392600067019984,0.002896134616034808,0.002896134616034808,0.0036392600067019984,0.005812156126619339,0.0007232384961174676,0.0007232384961174676,0.005812156126619339,0.0036392600067019984,0.005812156126619339,0.0032676973113684032,0.0032676973113684032,0.013070789245473613,0.013070789245473613,0.21,0.0,1.3333333333333333,0.0,186004.0517698713,10220.002844498424,21039.804049787912,0.0,0.0,186004.0517698713,7294.276539994953,15016.644459064311,15016.644459064311,0.0,0.0,186004.0517698713,0.0,0.0,139503.03882740348,0.0,0.0,0.0,0.0,186004.0517698713,139503.03882740348,7294.276539994953,5470.707404996215,15016.644459064311,11262.483344298234,15016.644459064311,B,15.016644459064311,15.016644459064311,0.0
2,A-C--A-6.9,x,11.5,0.0,36.25,A-C,1,1.0,1.650526609213146,536.0,,0,64637.0148563729,98472.64000000003,1.5234713456184787,4.194485065306483,10.5,0.9130434782608695,7705.0,144.34,32318.50742818645,223.90541380204,122678.38935507974,849.9264885345693,2574.9122587234597,9774.154618147546,9774.154618147546,849.9264885345692,594.9485419741984,600.0,3,19.0,0.9915809032903307,1600000,10.5,0.2,0.05775382953845849,169238.20803326817,4828737.742423138,245356.77871015944,0.03504812583761108,0.0,1.2903398374970574,0.0,33.47363322980876,0.0,2.7763667701912382,11.75,5.555630911055282,1363111.7040391122,2882942.1498443736,0.0,1304524.0609291098,24448165697.7262,0.0,55.40703411077191,55.40703411077191,8436.788198917246,8492.195233028018,9774.154618147546,2574.9122587234597,223.90541380203996,341.11348205625615,156.73378966142795,238.77943743937928,0.0498515571451736,3.301874039585509e-05,0.00011490759922072163,0.00011490759922072163,235.0,-235.0,33.52636677019124,-33.52636677019124,0.003852434316156054,-0.003852434316156054,0.027003285816869584,-0.027003285816869584,-0.003852434316156054,0.003852434316156054,-0.027003285816869584,0.027003285816869584,0.053703991461329655,0.045999122829017546,0.07685484296204319,0.022848271328304016,0.045999122829017546,0.053703991461329655,0.022848271328304016,0.07685484296204319,0.0498515571451736,0.0498515571451736,0.0498515571451736,0.0498515571451736,0.053703991461329655,0.07685484296204319,0.0498515571451736,0.0498515571451736,1.0772781140002772,1.5416738686463263,1.5416738686463263,0.0032676973113684032,0.0036392600067019984,0.002896134616034808,0.002896134616034808,0.0036392600067019984,0.005812156126619339,0.0007232384961174676,0.0007232384961174676,0.005812156126619339,0.0036392600067019984,0.005812156126619339,0.0032676973113684032,0.0032676973113684032,0.013070789245473613,0.013070789245473613,0.21,0.0,1.3333333333333333,0.0,71840.03644338447,8924.228129612977,18459.70495448332,0.0,0.0,71840.03644338447,6530.912403944042,13509.147716690066,13509.147716690066,0.0,0.0,71840.03644338447,0.0,0.0,53880.027332538346,0.0,0.0,0.0,0.0,71840.03644338447,53880.027332538346,6530.912403944042,4898.184302958031,13509.147716690066,10131.86078751755,13509.147716690066,B,15.016644459064311,15.016644459064311,0.0
2,A-C--A-8.5,x,9.75,0.0,36.25,A-C,1,1.0,1.650526609213146,787.25,,0,64637.0148563729,98472.64000000003,1.5234713456184787,4.194485065306483,10.5,1.0769230769230769,7705.0,144.34,32318.50742818645,223.90541380204,122678.38935507974,849.9264885345693,2183.07778456989,8286.78326321205,8286.78326321205,849.9264885345692,594.9485419741984,600.0,3,19.0,0.9915809032903307,1600000,10.5,0.2,0.06109453073459985,135638.70879392762,4828737.742423138,245356.77871015944,0.02808988933117373,0.0,1.0341638067277485,0.0,33.47363322980876,0.0,2.7763667701912382,11.75,5.555630911055282,1363111.7040391122,2882942.1498443736,0.0,1045531.9828265524,24448165697.7262,0.0,44.40686681939383,44.40686681939383,6761.800842538044,6806.207709357438,8286.78326321205,2183.0777845698894,223.90541380203993,341.1134820562561,156.73378966142795,238.77943743937925,0.0498515571451736,3.301874039585509e-05,0.00011490759922072163,0.00011490759922072163,235.0,-235.0,33.52636677019124,-33.52636677019124,0.003852434316156054,-0.003852434316156054,0.027003285816869584,-0.027003285816869584,-0.003852434316156054,0.003852434316156054,-0.027003285816869584,0.027003285816869584,0.053703991461329655,0.045999122829017546,0.07685484296204319,0.022848271328304016,0.045999122829017546,0.053703991461329655,0.022848271328304016,0.07685484296204319,0.0498515571451736,0.0498515571451736,0.0498515571451736,0.0498515571451736,0.053703991461329655,0.07685484296204319,0.0498515571451736,0.0498515571451736,1.0772781140002772,1.5416738686463263,1.5416738686463263,0.0032676973113684032,0.0036392600067019984,0.002896134616034808,0.002896134616034808,0.0036392600067019984,0.005812156126619339,0.0007232384961174676,0.0007232384961174676,0.005812156126619339,0.0036392600067019984,0.005812156126619339,0.0032676973113684032,0.0032676973113684032,0.013070789245473613,0.013070789245473613,0.21,0.0,1.3333333333333333,0.0,60907.85698460856,8924.228129612977,18459.70495448332,0.0,0.0,60907.85698460856,6584.63318752525,13620.268790740396,13620.268790740396,0.0,0.0,60907.85698460856,0.0,0.0,45680.89273845642,0.0,0.0,0.0,0.0,60907.85698460856,45680.89273845642,6584.63318752525,4938.474890643937,13620.268790740396,10215.201593055295,13620.268790740396,B,15.016644459064311,15.016644459064311,0.0
2,A-C--A-9.2,x,24.0,0.0,36.25,A-C,1,1.0,1.650526609213146,954.75,,0,64637.0148563729,98472.64000000003,1.5234713456184787,4.194485065306483,10.5,0.4375,7705.0,144.34,32318.50742818645,223.90541380204,122678.38935507974,849.9264885345693,5373.7299312489595,20398.23572482966,20398.23572482966,969.6444157159632,678.7510910011742,769.6428571428571,2,23.0,0.8819039697463054,1600000,10.5,0.2,0.04603627293118682,443090.51159115613,4828737.742423138,245356.77871015944,0.09176114654112613,0.0,3.2360562253974727,0.0,33.47363322980876,0.0,2.7763667701912382,11.75,5.555630911055282,1363111.7040391122,2882942.1498443736,0.0,3574833.887739517,24448165697.7262,0.0,151.83387496682613,151.83387496682613,23119.632102216292,23271.465977183118,23271.465977183118,6093.489455079445,253.89539396164355,386.80235748507886,177.72677577315048,270.7616502395552,0.0498515571451736,3.301874039585509e-05,0.00011490759922072163,0.00011490759922072163,235.0,-235.0,33.52636677019124,-33.52636677019124,0.003852434316156054,-0.003852434316156054,0.027003285816869584,-0.027003285816869584,-0.003852434316156054,0.003852434316156054,-0.027003285816869584,0.027003285816869584,0.053703991461329655,0.045999122829017546,0.07685484296204319,0.022848271328304016,0.045999122829017546,0.053703991461329655,0.022848271328304016,0.07685484296204319,0.0498515571451736,0.0498515571451736,0.0498515571451736,0.0498515571451736,0.053703991461329655,0.07685484296204319,0.0498515571451736,0.0498515571451736,1.0772781140002772,1.5416738686463263,1.5416738686463263,0.0032676973113684032,0.0036392600067019984,0.002896134616034808,0.002896134616034808,0.0036392600067019984,0.005812156126619339,0.0007232384961174676,0.0007232384961174676,0.005812156126619339,0.0036392600067019984,0.005812156126619339,0.0032676973113684032,0.0032676973113684032,0.013070789245473613,0.013070789245473613,0.21,0.0,1.3333333333333333,0.0,171045.2749322959,10181.266365017613,20971.379313473022,0.0,0.0,171045.2749322959,7278.522337544507,14992.305211333907,14992.305211333907,0.0,0.0,171045.2749322959,0.0,0.0,128283.95619922194,0.0,0.0,0.0,0.0,171045.2749322959,128283.95619922194,7278.522337544507,5458.89175315838,14992.305211333907,11244.22890850043,14992.305211333907,B,15.016644459064311,15.016644459064311,0.0
1,A-2,y,29.75,31.916666666666668,0.0,A-2,1,1.0442969117986087,1.3490490141378337,1369.3125,,90,33986.48282830213,99052.48000000004,2.9144669220527413,2.205482337981968,11.500000000000002,0.38655462184873957,1369.3125,29.75,3019.994533927934,101.51242130850198,24822.077859531775,834.3555583035891,3019.994533927934,24822.077859531775,24822.077859531775,834.3555583035891,584.0488908125124,600.0,3,19.0,0.973414818020854,1600000,10.5,0.2,0.05021891142370331,494277.49737752706,6393029.60097791,279343.2615384616,0.07731506472329173,2.3836167816361455,0.0,118.40876221344973,0.0,86.49209554678306,0.0,13.179250927083388,4.5193141973617434,1262439.9678081041,3681534.9386052676,3697631925.7853703,0.0,22975721574.064846,2349.0314657959093,0.0,2349.0314657959093,21939.040433251746,24288.071899047656,24822.077859531775,3019.994533927933,101.51242130850194,295.85459408111075,71.05869491595135,207.0982158567775,0.04438607978241583,3.967265070082748e-05,0.0001499124333131418,0.0001499124333131418,116.59123778655027,-116.59123778655027,67.0,-67.0,0.010044133031980502,-0.010044133031980502,0.017478476159572875,-0.017478476159572875,-0.010044133031980502,0.010044133031980502,-0.017478476159572875,0.017478476159572875,0.054430212814396334,0.03434194675043532,0.061864555941988704,0.026907603622842953,0.03434194675043532,0.054430212814396334,0.026907603622842953,0.061864555941988704,0.04438607978241583,0.04438607978241583,0.04438607978241583,0.04438607978241583,0.054430212814396334,0.061864555941988704,0.04438607978241583,0.04438607978241583,1.2262901585636232,1.3937828311320528,1.3937828311320528,0.008047986341694478,0.009982073461070932,0.006113899222318024,0.006113899222318024,0.009982073461070932,0.01137959299833266,0.004716379685056296,0.004716379685056296,0.01137959299833266,0.009982073461070932,0.01137959299833266,0.009982073461070932,0.009982073461070932,0.03992829384428373,0.03992829384428373,0.23000000000000004,684.65625,1.3333333333333333,1073.9705882352941,199817.7267692308,9595.088920491276,26238.234596104972,5965.369632352942,31957.33731617648,173825.75908540725,5942.760994372898,15638.607925612996,15638.607925612996,1227.3949579831933,767.1218487394958,199817.7267692308,80.18980392156863,715.9803921568628,149863.29507692312,60.14235294117648,715.9803921568628,613.6974789915967,51.141456582633054,200613.89696530922,151304.2567575954,6858.59476804476,5172.795102823775,18789.603974297424,14207.599087883886,18789.603974297424,E,27.15372011334046,29.623766964959547,0.0
1,A-2.4,y,29.75,40.083333333333336,0.0,A-2.4,2,1.0442969117986087,1.3490490141378337,2146.791666666667,,90,33986.48282830213,99052.48000000004,2.9144669220527413,2.205482337981968,11.500000000000002,0.38655462184873957,2146.791666666667,29.75,4734.711104160207,159.14995308101535,38915.75509476033,1308.092608227238,4734.711104160207,38915.75509476033,38915.75509476033,1385.591378256213,969.9139647793489,1200.0,3,19.0,0.8082616373161241,1600000,10.5,0.2,0.04419709197790731,880504.8783348246,6393029.60097791,279343.2615384616,0.13772889119739695,5.1273860861141305,0.0,118.40876221344973,0.0,78.32542888011639,0.0,13.179250927083388,4.5193141973617434,1262439.9678081041,3681534.9386052676,5193853385.831465,0.0,22975721574.064846,3643.58143217362,0.0,3643.58143217362,37577.76207094872,41221.343503122334,41221.343503122334,5339.893533611255,179.49221961718504,523.124136840112,125.64455373202952,366.18689578807835,0.04438607978241583,3.967265070082748e-05,0.0001499124333131418,0.0001499124333131418,116.59123778655027,-116.59123778655027,67.0,-67.0,0.010044133031980502,-0.010044133031980502,0.017478476159572875,-0.017478476159572875,-0.010044133031980502,0.010044133031980502,-0.017478476159572875,0.017478476159572875,0.054430212814396334,0.03434194675043532,0.061864555941988704,0.026907603622842953,0.03434194675043532,0.054430212814396334,0.026907603622842953,0.061864555941988704,0.04438607978241583,0.04438607978241583,0.04438607978241583,0.04438607978241583,0.054430212814396334,0.061864555941988704,0.04438607978241583,0.04438607978241583,1.2262901585636232,1.3937828311320528,1.3937828311320528,0.008047986341694478,0.009982073461070932,0.006113899222318024,0.006113899222318024,0.009982073461070932,0.01137959299833266,0.004716379685056296,0.004716379685056296,0.01137959299833266,0.009982073461070932,0.01137959299833266,0.009982073461070932,0.009982073461070932,0.03992829384428373,0.03992829384428373,0.23000000000000004,536.6979166666667,1.3333333333333333,841.8790849673203,331831.8152001348,15934.30084994645,41488.53453117778,4676.217377450982,25051.16452205883,311456.8680555269,10648.098053180407,27153.72011334046,27153.72011334046,962.1475256769377,601.342203548086,331831.8152001348,62.86030501089324,561.2527233115468,248873.86140010113,47.14522875816994,561.2527233115468,481.07376283846884,40.08948023653907,332455.9282284572,250003.42259524585,11366.014640289135,8547.125558811824,29623.76696495955,22308.28353809955,29623.76696495955,E,27.15372011334046,29.623766964959547,0.0
1,A-3,y,29.75,49.833333333333336,0.0,A-3,1,1.0442969117986087,1.3490490141378337,593.2291666666667,,90,33986.48282830213,99052.48000000004,2.9144669220527413,2.205482337981968,11.500000000000002,0.38655462184873957,593.2291666666667,29.75,1308.3564494590948,43.97836804904521,10753.703455964329,361.4690237298934,1308.3564494590948,10753.703455964329,10753.703455964329,481.41813189395606,336.9926923257692,460.7142857142857,4,17.0,0.7314570065985688,1600000,10.5,0.2,0.0345579706556123,311178.673167196,6393029.60097791,279343.2615384616,0.04867468048632163,2.5367222167466097,0.0,118.40876221344973,0.0,68.57542888011639,0.0,13.179250927083388,4.5193141973617434,1262439.9678081041,3681534.9386052676,1398664176.96739,0.0,22975721574.064846,1120.6925763425254,0.0,1120.6925763425254,13201.496847502667,14322.189423845193,14322.189423845193,1971.108053253287,66.25573288246342,193.10014188230176,46.37901301772439,135.17009931761123,0.04438607978241583,3.967265070082748e-05,0.0001499124333131418,0.0001499124333131418,116.59123778655027,-116.59123778655027,67.0,-67.0,0.010044133031980502,-0.010044133031980502,0.017478476159572875,-0.017478476159572875,-0.010044133031980502,0.010044133031980502,-0.017478476159572875,0.017478476159572875,0.054430212814396334,0.03434194675043532,0.061864555941988704,0.026907603622842953,0.03434194675043532,0.054430212814396334,0.026907603622842953,0.061864555941988704,0.04438607978241583,0.04438607978241583,0.04438607978241583,0.04438607978241583,0.054430212814396334,0.061864555941988704,0.04438607978241583,0.04438607978241583,1.2262901585636232,1.3937828311320528,1.3937828311320528,0.008047986341694478,0.009982073461070932,0.006113899222318024,0.006113899222318024,0.009982073461070932,0.01137959299833266,0.004716379685056296,0.004716379685056296,0.01137959299833266,0.009982073461070932,0.01137959299833266,0.009982073461070932,0.009982073461070932,0.03992829384428373,0.03992829384428373,0.23000000000000004,593.2291666666667,1.3333333333333333,930.5555555555557,115293.62486195382,5536.308516780496,14429.153355572267,5168.770833333335,27689.84375000001,92772.55194528714,3171.7111776166544,7637.181762272105,7637.181762272105,1063.4920634920636,664.6825396825398,115293.62486195382,69.48148148148148,620.3703703703704,86470.21864646536,52.11111111111113,620.3703703703704,531.7460317460318,44.31216931216932,115983.47671380566,87718.75832900504,3965.247067138655,2998.9319086839328,10367.402599562387,7875.538382991558,10367.402599562387,E,27.15372011334046,29.623766964959547,0.0
1,A-3.7,y,20.0,67.33333333333334,0.0,A-3.7,1,1.0442969117986087,1.3490490141378337,441.08333333333337,,90,33986.48282830213,99052.48000000004,2.9144669220527413,2.205482337981968,11.500000000000002,0.5750000000000001,441.08333333333337,20.0,972.8015012448799,48.640075062243994,7995.694804905243,399.7847402452621,972.8015012448799,7995.694804905243,7995.694804905243,508.42417066485297,355.89691946539705,460.7142857142857,4,17.0,0.7724894375993114,1600000,10.5,0.2,0.03977872523466881,201004.29960326286,6393029.60097791,279343.2615384616,0.031441165167218406,2.1319262626023705,0.0,118.40876221344973,0.0,51.07542888011639,0.0,13.179250927083388,4.5193141973617434,1262439.9678081041,3681534.9386052676,562091723.855307,0.0,22975721574.064846,604.6955109454101,0.0,604.6955109454101,9563.787902351649,10168.483413297059,10168.483413297059,2554.1897050384696,127.70948525192348,372.20507039911337,89.39663967634644,260.54354927937936,0.04438607978241583,3.967265070082748e-05,0.0001499124333131418,0.0001499124333131418,116.59123778655027,-116.59123778655027,67.0,-67.0,0.010044133031980502,-0.010044133031980502,0.017478476159572875,-0.017478476159572875,-0.010044133031980502,0.010044133031980502,-0.017478476159572875,0.017478476159572875,0.054430212814396334,0.03434194675043532,0.061864555941988704,0.026907603622842953,0.03434194675043532,0.054430212814396334,0.026907603622842953,0.061864555941988704,0.04438607978241583,0.04438607978241583,0.04438607978241583,0.04438607978241583,0.054430212814396334,0.061864555941988704,0.04438607978241583,0.04438607978241583,1.2262901585636232,1.3937828311320528,1.3937828311320528,0.008047986341694478,0.009982073461070932,0.006113899222318024,0.006113899222318024,0.009982073461070932,0.01137959299833266,0.004716379685056296,0.004716379685056296,0.01137959299833266,0.009982073461070932,0.01137959299833266,0.009982073461070932,0.009982073461070932,0.03992829384428373,0.03992829384428373,0.23000000000000004,441.08333333333337,1.3333333333333333,1029.1944444444443,81856.29147704133,5846.87796264581,14585.672373437083,5716.660541666669,30624.96718750001,56947.984831208,2920.409478523487,6098.83633968987,6098.83633968987,1176.2222222222222,735.1388888888889,81856.29147704133,76.8465185185185,686.1296296296296,61392.218607781004,57.634888888888895,686.1296296296296,588.1111111111111,49.00925925925927,82619.26762518949,62773.10349666989,4236.885519240486,3219.1335126497383,10628.272708754448,8137.08202444333,10628.272708754448,E,27.15372011334046,29.623766964959547,0.0
1,A-4,y,20.0,76.16666666666667,0.0,A-4,1,1.0442969117986087,1.3490490141378337,505.29166666666663,,90,33986.48282830213,99052.48000000004,2.9144669220527413,2.205482337981968,11.500000000000002,0.5750000000000001,505.29166666666663,20.0,1114.4118463628051,55.720592318140255,9159.625061315497,457.98125306577487,1114.4118463628051,9159.625061315497,9159.625061315497,508.9073748757235,356.23516241300644,460.7142857142857,4,17.0,0.7732236083383085,1600000,10.5,0.2,0.039807422809169525,230098.41921254958,6393029.60097791,279343.2615384616,0.03599207786826962,2.8657915717947886,0.0,118.40876221344973,0.0,42.24209554678306,0.0,13.179250927083388,4.5193141973617434,1262439.9678081041,3681534.9386052676,388844842.72420555,0.0,22975721574.064846,505.7925922948563,0.0,505.7925922948563,9672.354905219614,10178.14749751447,10178.14749751447,1727.1900456577514,86.35950228288758,251.69191280841403,60.4516515980213,176.18433896588982,0.04438607978241583,3.967265070082748e-05,0.0001499124333131418,0.0001499124333131418,116.59123778655027,-116.59123778655027,67.0,-67.0,0.010044133031980502,-0.010044133031980502,0.017478476159572875,-0.017478476159572875,-0.010044133031980502,0.010044133031980502,-0.017478476159572875,0.017478476159572875,0.054430212814396334,0.03434194675043532,0.061864555941988704,0.026907603622842953,0.03434194675043532,0.054430212814396334,0.026907603622842953,0.061864555941988704,0.04438607978241583,0.04438607978241583,0.04438607978241583,0.04438607978241583,0.054430212814396334,0.061864555941988704,0.04438607978241583,0.04438607978241583,1.2262901585636232,1.3937828311320528,1.3937828311320528,0.008047986341694478,0.009982073461070932,0.006113899222318024,0.006113899222318024,0.009982073461070932,0.01137959299833266,0.004716379685056296,0.004716379685056296,0.01137959299833266,0.009982073461070932,0.01137959299833266,0.009982073461070932,0.009982073461070932,0.03992829384428373,0.03992829384428373,0.23000000000000004,505.29166666666663,1.3333333333333333,1179.0138888888887,81934.0873549915,5852.4348110708215,15508.697940989248,6548.832645833334,35083.032031250004,53399.887969574826,2738.4557933115293,6124.955829962365,6124.955829962365,1347.4444444444443,842.1527777777776,81934.0873549915,88.033037037037,786.0092592592591,61450.56551624362,66.02477777777779,786.0092592592591,673.7222222222222,56.14351851851851,82808.12965128779,63032.46529402139,4246.570751348092,3232.4341176421226,11313.740531232546,8675.329614948625,11313.740531232546,E,27.15372011334046,29.623766964959547,0.0
1,A-5,y,29.75,97.5,0.0,A-5,1,1.0442969117986087,1.3490490141378337,770.5,,90,33986.48282830213,99052.48000000004,2.9144669220527413,2.205482337981968,11.500000000000002,0.38655462184873957,770.5,29.75,1699.3241414151064,57.120139207230466,13967.16307692308,469.484473173885,1699.3241414151064,13967.16307692308,13967.16307692308,517.7403498466751,362.4182448926726,460.7142857142857,4,17.0,0.7866442524802195,1600000,10.5,0.2,0.036679231545909255,380792.1400818116,6393029.60097791,279343.2615384616,0.059563644132597744,6.0766008901623305,0.0,118.40876221344973,0.0,20.908762213449734,0.0,13.179250927083388,4.5193141973617434,1262439.9678081041,3681534.9386052676,147880460.09481558,0.0,22975721574.064846,388.61901377431,0.0,388.61901377431,15014.156394164276,15402.775407938587,15402.775407938587,366.54169897624706,12.320729377352842,35.90835822585833,8.62451056414699,25.13585075810083,0.04438607978241583,3.967265070082748e-05,0.0001499124333131418,0.0001499124333131418,116.59123778655027,-116.59123778655027,67.0,-67.0,0.010044133031980502,-0.010044133031980502,0.017478476159572875,-0.017478476159572875,-0.010044133031980502,0.010044133031980502,-0.017478476159572875,0.017478476159572875,0.054430212814396334,0.03434194675043532,0.061864555941988704,0.026907603622842953,0.03434194675043532,0.054430212814396334,0.026907603622842953,0.061864555941988704,0.04438607978241583,0.04438607978241583,0.04438607978241583,0.04438607978241583,0.054430212814396334,0.061864555941988704,0.04438607978241583,0.04438607978241583,1.2262901585636232,1.3937828311320528,1.3937828311320528,0.008047986341694478,0.009982073461070932,0.006113899222318024,0.006113899222318024,0.009982073461070932,0.01137959299833266,0.004716379685056296,0.004716379685056296,0.01137959299833266,0.009982073461070932,0.01137959299833266,0.009982073461070932,0.009982073461070932,0.03992829384428373,0.03992829384428373,0.23000000000000004,770.5,1.3333333333333333,1208.627450980392,123992.34203390563,5954.014023236766,16640.73279357963,6713.32117647059,35964.22058823531,94741.44262214092,3239.0236793894333,8424.087113618962,8424.087113618962,1381.2885154061623,863.3053221288516,123992.34203390563,90.24418300653593,805.751633986928,92994.25652542924,67.68313725490196,805.751633986928,690.6442577030812,57.55368814192344,124888.3378508991,94615.88924251609,4269.686764133303,3234.7312561543963,11970.16217758187,9107.486365404076,11970.16217758187,E,27.15372011334046,29.623766964959547,0.0
1,A-5.1,y,29.75,98.08333333333334,0.0,A-5.1,1,1.0442969117986087,1.3490490141378337,1384.6666666666667,,90,33986.48282830213,99052.48000000004,2.9144669220527413,2.205482337981968,11.500000000000002,0.38655462184873957,1384.6666666666667,29.75,3053.8578773256986,102.65068495212432,25100.409007803795,843.7112271530688,3053.8578773256986,25100.409007803795,25100.409007803795,843.7112271530688,590.5978590071481,600.0,3,19.0,0.9843297650119136,1600000,10.5,0.2,0.05070977755858791,494981.64291499514,6393029.60097791,279343.2615384616,0.07742520742267175,7.335544853868961,0.0,118.40876221344973,0.0,20.32542888011639,0.0,13.179250927083388,4.5193141973617434,1262439.9678081041,3681534.9386052676,204488330.5494169,0.0,22975721574.064846,552.8029944401416,0.0,552.8029944401416,21970.294693256234,22523.097687696376,25100.409007803795,3053.8578773256995,102.65068495212435,299.1720258190235,71.85547946648704,209.42041807331643,0.04438607978241583,3.967265070082748e-05,0.0001499124333131418,0.0001499124333131418,116.59123778655027,-116.59123778655027,67.0,-67.0,0.010044133031980502,-0.010044133031980502,0.017478476159572875,-0.017478476159572875,-0.010044133031980502,0.010044133031980502,-0.017478476159572875,0.017478476159572875,0.054430212814396334,0.03434194675043532,0.061864555941988704,0.026907603622842953,0.03434194675043532,0.054430212814396334,0.026907603622842953,0.061864555941988704,0.04438607978241583,0.04438607978241583,0.04438607978241583,0.04438607978241583,0.054430212814396334,0.061864555941988704,0.04438607978241583,0.04438607978241583,1.2262901585636232,1.3937828311320528,1.3937828311320528,0.008047986341694478,0.009982073461070932,0.006113899222318024,0.006113899222318024,0.009982073461070932,0.01137959299833266,0.004716379685056296,0.004716379685056296,0.01137959299833266,0.009982073461070932,0.01137959299833266,0.009982073461070932,0.009982073461070932,0.03992829384428373,0.03992829384428373,0.23000000000000004,692.3333333333334,1.3333333333333333,1086.0130718954247,202058.29251282057,9702.679112260292,25797.905166486828,6032.259607843138,32315.676470588245,175774.87565007544,6009.397458122237,15290.997010019437,15290.997010019437,1241.1577964519142,775.7236227824465,202058.29251282057,81.08897603485836,724.0087145969497,151543.71938461546,60.8167320261438,724.0087145969497,620.5788982259571,51.714908185496434,202863.39020345238,153000.83863765,6935.500519776149,5230.7979021418805,18477.325328362916,13974.684045511258,18477.325328362916,E,27.15372011334046,29.623766964959547,0.0
1,A-6,y,29.75,122.16666666666667,0.0,A-6,1,1.0,1.2418207470050129,988.25,,90,33986.48282830213,99052.48000000004,2.9144669220527413,2.205482337981968,11.500000000000002,0.38655462184873957,988.25,29.75,2179.56792051068,73.26278724405647,17914.404816053517,602.1648677665048,2179.56792051068,17914.404816053517,17914.404816053517,635.458486122863,444.82094028600403,460.7142857142857,4,17.0,0.9655028161246599,1600000,10.5,0.2,0.04355411123762787,411313.7498849169,6393029.60097791,279343.2615384616,0.06433784536552127,7.947093789793104,0.0,118.40876221344973,0.0,3.7579044532169377,0.0,10.841237786550266,4.160099502466793,1162095.7633436054,3028426.722408964,5989120.433885608,0.0,22975721574.064846,80.610213379807,0.0,80.610213379807,18824.279748775363,18904.88996215517,18904.88996215517,2665.7228713314216,89.60413012878728,261.14827333965997,62.72289109015109,182.80379133776196,0.04438607978241583,3.967265070082748e-05,0.0001283882507075883,0.0001283882507075883,116.59123778655027,-116.59123778655027,67.0,-67.0,0.008602012797408416,-0.008602012797408416,0.014968945067247658,-0.014968945067247658,-0.008602012797408416,0.008602012797408416,-0.014968945067247658,0.014968945067247658,0.052988092579824245,0.03578406698500741,0.059355024849663485,0.029417134715168172,0.03578406698500741,0.052988092579824245,0.029417134715168172,0.059355024849663485,0.04438607978241583,0.04438607978241583,0.04438607978241583,0.04438607978241583,0.052988092579824245,0.059355024849663485,0.04438607978241583,0.04438607978241583,1.193799786770451,1.3372441346617372,1.3372441346617372,0.008047986341694478,0.009362426756130249,0.006733545927258711,0.006733545927258711,0.009362426756130249,0.010304754855800805,0.005791217827588149,0.005791217827588149,0.010304754855800805,0.009362426756130249,0.010304754855800805,0.008047986341694478,0.008047986341694478,0.03219194536677791,0.03219194536677791,0.23000000000000004,494.125,1.3333333333333333,775.0980392156863,152184.36419534913,7307.772590412925,19511.48717836527,4305.282058823531,23064.011029411773,133425.6352247609,4561.560178624304,11695.977055446481,11695.977055446481,885.8263305322128,553.641456582633,152184.36419534913,57.873986928104564,516.7320261437908,114138.27314651188,43.40549019607844,516.7320261437908,442.9131652661064,36.90943043884221,152758.97020842103,115178.23325855669,5222.528896014394,3937.7173763609126,13970.090411683565,10560.85062616314,13970.090411683565,A,13.20896442657243,14.373323313063876,0.0
1,A-6.1,y,29.75,122.75000000000001,0.0,A-6.1,1,1.0,1.2418207470050129,826.3333333333334,,90,33986.48282830213,99052.48000000004,2.9144669220527413,2.205482337981968,11.500000000000002,0.38655462184873957,826.3333333333334,29.75,1822.463571952433,61.25927972949355,14979.276343366782,503.50508717199267,1822.463571952433,14979.276343366782,14979.276343366782,545.0520998120486,381.536469868434,460.7142857142857,4,17.0,0.8281411749082288,1600000,10.5,0.2,0.03827427034895072,391366.73819772596,6393029.60097791,279343.2615384616,0.0612177265905136,7.749915761603275,0.0,118.40876221344973,0.0,4.3412377865502805,0.0,10.841237786550266,4.160099502466793,1162095.7633436054,3028426.722408964,6851129.873428575,0.0,22975721574.064846,79.82177555293384,0.0,79.82177555293384,16135.478193855513,16215.299969408446,16215.299969408446,378.60950560122546,12.726369936175645,37.090584216790376,8.908458955322951,25.963408951753262,0.04438607978241583,3.967265070082748e-05,0.0001283882507075883,0.0001283882507075883,116.59123778655027,-116.59123778655027,67.0,-67.0,0.008602012797408416,-0.008602012797408416,0.014968945067247658,-0.014968945067247658,-0.008602012797408416,0.008602012797408416,-0.014968945067247658,0.014968945067247658,0.052988092579824245,0.03578406698500741,0.059355024849663485,0.029417134715168172,0.03578406698500741,0.052988092579824245,0.029417134715168172,0.059355024849663485,0.04438607978241583,0.04438607978241583,0.04438607978241583,0.04438607978241583,0.052988092579824245,0.059355024849663485,0.04438607978241583,0.04438607978241583,1.193799786770451,1.3372441346617372,1.3372441346617372,0.008047986341694478,0.009362426756130249,0.006733545927258711,0.006733545927258711,0.009362426756130249,0.010304754855800805,0.005791217827588149,0.005791217827588149,0.010304754855800805,0.009362426756130249,0.010304754855800805,0.008047986341694478,0.008047986341694478,0.03219194536677791,0.03219194536677791,0.23000000000000004,826.3333333333334,1.3333333333333333,1296.2091503267975,130533.164753738,6268.09914783856,17456.996552866633,7199.793725490198,38570.32352941178,99162.63494981642,3390.1755538398775,8757.155980483209,8757.155980483209,1481.3818860877684,925.8636788048553,130533.164753738,96.7836165577342,864.1394335511983,97899.87356530351,72.58771241830067,864.1394335511983,740.6909430438842,61.724245253657024,131494.08780384692,99639.01589957056,4495.524369362288,3406.4620820366003,12560.193005602849,9559.419974261671,12560.193005602849,A,13.20896442657243,14.373323313063876,0.0
1,A-6.8,y,29.75,147.41666666666669,0.0,A-6.8,1,1.0,1.2418207470050129,905.8958333333333,,90,33986.48282830213,99052.48000000004,2.9144669220527413,2.205482337981968,11.500000000000002,0.38655462184873957,905.8958333333333,29.75,1997.9372604681232,67.15755497371843,16421.537748049057,551.984462119296,1997.9372604681234,16421.537748049057,16421.537748049057,594.4362177127215,416.10535239890504,460.7142857142857,4,17.0,0.9031744083077008,1600000,10.5,0.2,0.04115836178964616,398984.24120903853,6393029.60097791,279343.2615384616,0.06240925916376297,9.456529812323012,0.0,118.40876221344973,0.0,29.007904453216952,0.0,10.841237786550266,4.160099502466793,1162095.7633436054,3028426.722408964,324529773.0594571,0.0,22975721574.064846,565.8625443278988,0.0,565.8625443278988,17118.614932625565,17684.477476953463,17684.477476953463,2453.3792916816546,82.46653081282872,240.34597623043248,57.7265715689801,168.24218336130272,0.04438607978241583,3.967265070082748e-05,0.0001283882507075883,0.0001283882507075883,116.59123778655027,-116.59123778655027,67.0,-67.0,0.008602012797408416,-0.008602012797408416,0.014968945067247658,-0.014968945067247658,-0.008602012797408416,0.008602012797408416,-0.014968945067247658,0.014968945067247658,0.052988092579824245,0.03578406698500741,0.059355024849663485,0.029417134715168172,0.03578406698500741,0.052988092579824245,0.029417134715168172,0.059355024849663485,0.04438607978241583,0.04438607978241583,0.04438607978241583,0.04438607978241583,0.052988092579824245,0.059355024849663485,0.04438607978241583,0.04438607978241583,1.193799786770451,1.3372441346617372,1.3372441346617372,0.008047986341694478,0.009362426756130249,0.006733545927258711,0.006733545927258711,0.009362426756130249,0.010304754855800805,0.005791217827588149,0.005791217827588149,0.010304754855800805,0.009362426756130249,0.010304754855800805,0.008047986341694478,0.008047986341694478,0.03219194536677791,0.03219194536677791,0.23000000000000004,226.47395833333331,1.3333333333333333,355.25326797385617,142360.0436894754,6836.016503696298,18281.117025651758,1973.2542769607846,10571.005055147061,133762.29291128914,4573.069843120997,12009.243563570699,12009.243563570699,406.0037348272641,253.7523342670401,142360.0436894754,26.525577342047924,236.83551198257078,106770.03276710656,19.894183006535947,236.83551198257078,203.00186741363206,16.91682228446934,142623.4047788,107246.68115179377,4876.013838591453,3666.5532017707274,13051.545518512694,9826.830430193068,13051.545518512694,A,13.20896442657243,14.373323313063876,0.0
1,A-7,y,29.75,156.5,0.0,A-7,1,1.0,1.2418207470050129,1011.9791666666667,,90,33986.48282830213,99052.48000000004,2.9144669220527413,2.205482337981968,11.500000000000002,0.38655462184873957,1011.9791666666667,29.75,2231.9021784890438,75.02192196601828,18344.552954292092,616.6236287157005,2231.9021784890438,18344.552954292092,18344.552954292092,656.0947397779648,459.2663178445753,460.7142857142857,4,17.0,0.9968571240037294,1600000,10.5,0.2,0.04475929308686949,409849.0322152478,6393029.60097791,279343.2615384616,0.06410873369842605,10.217615719859976,0.0,118.40876221344973,0.0,38.091237786550266,0.0,10.841237786550266,4.160099502466793,1162095.7633436054,3028426.722408964,611509944.4015644,0.0,22975721574.064846,811.9909646616894,0.0,811.9909646616894,18706.827543732765,19518.818508394455,19518.818508394455,2724.8465624589844,91.5914810910583,266.9403419817085,64.1140367637408,186.85823938719594,0.04438607978241583,3.967265070082748e-05,0.0001283882507075883,0.0001283882507075883,116.59123778655027,-116.59123778655027,67.0,-67.0,0.008602012797408416,-0.008602012797408416,0.014968945067247658,-0.014968945067247658,-0.008602012797408416,0.008602012797408416,-0.014968945067247658,0.014968945067247658,0.052988092579824245,0.03578406698500741,0.059355024849663485,0.029417134715168172,0.03578406698500741,0.052988092579824245,0.029417134715168172,0.059355024849663485,0.04438607978241583,0.04438607978241583,0.04438607978241583,0.04438607978241583,0.052988092579824245,0.059355024849663485,0.04438607978241583,0.04438607978241583,1.193799786770451,1.3372441346617372,1.3372441346617372,0.008047986341694478,0.009362426756130249,0.006733545927258711,0.006733545927258711,0.009362426756130249,0.010304754855800805,0.005791217827588149,0.005791217827588149,0.010304754855800805,0.009362426756130249,0.010304754855800805,0.008047986341694478,0.008047986341694478,0.03219194536677791,0.03219194536677791,0.23000000000000004,252.99479166666669,1.3333333333333333,396.85457516339875,157126.48899257538,7545.089507446597,20131.711923500625,2204.328737745099,11808.903952205887,147521.9137781146,5043.484231730414,13208.964426572431,13208.964426572431,453.5480859010271,283.46755368814195,157126.48899257538,29.6318082788671,264.56971677559915,117844.86674443155,22.223856209150334,264.56971677559915,226.77404295051352,18.897836912542797,157420.69051762985,118377.33219727935,5381.903949320678,4047.088280248867,14373.323313063876,10822.633757831338,14373.323313063876,A,13.20896442657243,14.373323313063876,0.0
1,A-7.8,y,20.0,176.83333333333334,0.0,A-7.8,1,1.0,1.2418207470050129,640.6875,,90,33986.48282830213,99052.48000000004,2.9144669220527413,2.205482337981968,11.500000000000002,0.5750000000000001,640.6875,20.0,1413.0249654158222,70.65124827079111,11613.999732441474,580.6999866220738,1413.0249654158224,11613.999732441474,11613.999732441474,618.7996688389366,433.15976818725557,460.7142857142857,4,17.0,0.9401917449025702,1600000,10.5,0.2,0.04633394352673652,250658.56364545654,6393029.60097791,279343.2615384616,0.039208103088888335,7.041078115409172,0.0,118.40876221344973,0.0,58.42457111988361,0.0,10.841237786550266,4.160099502466793,1162095.7633436054,3028426.722408964,892343984.8410856,0.0,22975721574.064846,772.5196332273255,0.0,772.5196332273255,11603.473743551405,12375.993376778732,12375.993376778732,1714.5375844727205,85.72687922363602,249.84815382809757,60.00881545654521,174.8937076796683,0.04438607978241583,3.967265070082748e-05,0.0001283882507075883,0.0001283882507075883,116.59123778655027,-116.59123778655027,67.0,-67.0,0.008602012797408416,-0.008602012797408416,0.014968945067247658,-0.014968945067247658,-0.008602012797408416,0.008602012797408416,-0.014968945067247658,0.014968945067247658,0.052988092579824245,0.03578406698500741,0.059355024849663485,0.029417134715168172,0.03578406698500741,0.052988092579824245,0.029417134715168172,0.059355024849663485,0.04438607978241583,0.04438607978241583,0.04438607978241583,0.04438607978241583,0.052988092579824245,0.059355024849663485,0.04438607978241583,0.04438607978241583,1.193799786770451,1.3372441346617372,1.3372441346617372,0.008047986341694478,0.009362426756130249,0.006733545927258711,0.006733545927258711,0.009362426756130249,0.010304754855800805,0.005791217827588149,0.005791217827588149,0.010304754855800805,0.009362426756130249,0.010304754855800805,0.008047986341694478,0.008047986341694478,0.03219194536677791,0.03219194536677791,0.23000000000000004,160.171875,1.3333333333333333,373.734375,99626.74668306879,7116.196191647771,18887.798293017946,2075.9075859375002,11120.933496093752,90581.72077291254,4645.216449892951,11972.51633316833,11972.51633316833,427.125,266.953125,99626.74668306879,27.905499999999996,249.15625,74720.0600123016,20.929125000000003,249.15625,213.5625,17.796875,99903.80843306879,75221.5047623016,5123.272227336861,3857.5130647334154,13617.303748833396,10273.213388548125,13617.303748833396,A,13.20896442657243,14.373323313063876,0.0
1,A-8,y,29.75,182.58333333333334,0.0,A-8,1,1.0,1.2418207470050129,794.2291666666666,,90,33986.48282830213,99052.48000000004,2.9144669220527413,2.205482337981968,11.500000000000002,0.38655462184873957,794.2291666666666,29.75,1751.65839939347,58.87927392919227,14397.311215161653,483.9432341230808,1751.65839939347,14397.311215161653,14397.311215161653,537.4746479450281,376.23225356151966,460.7142857142857,4,17.0,0.816628147265314,1600000,10.5,0.2,0.03783173811387241,380561.7170383812,6393029.60097791,279343.2615384616,0.059527601276892037,11.444400327514781,0.0,118.40876221344973,0.0,64.17457111988361,0.0,10.841237786550266,4.160099502466793,1162095.7633436054,3028426.722408964,1382522570.7016027,0.0,22975721574.064846,1089.6374305560823,0.0,1089.6374305560823,14900.233345808503,15989.870776364585,15989.870776364585,310.04492688701976,10.42167821468974,30.373636428990913,7.2951747502828175,21.26154550029364,0.04438607978241583,3.967265070082748e-05,0.0001283882507075883,0.0001283882507075883,116.59123778655027,-116.59123778655027,67.0,-67.0,0.008602012797408416,-0.008602012797408416,0.014968945067247658,-0.014968945067247658,-0.008602012797408416,0.008602012797408416,-0.014968945067247658,0.014968945067247658,0.052988092579824245,0.03578406698500741,0.059355024849663485,0.029417134715168172,0.03578406698500741,0.052988092579824245,0.029417134715168172,0.059355024849663485,0.04438607978241583,0.04438607978241583,0.04438607978241583,0.04438607978241583,0.052988092579824245,0.059355024849663485,0.04438607978241583,0.04438607978241583,1.193799786770451,1.3372441346617372,1.3372441346617372,0.008047986341694478,0.009362426756130249,0.006733545927258711,0.006733545927258711,0.009362426756130249,0.010304754855800805,0.005791217827588149,0.005791217827588149,0.010304754855800805,0.009362426756130249,0.010304754855800805,0.008047986341694478,0.008047986341694478,0.03219194536677791,0.03219194536677791,0.23000000000000004,397.1145833333333,1.3333333333333333,622.9248366013071,128718.45974973493,6180.958451367824,17227.64679009931,3460.0360049019614,18535.907169117654,113642.58858551923,3885.216703778435,10501.005031989087,10501.005031989087,711.9140989729224,444.94631185807646,128718.45974973493,46.51172113289759,415.2832244008714,96538.8448123012,34.883790849673204,415.2832244008714,355.9570494864612,29.663087457205098,129180.2546952687,97374.63196449542,4416.4189639408105,3329.047246649416,12328.646980716348,9313.417330312494,12328.646980716348,A,13.20896442657243,14.373323313063876,0.0
1,A-8.2,y,20.0,185.66666666666669,0.0,A-8.2,1,1.0,1.2418207470050129,448.0625,,90,33986.48282830213,99052.48000000004,2.9144669220527413,2.205482337981968,11.500000000000002,0.5750000000000001,448.0625,20.0,988.1939300620456,49.40969650310228,8122.2089632107045,406.1104481605352,988.1939300620456,8122.2089632107045,8122.2089632107045,515.9063184347656,361.1344229043359,460.7142857142857,4,17.0,0.7838576621179384,1600000,10.5,0.2,0.04022309117400011,201929.009584943,6393029.60097791,279343.2615384616,0.03158580863665248,5.901716964831796,0.0,118.40876221344973,0.0,67.25790445321695,0.0,10.841237786550266,4.160099502466793,1162095.7633436054,3028426.722408964,976718071.5372452,0.0,22975721574.064846,734.511584085363,0.0,734.511584085363,9583.614784609948,10318.126368695312,10318.126368695312,2578.219906960965,128.91099534804826,375.7068318307815,90.23769674363378,262.99478228154703,0.04438607978241583,3.967265070082748e-05,0.0001283882507075883,0.0001283882507075883,116.59123778655027,-116.59123778655027,67.0,-67.0,0.008602012797408416,-0.008602012797408416,0.014968945067247658,-0.014968945067247658,-0.008602012797408416,0.008602012797408416,-0.014968945067247658,0.014968945067247658,0.052988092579824245,0.03578406698500741,0.059355024849663485,0.029417134715168172,0.03578406698500741,0.052988092579824245,0.029417134715168172,0.059355024849663485,0.04438607978241583,0.04438607978241583,0.04438607978241583,0.04438607978241583,0.052988092579824245,0.059355024849663485,0.04438607978241583,0.04438607978241583,1.193799786770451,1.3372441346617372,1.3372441346617372,0.008047986341694478,0.009362426756130249,0.006733545927258711,0.006733545927258711,0.009362426756130249,0.010304754855800805,0.005791217827588149,0.005791217827588149,0.010304754855800805,0.009362426756130249,0.010304754855800805,0.008047986341694478,0.008047986341694478,0.03219194536677791,0.03219194536677791,0.23000000000000004,448.0625,1.3333333333333333,1045.4791666666665,83060.91726799725,5932.922661999805,14713.964504028596,5807.114031250001,31109.53945312501,57758.491846122255,2961.9739408267824,6121.751604655145,6121.751604655145,1194.8333333333333,746.7708333333333,83060.91726799725,78.06244444444442,696.986111111111,62295.68795099796,58.54683333333333,696.986111111111,597.4166666666666,49.784722222222214,83835.9658235528,63698.42228433129,4299.280298643734,3266.5857581708356,10722.856270698592,8210.644339776081,10722.856270698592,A,13.20896442657243,14.373323313063876,0.0
1,A-8.9,y,29.75,203.58333333333334,0.0,A-8.9,1,1.0,1.2418207470050129,1352.5625,,90,33986.48282830213,99052.48000000004,2.9144669220527413,2.205482337981968,11.500000000000002,0.38655462184873957,1352.5625,29.75,2983.0527047667356,100.27067915182305,24518.443879598664,824.1493741041568,2983.0527047667356,24518.443879598664,24518.443879598664,824.1493741041568,576.9045618729097,600.0,3,19.0,0.9615076031215161,1600000,10.5,0.2,0.04968342109473828,493493.4700419672,6393029.60097791,279343.2615384616,0.07719242688419274,15.179997453296227,0.0,118.40876221344973,0.0,85.17457111988361,0.0,10.841237786550266,4.160099502466793,1162095.7633436054,3028426.722408964,3580150810.616648,0.0,22975721574.064846,2126.0042287960778,0.0,2126.0042287960778,21904.24053338399,24030.244762180067,24518.443879598664,2983.0527047667347,100.27067915182302,292.2355776397516,70.1894754062761,204.56490434782611,0.04438607978241583,3.967265070082748e-05,0.0001283882507075883,0.0001283882507075883,116.59123778655027,-116.59123778655027,67.0,-67.0,0.008602012797408416,-0.008602012797408416,0.014968945067247658,-0.014968945067247658,-0.008602012797408416,0.008602012797408416,-0.014968945067247658,0.014968945067247658,0.052988092579824245,0.03578406698500741,0.059355024849663485,0.029417134715168172,0.03578406698500741,0.052988092579824245,0.029417134715168172,0.059355024849663485,0.04438607978241583,0.04438607978241583,0.04438607978241583,0.04438607978241583,0.052988092579824245,0.059355024849663485,0.04438607978241583,0.04438607978241583,1.193799786770451,1.3372441346617372,1.3372441346617372,0.008047986341694478,0.009362426756130249,0.006733545927258711,0.006733545927258711,0.009362426756130249,0.010304754855800805,0.005791217827588149,0.005791217827588149,0.010304754855800805,0.009362426756130249,0.010304754855800805,0.008047986341694478,0.008047986341694478,0.03219194536677791,0.03219194536677791,0.23000000000000004,676.28125,1.3333333333333333,1060.8333333333333,197373.47323076925,9477.717802197803,25664.138344325183,5892.398750000001,31566.42187500001,171699.45010576924,5870.066670282709,15267.083475062289,15267.083475062289,1212.3809523809523,757.7380952380952,197373.47323076925,79.20888888888888,707.2222222222222,148030.104923077,59.40666666666667,707.2222222222222,606.1904761904761,50.51587301587301,198159.90434188035,149453.44016117224,6774.6975843377895,5109.519321749478,18379.53522957321,13898.635956164442,18379.53522957321,C,26.391053711317774,26.391053711317774,0.0
1,A-9,y,29.75,203.91666666666669,0.0,A-9,1,1.0,1.2418207470050129,1231.125,,90,33986.48282830213,99052.48000000004,2.9144669220527413,2.205482337981968,11.500000000000002,0.38655462184873957,1231.125,29.75,2715.2244433480505,91.26804851590086,22317.097525083616,750.1545386582728,2715.2244433480505,22317.097525083616,22317.097525083616,797.8142813409157,558.469996938641,600.0,3,19.0,0.9307833282310682,1600000,10.5,0.2,0.04830169142853287,462035.52846806555,6393029.60097791,279343.2615384616,0.07227176429738262,15.012825605893054,0.0,118.40876221344973,0.0,85.50790445321695,0.0,10.841237786550266,4.160099502466793,1162095.7633436054,3028426.722408964,3562658342.02388,0.0,22975721574.064846,2107.369404468591,0.0,2107.369404468591,21627.60546542365,23734.97486989224,23734.97486989224,3206.7335572062293,107.78936326743629,314.1485337920698,75.4525542872054,219.90397365444886,0.04438607978241583,3.967265070082748e-05,0.0001283882507075883,0.0001283882507075883,116.59123778655027,-116.59123778655027,67.0,-67.0,0.008602012797408416,-0.008602012797408416,0.014968945067247658,-0.014968945067247658,-0.008602012797408416,0.008602012797408416,-0.014968945067247658,0.014968945067247658,0.052988092579824245,0.03578406698500741,0.059355024849663485,0.029417134715168172,0.03578406698500741,0.052988092579824245,0.029417134715168172,0.059355024849663485,0.04438607978241583,0.04438607978241583,0.04438607978241583,0.04438607978241583,0.052988092579824245,0.059355024849663485,0.04438607978241583,0.04438607978241583,1.193799786770451,1.3372441346617372,1.3372441346617372,0.008047986341694478,0.009362426756130249,0.006733545927258711,0.006733545927258711,0.009362426756130249,0.010304754855800805,0.005791217827588149,0.005791217827588149,0.010304754855800805,0.009362426756130249,0.010304754855800805,0.008047986341694478,0.008047986341694478,0.03219194536677791,0.03219194536677791,0.23000000000000004,307.78125,1.3333333333333333,482.79411764705884,191066.54770263255,9174.864235420531,24500.81364889581,2681.6799264705887,14366.142463235297,179382.08516586784,6132.72086037155,16076.184017446634,16076.184017446634,551.7647058823529,344.85294117647055,191066.54770263255,36.04862745098039,321.8627450980392,143299.91077697443,27.036470588235296,321.8627450980392,275.88235294117646,22.99019607843137,191424.45907518157,143947.68254168032,6544.425951288259,4921.288292023259,17492.686828323123,13171.3904354706,17492.686828323123,C,26.391053711317774,26.391053711317774,0.0
1,A-B--A-1,x,20.0,0.0,30.75,A-B,2,1.0,1.7852761779698267,1105.5,,0,33986.48282830213,99052.48000000004,2.9144669220527413,2.205482337981968,11.500000000000002,0.5750000000000001,7705.0,128.34,16993.241414151064,132.4079898250823,139671.6307692308,1088.2938348857006,2648.159796501646,21765.876697714008,21765.876697714008,1346.2802436298493,942.3961705408944,1200.0,3,19.0,0.785330142117412,1600000,10.5,0.2,0.04759812387026828,457284.3408080178,5052312.841814818,279343.26153846155,0.09050990212311533,0.0,2.4219707454193347,0.0,33.66974010188201,0.0,2.919740101882013,11.75,6.150415298080933,1718077.069181977,3282283.3230769234,0.0,4202969.925768383,22975721574.064846,0.0,205.64539747855127,205.64539747855127,26719.959475118438,26925.60487259699,26925.60487259699,7807.887971384625,390.39439856923127,1137.7915611846986,273.27607899846186,796.4540928292889,0.05419608339061043,4.16828118267642e-05,0.000139150342010365,0.000139150342010365,235.0,-235.0,33.33025989811799,-33.33025989811799,0.004637917064117472,-0.004637917064117472,0.032700330372435776,-0.032700330372435776,-0.004637917064117472,0.004637917064117472,-0.032700330372435776,0.032700330372435776,0.058834000454727906,0.04955816632649296,0.08689641376304622,0.021495753018174656,0.04955816632649296,0.058834000454727906,0.021495753018174656,0.08689641376304622,0.05419608339061043,0.05419608339061044,0.05419608339061043,0.05419608339061044,0.058834000454727906,0.08689641376304622,0.05419608339061043,0.05419608339061044,1.0855766094883712,1.6033707295184574,1.6033707295184574,0.004344526245436832,0.005130008993398251,0.003559043497475413,0.003559043497475413,0.005130008993398251,0.010041570801003027,-0.0013525183101293602,-0.0013525183101293602,0.010041570801003027,0.005130008993398251,0.010041570801003027,0.004344526245436832,0.004344526245436832,0.017378104981747328,0.017378104981747328,0.23000000000000004,0.0,1.3333333333333333,0.0,216751.11922440576,15482.22280174327,36758.96766933547,0.0,0.0,216751.11922440576,11115.442011507988,26391.053711317774,26391.053711317774,0.0,0.0,216751.11922440576,0.0,0.0,162563.33941830436,0.0,0.0,0.0,0.0,216751.11922440576,162563.33941830436,11115.442011507988,8336.581508630992,26391.053711317774,19793.290283488335,26391.053711317774,C,26.391053711317774,26.391053711317774,8357.653285157208
1,A-B--A-2.5,x,13.0,0.0,30.75,A-B,1,1.0,1.7852761779698267,720.25,,0,33986.48282830213,99052.48000000004,2.9144669220527413,2.205482337981968,11.500000000000002,0.8846153846153848,7705.0,128.34,16993.241414151064,132.4079898250823,139671.6307692308,1088.2938348857006,1721.30386772607,14147.819853514105,14147.819853514105,1088.2938348857003,761.8056844199901,769.6428571428571,2,23.0,0.9898171305688968,1600000,10.5,0.2,0.06514154374945544,217185.82396402568,5052312.841814818,279343.26153846155,0.04298740611755375,0.0,1.4068372215776532,0.0,33.66974010188201,0.0,2.919740101882013,11.75,6.150415298080933,1718077.069181977,3282283.3230769234,0.0,1851483.5783856204,22975721574.064846,0.0,90.59048318850702,90.59048318850702,11770.621026812772,11861.21151000128,14147.819853514105,1721.3038677260702,132.40798982508232,385.8987065606984,92.68559287755762,270.12909459248885,0.05419608339061043,4.16828118267642e-05,0.000139150342010365,0.000139150342010365,235.0,-235.0,33.33025989811799,-33.33025989811799,0.004637917064117472,-0.004637917064117472,0.032700330372435776,-0.032700330372435776,-0.004637917064117472,0.004637917064117472,-0.032700330372435776,0.032700330372435776,0.058834000454727906,0.04955816632649296,0.08689641376304622,0.021495753018174656,0.04955816632649296,0.058834000454727906,0.021495753018174656,0.08689641376304622,0.05419608339061043,0.05419608339061044,0.05419608339061043,0.05419608339061044,0.058834000454727906,0.08689641376304622,0.05419608339061043,0.05419608339061044,1.0855766094883712,1.6033707295184574,1.6033707295184574,0.004344526245436832,0.005130008993398251,0.003559043497475413,0.003559043497475413,0.005130008993398251,0.010041570801003027,-0.0013525183101293602,-0.0013525183101293602,0.010041570801003027,0.005130008993398251,0.010041570801003027,0.004344526245436832,0.004344526245436832,0.017378104981747328,0.017378104981747328,0.23000000000000004,0.0,1.3333333333333333,0.0,113889.94982078856,12515.379101185556,33276.434213622226,0.0,0.0,113889.94982078856,9111.195985663086,24225.24410751698,24225.24410751698,0.0,0.0,113889.94982078856,0.0,0.0,85417.46236559143,0.0,0.0,0.0,0.0,113889.94982078856,85417.46236559143,9111.195985663086,6833.396989247314,24225.24410751698,18168.933080637737,24225.24410751698,C,26.391053711317774,26.391053711317774,0.0
1,A-B--A-3.5,x,9.0,0.0,30.75,A-B,1,1.0,1.7852761779698267,561.125,,0,33986.48282830213,99052.48000000004,2.9144669220527413,2.205482337981968,11.500000000000002,1.277777777777778,7705.0,128.34,16993.241414151064,132.4079898250823,139671.6307692308,1088.2938348857006,1191.6719084257406,9794.644513971303,9794.644513971303,1088.2938348857003,761.8056844199901,769.6428571428571,2,23.0,0.9898171305688968,1600000,10.5,0.2,0.07393975143651527,132467.9123702626,5052312.841814818,279343.26153846155,0.026219261656544497,0.0,0.8580706898164808,0.0,33.66974010188201,0.0,2.919740101882013,11.75,6.150415298080933,1718077.069181977,3282283.3230769234,0.0,1129273.3565206882,22975721574.064846,0.0,55.25375445582772,55.25375445582772,7179.2420253988275,7234.495779854656,9794.644513971303,1191.6719084257402,132.40798982508224,385.89870656069814,92.68559287755757,270.1290945924887,0.05419608339061043,4.16828118267642e-05,0.000139150342010365,0.000139150342010365,235.0,-235.0,33.33025989811799,-33.33025989811799,0.004637917064117472,-0.004637917064117472,0.032700330372435776,-0.032700330372435776,-0.004637917064117472,0.004637917064117472,-0.032700330372435776,0.032700330372435776,0.058834000454727906,0.04955816632649296,0.08689641376304622,0.021495753018174656,0.04955816632649296,0.058834000454727906,0.021495753018174656,0.08689641376304622,0.05419608339061043,0.05419608339061044,0.05419608339061043,0.05419608339061044,0.058834000454727906,0.08689641376304622,0.05419608339061043,0.05419608339061044,1.0855766094883712,1.6033707295184574,1.6033707295184574,0.004344526245436832,0.005130008993398251,0.003559043497475413,0.003559043497475413,0.005130008993398251,0.010041570801003027,-0.0013525183101293602,-0.0013525183101293602,0.010041570801003027,0.005130008993398251,0.010041570801003027,0.004344526245436832,0.004344526245436832,0.017378104981747328,0.017378104981747328,0.23000000000000004,0.0,1.3333333333333333,0.0,78846.888337469,12515.379101185557,33276.43421362223,0.0,0.0,78846.888337469,9276.104510290472,24663.710064214123,24663.710064214123,0.0,0.0,78846.888337469,0.0,0.0,59135.16625310176,0.0,0.0,0.0,0.0,78846.888337469,59135.16625310176,9276.104510290472,6957.078382717854,24663.710064214123,18497.782548160594,24663.710064214123,C,26.391053711317774,26.391053711317774,0.0
1,A-B--A-4,x,12.0,0.0,30.75,A-B,1,1.0,1.7852761779698267,653.25,,0,33986.48282830213,99052.48000000004,2.9144669220527413,2.205482337981968,11.500000000000002,0.9583333333333335,7705.0,128.34,16993.241414151064,132.4079898250823,139671.6307692308,1088.2938348857006,1588.8958779009877,13059.526018628405,13059.526018628405,1088.2938348857003,761.8056844199901,769.6428571428571,2,23.0,0.9898171305688968,1600000,10.5,0.2,0.06679120769077915,195527.62212490037,5052312.841814818,279343.26153846155,0.03870061657834035,0.0,1.26654461894089,0.0,33.66974010188201,0.0,2.919740101882013,11.75,6.150415298080933,1718077.069181977,3282283.3230769234,0.0,1666849.9576887933,22975721574.064846,0.0,81.55662023285868,81.55662023285868,10596.831313848867,10678.387934081726,13059.526018628405,1588.8958779009863,132.40798982508218,385.898706560698,92.68559287755753,270.12909459248857,0.05419608339061043,4.16828118267642e-05,0.000139150342010365,0.000139150342010365,235.0,-235.0,33.33025989811799,-33.33025989811799,0.004637917064117472,-0.004637917064117472,0.032700330372435776,-0.032700330372435776,-0.004637917064117472,0.004637917064117472,-0.032700330372435776,0.032700330372435776,0.058834000454727906,0.04955816632649296,0.08689641376304622,0.021495753018174656,0.04955816632649296,0.058834000454727906,0.021495753018174656,0.08689641376304622,0.05419608339061043,0.05419608339061044,0.05419608339061043,0.05419608339061044,0.058834000454727906,0.08689641376304622,0.05419608339061043,0.05419608339061044,1.0855766094883712,1.6033707295184574,1.6033707295184574,0.004344526245436832,0.005130008993398251,0.003559043497475413,0.003559043497475413,0.005130008993398251,0.010041570801003027,-0.0013525183101293602,-0.0013525183101293602,0.010041570801003027,0.005130008993398251,0.010041570801003027,0.004344526245436832,0.004344526245436832,0.017378104981747328,0.017378104981747328,0.23000000000000004,0.0,1.3333333333333333,0.0,105129.18444995866,12515.379101185557,33276.43421362223,0.0,0.0,105129.18444995866,9141.668213039884,24306.264990819716,24306.264990819716,0.0,0.0,105129.18444995866,0.0,0.0,78846.888337469,0.0,0.0,0.0,0.0,105129.18444995866,78846.888337469,9141.668213039884,6856.251159779914,24306.264990819716,18229.69874311479,24306.264990819716,C,26.391053711317774,26.391053711317774,0.0
1,A-B--A-4.8,x,10.67,0.0,30.75,A-B,1,1.0,1.7852761779698267,536.0,,0,33986.48282830213,99052.48000000004,2.9144669220527413,2.205482337981968,11.500000000000002,1.0777881911902532,7705.0,128.34,16993.241414151064,132.4079898250823,139671.6307692308,1088.2938348857006,1412.793251433628,11612.095218230423,11612.095218230423,1088.2938348857003,761.8056844199901,769.6428571428571,2,23.0,0.9898171305688968,1600000,10.5,0.2,0.06946437447104972,167166.19571763265,5052312.841814818,279343.26153846155,0.033087063479937964,0.0,1.082831383893889,0.0,33.66974010188201,0.0,2.919740101882013,11.75,6.150415298080933,1718077.069181977,3282283.3230769234,0.0,1425072.1367692002,22975721574.064846,0.0,69.72677206295586,69.72677206295586,9059.753083203925,9129.47985526688,11612.095218230423,1412.793251433628,132.4079898250823,385.89870656069826,92.6855928775576,270.12909459248874,0.05419608339061043,4.16828118267642e-05,0.000139150342010365,0.000139150342010365,235.0,-235.0,33.33025989811799,-33.33025989811799,0.004637917064117472,-0.004637917064117472,0.032700330372435776,-0.032700330372435776,-0.004637917064117472,0.004637917064117472,-0.032700330372435776,0.032700330372435776,0.058834000454727906,0.04955816632649296,0.08689641376304622,0.021495753018174656,0.04955816632649296,0.058834000454727906,0.021495753018174656,0.08689641376304622,0.05419608339061043,0.05419608339061044,0.05419608339061043,0.05419608339061044,0.058834000454727906,0.08689641376304622,0.05419608339061043,0.05419608339061044,1.0855766094883712,1.6033707295184574,1.6033707295184574,0.004344526245436832,0.005130008993398251,0.003559043497475413,0.003559043497475413,0.005130008993398251,0.010041570801003027,-0.0013525183101293602,-0.0013525183101293602,0.010041570801003027,0.005130008993398251,0.010041570801003027,0.004344526245436832,0.004344526245436832,0.017378104981747328,0.017378104981747328,0.23000000000000004,0.0,1.3333333333333333,0.0,93477.36650675492,12515.379101185556,33276.434213622226,0.0,0.0,93477.36650675492,9191.481465757612,24438.71063338686,24438.71063338686,0.0,0.0,93477.36650675492,0.0,0.0,70108.0248800662,0.0,0.0,0.0,0.0,93477.36650675492,70108.0248800662,9191.481465757612,6893.61109931821,24438.71063338686,18329.03297504015,24438.71063338686,C,26.391053711317774,26.391053711317774,0.0
1,A-B--A-5.5,x,29.0,0.0,30.75,A-B,2,1.0,1.7852761779698267,1139.0,,0,33986.48282830213,99052.48000000004,2.9144669220527413,2.205482337981968,11.500000000000002,0.3965517241379311,7705.0,128.34,16993.241414151064,132.4079898250823,139671.6307692308,1088.2938348857006,3839.8317049273865,31560.521211685314,31560.521211685314,1395.0117300419465,976.5082110293625,1200.0,3,19.0,0.8137568425244688,1600000,10.5,0.2,0.044693584780994305,706153.273816296,5052312.841814818,279343.26153846155,0.13976831916897728,0.0,3.7705090416231664,0.0,33.66974010188201,0.0,2.919740101882013,11.75,6.150415298080933,1718077.069181977,3282283.3230769234,0.0,6314902.817629907,22975721574.064846,0.0,308.97929866403007,308.97929866403007,40146.36087255242,40455.34017121645,40455.34017121645,2772.5671906578937,95.60576519509978,278.6398402186596,66.92403563656984,195.04788815306168,0.05419608339061043,4.16828118267642e-05,0.000139150342010365,0.000139150342010365,235.0,-235.0,33.33025989811799,-33.33025989811799,0.004637917064117472,-0.004637917064117472,0.032700330372435776,-0.032700330372435776,-0.004637917064117472,0.004637917064117472,-0.032700330372435776,0.032700330372435776,0.058834000454727906,0.04955816632649296,0.08689641376304622,0.021495753018174656,0.04955816632649296,0.058834000454727906,0.021495753018174656,0.08689641376304622,0.05419608339061043,0.05419608339061044,0.05419608339061043,0.05419608339061044,0.058834000454727906,0.08689641376304622,0.05419608339061043,0.05419608339061044,1.0855766094883712,1.6033707295184574,1.6033707295184574,0.004344526245436832,0.005130008993398251,0.003559043497475413,0.003559043497475413,0.005130008993398251,0.010041570801003027,-0.0013525183101293602,-0.0013525183101293602,0.010041570801003027,0.005130008993398251,0.010041570801003027,0.004344526245436832,0.004344526245436832,0.017378104981747328,0.017378104981747328,0.23000000000000004,0.0,1.3333333333333333,0.0,325665.4883782925,16042.634895482388,41048.62826195876,0.0,0.0,325665.4883782925,11426.859241343596,29238.145744482907,29238.145744482907,0.0,0.0,325665.4883782925,0.0,0.0,244249.11628371937,0.0,0.0,0.0,0.0,325665.4883782925,244249.11628371937,11426.859241343596,8570.144431007697,29238.145744482907,21928.60930836218,29238.145744482907,D,29.238145744482907,29.238145744482907,0.0
1,A-B--A-6.5,x,13.0,0.0,30.75,A-B,1,1.0,1.7852761779698267,963.125,,0,33986.48282830213,99052.48000000004,2.9144669220527413,2.205482337981968,11.500000000000002,0.8846153846153848,7705.0,128.34,16993.241414151064,132.4079898250823,139671.6307692308,1088.2938348857006,1721.30386772607,14147.819853514105,14147.819853514105,1088.2938348857003,761.8056844199901,769.6428571428571,2,23.0,0.9898171305688968,1600000,10.5,0.2,0.06514154374945544,217185.82396402568,5052312.841814818,279343.26153846155,0.04298740611755375,0.0,1.4068372215776532,0.0,33.66974010188201,0.0,2.919740101882013,11.75,6.150415298080933,1718077.069181977,3282283.3230769234,0.0,1851483.5783856204,22975721574.064846,0.0,90.59048318850702,90.59048318850702,11770.621026812772,11861.21151000128,14147.819853514105,1721.3038677260702,132.40798982508232,385.8987065606984,92.68559287755762,270.12909459248885,0.05419608339061043,4.16828118267642e-05,0.000139150342010365,0.000139150342010365,235.0,-235.0,33.33025989811799,-33.33025989811799,0.004637917064117472,-0.004637917064117472,0.032700330372435776,-0.032700330372435776,-0.004637917064117472,0.004637917064117472,-0.032700330372435776,0.032700330372435776,0.058834000454727906,0.04955816632649296,0.08689641376304622,0.021495753018174656,0.04955816632649296,0.058834000454727906,0.021495753018174656,0.08689641376304622,0.05419608339061043,0.05419608339061044,0.05419608339061043,0.05419608339061044,0.058834000454727906,0.08689641376304622,0.05419608339061043,0.05419608339061044,1.0855766094883712,1.6033707295184574,1.6033707295184574,0.004344526245436832,0.005130008993398251,0.003559043497475413,0.003559043497475413,0.005130008993398251,0.010041570801003027,-0.0013525183101293602,-0.0013525183101293602,0.010041570801003027,0.005130008993398251,0.010041570801003027,0.004344526245436832,0.004344526245436832,0.017378104981747328,0.017378104981747328,0.23000000000000004,0.0,1.3333333333333333,0.0,113889.94982078856,12515.379101185556,33276.434213622226,0.0,0.0,113889.94982078856,9111.195985663086,24225.24410751698,24225.24410751698,0.0,0.0,113889.94982078856,0.0,0.0,85417.46236559143,0.0,0.0,0.0,0.0,113889.94982078856,85417.46236559143,9111.195985663086,6833.396989247314,24225.24410751698,18168.933080637737,24225.24410751698,D,29.238145744482907,29.238145744482907,0.0
1,A-B--A-7.9,x,11.67,0.0,30.75,A-B,1,1.0,1.7852761779698267,938.0,,0,33986.48282830213,99052.48000000004,2.9144669220527413,2.205482337981968,11.500000000000002,0.985432733504713,7705.0,128.34,16993.241414151064,132.4079898250823,139671.6307692308,1088.2938348857006,1545.2012412587103,12700.389053116123,12700.389053116123,1088.2938348857003,761.8056844199901,769.6428571428571,2,23.0,0.9898171305688968,1600000,10.5,0.2,0.06739763942242258,188439.67180385874,5052312.841814818,279343.26153846155,0.03729770457685479,0.0,1.2206318970406507,0.0,33.66974010188201,0.0,2.919740101882013,11.75,6.150415298080933,1718077.069181977,3282283.3230769234,0.0,1606426.0157191951,22975721574.064846,0.0,78.60016187531113,78.60016187531113,10212.69216718119,10291.292329056501,12700.389053116123,1545.20124125871,132.40798982508227,385.8987065606982,92.68559287755758,270.12909459248874,0.05419608339061043,4.16828118267642e-05,0.000139150342010365,0.000139150342010365,235.0,-235.0,33.33025989811799,-33.33025989811799,0.004637917064117472,-0.004637917064117472,0.032700330372435776,-0.032700330372435776,-0.004637917064117472,0.004637917064117472,-0.032700330372435776,0.032700330372435776,0.058834000454727906,0.04955816632649296,0.08689641376304622,0.021495753018174656,0.04955816632649296,0.058834000454727906,0.021495753018174656,0.08689641376304622,0.05419608339061043,0.05419608339061044,0.05419608339061043,0.05419608339061044,0.058834000454727906,0.08689641376304622,0.05419608339061043,0.05419608339061044,1.0855766094883712,1.6033707295184574,1.6033707295184574,0.004344526245436832,0.005130008993398251,0.003559043497475413,0.003559043497475413,0.005130008993398251,0.010041570801003027,-0.0013525183101293602,-0.0013525183101293602,0.010041570801003027,0.005130008993398251,0.010041570801003027,0.004344526245436832,0.004344526245436832,0.017378104981747328,0.017378104981747328,0.23000000000000004,0.0,1.3333333333333333,0.0,102238.1318775848,12515.379101185556,33276.434213622226,0.0,0.0,102238.1318775848,9152.921385638747,24336.185415495074,24336.185415495074,0.0,0.0,102238.1318775848,0.0,0.0,76678.59890818861,0.0,0.0,0.0,0.0,102238.1318775848,76678.59890818861,9152.921385638747,6864.691039229061,24336.185415495074,18252.139061621307,24336.185415495074,D,29.238145744482907,29.238145744482907,0.0
1,A-B--A-8.8,x,10.0,0.0,30.75,A-B,1,1.0,1.7852761779698267,1088.75,,0,33986.48282830213,99052.48000000004,2.9144669220527413,2.205482337981968,11.500000000000002,1.1500000000000001,7705.0,128.34,16993.241414151064,132.4079898250823,139671.6307692308,1088.2938348857006,1324.079898250823,10882.938348857004,10882.938348857004,1088.2938348857003,761.8056844199901,769.6428571428571,2,23.0,0.9898171305688968,1600000,10.5,0.2,0.0710803339382208,153107.5861055446,5052312.841814818,279343.26153846155,0.03030445479115413,0.0,0.9917657014062929,0.0,33.66974010188201,0.0,2.919740101882013,11.75,6.150415298080933,1718077.069181977,3282283.3230769234,0.0,1305224.1450511648,22975721574.064846,0.0,63.86277866563081,63.86277866563081,8297.831504311162,8361.694282976792,10882.938348857004,1324.0798982508222,132.4079898250822,385.89870656069803,92.68559287755754,270.1290945924886,0.05419608339061043,4.16828118267642e-05,0.000139150342010365,0.000139150342010365,235.0,-235.0,33.33025989811799,-33.33025989811799,0.004637917064117472,-0.004637917064117472,0.032700330372435776,-0.032700330372435776,-0.004637917064117472,0.004637917064117472,-0.032700330372435776,0.032700330372435776,0.058834000454727906,0.04955816632649296,0.08689641376304622,0.021495753018174656,0.04955816632649296,0.058834000454727906,0.021495753018174656,0.08689641376304622,0.05419608339061043,0.05419608339061044,0.05419608339061043,0.05419608339061044,0.058834000454727906,0.08689641376304622,0.05419608339061043,0.05419608339061044,1.0855766094883712,1.6033707295184574,1.6033707295184574,0.004344526245436832,0.005130008993398251,0.003559043497475413,0.003559043497475413,0.005130008993398251,0.010041570801003027,-0.0013525183101293602,-0.0013525183101293602,0.010041570801003027,0.005130008993398251,0.010041570801003027,0.004344526245436832,0.004344526245436832,0.017378104981747328,0.017378104981747328,0.23000000000000004,0.0,1.3333333333333333,0.0,87607.6537082989,12515.379101185556,33276.434213622226,0.0,0.0,87607.6537082989,9221.858285084094,24519.47784161638,24519.47784161638,0.0,0.0,87607.6537082989,0.0,0.0,65705.74028122418,0.0,0.0,0.0,0.0,87607.6537082989,65705.74028122418,9221.858285084094,6916.393713813071,24519.47784161638,18389.60838121229,24519.47784161638,D,29.238145744482907,29.238145744482907,0.0
1,A-C--A-1.8,x,16.0,0.0,36.25,A-C,1,1.0,1.7852761779698267,1563.4450000000002,,0,33986.48282830213,99052.48000000004,2.9144669220527413,2.205482337981968,11.500000000000002,0.7187500000000001,7705.0,144.34,16993.241414151064,117.7306457956981,139671.6307692308,967.6571343302675,1883.6903327311695,15482.514149284278,15482.514149284278,967.6571343302674,677.3599940311871,769.6428571428571,2,23.0,0.8800965119662756,1600000,10.5,0.2,0.05594822768086072,276729.3047708226,5052312.841814818,279343.26153846155,0.054772796822973445,0.0,2.113150447924547,0.0,33.66974010188201,0.0,2.580259898117987,11.75,5.810935094316903,1623245.5618347914,3282283.3230769234,0.0,1761831.164105836,22975721574.064846,0.0,97.54561281587792,97.54561281587792,14341.853589057795,14439.399201873674,15482.514149284278,1883.6903327311702,117.73064579569814,343.12207288346985,82.4114520569887,240.1854510184289,0.05419608339061043,3.766248957489078e-05,0.000139150342010365,0.000139150342010365,235.0,-235.0,33.33025989811799,-33.33025989811799,0.004637917064117472,-0.004637917064117472,0.032700330372435776,-0.032700330372435776,-0.004637917064117472,0.004637917064117472,-0.032700330372435776,0.032700330372435776,0.058834000454727906,0.04955816632649296,0.08689641376304622,0.021495753018174656,0.04955816632649296,0.058834000454727906,0.021495753018174656,0.08689641376304622,0.05419608339061043,0.05419608339061044,0.05419608339061043,0.05419608339061044,0.058834000454727906,0.08689641376304622,0.05419608339061043,0.05419608339061044,1.0855766094883712,1.6033707295184574,1.6033707295184574,0.004344526245436832,0.005130008993398251,0.003559043497475413,0.003559043497475413,0.005130008993398251,0.010041570801003027,-0.0013525183101293602,-0.0013525183101293602,0.010041570801003027,0.005130008993398251,0.010041570801003027,0.004344526245436832,0.004344526245436832,0.017378104981747328,0.017378104981747328,0.23000000000000004,0.0,1.3333333333333333,0.0,124634.23890173844,11128.057044798077,29994.720099795843,0.0,0.0,124634.23890173844,8040.918638821835,21673.6042011428,21673.6042011428,0.0,0.0,124634.23890173844,0.0,0.0,93475.67917630385,0.0,0.0,0.0,0.0,124634.23890173844,93475.67917630385,8040.918638821835,6030.688979116378,21673.6042011428,16255.203150857105,21673.6042011428,D,29.238145744482907,29.238145744482907,0.0
1,A-C--A-3.2,x,9.34,0.0,36.25,A-C,1,1.0,1.7852761779698267,469.0,,0,33986.48282830213,99052.48000000004,2.9144669220527413,2.205482337981968,11.500000000000002,1.2312633832976447,7705.0,144.34,16993.241414151064,117.7306457956981,139671.6307692308,967.6571343302675,1099.6042317318202,9037.917634644697,9037.917634644697,967.6571343302674,677.3599940311871,769.6428571428571,2,23.0,0.8800965119662756,1600000,10.5,0.2,0.06709280386692958,134707.70505537835,5052312.841814818,279343.26153846155,0.026662581924952734,0.0,1.0286501731806246,0.0,33.66974010188201,0.0,2.580259898117987,11.75,5.810935094316903,1623245.5618347914,3282283.3230769234,0.0,896849.0300694808,22975721574.064846,0.0,49.65497831107609,49.65497831107609,7300.630016539039,7350.284994850115,9037.917634644697,1099.6042317318206,117.73064579569814,343.12207288346985,82.4114520569887,240.1854510184289,0.05419608339061043,3.766248957489078e-05,0.000139150342010365,0.000139150342010365,235.0,-235.0,33.33025989811799,-33.33025989811799,0.004637917064117472,-0.004637917064117472,0.032700330372435776,-0.032700330372435776,-0.004637917064117472,0.004637917064117472,-0.032700330372435776,0.032700330372435776,0.058834000454727906,0.04955816632649296,0.08689641376304622,0.021495753018174656,0.04955816632649296,0.058834000454727906,0.021495753018174656,0.08689641376304622,0.05419608339061043,0.05419608339061044,0.05419608339061043,0.05419608339061044,0.058834000454727906,0.08689641376304622,0.05419608339061043,0.05419608339061044,1.0855766094883712,1.6033707295184574,1.6033707295184574,0.004344526245436832,0.005130008993398251,0.003559043497475413,0.003559043497475413,0.005130008993398251,0.010041570801003027,-0.0013525183101293602,-0.0013525183101293602,0.010041570801003027,0.005130008993398251,0.010041570801003027,0.004344526245436832,0.004344526245436832,0.017378104981747328,0.017378104981747328,0.23000000000000004,0.0,1.3333333333333333,0.0,72755.23695888981,11128.057044798075,29587.761999281392,0.0,0.0,72755.23695888981,8230.23042521378,21882.894564626895,21882.894564626895,0.0,0.0,72755.23695888981,0.0,0.0,54566.42771916736,0.0,0.0,0.0,0.0,72755.23695888981,54566.42771916736,8230.23042521378,6172.672818910335,21882.894564626895,16412.170923470174,21882.894564626895,D,29.238145744482907,29.238145744482907,0.0
1,A-C--A-3.8,x,16.75,0.0,36.25,A-C,1,1.0,1.7852761779698267,720.25,,0,33986.48282830213,99052.48000000004,2.9144669220527413,2.205482337981968,11.500000000000002,0.6865671641791046,7705.0,144.34,16993.241414151064,117.7306457956981,139671.6307692308,967.6571343302675,1971.988317077943,16208.257000031977,16208.257000031977,967.6571343302674,677.3599940311871,769.6428571428571,2,23.0,0.8800965119662756,1600000,10.5,0.2,0.05524841363233386,293370.541060136,5052312.841814818,279343.26153846155,0.05806658262174354,0.0,2.2402256629904165,0.0,33.66974010188201,0.0,2.580259898117987,11.75,5.810935094316903,1623245.5618347914,3282283.3230769234,0.0,1848276.369302934,22975721574.064846,0.0,102.33174141193146,102.33174141193146,15045.544443023393,15147.876184435325,16208.257000031977,1971.988317077943,117.7306457956981,343.12207288346974,82.41145205698867,240.1854510184288,0.05419608339061043,3.766248957489078e-05,0.000139150342010365,0.000139150342010365,235.0,-235.0,33.33025989811799,-33.33025989811799,0.004637917064117472,-0.004637917064117472,0.032700330372435776,-0.032700330372435776,-0.004637917064117472,0.004637917064117472,-0.032700330372435776,0.032700330372435776,0.058834000454727906,0.04955816632649296,0.08689641376304622,0.021495753018174656,0.04955816632649296,0.058834000454727906,0.021495753018174656,0.08689641376304622,0.05419608339061043,0.05419608339061044,0.05419608339061043,0.05419608339061044,0.058834000454727906,0.08689641376304622,0.05419608339061043,0.05419608339061044,1.0855766094883712,1.6033707295184574,1.6033707295184574,0.004344526245436832,0.005130008993398251,0.003559043497475413,0.003559043497475413,0.005130008993398251,0.010041570801003027,-0.0013525183101293602,-0.0013525183101293602,0.010041570801003027,0.005130008993398251,0.010041570801003027,0.004344526245436832,0.004344526245436832,0.017378104981747328,0.017378104981747328,0.23000000000000004,0.0,1.3333333333333333,0.0,130476.46885025744,11128.057044798075,30031.335713142304,0.0,0.0,130476.46885025744,8029.321160015843,21668.763768405755,21668.763768405755,0.0,0.0,130476.46885025744,0.0,0.0,97857.35163769308,0.0,0.0,0.0,0.0,130476.46885025744,97857.35163769308,8029.321160015843,6021.990870011882,21668.763768405755,16251.572826304315,21668.763768405755,D,29.238145744482907,29.238145744482907,0.0
1,A-C--A-4.6,x,16.0,0.0,36.25,A-C,1,1.0,1.7852761779698267,971.5,,0,33986.48282830213,99052.48000000004,2.9144669220527413,2.205482337981968,11.500000000000002,0.7187500000000001,7705.0,144.34,16993.241414151064,117.7306457956981,139671.6307692308,967.6571343302675,1883.6903327311695,15482.514149284278,15482.514149284278,967.6571343302674,677.3599940311871,769.6428571428571,2,23.0,0.8800965119662756,1600000,10.5,0.2,0.05594822768086072,276729.3047708226,5052312.841814818,279343.26153846155,0.054772796822973445,0.0,2.113150447924547,0.0,33.66974010188201,0.0,2.580259898117987,11.75,5.810935094316903,1623245.5618347914,3282283.3230769234,0.0,1761831.164105836,22975721574.064846,0.0,97.54561281587792,97.54561281587792,14341.853589057795,14439.399201873674,15482.514149284278,1883.6903327311702,117.73064579569814,343.12207288346985,82.4114520569887,240.1854510184289,0.05419608339061043,3.766248957489078e-05,0.000139150342010365,0.000139150342010365,235.0,-235.0,33.33025989811799,-33.33025989811799,0.004637917064117472,-0.004637917064117472,0.032700330372435776,-0.032700330372435776,-0.004637917064117472,0.004637917064117472,-0.032700330372435776,0.032700330372435776,0.058834000454727906,0.04955816632649296,0.08689641376304622,0.021495753018174656,0.04955816632649296,0.058834000454727906,0.021495753018174656,0.08689641376304622,0.05419608339061043,0.05419608339061044,0.05419608339061043,0.05419608339061044,0.058834000454727906,0.08689641376304622,0.05419608339061043,0.05419608339061044,1.0855766094883712,1.6033707295184574,1.6033707295184574,0.004344526245436832,0.005130008993398251,0.003559043497475413,0.003559043497475413,0.005130008993398251,0.010041570801003027,-0.0013525183101293602,-0.0013525183101293602,0.010041570801003027,0.005130008993398251,0.010041570801003027,0.004344526245436832,0.004344526245436832,0.017378104981747328,0.017378104981747328,0.23000000000000004,0.0,1.3333333333333333,0.0,124634.23890173844,11128.057044798077,29994.720099795843,0.0,0.0,124634.23890173844,8040.918638821835,21673.6042011428,21673.6042011428,0.0,0.0,124634.23890173844,0.0,0.0,93475.67917630385,0.0,0.0,0.0,0.0,124634.23890173844,93475.67917630385,8040.918638821835,6030.688979116378,21673.6042011428,16255.203150857105,21673.6042011428,B,25.244810693191162,25.244810693191162,0.0
1,A-C--A-5.5,x,15.0,0.0,36.25,A-C,1,1.0,1.7852761779698267,681.055,,0,33986.48282830213,99052.48000000004,2.9144669220527413,2.205482337981968,11.500000000000002,0.7666666666666668,7705.0,144.34,16993.241414151064,117.7306457956981,139671.6307692308,967.6571343302675,1765.9596869354714,14514.85701495401,14514.85701495401,967.6571343302674,677.3599940311871,769.6428571428571,2,23.0,0.8800965119662756,1600000,10.5,0.2,0.056990173042000686,254690.52364969716,5052312.841814818,279343.26153846155,0.05041067954893525,0.0,1.9448586935099363,0.0,33.66974010188201,0.0,2.580259898117987,11.75,5.810935094316903,1623245.5618347914,3282283.3230769234,0.0,1646068.8975651565,22975721574.064846,0.0,91.13631466023055,91.13631466023055,13399.512738419864,13490.649053080095,14514.85701495401,1765.9596869354718,117.73064579569812,343.1220728834698,82.41145205698868,240.18545101842884,0.05419608339061043,3.766248957489078e-05,0.000139150342010365,0.000139150342010365,235.0,-235.0,33.33025989811799,-33.33025989811799,0.004637917064117472,-0.004637917064117472,0.032700330372435776,-0.032700330372435776,-0.004637917064117472,0.004637917064117472,-0.032700330372435776,0.032700330372435776,0.058834000454727906,0.04955816632649296,0.08689641376304622,0.021495753018174656,0.04955816632649296,0.058834000454727906,0.021495753018174656,0.08689641376304622,0.05419608339061043,0.05419608339061044,0.05419608339061043,0.05419608339061044,0.058834000454727906,0.08689641376304622,0.05419608339061043,0.05419608339061044,1.0855766094883712,1.6033707295184574,1.6033707295184574,0.004344526245436832,0.005130008993398251,0.003559043497475413,0.003559043497475413,0.005130008993398251,0.010041570801003027,-0.0013525183101293602,-0.0013525183101293602,0.010041570801003027,0.005130008993398251,0.010041570801003027,0.004344526245436832,0.004344526245436832,0.017378104981747328,0.017378104981747328,0.23000000000000004,0.0,1.3333333333333333,0.0,116844.59897037978,11128.057044798075,29925.62209000672,0.0,0.0,116844.59897037978,8058.248204853778,21670.278065177277,21670.278065177277,0.0,0.0,116844.59897037978,0.0,0.0,87633.44922778486,0.0,0.0,0.0,0.0,116844.59897037978,87633.44922778486,8058.248204853778,6043.686153640336,21670.278065177277,16252.708548882962,21670.278065177277,B,25.244810693191162,25.244810693191162,0.0
1,A-C--A-6.5,x,26.0,0.0,36.25,A-C,2,1.0,1.7852761779698267,1021.75,,0,33986.48282830213,99052.48000000004,2.9144669220527413,2.205482337981968,11.500000000000002,0.4423076923076924,7705.0,144.34,16993.241414151064,117.7306457956981,139671.6307692308,967.6571343302675,3060.9967906881507,25159.08549258695,25159.08549258695,1246.1454322514796,872.3018025760357,921.4285714285714,4,17.0,0.9466841268267054,1600000,10.5,0.2,0.04538859197353615,554304.1631971304,5052312.841814818,279343.26153846155,0.10971295336454688,0.0,3.8472253895796653,0.0,33.66974010188201,0.0,2.580259898117987,11.75,5.810935094316903,1623245.5618347914,3282283.3230769234,0.0,3953276.9679822624,22975721574.064846,0.0,218.8772865011942,218.8772865011942,32180.903952037275,32399.781238538468,32399.781238538468,7093.107528351895,272.8118280135344,795.1010486901874,190.96827960947408,556.5707340831311,0.05419608339061043,3.766248957489078e-05,0.000139150342010365,0.000139150342010365,235.0,-235.0,33.33025989811799,-33.33025989811799,0.004637917064117472,-0.004637917064117472,0.032700330372435776,-0.032700330372435776,-0.004637917064117472,0.004637917064117472,-0.032700330372435776,0.032700330372435776,0.058834000454727906,0.04955816632649296,0.08689641376304622,0.021495753018174656,0.04955816632649296,0.058834000454727906,0.021495753018174656,0.08689641376304622,0.05419608339061043,0.05419608339061044,0.05419608339061043,0.05419608339061044,0.058834000454727906,0.08689641376304622,0.05419608339061043,0.05419608339061044,1.0855766094883712,1.6033707295184574,1.6033707295184574,0.004344526245436832,0.005130008993398251,0.003559043497475413,0.003559043497475413,0.005130008993398251,0.010041570801003027,-0.0013525183101293602,-0.0013525183101293602,0.010041570801003027,0.005130008993398251,0.010041570801003027,0.004344526245436832,0.004344526245436832,0.017378104981747328,0.017378104981747328,0.23000000000000004,0.0,1.3333333333333333,0.0,260818.23897023467,14330.672470892016,35370.47652067993,0.0,0.0,260818.23897023467,10228.16623412685,25244.81069319116,25244.81069319116,0.0,0.0,260818.23897023467,0.0,0.0,195613.67922767607,0.0,0.0,0.0,0.0,260818.23897023467,195613.67922767607,10228.16623412685,7671.12467559514,25244.81069319116,18933.608019893374,25244.81069319116,B,25.244810693191162,25.244810693191162,4627.981943304267
1,A-C--A-6.9,x,11.5,0.0,36.25,A-C,1,1.0,1.7852761779698267,536.0,,0,33986.48282830213,99052.48000000004,2.9144669220527413,2.205482337981968,11.500000000000002,1.0000000000000002,7705.0,144.34,16993.241414151064,117.7306457956981,139671.6307692308,967.6571343302675,1353.902426650528,11128.057044798074,11128.057044798074,967.6571343302672,677.3599940311871,769.6428571428571,2,23.0,0.8800965119662756,1600000,10.5,0.2,0.062063993931030105,179299.72500906655,5052312.841814818,279343.26153846155,0.03548864265195841,0.0,1.369162165638504,0.0,33.66974010188201,0.0,2.580259898117987,11.75,5.810935094316903,1623245.5618347914,3282283.3230769234,0.0,1193731.1559127155,22975721574.064846,0.0,66.09216564744408,66.09216564744408,9717.342848504888,9783.435014152332,11128.057044798074,1353.9024266505276,117.73064579569805,343.1220728834696,82.41145205698864,240.18545101842872,0.05419608339061043,3.766248957489078e-05,0.000139150342010365,0.000139150342010365,235.0,-235.0,33.33025989811799,-33.33025989811799,0.004637917064117472,-0.004637917064117472,0.032700330372435776,-0.032700330372435776,-0.004637917064117472,0.004637917064117472,-0.032700330372435776,0.032700330372435776,0.058834000454727906,0.04955816632649296,0.08689641376304622,0.021495753018174656,0.04955816632649296,0.058834000454727906,0.021495753018174656,0.08689641376304622,0.05419608339061043,0.05419608339061044,0.05419608339061043,0.05419608339061044,0.058834000454727906,0.08689641376304622,0.05419608339061043,0.05419608339061044,1.0855766094883712,1.6033707295184574,1.6033707295184574,0.004344526245436832,0.005130008993398251,0.003559043497475413,0.003559043497475413,0.005130008993398251,0.010041570801003027,-0.0013525183101293602,-0.0013525183101293602,0.010041570801003027,0.005130008993398251,0.010041570801003027,0.004344526245436832,0.004344526245436832,0.017378104981747328,0.017378104981747328,0.23000000000000004,0.0,1.3333333333333333,0.0,89580.85921062449,11128.057044798075,29587.761999281396,0.0,0.0,89580.85921062449,8143.714473693136,21652.862190383203,21652.862190383203,0.0,0.0,89580.85921062449,0.0,0.0,67185.64440796839,0.0,0.0,0.0,0.0,89580.85921062449,67185.64440796839,8143.714473693136,6107.7858552698535,21652.862190383203,16239.646642787404,21652.862190383203,B,25.244810693191162,25.244810693191162,0.0
1,A-C--A-8.5,x,9.75,0.0,36.25,A-C,1,1.0,1.7852761779698267,787.25,,0,33986.48282830213,99052.48000000004,2.9144669220527413,2.205482337981968,11.500000000000002,1.1794871794871797,7705.0,144.34,16993.241414151064,117.7306457956981,139671.6307692308,967.6571343302675,1147.8737965080563,9434.657059720106,9434.657059720106,967.6571343302674,677.3599940311871,769.6428571428571,2,23.0,0.8800965119662756,1600000,10.5,0.2,0.06596693307643736,143021.00491450707,5052312.841814818,279343.26153846155,0.028308026322283946,0.0,1.092131897082607,0.0,33.66974010188201,0.0,2.580259898117987,11.75,5.810935094316903,1623245.5618347914,3282283.3230769234,0.0,952196.8285660201,22975721574.064846,0.0,52.719366677196696,52.719366677196696,7751.178308955529,7803.897675632726,9434.657059720106,1147.8737965080563,117.73064579569808,343.1220728834697,82.41145205698865,240.18545101842875,0.05419608339061043,3.766248957489078e-05,0.000139150342010365,0.000139150342010365,235.0,-235.0,33.33025989811799,-33.33025989811799,0.004637917064117472,-0.004637917064117472,0.032700330372435776,-0.032700330372435776,-0.004637917064117472,0.004637917064117472,-0.032700330372435776,0.032700330372435776,0.058834000454727906,0.04955816632649296,0.08689641376304622,0.021495753018174656,0.04955816632649296,0.058834000454727906,0.021495753018174656,0.08689641376304622,0.05419608339061043,0.05419608339061044,0.05419608339061043,0.05419608339061044,0.058834000454727906,0.08689641376304622,0.05419608339061043,0.05419608339061044,1.0855766094883712,1.6033707295184574,1.6033707295184574,0.004344526245436832,0.005130008993398251,0.003559043497475413,0.003559043497475413,0.005130008993398251,0.010041570801003027,-0.0013525183101293602,-0.0013525183101293602,0.010041570801003027,0.005130008993398251,0.010041570801003027,0.004344526245436832,0.004344526245436832,0.017378104981747328,0.017378104981747328,0.23000000000000004,0.0,1.3333333333333333,0.0,75948.98933074686,11128.057044798075,29587.761999281396,0.0,0.0,75948.98933074686,8210.70154926993,21830.970340010324,21830.970340010324,0.0,0.0,75948.98933074686,0.0,0.0,56961.741998060155,0.0,0.0,0.0,0.0,75948.98933074686,56961.741998060155,8210.70154926993,6158.026161952449,21830.970340010324,16373.227755007745,21830.970340010324,B,25.244810693191162,25.244810693191162,0.0
1,A-C--A-9.2,x,24.0,0.0,36.25,A-C,2,1.0,1.7852761779698267,954.75,,0,33986.48282830213,99052.48000000004,2.9144669220527413,2.205482337981968,11.500000000000002,0.47916666666666674,7705.0,144.34,16993.241414151064,117.7306457956981,139671.6307692308,967.6571343302675,2825.5354990967544,23223.771223926415,23223.771223926415,1237.9685161080902,866.577961275663,921.4285714285714,4,17.0,0.9404722060356032,1600000,10.5,0.2,0.045992919118234006,504942.31871269277,5052312.841814818,279343.26153846155,0.0999428053096005,0.0,3.495186702755155,0.0,33.66974010188201,0.0,2.580259898117987,11.75,5.810935094316903,1623245.5618347914,3282283.3230769234,0.0,3625233.6785503984,22975721574.064846,0.0,200.71482896854647,200.71482896854647,29510.529557625618,29711.244386594164,29711.244386594164,6439.778409411047,268.3241003921269,782.0217149824128,187.82687027448884,547.4152004876889,0.05419608339061043,3.766248957489078e-05,0.000139150342010365,0.000139150342010365,235.0,-235.0,33.33025989811799,-33.33025989811799,0.004637917064117472,-0.004637917064117472,0.032700330372435776,-0.032700330372435776,-0.004637917064117472,0.004637917064117472,-0.032700330372435776,0.032700330372435776,0.058834000454727906,0.04955816632649296,0.08689641376304622,0.021495753018174656,0.04955816632649296,0.058834000454727906,0.021495753018174656,0.08689641376304622,0.05419608339061043,0.05419608339061044,0.05419608339061043,0.05419608339061044,0.058834000454727906,0.08689641376304622,0.05419608339061043,0.05419608339061044,1.0855766094883712,1.6033707295184574,1.6033707295184574,0.004344526245436832,0.005130008993398251,0.003559043497475413,0.003559043497475413,0.005130008993398251,0.010041570801003027,-0.0013525183101293602,-0.0013525183101293602,0.010041570801003027,0.005130008993398251,0.010041570801003027,0.004344526245436832,0.004344526245436832,0.017378104981747328,0.017378104981747328,0.23000000000000004,0.0,1.3333333333333333,0.0,239175.51731208304,14236.63793524304,35208.01724871606,0.0,0.0,239175.51731208304,10177.681587748215,25169.986799082122,25169.986799082122,0.0,0.0,239175.51731208304,0.0,0.0,179381.6379840623,0.0,0.0,0.0,0.0,239175.51731208304,179381.6379840623,10177.681587748215,7633.261190811162,25169.986799082122,18877.49009931159,25169.986799082122,B,25.244810693191162,25.244810693191162,4052.250525990248
