Level,Wall,Direction,x,y,wall length,line,sheathed sides,accidental torsional amplification factor x,accidental torsional amplification factor y,tributary area,level tributary area,angle,level seismic force,level diaphragm force,diaphragm force scale factor,wall height,aspect ratio,level seismic force per area,line tributary area,line wall length,line shear demand,line unit shear,line cumulative shear demand,line cumulative unit shear,shear demand,cumulative shear demand,flexible shear force demand,unit shear demand,unit flexible shear demand,adjusted unit shear demand,adjusted flexible unit shear demand,adjusted unit shear capacity,nail spacing,sheathing shear stiffness,shear dcr,adjusted flexible unit shear capacity,sheathed sides flexible,nail spacing flexible,end post youngs modulus,end post area,Delta_A,delta_sw,wall stiffness,total level stiffness,total level cumulative shear demand,relative wall stiffness,kx,ky,CRx,CRy,dx,dy,ex,ey,torque x,torque y,Jx wall,Jy wall,J,torsional shear force x,torsional shear force y,torsional shear force,direct shear force,rigid shear force demand,shear force demand,floor shear demand,floor unit shear demand,diaphragm floor unit shear demand,adjusted floor unit shear demand,adjusted diaphragm floor unit shear demand,level deflection at center of mass,level rotation at center of rigidity from torque x,level rotation at center of rigidity from torque y,level rotation at center of rigidity,x edge 1 to CRx,x edge 2 to CRx,y edge 1 to CRy,y edge 2 to CRy,level edge 1 x deflection from ccw rotation,level edge 2 x deflection from ccw rotation,level edge 1 y deflection from ccw rotation,level edge 2 y deflection from ccw rotation,level edge 1 x deflection from cw rotation,level edge 2 x deflection from cw rotation,level edge 1 y deflection from cw rotation,level edge 2 y deflection from cw rotation,total edge 1 x deflection from ccw rotation,total edge 2 x deflection from ccw rotation,total edge 1 y deflection from ccw rotation,total edge 2 y deflection from ccw rotation,total edge 1 x deflection from cw rotation,total edge 2 x deflection from cw rotation,total edge 1 y deflection from cw rotation,total edge 2 y deflection from cw rotation,average level x deflection from ccw rotation,average level y deflection from ccw rotation,average level x deflection from cw rotation,average level y deflection from cw rotation,maximum x deflection,maximum y deflection,maximum average x deflection,maximum average y deflection,torsional irregularity ratio x,torsional irregularity ratio y,torsional irregularity ratio,story drift at center of mass,edge 1 x story drift from ccw rotation,edge 2 x story drift from ccw rotation,edge 1 x story drift from cw rotation,edge 2 x story drift from cw rotation,edge 1 y story drift from ccw rotation,edge 2 y story drift from ccw rotation,edge 1 y story drift from cw rotation,edge 2 y story drift from cw rotation,maximum edge x story drift,maximum edge y story drift,elastic story drift x,elastic story drift y,inelastic story drift x,inelastic story drift y,allowable story drift,gravity tributary area,tension wall vertical load length,dead load,horizontal effects moment lc10,connors floor seismic axial load,connors seismic axial load,vertical effects moment lc10,dead effects moment lc10,net moment lc10,floor tension force lc10,tension force lc10,tension force,compression wall vertical load length,live load,snow load,horizontal effects moment lc8,vertical effects moment lc8,dead effects moment lc8,horizontal effects moment lc9,vertical effects moment lc9,dead effects moment lc9,live effects moment lc9,snow effects moment lc9,net moment lc8,net moment lc9,floor compression force lc8,floor compression force lc9,compression force lc8,compression force lc9,compression force,option,binned tension force,binned compression force,required strap capacity
5,E-2,y,26.083333333333332,0.0,30.75,E-2,1,1.2968700488114688,1.049795706997802,1286.9583333333333,,90,102931.31625963494,102931.31625963494,1.0,10.0,0.3252032520325203,5.758100028043408,1286.9583333333333,30.75,7410.434815257364,240.98975008967037,7410.434815257364,240.98975008967037,7410.434815257364,7410.434815257364,7410.434815257364,299.9350456193845,240.98975008967037,209.95453193356911,168.69282506276926,310.7142857142857,6,14.0,0.6757157349586133,310.7142857142857,1,6,1600000,10.5,0.25,0.025015407181331127,296234.8268625319,3675283.6079179626,98864.94122141402,0.08060189592561758,2.1539916098349523,0.0,104.39258043389037,0.0,78.30924710055704,0.0,0.40163995420373055,7.917209290275091,782734.4311206798,39708.11046452324,1774188111.836195,0.0,13285464446.138037,1334.8249416109797,0.0,1334.8249416109797,7888.177711185092,9223.002652796073,9223.002652796073,9223.002652796073,299.9350456193845,299.9350456193845,209.95453193356911,209.95453193356911,0.027264850349125472,5.026455867404093e-05,6.626035193163628e-05,6.626035193163628e-05,94.44075289944297,-94.44075289944297,150.83333333333334,-150.83333333333334,0.009994269749688473,-0.009994269749688473,0.00625767752380579,-0.00625767752380579,-0.009994269749688473,0.009994269749688473,-0.00625767752380579,0.00625767752380579,0.03725912009881394,0.017270580599437,0.033522527872931265,0.02100717282531968,0.017270580599437,0.03725912009881394,0.02100717282531968,0.033522527872931265,0.027264850349125472,0.027264850349125472,0.027264850349125472,0.027264850349125472,0.03725912009881394,0.033522527872931265,0.027264850349125472,0.027264850349125472,1.3665624282441382,1.2295144643625933,1.3665624282441382,0.0,0.0,0.0,0.0,0.0,0.0,0.0,0.0,0.0,0.0,0.0,0.0,0.0,0.0,0.0,0.2,321.7395833333333,10.0,488.276874435411,64561.01856957251,2999.350456193845,2999.350456193845,2050.7628726287257,10986.229674796748,55625.55176740448,1838.8612154513878,1838.8612154513878,1838.8612154513878,1.3333333333333333,558.0307136404697,348.7691960252935,64561.01856957251,36.45800662451068,325.517916290274,48420.76392717939,27.34350496838302,325.517916290274,279.01535682023484,23.25127973501957,64922.99449248729,49075.8919849933,2146.214693966522,1622.3435366939934,2146.214693966522,1622.3435366939934,2146.214693966522,A,1.9956841681719346,2.341706847888539,0.0
5,E-3,y,50.75,0.0,30.75,E-3,1,1.2968700488114688,1.049795706997802,561.125,,90,102931.31625963494,102931.31625963494,1.0,10.0,0.3252032520325203,5.758100028043408,561.125,30.75,3231.0138782358576,105.07362205645066,3231.0138782358576,105.07362205645066,3231.0138782358576,3231.0138782358576,3231.0138782358576,163.5742021075841,105.07362205645066,114.50194147530887,73.55153543951546,310.7142857142857,6,14.0,0.3685119955527182,310.7142857142857,1,6,1600000,10.5,0.25,0.016722718124041684,193211.0470480716,3675283.6079179626,98864.94122141402,0.052570377598023,2.974581433062791,0.0,104.39258043389037,0.0,53.64258043389037,0.0,0.40163995420373055,7.917209290275091,782734.4311206798,39708.11046452324,475712476.01926714,0.0,13285464446.138037,522.4834962465493,0.0,522.4834962465493,4507.423218561662,5029.906714808211,5029.906714808211,5029.906714808211,163.5742021075841,163.5742021075841,114.50194147530887,114.50194147530887,0.027264850349125472,5.026455867404093e-05,6.626035193163628e-05,6.626035193163628e-05,94.44075289944297,-94.44075289944297,150.83333333333334,-150.83333333333334,0.009994269749688473,-0.009994269749688473,0.00625767752380579,-0.00625767752380579,-0.009994269749688473,0.009994269749688473,-0.00625767752380579,0.00625767752380579,0.03725912009881394,0.017270580599437,0.033522527872931265,0.02100717282531968,0.017270580599437,0.03725912009881394,0.02100717282531968,0.033522527872931265,0.027264850349125472,0.027264850349125472,0.027264850349125472,0.027264850349125472,0.03725912009881394,0.033522527872931265,0.027264850349125472,0.027264850349125472,1.3665624282441382,1.2295144643625933,1.3665624282441382,0.0,0.0,0.0,0.0,0.0,0.0,0.0,0.0,0.0,0.0,0.0,0.0,0.0,0.0,0.0,0.2,561.125,10.0,851.571815718157,35209.34700365747,1635.742021075841,1635.742021075841,3576.601626016259,19160.365853658535,19625.582776015195,648.7795959013288,648.7795959013288,648.7795959013288,1.3333333333333333,973.2249322493224,608.2655826558265,35209.34700365747,63.58402890695572,567.7145438121047,26407.01025274311,47.6880216802168,567.7145438121047,486.6124661246611,40.55103884372177,35840.64557637653,27549.576323203815,1184.8147297975713,910.7297958083906,1184.8147297975713,910.7297958083906,1184.8147297975713,A,1.9956841681719346,2.341706847888539,0.0
5,E-3.3,y,59.583333333333336,0.0,18.75,E-3.3,1,1.2968700488114688,1.049795706997802,441.08333333333337,,90,102931.31625963494,102931.31625963494,1.0,10.0,0.5333333333333333,5.758100028043408,441.08333333333337,18.75,2539.801954036147,135.45610421526118,2539.801954036147,135.45610421526118,2539.801954036147,2539.801954036147,2539.801954036147,182.40475603369902,135.45610421526118,127.6833292235893,94.81927295068282,310.7142857142857,6,14.0,0.41093485267362073,310.7142857142857,1,6,1600000,10.5,0.25,0.02235457887720949,113614.39497415346,3675283.6079179626,98864.94122141402,0.030913095993295517,1.8571227183098467,0.0,104.39258043389037,0.0,44.80924710055704,0.0,0.40163995420373055,7.917209290275091,782734.4311206798,39708.11046452324,229631236.91975296,0.0,13285464446.138037,301.92634868874944,0.0,301.92634868874944,3118.162826943107,3420.0891756318565,3420.0891756318565,3420.0891756318565,182.40475603369902,182.40475603369902,127.6833292235893,127.6833292235893,0.027264850349125472,5.026455867404093e-05,6.626035193163628e-05,6.626035193163628e-05,94.44075289944297,-94.44075289944297,150.83333333333334,-150.83333333333334,0.009994269749688473,-0.009994269749688473,0.00625767752380579,-0.00625767752380579,-0.009994269749688473,0.009994269749688473,-0.00625767752380579,0.00625767752380579,0.03725912009881394,0.017270580599437,0.033522527872931265,0.02100717282531968,0.017270580599437,0.03725912009881394,0.02100717282531968,0.033522527872931265,0.027264850349125472,0.027264850349125472,0.027264850349125472,0.027264850349125472,0.03725912009881394,0.033522527872931265,0.027264850349125472,0.027264850349125472,1.3665624282441382,1.2295144643625933,1.3665624282441382,0.0,0.0,0.0,0.0,0.0,0.0,0.0,0.0,0.0,0.0,0.0,0.0,0.0,0.0,0.0,0.2,441.08333333333337,10.0,1097.8074074074075,23940.624229422992,1824.0475603369903,1824.0475603369903,4610.791111111111,24700.66666666667,3850.7486738674306,210.99992733520168,210.99992733520168,210.99992733520168,1.3333333333333333,1254.637037037037,784.1481481481483,23940.624229422992,81.96961975308642,731.8716049382716,17955.468172067245,61.47721481481483,731.8716049382716,627.3185185185185,52.27654320987655,24754.46545411435,19428.412053548724,1356.4090659788685,1064.5705234821219,1356.4090659788685,1064.5705234821219,1356.4090659788685,A,1.9956841681719346,2.341706847888539,0.0
5,E-4,y,77.08333333333333,0.0,30.75,E-4,1,1.2968700488114688,1.049795706997802,650.4583333333333,,90,102931.31625963494,102931.31625963494,1.0,10.0,0.3252032520325203,5.758100028043408,650.4583333333333,30.75,3745.404147407735,121.80176089130845,3745.404147407735,121.80176089130845,3745.404147407735,3745.404147407735,3745.404147407735,177.40696261355407,121.80176089130845,124.18487382948784,85.2612326239159,310.7142857142857,6,14.0,0.39967545600294935,310.7142857142857,1,6,1600000,10.5,0.25,0.017563947752179294,213243.8675093994,3675283.6079179626,98864.94122141402,0.058021064564919775,4.861655315440669,0.0,104.39258043389037,0.0,27.309247100557045,0.0,0.40163995420373055,7.917209290275091,782734.4311206798,39708.11046452324,140906495.54219303,0.0,13285464446.138037,303.989780171085,0.0,303.989780171085,5151.274320195703,5455.264100366788,5455.264100366788,5455.264100366788,177.40696261355407,177.40696261355407,124.18487382948784,124.18487382948784,0.027264850349125472,5.026455867404093e-05,6.626035193163628e-05,6.626035193163628e-05,94.44075289944297,-94.44075289944297,150.83333333333334,-150.83333333333334,0.009994269749688473,-0.009994269749688473,0.00625767752380579,-0.00625767752380579,-0.009994269749688473,0.009994269749688473,-0.00625767752380579,0.00625767752380579,0.03725912009881394,0.017270580599437,0.033522527872931265,0.02100717282531968,0.017270580599437,0.03725912009881394,0.02100717282531968,0.033522527872931265,0.027264850349125472,0.027264850349125472,0.027264850349125472,0.027264850349125472,0.03725912009881394,0.033522527872931265,0.027264850349125472,0.027264850349125472,1.3665624282441382,1.2295144643625933,1.3665624282441382,0.0,0.0,0.0,0.0,0.0,0.0,0.0,0.0,0.0,0.0,0.0,0.0,0.0,0.0,0.0,0.2,650.4583333333333,10.0,987.1454381210478,38186.84870256751,1774.0696261355408,1774.0696261355408,4146.010840108401,22210.772357723577,20122.087184952336,665.1929647918128,665.1929647918128,665.1929647918128,1.3333333333333333,1128.166214995483,705.1038843721769,38186.84870256751,73.7068593797049,658.0969587473652,28640.136526925635,55.28014453477869,658.0969587473652,564.0831074977415,47.0069256248118,38918.65252069459,29964.603663330337,1286.567025477507,990.5654103580276,1286.567025477507,990.5654103580276,1286.567025477507,A,1.9956841681719346,2.341706847888539,0.0
5,E-5,y,98.41666666666666,0.0,30.75,E-5,1,1.2968700488114688,1.049795706997802,770.5,,90,102931.31625963494,102931.31625963494,1.0,10.0,0.3252032520325203,5.758100028043408,770.5,30.75,4436.616071607446,144.28019745064867,4436.616071607446,144.28019745064867,4436.616071607446,4436.616071607446,4436.616071607446,196.59466798998966,144.28019745064867,137.61626759299276,100.99613821545407,310.7142857142857,6,14.0,0.4429029301843445,310.7142857142857,1,6,1600000,10.5,0.25,0.01873083459675863,236861.6330836215,3675283.6079179626,98864.94122141402,0.06444717152530248,6.7062722230558665,0.0,104.39258043389037,0.0,5.975913767223716,0.0,0.40163995420373055,7.917209290275091,782734.4311206798,39708.11046452324,7817179.52303074,0.0,13285464446.138037,77.06966307126169,0.0,77.06966307126169,5968.21637762092,6045.286040692182,6045.286040692182,6045.286040692182,196.59466798998966,196.59466798998966,137.61626759299276,137.61626759299276,0.027264850349125472,5.026455867404093e-05,6.626035193163628e-05,6.626035193163628e-05,94.44075289944297,-94.44075289944297,150.83333333333334,-150.83333333333334,0.009994269749688473,-0.009994269749688473,0.00625767752380579,-0.00625767752380579,-0.009994269749688473,0.009994269749688473,-0.00625767752380579,0.00625767752380579,0.03725912009881394,0.017270580599437,0.033522527872931265,0.02100717282531968,0.017270580599437,0.03725912009881394,0.02100717282531968,0.033522527872931265,0.027264850349125472,0.027264850349125472,0.027264850349125472,0.027264850349125472,0.03725912009881394,0.033522527872931265,0.027264850349125472,0.027264850349125472,1.3665624282441382,1.2295144643625933,1.3665624282441382,0.0,0.0,0.0,0.0,0.0,0.0,0.0,0.0,0.0,0.0,0.0,0.0,0.0,0.0,0.0,0.2,192.625,10.0,292.33062330623306,42317.002284845265,1965.9466798998965,1965.9466798998965,1227.7886178861788,6577.4390243902435,36967.3518783412,1222.0612191187174,1222.0612191187174,1222.0612191187174,1.3333333333333333,334.09214092140917,208.80758807588074,42317.002284845265,21.8273532068654,194.88708220415538,31737.751713633956,16.370514905149054,194.88708220415538,167.04607046070458,13.920505871725384,42533.716720256285,32129.975887075692,1406.0732800084722,1062.1479632091139,1406.0732800084722,1062.1479632091139,1406.0732800084722,A,1.9956841681719346,2.341706847888539,0.0
5,E-2.4,y,35.916666666666664,0.0,30.75,E-2.4,1,1.2968700488114688,1.049795706997802,1448.875,,90,102931.31625963494,102931.31625963494,1.0,10.0,0.3252032520325203,5.758100028043408,1448.875,30.75,8342.767178131393,271.3095017278502,8342.767178131393,271.3095017278502,8342.767178131393,8342.767178131393,8342.767178131393,327.1968166615006,271.3095017278502,229.0377716630504,189.91665120949514,310.7142857142857,6,14.0,0.7371330582259092,310.7142857142857,1,6,1600000,10.5,0.25,0.026673312666374006,312775.817630211,3675283.6079179626,98864.94122141402,0.0851024984728723,3.0746661387272027,0.0,104.39258043389037,0.0,68.47591376722372,0.0,0.40163995420373055,7.917209290275091,782734.4311206798,39708.11046452324,1507288437.922056,0.0,13285464446.138037,1296.8693550904807,0.0,1296.8693550904807,8764.432757250663,10061.302112341144,10061.302112341144,10061.302112341144,327.1968166615006,327.1968166615006,229.0377716630504,229.0377716630504,0.027264850349125472,5.026455867404093e-05,6.626035193163628e-05,6.626035193163628e-05,94.44075289944297,-94.44075289944297,150.83333333333334,-150.83333333333334,0.009994269749688473,-0.009994269749688473,0.00625767752380579,-0.00625767752380579,-0.009994269749688473,0.009994269749688473,-0.00625767752380579,0.00625767752380579,0.03725912009881394,0.017270580599437,0.033522527872931265,0.02100717282531968,0.017270580599437,0.03725912009881394,0.02100717282531968,0.033522527872931265,0.027264850349125472,0.027264850349125472,0.027264850349125472,0.027264850349125472,0.03725912009881394,0.033522527872931265,0.027264850349125472,0.027264850349125472,1.3665624282441382,1.2295144643625933,1.3665624282441382,0.0,0.0,0.0,0.0,0.0,0.0,0.0,0.0,0.0,0.0,0.0,0.0,0.0,0.0,0.0,0.2,362.21875,10.0,549.7086720867209,70429.114786388,3271.9681666150063,3271.9681666150063,2308.7764227642274,12368.44512195122,60369.44608720102,1995.6841681719345,1995.6841681719345,1995.6841681719345,1.3333333333333333,628.2384823848238,392.6490514905149,70429.114786388,41.04491418247515,366.4724480578139,52821.836089791,30.783685636856376,366.4724480578139,314.1192411924119,26.176603432700993,70836.6321486283,53559.38806811079,2341.706847888539,1770.558283243332,2341.706847888539,1770.558283243332,2341.706847888539,A,1.9956841681719346,2.341706847888539,0.0
5,E-3.4,y,60.58333333333333,0.0,30.75,E-3.4,1,1.2968700488114688,1.049795706997802,988.25,,90,102931.31625963494,102931.31625963494,1.0,10.0,0.3252032520325203,5.758100028043408,988.25,30.75,5690.442352713898,185.05503586061457,5690.442352713898,185.05503586061457,5690.442352713898,5690.442352713898,5690.442352713898,241.31187834645405,185.05503586061457,168.91831484251782,129.53852510243019,310.7142857142857,6,14.0,0.5436451512172987,310.7142857142857,1,6,1600000,10.5,0.25,0.021450280380793194,265285.2201320958,3675283.6079179626,98864.94122141402,0.07218088409845985,4.566668596050048,0.0,104.39258043389037,0.0,43.809247100557045,0.0,0.40163995420373055,7.917209290275091,782734.4311206798,39708.11046452324,477166673.03665274,0.0,13285464446.138037,641.7147333358686,0.0,641.7147333358686,6778.625525817593,7420.340259153462,7420.340259153462,7420.340259153462,241.31187834645405,241.31187834645405,168.91831484251782,168.91831484251782,0.027264850349125472,5.026455867404093e-05,6.626035193163628e-05,6.626035193163628e-05,94.44075289944297,-94.44075289944297,150.83333333333334,-150.83333333333334,0.009994269749688473,-0.009994269749688473,0.00625767752380579,-0.00625767752380579,-0.009994269749688473,0.009994269749688473,-0.00625767752380579,0.00625767752380579,0.03725912009881394,0.017270580599437,0.033522527872931265,0.02100717282531968,0.017270580599437,0.03725912009881394,0.02100717282531968,0.033522527872931265,0.027264850349125472,0.027264850349125472,0.027264850349125472,0.027264850349125472,0.03725912009881394,0.033522527872931265,0.027264850349125472,0.027264850349125472,1.3665624282441382,1.2295144643625933,1.3665624282441382,0.0,0.0,0.0,0.0,0.0,0.0,0.0,0.0,0.0,0.0,0.0,0.0,0.0,0.0,0.0,0.2,247.0625,10.0,374.94579945799455,51942.38181407424,2413.1187834645407,2413.1187834645407,1574.7723577235772,8436.280487804877,45080.87368399293,1490.2768159997663,1490.2768159997663,1490.2768159997663,1.3333333333333333,428.5094850948509,267.81842818428186,51942.38181407424,27.995953026196922,249.9638663053297,38956.78636055568,20.996964769647697,249.9638663053297,214.25474254742545,17.854561878952126,52220.34163340576,39459.85649605703,1726.2922854018434,1304.4580659853564,1726.2922854018434,1304.4580659853564,1726.2922854018434,A,1.9956841681719346,2.341706847888539,0.0
5,E-4.8,y,94.91666666666666,0.0,30.75,E-4.8,1,1.2968700488114688,1.049795706997802,988.25,,90,102931.31625963494,102931.31625963494,1.0,10.0,0.3252032520325203,5.758100028043408,988.25,30.75,5690.442352713898,185.05503586061457,5690.442352713898,185.05503586061457,5690.442352713898,5690.442352713898,5690.442352713898,236.0676833123923,185.05503586061457,165.2473783186746,129.53852510243019,310.7142857142857,6,14.0,0.5318306428646998,310.7142857142857,1,6,1600000,10.5,0.25,0.021131358337974557,269288.9998693443,3675283.6079179626,98864.94122141402,0.07327026390268035,7.154656851308122,0.0,104.39258043389037,0.0,9.475913767223716,0.0,0.40163995420373055,7.917209290275091,782734.4311206798,39708.11046452324,23427056.911251694,0.0,13285464446.138037,145.65799558170497,0.0,145.65799558170497,7113.423266274358,7259.081261856063,7259.081261856063,7259.081261856063,236.0676833123923,236.0676833123923,165.2473783186746,165.2473783186746,0.027264850349125472,5.026455867404093e-05,6.626035193163628e-05,6.626035193163628e-05,94.44075289944297,-94.44075289944297,150.83333333333334,-150.83333333333334,0.009994269749688473,-0.009994269749688473,0.00625767752380579,-0.00625767752380579,-0.009994269749688473,0.009994269749688473,-0.00625767752380579,0.00625767752380579,0.03725912009881394,0.017270580599437,0.033522527872931265,0.02100717282531968,0.017270580599437,0.03725912009881394,0.02100717282531968,0.033522527872931265,0.027264850349125472,0.027264850349125472,0.027264850349125472,0.027264850349125472,0.03725912009881394,0.033522527872931265,0.027264850349125472,0.027264850349125472,1.3665624282441382,1.2295144643625933,1.3665624282441382,0.0,0.0,0.0,0.0,0.0,0.0,0.0,0.0,0.0,0.0,0.0,0.0,0.0,0.0,0.0,0.2,988.25,10.0,1499.7831978319782,50813.568832992445,2360.6768331239227,2360.6768331239227,6299.089430894309,33745.12195121951,23367.536312667246,772.4805392617271,772.4805392617271,772.4805392617271,1.3333333333333333,1714.0379403794036,1071.2737127371274,50813.568832992445,111.98381210478769,999.8554652213188,38110.17662474433,83.98785907859079,999.8554652213188,857.0189701897018,71.4182475158085,51925.40811031855,40122.45716674975,1716.5424168700347,1326.3622203884215,1716.5424168700347,1326.3622203884215,1716.5424168700347,A,1.9956841681719346,2.341706847888539,0.0
5,E-5.9,y,119.58333333333333,0.0,30.75,E-5.9,1,2.3183545728836674,1.5999985574395692,829.1250000000007,,90,102931.31625963494,102931.31625963494,1.0,10.0,0.3252032520325203,5.758100028043408,829.1250000000007,30.75,4774.184685751495,155.25803856102422,4774.184685751495,155.25803856102422,4774.184685751495,4774.184685751495,4774.184685751495,211.99799688970785,155.25803856102422,148.3985978227955,108.68062699271695,310.7142857142857,6,14.0,0.4776046826480774,310.7142857142857,1,6,1600000,10.5,0.25,0.019667577240195487,242743.9143848529,3675283.6079179626,98864.94122141402,0.06604766877361244,8.407625717990324,0.0,104.39258043389037,0.0,15.190752899442955,0.0,35.53971815981541,12.066655787356751,1192969.2151560604,3513632.1468957704,52544920.30154768,0.0,13285464446.138037,310.6017752082678,0.0,310.6017752082678,6208.336629150248,6518.938404358516,6518.938404358516,6518.938404358516,211.99799688970785,211.99799688970785,148.3985978227955,148.3985978227955,0.027264850349125472,5.026455867404093e-05,0.0001495145220790521,0.0001495145220790521,94.44075289944297,-94.44075289944297,150.83333333333334,-150.83333333333334,0.02255177374692369,-0.02255177374692369,0.014120264034546068,-0.014120264034546068,-0.02255177374692369,0.02255177374692369,-0.014120264034546068,0.014120264034546068,0.04981662409604916,0.004713076602201782,0.04138511438367154,0.013144586314579404,0.004713076602201782,0.04981662409604916,0.013144586314579404,0.04138511438367154,0.027264850349125472,0.027264850349125472,0.027264850349125472,0.027264850349125472,0.04981662409604916,0.04138511438367154,0.027264850349125472,0.027264850349125472,1.8271372649454884,1.5178925926141744,1.8271372649454884,0.0,0.0,0.0,0.0,0.0,0.0,0.0,0.0,0.0,0.0,0.0,0.0,0.0,0.0,0.0,0.2,829.1250000000007,10.0,1258.2926829268304,45632.56883050961,2119.9799688970784,2119.9799688970784,5284.829268292688,28311.585365853683,22605.812732948612,747.2995944776401,747.2995944776401,747.2995944776401,1.3333333333333333,1438.048780487806,898.7804878048788,45632.56883050961,93.95252032520332,838.8617886178869,34224.42662288221,70.46439024390251,838.8617886178869,719.024390243903,59.91869918699192,46565.3831394527,35912.695891174895,1539.3515087422381,1187.196558385947,1539.3515087422381,1187.196558385947,1539.3515087422381,B,2.5471405682826926,2.5471405682826926,0.0
5,E-7.4,y,144.25,0.0,30.75,E-7.4,1,2.3183545728836674,1.5999985574395692,1317.1249999999998,,90,102931.31625963494,102931.31625963494,1.0,10.0,0.3252032520325203,5.758100028043408,1317.1249999999998,30.75,7584.137499436672,246.63861786785927,7584.137499436672,246.63861786785927,7584.137499436672,7584.137499436672,7584.137499436672,311.5239018502687,246.63861786785927,218.06673129518808,172.64703250750148,310.7142857142857,6,14.0,0.7018239627891111,310.7142857142857,1,6,1600000,10.5,0.25,0.02572017534481083,294871.1428970413,3675283.6079179626,98864.94122141402,0.0802308540929403,11.999212747470153,0.0,104.39258043389037,0.0,39.85741956610963,0.0,35.53971815981541,12.066655787356751,1192969.2151560604,3513632.1468957704,493385368.4259817,0.0,13285464446.138037,1111.5514845517346,0.0,1111.5514845517346,8467.808497344027,9579.359981895763,9579.359981895763,9579.359981895763,311.5239018502687,311.5239018502687,218.06673129518808,218.06673129518808,0.027264850349125472,5.026455867404093e-05,0.0001495145220790521,0.0001495145220790521,94.44075289944297,-94.44075289944297,150.83333333333334,-150.83333333333334,0.02255177374692369,-0.02255177374692369,0.014120264034546068,-0.014120264034546068,-0.02255177374692369,0.02255177374692369,-0.014120264034546068,0.014120264034546068,0.04981662409604916,0.004713076602201782,0.04138511438367154,0.013144586314579404,0.004713076602201782,0.04981662409604916,0.013144586314579404,0.04138511438367154,0.027264850349125472,0.027264850349125472,0.027264850349125472,0.027264850349125472,0.04981662409604916,0.04138511438367154,0.027264850349125472,0.027264850349125472,1.8271372649454884,1.5178925926141744,1.8271372649454884,0.0,0.0,0.0,0.0,0.0,0.0,0.0,0.0,0.0,0.0,0.0,0.0,0.0,0.0,0.0,0.2,329.28124999999994,10.0,499.7222222222222,67055.51987327033,3115.239018502687,3115.239018502687,2098.8333333333326,11243.749999999998,57910.60320660366,1914.4001060034266,1914.4001060034266,1914.4001060034266,1.3333333333333333,571.111111111111,356.94444444444434,67055.51987327033,37.31259259259258,333.1481481481481,50291.63990495275,27.98444444444445,333.1481481481481,285.5555555555555,23.79629629629629,67425.98061401107,50962.1243493972,2228.9580368268125,1684.6983255999073,2228.9580368268125,1684.6983255999073,2228.9580368268125,B,2.5471405682826926,2.5471405682826926,0.0
5,E-8--E-A.2,y,162.58333333333331,0.0,25.0,E-8,1,2.3183545728836674,1.5999985574395692,938.0,,90,102931.31625963494,102931.31625963494,1.0,10.0,0.4,5.758100028043408,3857.9716666666664,76.75,22214.586762024006,289.440869863505,22214.586762024006,289.440869863505,7236.021746587625,7236.021746587625,7236.021746587625,356.59967955957705,289.440869863505,249.61977569170392,202.6086089044535,310.7142857142857,6,14.0,0.8033739907319206,310.7142857142857,1,6,1600000,10.5,0.25,0.03012553597308526,240195.6185294903,3675283.6079179626,98864.94122141402,0.06535430844357626,10.797391277050279,0.0,104.39258043389037,0.0,58.19075289944294,0.0,35.53971815981541,12.066655787356751,1192969.2151560604,3513632.1468957704,929133147.4247726,0.0,13285464446.138037,1433.7600429822387,0.0,1433.7600429822387,7481.231946007187,8914.991988989426,8914.991988989426,8914.991988989426,356.59967955957705,356.59967955957705,249.61977569170392,249.61977569170392,0.027264850349125472,5.026455867404093e-05,0.0001495145220790521,0.0001495145220790521,94.44075289944297,-94.44075289944297,150.83333333333334,-150.83333333333334,0.02255177374692369,-0.02255177374692369,0.014120264034546068,-0.014120264034546068,-0.02255177374692369,0.02255177374692369,-0.014120264034546068,0.014120264034546068,0.04981662409604916,0.004713076602201782,0.04138511438367154,0.013144586314579404,0.004713076602201782,0.04981662409604916,0.013144586314579404,0.04138511438367154,0.027264850349125472,0.027264850349125472,0.027264850349125472,0.027264850349125472,0.04981662409604916,0.04138511438367154,0.027264850349125472,0.027264850349125472,1.8271372649454884,1.5178925926141744,1.8271372649454884,0.0,0.0,0.0,0.0,0.0,0.0,0.0,0.0,0.0,0.0,0.0,0.0,0.0,0.0,0.0,0.2,0.0,10.0,0.0,62404.94392292597,3565.9967955957704,3565.9967955957704,0.0,0.0,62404.94392292597,2547.1405682826926,2547.1405682826926,2547.1405682826926,1.3333333333333333,0.0,0.0,62404.94392292597,0.0,0.0,46803.70794219449,0.0,0.0,0.0,0.0,62404.94392292597,46803.70794219449,2547.1405682826926,1910.35542621202,2547.1405682826926,1910.35542621202,2547.1405682826926,B,2.5471405682826926,2.5471405682826926,0.0
5,E-8--E-B,y,162.58333333333331,0.0,12.5,E-8,1,2.3183545728836674,1.5999985574395692,614.055,,90,102931.31625963494,102931.31625963494,1.0,10.0,0.8,5.758100028043408,3857.9716666666664,76.75,22214.586762024006,289.440869863505,22214.586762024006,289.440869863505,3618.0108732938124,3618.0108732938124,3618.0108732938124,289.440869863505,289.440869863505,202.6086089044535,202.6086089044535,310.7142857142857,6,14.0,0.652073683830425,310.7142857142857,1,6,1600000,10.5,0.25,0.03481414977715626,103923.57407699256,3675283.6079179626,98864.94122141402,0.02827634141025241,4.035185309999247,0.0,104.39258043389037,0.0,58.19075289944294,0.0,35.53971815981541,12.066655787356751,1192969.2151560604,3513632.1468957704,351902236.50443393,0.0,13285464446.138037,543.0259022988882,0.0,543.0259022988882,2833.4606949554573,3376.4865972543457,3618.0108732938124,3618.0108732938124,289.440869863505,289.440869863505,202.6086089044535,202.6086089044535,0.027264850349125472,5.026455867404093e-05,0.0001495145220790521,0.0001495145220790521,94.44075289944297,-94.44075289944297,150.83333333333334,-150.83333333333334,0.02255177374692369,-0.02255177374692369,0.014120264034546068,-0.014120264034546068,-0.02255177374692369,0.02255177374692369,-0.014120264034546068,0.014120264034546068,0.04981662409604916,0.004713076602201782,0.04138511438367154,0.013144586314579404,0.004713076602201782,0.04981662409604916,0.013144586314579404,0.04138511438367154,0.027264850349125472,0.027264850349125472,0.027264850349125472,0.027264850349125472,0.04981662409604916,0.04138511438367154,0.027264850349125472,0.027264850349125472,1.8271372649454884,1.5178925926141744,1.8271372649454884,0.0,0.0,0.0,0.0,0.0,0.0,0.0,0.0,0.0,0.0,0.0,0.0,0.0,0.0,0.0,0.2,0.0,10.0,0.0,25326.076113056683,2894.4086986350503,2894.4086986350503,0.0,0.0,25326.076113056683,2110.5063427547234,2110.5063427547234,2110.5063427547234,1.3333333333333333,0.0,0.0,25326.076113056683,0.0,0.0,18994.557084792516,0.0,0.0,0.0,0.0,25326.076113056683,18994.557084792516,2110.5063427547234,1582.8797570660429,2110.5063427547234,1582.8797570660429,2110.5063427547234,B,2.5471405682826926,2.5471405682826926,0.0
5,E-8--E-B.7,y,162.58333333333331,0.0,6.0,E-8,1,2.3183545728836674,1.5999985574395692,413.1666666666667,,90,102931.31625963494,102931.31625963494,1.0,10.0,1.6666666666666667,5.758100028043408,3857.9716666666664,76.75,22214.586762024006,289.440869863505,22214.586762024006,289.440869863505,1736.64521918103,1736.64521918103,1736.64521918103,289.440869863505,289.440869863505,202.6086089044535,202.6086089044535,310.7142857142857,6,14.0,0.652073683830425,310.7142857142857,1,6,1600000,10.5,0.25,0.05386513689573445,32240.61645926224,3675283.6079179626,98864.94122141402,0.00877227988332755,1.2518513058966938,0.0,104.39258043389037,0.0,58.19075289944294,0.0,35.53971815981541,12.066655787356751,1192969.2151560604,3513632.1468957704,109172005.86164033,0.0,13285464446.138037,168.46504750204906,0.0,168.46504750204906,879.0355829253365,1047.5006304273857,1736.64521918103,1736.64521918103,289.440869863505,289.440869863505,202.6086089044535,202.6086089044535,0.027264850349125472,5.026455867404093e-05,0.0001495145220790521,0.0001495145220790521,94.44075289944297,-94.44075289944297,150.83333333333334,-150.83333333333334,0.02255177374692369,-0.02255177374692369,0.014120264034546068,-0.014120264034546068,-0.02255177374692369,0.02255177374692369,-0.014120264034546068,0.014120264034546068,0.04981662409604916,0.004713076602201782,0.04138511438367154,0.013144586314579404,0.004713076602201782,0.04981662409604916,0.013144586314579404,0.04138511438367154,0.027264850349125472,0.027264850349125472,0.027264850349125472,0.027264850349125472,0.04981662409604916,0.04138511438367154,0.027264850349125472,0.027264850349125472,1.8271372649454884,1.5178925926141744,1.8271372649454884,0.0,0.0,0.0,0.0,0.0,0.0,0.0,0.0,0.0,0.0,0.0,0.0,0.0,0.0,0.0,0.2,0.0,6.0,0.0,12156.51653426721,2894.40869863505,2894.40869863505,0.0,0.0,12156.51653426721,2210.2757335031292,2210.2757335031292,2210.2757335031292,1.3333333333333333,0.0,0.0,12156.51653426721,0.0,0.0,9117.387400700407,0.0,0.0,0.0,0.0,12156.51653426721,9117.387400700407,2210.2757335031292,1657.7068001273467,2210.2757335031292,1657.7068001273467,2210.2757335031292,B,2.5471405682826926,2.5471405682826926,0.0
5,E-8--E-C.3,y,162.58333333333331,0.0,11.5,E-8,1,2.3183545728836674,1.5999985574395692,594.625,,90,102931.31625963494,102931.31625963494,1.0,10.0,0.8695652173913043,5.758100028043408,3857.9716666666664,76.75,22214.586762024006,289.440869863505,22214.586762024006,289.440869863505,3328.570003430307,3328.570003430307,3328.570003430307,289.440869863505,289.440869863505,202.6086089044535,202.6086089044535,310.7142857142857,6,14.0,0.652073683830425,310.7142857142857,1,6,1600000,10.5,0.25,0.03634332600072107,91586.82954235577,3675283.6079179626,98864.94122141402,0.02491966316423658,3.5561693527295395,0.0,104.39258043389037,0.0,58.19075289944294,0.0,35.53971815981541,12.066655787356751,1192969.2151560604,3513632.1468957704,310127999.7012786,0.0,13285464446.138037,478.56341732518155,0.0,478.56341732518155,2497.1012014231937,2975.6646187483752,3328.570003430307,3328.570003430307,289.440869863505,289.440869863505,202.6086089044535,202.6086089044535,0.027264850349125472,5.026455867404093e-05,0.0001495145220790521,0.0001495145220790521,94.44075289944297,-94.44075289944297,150.83333333333334,-150.83333333333334,0.02255177374692369,-0.02255177374692369,0.014120264034546068,-0.014120264034546068,-0.02255177374692369,0.02255177374692369,-0.014120264034546068,0.014120264034546068,0.04981662409604916,0.004713076602201782,0.04138511438367154,0.013144586314579404,0.004713076602201782,0.04981662409604916,0.013144586314579404,0.04138511438367154,0.027264850349125472,0.027264850349125472,0.027264850349125472,0.027264850349125472,0.04981662409604916,0.04138511438367154,0.027264850349125472,0.027264850349125472,1.8271372649454884,1.5178925926141744,1.8271372649454884,0.0,0.0,0.0,0.0,0.0,0.0,0.0,0.0,0.0,0.0,0.0,0.0,0.0,0.0,0.0,0.2,0.0,10.0,0.0,23299.99002401215,2894.40869863505,2894.40869863505,0.0,0.0,23299.99002401215,2118.180911273832,2118.180911273832,2118.180911273832,1.3333333333333333,0.0,0.0,23299.99002401215,0.0,0.0,17474.992518009116,0.0,0.0,0.0,0.0,23299.99002401215,17474.992518009116,2118.180911273832,1588.6356834553742,2118.180911273832,1588.6356834553742,2118.180911273832,B,2.5471405682826926,2.5471405682826926,0.0
5,E-8--E-F,y,162.58333333333331,0.0,14.75,E-8,1,2.3183545728836674,1.5999985574395692,670.0,,90,102931.31625963494,102931.31625963494,1.0,10.0,0.6779661016949152,5.758100028043408,3857.9716666666664,76.75,22214.586762024006,289.440869863505,22214.586762024006,289.440869863505,4269.252830486698,4269.252830486698,4269.252830486698,292.6700615088137,289.440869863505,204.8690430561696,202.6086089044535,310.7142857142857,6,14.0,0.6593486443187068,310.7142857142857,1,6,1600000,10.5,0.25,0.03233251324291449,132042.0964003559,3675283.6079179626,98864.94122141402,0.0359270495794901,5.159038547376381,0.0,104.39258043389037,0.0,58.19075289944294,0.0,35.53971815981541,12.066655787356751,1192969.2151560604,3513632.1468957704,449911729.8369312,0.0,13285464446.138037,694.2659003148306,0.0,694.2659003148306,3622.617506940172,4316.883407255003,4316.883407255003,4316.883407255003,292.6700615088137,292.6700615088137,204.8690430561696,204.8690430561696,0.027264850349125472,5.026455867404093e-05,0.0001495145220790521,0.0001495145220790521,94.44075289944297,-94.44075289944297,150.83333333333334,-150.83333333333334,0.02255177374692369,-0.02255177374692369,0.014120264034546068,-0.014120264034546068,-0.02255177374692369,0.02255177374692369,-0.014120264034546068,0.014120264034546068,0.04981662409604916,0.004713076602201782,0.04138511438367154,0.013144586314579404,0.004713076602201782,0.04981662409604916,0.013144586314579404,0.04138511438367154,0.027264850349125472,0.027264850349125472,0.027264850349125472,0.027264850349125472,0.04981662409604916,0.04138511438367154,0.027264850349125472,0.027264850349125472,1.8271372649454884,1.5178925926141744,1.8271372649454884,0.0,0.0,0.0,0.0,0.0,0.0,0.0,0.0,0.0,0.0,0.0,0.0,0.0,0.0,0.0,0.2,0.0,10.0,0.0,30218.18385078502,2926.700615088137,2926.700615088137,0.0,0.0,30218.18385078502,2120.574305318247,2120.574305318247,2120.574305318247,1.3333333333333333,0.0,0.0,30218.18385078502,0.0,0.0,22663.637888088764,0.0,0.0,0.0,0.0,30218.18385078502,22663.637888088764,2120.574305318247,1590.4307289886851,2120.574305318247,1590.4307289886851,2120.574305318247,B,2.5471405682826926,2.5471405682826926,0.0
5,E-8--E-F.7,y,162.58333333333331,0.0,7.0,E-8,1,2.3183545728836674,1.5999985574395692,628.125,,90,102931.31625963494,102931.31625963494,1.0,10.0,1.4285714285714286,5.758100028043408,3857.9716666666664,76.75,22214.586762024006,289.440869863505,22214.586762024006,289.440869863505,2026.086089044535,2026.086089044535,2026.086089044535,289.440869863505,289.440869863505,202.6086089044535,202.6086089044535,310.7142857142857,6,14.0,0.652073683830425,310.7142857142857,1,6,1600000,10.5,0.25,0.04863134922579539,41662.14018939544,3675283.6079179626,98864.94122141402,0.011335761980283453,1.6176739259451263,0.0,104.39258043389037,0.0,58.19075289944294,0.0,35.53971815981541,12.066655787356751,1192969.2151560604,3513632.1468957704,141074827.73203894,0.0,13285464446.138037,217.69479609398684,0.0,217.69479609398684,1135.9120174881525,1353.6068135821392,2026.086089044535,2026.086089044535,289.440869863505,289.440869863505,202.6086089044535,202.6086089044535,0.027264850349125472,5.026455867404093e-05,0.0001495145220790521,0.0001495145220790521,94.44075289944297,-94.44075289944297,150.83333333333334,-150.83333333333334,0.02255177374692369,-0.02255177374692369,0.014120264034546068,-0.014120264034546068,-0.02255177374692369,0.02255177374692369,-0.014120264034546068,0.014120264034546068,0.04981662409604916,0.004713076602201782,0.04138511438367154,0.013144586314579404,0.004713076602201782,0.04981662409604916,0.013144586314579404,0.04138511438367154,0.027264850349125472,0.027264850349125472,0.027264850349125472,0.027264850349125472,0.04981662409604916,0.04138511438367154,0.027264850349125472,0.027264850349125472,1.8271372649454884,1.5178925926141744,1.8271372649454884,0.0,0.0,0.0,0.0,0.0,0.0,0.0,0.0,0.0,0.0,0.0,0.0,0.0,0.0,0.0,0.2,0.0,7.0,0.0,14182.602623311743,2894.40869863505,2894.40869863505,0.0,0.0,14182.602623311743,2181.9388651248837,2181.9388651248837,2181.9388651248837,1.3333333333333333,0.0,0.0,14182.602623311743,0.0,0.0,10636.951967483808,0.0,0.0,0.0,0.0,14182.602623311743,10636.951967483808,2181.9388651248837,1636.4541488436628,2181.9388651248837,1636.4541488436628,2181.9388651248837,B,2.5471405682826926,2.5471405682826926,0.0
5,E-9--E-B.1,y,168.08333333333331,0.0,6.0,E-9,1,2.3183545728836674,1.5999985574395692,1596.9450000000002,,90,102931.31625963494,102931.31625963494,1.0,10.0,1.6666666666666667,5.758100028043408,4029.9941666666673,50.5,23205.10952409811,459.50711928907145,23205.10952409811,459.50711928907145,2757.042715734429,2757.042715734429,2757.042715734429,459.50711928907145,459.50711928907145,321.65498350235,321.65498350235,460.7142857142857,4,17.0,0.6981658556640155,460.7142857142857,1,4,1600000,10.5,0.25,0.060286149260168544,45732.60607235409,3675283.6079179626,98864.94122141402,0.012443286274242514,1.8357941801258104,0.0,104.39258043389037,0.0,63.69075289944294,0.0,35.53971815981541,12.066655787356751,1192969.2151560604,3513632.1468957704,185514865.54777092,0.0,13285464446.138037,261.55006264833867,0.0,261.55006264833867,1246.8926606382408,1508.4427232865796,2757.042715734429,2757.042715734429,459.50711928907145,459.50711928907145,321.65498350235,321.65498350235,0.027264850349125472,5.026455867404093e-05,0.0001495145220790521,0.0001495145220790521,94.44075289944297,-94.44075289944297,150.83333333333334,-150.83333333333334,0.02255177374692369,-0.02255177374692369,0.014120264034546068,-0.014120264034546068,-0.02255177374692369,0.02255177374692369,-0.014120264034546068,0.014120264034546068,0.04981662409604916,0.004713076602201782,0.04138511438367154,0.013144586314579404,0.004713076602201782,0.04981662409604916,0.013144586314579404,0.04138511438367154,0.027264850349125472,0.027264850349125472,0.027264850349125472,0.027264850349125472,0.04981662409604916,0.04138511438367154,0.027264850349125472,0.027264850349125472,1.8271372649454884,1.5178925926141744,1.8271372649454884,0.0,0.0,0.0,0.0,0.0,0.0,0.0,0.0,0.0,0.0,0.0,0.0,0.0,0.0,0.0,0.2,0.0,6.0,0.0,19299.299010141,4595.071192890715,4595.071192890715,0.0,0.0,19299.299010141,3508.963456389273,3508.963456389273,3508.963456389273,1.3333333333333333,0.0,0.0,19299.299010141,0.0,0.0,14474.474257605752,0.0,0.0,0.0,0.0,19299.299010141,14474.474257605752,3508.963456389273,2631.722592291955,3508.963456389273,2631.722592291955,3508.963456389273,C,3.5089634563892727,3.5089634563892727,0.0
5,E-9--E-B.6,y,168.08333333333331,0.0,12.0,E-9,1,2.3183545728836674,1.5999985574395692,692.445,,90,102931.31625963494,102931.31625963494,1.0,10.0,0.8333333333333334,5.758100028043408,4029.9941666666673,50.5,23205.10952409811,459.50711928907145,23205.10952409811,459.50711928907145,5514.085431468858,5514.085431468858,5514.085431468858,459.50711928907145,459.50711928907145,321.65498350235,321.65498350235,460.7142857142857,4,17.0,0.6981658556640155,460.7142857142857,1,4,1600000,10.5,0.25,0.04140550402442426,133172.7643797359,3675283.6079179626,98864.94122141402,0.0362346905944431,5.345809189460882,0.0,104.39258043389037,0.0,63.69075289944294,0.0,35.53971815981541,12.066655787356751,1192969.2151560604,3513632.1468957704,540216917.431838,0.0,13285464446.138037,761.6304395919465,0.0,761.6304395919465,3630.935491392846,4392.565930984792,5514.085431468858,5514.085431468858,459.50711928907145,459.50711928907145,321.65498350235,321.65498350235,0.027264850349125472,5.026455867404093e-05,0.0001495145220790521,0.0001495145220790521,94.44075289944297,-94.44075289944297,150.83333333333334,-150.83333333333334,0.02255177374692369,-0.02255177374692369,0.014120264034546068,-0.014120264034546068,-0.02255177374692369,0.02255177374692369,-0.014120264034546068,0.014120264034546068,0.04981662409604916,0.004713076602201782,0.04138511438367154,0.013144586314579404,0.004713076602201782,0.04981662409604916,0.013144586314579404,0.04138511438367154,0.027264850349125472,0.027264850349125472,0.027264850349125472,0.027264850349125472,0.04981662409604916,0.04138511438367154,0.027264850349125472,0.027264850349125472,1.8271372649454884,1.5178925926141744,1.8271372649454884,0.0,0.0,0.0,0.0,0.0,0.0,0.0,0.0,0.0,0.0,0.0,0.0,0.0,0.0,0.0,0.2,0.0,10.0,0.0,38598.598020282,4595.071192890715,4595.071192890715,0.0,0.0,38598.598020282,3356.3998278506087,3356.3998278506087,3356.3998278506087,1.3333333333333333,0.0,0.0,38598.598020282,0.0,0.0,28948.948515211505,0.0,0.0,0.0,0.0,38598.598020282,28948.948515211505,3356.3998278506087,2517.299870887957,3356.3998278506087,2517.299870887957,3356.3998278506087,C,3.5089634563892727,3.5089634563892727,0.0
5,E-9--E-C.5,y,168.08333333333331,0.0,8.5,E-9,1,2.3183545728836674,1.5999985574395692,683.9583333333334,,90,102931.31625963494,102931.31625963494,1.0,10.0,1.1764705882352942,5.758100028043408,4029.9941666666673,50.5,23205.10952409811,459.50711928907145,23205.10952409811,459.50711928907145,3905.8105139571076,3905.8105139571076,3905.8105139571076,459.50711928907145,459.50711928907145,321.65498350235,321.65498350235,460.7142857142857,4,17.0,0.6981658556640155,460.7142857142857,1,4,1600000,10.5,0.25,0.049179887356789555,79418.85847808655,3675283.6079179626,98864.94122141402,0.021608906128220428,3.1880247094521588,0.0,104.39258043389037,0.0,63.69075289944294,0.0,35.53971815981541,12.066655787356751,1192969.2151560604,3513632.1468957704,322163552.83164537,0.0,13285464446.138037,454.2056356364089,0.0,454.2056356364089,2165.3432913034044,2619.548926939813,3905.8105139571076,3905.8105139571076,459.50711928907145,459.50711928907145,321.65498350235,321.65498350235,0.027264850349125472,5.026455867404093e-05,0.0001495145220790521,0.0001495145220790521,94.44075289944297,-94.44075289944297,150.83333333333334,-150.83333333333334,0.02255177374692369,-0.02255177374692369,0.014120264034546068,-0.014120264034546068,-0.02255177374692369,0.02255177374692369,-0.014120264034546068,0.014120264034546068,0.04981662409604916,0.004713076602201782,0.04138511438367154,0.013144586314579404,0.004713076602201782,0.04981662409604916,0.013144586314579404,0.04138511438367154,0.027264850349125472,0.027264850349125472,0.027264850349125472,0.027264850349125472,0.04981662409604916,0.04138511438367154,0.027264850349125472,0.027264850349125472,1.8271372649454884,1.5178925926141744,1.8271372649454884,0.0,0.0,0.0,0.0,0.0,0.0,0.0,0.0,0.0,0.0,0.0,0.0,0.0,0.0,0.0,0.2,0.0,8.5,0.0,27340.67359769975,4595.071192890715,4595.071192890715,0.0,0.0,27340.67359769975,3417.584199712469,3417.584199712469,3417.584199712469,1.3333333333333333,0.0,0.0,27340.67359769975,0.0,0.0,20505.505198274812,0.0,0.0,0.0,0.0,27340.67359769975,20505.505198274812,3417.584199712469,2563.1881497843515,3417.584199712469,2563.1881497843515,3417.584199712469,C,3.5089634563892727,3.5089634563892727,0.0
5,E-9--E-F.4,y,168.08333333333331,0.0,24.0,E-9,1,2.3183545728836674,1.5999985574395692,1056.6458333333335,,90,102931.31625963494,102931.31625963494,1.0,10.0,0.4166666666666667,5.758100028043408,4029.9941666666673,50.5,23205.10952409811,459.50711928907145,23205.10952409811,459.50711928907145,11028.170862937715,11028.170862937715,11028.170862937715,474.15239105462865,459.50711928907145,331.90667373824004,321.65498350235,460.7142857142857,4,17.0,0.720417586408583,460.7142857142857,1,4,1600000,10.5,0.25,0.032707301951005824,337177.6393986106,3675283.6079179626,98864.94122141402,0.091741937594204,13.849189284604277,0.0,104.39258043389037,0.0,63.69075289944294,0.0,35.53971815981541,12.066655787356751,1192969.2151560604,3513632.1468957704,1399519900.3751707,0.0,13285464446.138037,1973.1276873144404,0.0,1973.1276873144404,9406.529697996648,11379.657385311088,11379.657385311088,11379.657385311088,474.15239105462865,474.15239105462865,331.90667373824004,331.90667373824004,0.027264850349125472,5.026455867404093e-05,0.0001495145220790521,0.0001495145220790521,94.44075289944297,-94.44075289944297,150.83333333333334,-150.83333333333334,0.02255177374692369,-0.02255177374692369,0.014120264034546068,-0.014120264034546068,-0.02255177374692369,0.02255177374692369,-0.014120264034546068,0.014120264034546068,0.04981662409604916,0.004713076602201782,0.04138511438367154,0.013144586314579404,0.004713076602201782,0.04981662409604916,0.013144586314579404,0.04138511438367154,0.027264850349125472,0.027264850349125472,0.027264850349125472,0.027264850349125472,0.04981662409604916,0.04138511438367154,0.027264850349125472,0.027264850349125472,1.8271372649454884,1.5178925926141744,1.8271372649454884,0.0,0.0,0.0,0.0,0.0,0.0,0.0,0.0,0.0,0.0,0.0,0.0,0.0,0.0,0.0,0.2,0.0,10.0,0.0,79657.60169717761,4741.523910546287,4741.523910546287,0.0,0.0,79657.60169717761,3389.6851786033026,3389.6851786033026,3389.6851786033026,1.3333333333333333,0.0,0.0,79657.60169717761,0.0,0.0,59743.20127288322,0.0,0.0,0.0,0.0,79657.60169717761,59743.20127288322,3389.6851786033026,2542.2638839524775,3389.6851786033026,2542.2638839524775,3389.6851786033026,C,3.5089634563892727,3.5089634563892727,0.0
5,E-B,x,0.0,35.916666666666664,30.75,E-B,1,1.0,1.38388231516739,1393.0416666666665,,0,102931.31625963494,102931.31625963494,1.0,10.0,0.3252032520325203,5.758100028043408,1393.0416666666665,30.75,8021.273259898969,260.85441495606403,8021.273259898969,260.85441495606403,8021.273259898969,8021.273259898969,8021.273259898969,323.8455614619249,260.85441495606403,226.6918930233474,182.59809046924482,310.7142857142857,6,14.0,0.729583103983187,310.7142857142857,1,6,1600000,10.5,0.25,0.026469508431917938,303038.240416532,3148752.969732633,95255.43303308479,0.09624071603250083,0.0,3.5682649005377134,0.0,87.44544846440857,0.0,51.52878179774191,9.941666666666668,3.9751890245092056,378658.3519179903,946997.7634039181,0.0,766228279.3268788,13285464446.138037,0.0,1059.9381234861073,1059.9381234861073,8898.312891468084,9958.25101495419,9958.25101495419,9958.25101495419,323.8455614619249,323.8455614619249,226.6918930233474,226.6918930233474,0.030835375889489,6.935799444154036e-06,6.384122053981976e-05,6.384122053981976e-05,198.83333333333334,-198.83333333333334,63.38788486892477,-63.38788486892477,0.004046759937469731,-0.004046759937469731,0.01269376268400083,-0.01269376268400083,-0.004046759937469731,0.004046759937469731,-0.01269376268400083,0.01269376268400083,0.03488213582695873,0.02678861595201927,0.043529138573489834,0.01814161320548817,0.02678861595201927,0.03488213582695873,0.01814161320548817,0.043529138573489834,0.030835375889489,0.030835375889489,0.030835375889489,0.030835375889489,0.03488213582695873,0.043529138573489834,0.030835375889489,0.030835375889489,1.1312375744006795,1.4116623299645852,1.4116623299645852,0.0,0.0,0.0,0.0,0.0,0.0,0.0,0.0,0.0,0.0,0.0,0.0,0.0,0.0,0.0,0.2,1393.0416666666665,10.0,2114.1011743450763,69707.75710467933,3238.455614619249,3238.455614619249,8879.22493224932,47567.27642276422,31019.705614164428,1025.4448136913861,1025.4448136913861,1025.4448136913861,1.3333333333333333,2416.1156278229446,1510.0722673893406,69707.75710467933,157.85288768443235,1409.4007828967174,52280.8178285095,118.38966576332429,1409.4007828967174,1208.0578139114723,100.67148449262271,71275.01077526048,55117.337575573634,2356.198703314396,1822.0607462999549,2356.198703314396,1822.0607462999549,2356.198703314396,C,3.5089634563892727,3.5089634563892727,0.0
5,E-C,x,0.0,57.25,30.75,E-C,1,1.0,1.38388231516739,657.4375,,0,102931.31625963494,102931.31625963494,1.0,10.0,0.3252032520325203,5.758100028043408,657.4375,30.75,3785.590887186788,123.10864673778173,3785.590887186788,123.10864673778173,3785.590887186788,3785.590887186788,3785.590887186788,186.21935699412106,123.10864673778173,130.35354989588473,86.1760527164472,310.7142857142857,6,14.0,0.41952866633158303,310.7142857142857,1,6,1600000,10.5,0.25,0.018099867335589048,209150.200772098,3148752.969732633,95255.43303308479,0.06642318491877672,0.0,4.26092528132938,0.0,87.44544846440857,0.0,30.19544846440857,9.941666666666668,3.9751890245092056,378658.3519179903,946997.7634039181,0.0,158270684.89395866,13285464446.138037,0.0,373.6209405143179,373.6209405143179,5352.624287054904,5726.245227569222,5726.245227569222,5726.245227569222,186.21935699412106,186.21935699412106,130.35354989588473,130.35354989588473,0.030835375889489,6.935799444154036e-06,6.384122053981976e-05,6.384122053981976e-05,198.83333333333334,-198.83333333333334,63.38788486892477,-63.38788486892477,0.004046759937469731,-0.004046759937469731,0.01269376268400083,-0.01269376268400083,-0.004046759937469731,0.004046759937469731,-0.01269376268400083,0.01269376268400083,0.03488213582695873,0.02678861595201927,0.043529138573489834,0.01814161320548817,0.02678861595201927,0.03488213582695873,0.01814161320548817,0.043529138573489834,0.030835375889489,0.030835375889489,0.030835375889489,0.030835375889489,0.03488213582695873,0.043529138573489834,0.030835375889489,0.030835375889489,1.1312375744006795,1.4116623299645852,1.4116623299645852,0.0,0.0,0.0,0.0,0.0,0.0,0.0,0.0,0.0,0.0,0.0,0.0,0.0,0.0,0.0,0.2,657.4375,10.0,997.7371273712736,40083.71659298455,1862.1935699412106,1862.1935699412106,4190.495934959349,22449.085365853658,21825.12716209024,721.4918070112476,721.4918070112476,721.4918070112476,1.3333333333333333,1140.271002710027,712.6693766937669,40083.71659298455,74.49770551038841,665.1580849141824,30062.78744473842,55.873279132791325,665.1580849141824,570.1355013550135,47.51129177958447,40823.37238340912,31401.465601919994,1349.5329713523677,1038.0649785758676,1349.5329713523677,1038.0649785758676,1349.5329713523677,C,3.5089634563892727,3.5089634563892727,0.0
5,E-D,x,0.0,75.16666666666667,30.75,E-D,1,1.0,1.38388231516739,590.4375,,0,102931.31625963494,102931.31625963494,1.0,10.0,0.3252032520325203,5.758100028043408,590.4375,30.75,3399.79818530788,110.56254261163838,3399.79818530788,110.56254261163838,3399.79818530788,3399.79818530788,3399.79818530788,171.2807219157754,110.56254261163838,119.89650534104277,77.39377982814686,310.7142857142857,6,14.0,0.3858738102930112,310.7142857142857,1,6,1600000,10.5,0.25,0.017191384720971627,197761.7417380285,3148752.969732633,95255.43303308479,0.06280636926396321,0.0,5.308254516266845,0.0,87.44544846440857,0.0,12.2787817977419,9.941666666666668,3.9751890245092056,378658.3519179903,946997.7634039181,0.0,25041450.53849271,13285464446.138037,0.0,145.37054280259386,145.37054280259386,5121.511656107499,5266.882198910093,5266.882198910093,5266.882198910093,171.2807219157754,171.2807219157754,119.89650534104277,119.89650534104277,0.030835375889489,6.935799444154036e-06,6.384122053981976e-05,6.384122053981976e-05,198.83333333333334,-198.83333333333334,63.38788486892477,-63.38788486892477,0.004046759937469731,-0.004046759937469731,0.01269376268400083,-0.01269376268400083,-0.004046759937469731,0.004046759937469731,-0.01269376268400083,0.01269376268400083,0.03488213582695873,0.02678861595201927,0.043529138573489834,0.01814161320548817,0.02678861595201927,0.03488213582695873,0.01814161320548817,0.043529138573489834,0.030835375889489,0.030835375889489,0.030835375889489,0.030835375889489,0.03488213582695873,0.043529138573489834,0.030835375889489,0.030835375889489,1.1312375744006795,1.4116623299645852,1.4116623299645852,0.0,0.0,0.0,0.0,0.0,0.0,0.0,0.0,0.0,0.0,0.0,0.0,0.0,0.0,0.0,0.2,147.609375,10.0,224.0142276422764,36868.17539237065,1712.807219157754,1712.807219157754,940.8597560975608,5040.320121951218,32768.71502651699,1083.2633066617186,1083.2633066617186,1083.2633066617186,1.3333333333333333,256.0162601626016,160.010162601626,36868.17539237065,16.726395663956637,149.34281842818427,27651.131544277992,12.544796747967482,149.34281842818427,128.0081300813008,10.667344173441734,37034.244606462795,27951.694633708885,1224.2725489739767,924.0229630978143,1224.2725489739767,924.0229630978143,1224.2725489739767,C,3.5089634563892727,3.5089634563892727,0.0
5,E-B.1,x,0.0,38.854166666666664,30.75,E-B.1,1,1.0,1.38388231516739,1715.1302083333333,,0,102931.31625963494,102931.31625963494,1.0,10.0,0.3252032520325203,5.758100028043408,1715.1302083333333,30.75,9875.891300702262,321.1671967708053,9875.891300702262,321.1671967708053,9875.891300702262,9875.891300702262,9875.891300702262,381.05220203884363,321.1671967708053,266.7365414271905,224.8170377395637,310.7142857142857,6,14.0,0.8584624321794636,310.7142857142857,1,6,1600000,10.5,0.25,0.029948490154962586,329762.5773319924,3148752.969732633,95255.43303308479,0.10472799247887433,0.0,4.089958266517055,0.0,87.44544846440857,0.0,48.59128179774191,9.941666666666668,3.9751890245092056,378658.3519179903,946997.7634039181,0.0,806612350.6544796,13285464446.138037,0.0,1183.2560230116912,1183.2560230116912,10534.09918968275,11717.355212694441,11717.355212694441,11717.355212694441,381.05220203884363,381.05220203884363,266.7365414271905,266.7365414271905,0.030835375889489,6.935799444154036e-06,6.384122053981976e-05,6.384122053981976e-05,198.83333333333334,-198.83333333333334,63.38788486892477,-63.38788486892477,0.004046759937469731,-0.004046759937469731,0.01269376268400083,-0.01269376268400083,-0.004046759937469731,0.004046759937469731,-0.01269376268400083,0.01269376268400083,0.03488213582695873,0.02678861595201927,0.043529138573489834,0.01814161320548817,0.02678861595201927,0.03488213582695873,0.01814161320548817,0.043529138573489834,0.030835375889489,0.030835375889489,0.030835375889489,0.030835375889489,0.03488213582695873,0.043529138573489834,0.030835375889489,0.030835375889489,1.1312375744006795,1.4116623299645852,1.4116623299645852,0.0,0.0,0.0,0.0,0.0,0.0,0.0,0.0,0.0,0.0,0.0,0.0,0.0,0.0,0.0,0.2,428.7825520833333,10.0,650.7269083107496,82021.48648886109,3810.5220203884364,3810.5220203884364,2733.0530149051483,14641.355436991867,70113.18406677437,2317.7912088189873,2317.7912088189873,2317.7912088189873,1.3333333333333333,743.6878952122853,464.80493450767835,82021.48648886109,48.5876091538693,433.8179388738331,61516.11486664582,36.440706865401985,433.8179388738331,371.84394760614265,30.986995633845225,82503.89203688879,62389.20445562504,2727.401389649216,2062.4530398553734,2727.401389649216,2062.4530398553734,2727.401389649216,C,3.5089634563892727,3.5089634563892727,0.0
5,E-C.2,x,0.0,63.541666666666664,18.75,E-C.2,1,1.0,1.38388231516739,561.4739583333334,,0,102931.31625963494,102931.31625963494,1.0,10.0,0.5333333333333333,5.758100028043408,561.4739583333334,18.75,3233.0232152248104,172.4279048119899,3233.0232152248104,172.4279048119899,3233.0232152248104,3233.0232152248104,3233.0232152248104,225.19002730009717,172.4279048119899,157.633019110068,120.69953336839292,310.7142857142857,6,14.0,0.5073246592048165,310.7142857142857,1,6,1600000,10.5,0.25,0.024991872053154136,129362.9868282229,3148752.969732633,95255.43303308479,0.04108387926005112,0.0,2.64963421304884,0.0,87.44544846440857,0.0,23.903781797741907,9.941666666666668,3.9751890245092056,378658.3519179903,946997.7634039181,0.0,74144006.33550246,13285464446.138037,0.0,221.0963867739597,221.0963867739597,4001.216625102862,4222.313011876822,4222.313011876822,4222.313011876822,225.19002730009717,225.19002730009717,157.633019110068,157.633019110068,0.030835375889489,6.935799444154036e-06,6.384122053981976e-05,6.384122053981976e-05,198.83333333333334,-198.83333333333334,63.38788486892477,-63.38788486892477,0.004046759937469731,-0.004046759937469731,0.01269376268400083,-0.01269376268400083,-0.004046759937469731,0.004046759937469731,-0.01269376268400083,0.01269376268400083,0.03488213582695873,0.02678861595201927,0.043529138573489834,0.01814161320548817,0.02678861595201927,0.03488213582695873,0.01814161320548817,0.043529138573489834,0.030835375889489,0.030835375889489,0.030835375889489,0.030835375889489,0.03488213582695873,0.043529138573489834,0.030835375889489,0.030835375889489,1.1312375744006795,1.4116623299645852,1.4116623299645852,0.0,0.0,0.0,0.0,0.0,0.0,0.0,0.0,0.0,0.0,0.0,0.0,0.0,0.0,0.0,0.2,561.4739583333334,10.0,1397.4462962962964,29556.191083137754,2251.900273000972,2251.900273000972,5869.274444444444,31442.541666666664,3982.9238609155364,218.2424033378376,218.2424033378376,218.2424033378376,1.3333333333333333,1597.0814814814814,998.1759259259259,29556.191083137754,104.34265679012346,931.6308641975309,22167.14331235332,78.25699259259261,931.6308641975309,798.5407407407407,66.54506172839505,30592.164604125406,24042.11697161258,1676.2829920068716,1317.3762724171277,1676.2829920068716,1317.3762724171277,1676.2829920068716,E,4.079150805880486,4.079150805880486,0.0
5,E-C.5,x,0.0,72.375,18.75,E-C.5,1,1.0,1.38388231516739,440.38541666666674,,0,102931.31625963494,102931.31625963494,1.0,10.0,0.5333333333333333,5.758100028043408,440.38541666666674,18.75,2535.783280058242,135.24177493643955,2535.783280058242,135.24177493643955,2535.783280058242,2535.783280058242,2535.783280058242,187.85428073308674,135.24177493643955,131.4979965131607,94.66924245550769,310.7142857142857,6,14.0,0.42321194280097696,310.7142857142857,1,6,1600000,10.5,0.25,0.02269048873301831,111755.33986486017,3148752.969732633,95255.43303308479,0.035491936312282236,0.0,2.646112650363524,0.0,87.44544846440857,0.0,15.070448464408571,9.941666666666668,3.9751890245092056,378658.3519179903,946997.7634039181,0.0,25069937.006622583,13285464446.138037,0.0,118.57667777423065,118.57667777423065,3403.6910859711456,3522.267763745376,3522.267763745376,3522.267763745376,187.85428073308674,187.85428073308674,131.4979965131607,131.4979965131607,0.030835375889489,6.935799444154036e-06,6.384122053981976e-05,6.384122053981976e-05,198.83333333333334,-198.83333333333334,63.38788486892477,-63.38788486892477,0.004046759937469731,-0.004046759937469731,0.01269376268400083,-0.01269376268400083,-0.004046759937469731,0.004046759937469731,-0.01269376268400083,0.01269376268400083,0.03488213582695873,0.02678861595201927,0.043529138573489834,0.01814161320548817,0.02678861595201927,0.03488213582695873,0.01814161320548817,0.043529138573489834,0.030835375889489,0.030835375889489,0.030835375889489,0.030835375889489,0.03488213582695873,0.043529138573489834,0.030835375889489,0.030835375889489,1.1312375744006795,1.4116623299645852,1.4116623299645852,0.0,0.0,0.0,0.0,0.0,0.0,0.0,0.0,0.0,0.0,0.0,0.0,0.0,0.0,0.0,0.2,440.38541666666674,10.0,1096.0703703703705,24655.874346217635,1878.5428073308672,1878.5428073308672,4603.495555555556,24661.583333333336,4597.786568439857,251.9335105994442,251.9335105994442,251.9335105994442,1.3333333333333333,1252.6518518518521,782.9074074074075,24655.874346217635,81.83992098765432,730.7135802469136,18491.905759663226,61.37994074074076,730.7135802469136,626.325925925926,52.19382716049384,25468.427847452203,19962.5190337373,1395.5302930110797,1093.8366593828657,1395.5302930110797,1093.8366593828657,1395.5302930110797,E,4.079150805880486,4.079150805880486,0.0
5,E-F.2,x,0.0,89.83333333333334,30.75,E-F.2,1,1.0,1.7332682521655467,1305.8020833333335,,0,102931.31625963494,102931.31625963494,1.0,10.0,0.3252032520325203,5.758100028043408,1305.8020833333335,30.75,7518.939012660809,244.51834187514825,7518.939012660809,244.51834187514825,7518.939012660809,7518.939012660809,7518.939012660809,300.5064548195918,244.51834187514825,210.35451837371426,171.16283931260378,310.7142857142857,6,14.0,0.6770030476395401,310.7142857142857,1,6,1600000,10.5,0.25,0.025050157031066285,300155.36442889745,3148752.969732633,95255.43303308479,0.09532515485150436,0.0,8.749857990240677,0.0,87.44544846440857,0.0,2.387884868924772,9.941666666666668,19.53332150412669,1860654.998450055,946997.7634039181,0.0,1699361.391577307,13285464446.138037,0.0,50.72763032981428,50.72763032981428,9189.845855372632,9240.573485702447,9240.573485702447,9240.573485702447,300.5064548195918,300.5064548195918,210.35451837371426,210.35451837371426,0.030835375889489,8.992305150058513e-05,6.384122053981976e-05,8.992305150058513e-05,198.83333333333334,-198.83333333333334,63.38788486892477,-63.38788486892477,0.005700032035581483,-0.005700032035581483,0.017879700073366343,-0.017879700073366343,-0.005700032035581483,0.005700032035581483,-0.017879700073366343,0.017879700073366343,0.036535407925070484,0.02513534385390752,0.04871507596285535,0.012955675816122659,0.02513534385390752,0.036535407925070484,0.012955675816122659,0.04871507596285535,0.030835375889489,0.030835375889489,0.030835375889489,0.030835375889489,0.036535407925070484,0.04871507596285535,0.030835375889489,0.030835375889489,1.1848536582141838,1.5798437527548053,1.5798437527548053,0.0,0.0,0.0,0.0,0.0,0.0,0.0,0.0,0.0,0.0,0.0,0.0,0.0,0.0,0.0,0.2,81.61263020833334,10.0,123.85656616982837,64684.01439991713,3005.064548195918,3005.064548195918,520.1975779132791,2786.772738821138,62417.43923900927,2063.3864211242735,2063.3864211242735,2063.3864211242735,1.3333333333333333,141.5503613369467,88.46897583559169,64684.01439991713,9.247956940680517,82.5710441132189,48513.010799937845,6.93596770551039,82.5710441132189,70.77518066847335,5.897931722372779,64775.83340097102,48679.19092414742,2141.34986449491,1609.2294520379312,2141.34986449491,1609.2294520379312,2141.34986449491,E,4.079150805880486,4.079150805880486,0.0
5,E-G--E-2,x,0.0,114.58333333333334,11.75,E-G,1,1.0,1.7332682521655467,1365.125,,0,102931.31625963494,102931.31625963494,1.0,10.0,0.851063829787234,5.758100028043408,4824.0,52.0,27777.0745352814,534.1745102938731,27777.0745352814,534.1745102938731,6276.550495953009,6276.550495953009,6276.550495953009,534.1745102938731,534.1745102938731,373.9221572057112,373.9221572057112,460.7142857142857,4,17.0,0.8116139846325514,460.7142857142857,1,4,1600000,10.5,0.25,0.045719555613169045,137283.71616422958,3148752.969732633,95255.43303308479,0.043599392357504194,0.0,4.410731270364845,0.0,87.44544846440857,0.0,27.137884868924772,9.941666666666668,19.53332150412669,1860654.998450055,946997.7634039181,0.0,101104623.90355784,13285464446.138037,0.0,265.56279700076533,265.56279700076533,4233.194991429937,4498.757788430702,6276.550495953009,6276.550495953009,534.1745102938731,534.1745102938731,373.9221572057112,373.9221572057112,0.030835375889489,8.992305150058513e-05,6.384122053981976e-05,8.992305150058513e-05,198.83333333333334,-198.83333333333334,63.38788486892477,-63.38788486892477,0.005700032035581483,-0.005700032035581483,0.017879700073366343,-0.017879700073366343,-0.005700032035581483,0.005700032035581483,-0.017879700073366343,0.017879700073366343,0.036535407925070484,0.02513534385390752,0.04871507596285535,0.012955675816122659,0.02513534385390752,0.036535407925070484,0.012955675816122659,0.04871507596285535,0.030835375889489,0.030835375889489,0.030835375889489,0.030835375889489,0.036535407925070484,0.04871507596285535,0.030835375889489,0.030835375889489,1.1848536582141838,1.5798437527548053,1.5798437527548053,0.0,0.0,0.0,0.0,0.0,0.0,0.0,0.0,0.0,0.0,0.0,0.0,0.0,0.0,0.0,0.2,0.0,10.0,0.0,43935.853471671064,5341.745102938731,5341.745102938731,0.0,0.0,43935.853471671064,3905.4091974818725,3905.4091974818725,3905.4091974818725,1.3333333333333333,0.0,0.0,43935.853471671064,0.0,0.0,32951.8901037533,0.0,0.0,0.0,0.0,43935.853471671064,32951.8901037533,3905.4091974818725,2929.0568981114043,3905.4091974818725,2929.0568981114043,3905.4091974818725,E,4.079150805880486,4.079150805880486,0.0
5,E-G--E-2.7,x,0.0,114.58333333333334,6.75,E-G,1,1.0,1.7332682521655467,469.0,,0,102931.31625963494,102931.31625963494,1.0,10.0,1.4814814814814814,5.758100028043408,4824.0,52.0,27777.0745352814,534.1745102938731,27777.0745352814,534.1745102938731,3605.677944483644,3605.677944483644,3605.677944483644,534.1745102938731,534.1745102938731,373.9221572057112,373.9221572057112,460.7142857142857,4,17.0,0.8116139846325514,460.7142857142857,1,4,1600000,10.5,0.25,0.060189578278919784,59905.35317883198,3148752.969732633,95255.43303308479,0.01902510414588626,0.0,1.9246741122015945,0.0,87.44544846440857,0.0,27.137884868924772,9.941666666666668,19.53332150412669,1860654.998450055,946997.7634039181,0.0,44118183.657777004,13285464446.138037,0.0,115.88142854800164,115.88142854800164,1847.2040830618791,1963.0855116098808,3605.677944483644,3605.677944483644,534.1745102938731,534.1745102938731,373.9221572057112,373.9221572057112,0.030835375889489,8.992305150058513e-05,6.384122053981976e-05,8.992305150058513e-05,198.83333333333334,-198.83333333333334,63.38788486892477,-63.38788486892477,0.005700032035581483,-0.005700032035581483,0.017879700073366343,-0.017879700073366343,-0.005700032035581483,0.005700032035581483,-0.017879700073366343,0.017879700073366343,0.036535407925070484,0.02513534385390752,0.04871507596285535,0.012955675816122659,0.02513534385390752,0.036535407925070484,0.012955675816122659,0.04871507596285535,0.030835375889489,0.030835375889489,0.030835375889489,0.030835375889489,0.036535407925070484,0.04871507596285535,0.030835375889489,0.030835375889489,1.1848536582141838,1.5798437527548053,1.5798437527548053,0.0,0.0,0.0,0.0,0.0,0.0,0.0,0.0,0.0,0.0,0.0,0.0,0.0,0.0,0.0,0.2,0.0,6.75,0.0,25239.745611385508,5341.745102938731,5341.745102938731,0.0,0.0,25239.745611385508,4038.359297821681,4038.359297821681,4038.359297821681,1.3333333333333333,0.0,0.0,25239.745611385508,0.0,0.0,18929.809208539133,0.0,0.0,0.0,0.0,25239.745611385508,18929.809208539133,4038.359297821681,3028.769473366261,4038.359297821681,3028.769473366261,4038.359297821681,E,4.079150805880486,4.079150805880486,0.0
5,E-G--E-3.4,x,0.0,114.58333333333334,7.75,E-G,1,1.0,1.7332682521655467,536.0,,0,102931.31625963494,102931.31625963494,1.0,10.0,1.2903225806451613,5.758100028043408,4824.0,52.0,27777.0745352814,534.1745102938731,27777.0745352814,534.1745102938731,4139.852454777517,4139.852454777517,4139.852454777517,534.1745102938731,534.1745102938731,373.9221572057112,373.9221572057112,460.7142857142857,4,17.0,0.8116139846325514,460.7142857142857,1,4,1600000,10.5,0.25,0.0558018939867244,74188.3860745374,3148752.969732633,95255.43303308479,0.023561196063226545,0.0,2.383567720190569,0.0,87.44544846440857,0.0,27.137884868924772,9.941666666666668,19.53332150412669,1860654.998450055,946997.7634039181,0.0,54637134.55356218,13285464446.138037,0.0,143.51064977989148,143.51064977989148,2287.626771242892,2431.1374210227837,4139.852454777517,4139.852454777517,534.1745102938731,534.1745102938731,373.9221572057112,373.9221572057112,0.030835375889489,8.992305150058513e-05,6.384122053981976e-05,8.992305150058513e-05,198.83333333333334,-198.83333333333334,63.38788486892477,-63.38788486892477,0.005700032035581483,-0.005700032035581483,0.017879700073366343,-0.017879700073366343,-0.005700032035581483,0.005700032035581483,-0.017879700073366343,0.017879700073366343,0.036535407925070484,0.02513534385390752,0.04871507596285535,0.012955675816122659,0.02513534385390752,0.036535407925070484,0.012955675816122659,0.04871507596285535,0.030835375889489,0.030835375889489,0.030835375889489,0.030835375889489,0.036535407925070484,0.04871507596285535,0.030835375889489,0.030835375889489,1.1848536582141838,1.5798437527548053,1.5798437527548053,0.0,0.0,0.0,0.0,0.0,0.0,0.0,0.0,0.0,0.0,0.0,0.0,0.0,0.0,0.0,0.2,0.0,7.75,0.0,28978.967183442615,5341.745102938731,5341.745102938731,0.0,0.0,28978.967183442615,3997.098921854154,3997.098921854154,3997.098921854154,1.3333333333333333,0.0,0.0,28978.967183442615,0.0,0.0,21734.225387581966,0.0,0.0,0.0,0.0,28978.967183442615,21734.225387581966,3997.098921854154,2997.824191390616,3997.098921854154,2997.824191390616,3997.098921854154,E,4.079150805880486,4.079150805880486,0.0
5,E-G--E-3.8,x,0.0,114.58333333333334,6.0,E-G,1,1.0,1.7332682521655467,418.75,,0,102931.31625963494,102931.31625963494,1.0,10.0,1.6666666666666667,5.758100028043408,4824.0,52.0,27777.0745352814,534.1745102938731,27777.0745352814,534.1745102938731,3205.047061763239,3205.047061763239,3205.047061763239,534.1745102938731,534.1745102938731,373.9221572057112,373.9221572057112,460.7142857142857,4,17.0,0.8116139846325514,460.7142857142857,1,4,1600000,10.5,0.25,0.06444014743698406,49736.8052253054,3148752.969732633,95255.43303308479,0.015795715225487714,0.0,1.5979730752106511,0.0,87.44544846440857,0.0,27.137884868924772,9.941666666666668,19.53332150412669,1860654.998450055,946997.7634039181,0.0,36629406.07211842,13285464446.138037,0.0,96.21130224733747,96.21130224733747,1533.6530846645926,1629.86438691193,3205.047061763239,3205.047061763239,534.1745102938731,534.1745102938731,373.9221572057112,373.9221572057112,0.030835375889489,8.992305150058513e-05,6.384122053981976e-05,8.992305150058513e-05,198.83333333333334,-198.83333333333334,63.38788486892477,-63.38788486892477,0.005700032035581483,-0.005700032035581483,0.017879700073366343,-0.017879700073366343,-0.005700032035581483,0.005700032035581483,-0.017879700073366343,0.017879700073366343,0.036535407925070484,0.02513534385390752,0.04871507596285535,0.012955675816122659,0.02513534385390752,0.036535407925070484,0.012955675816122659,0.04871507596285535,0.030835375889489,0.030835375889489,0.030835375889489,0.030835375889489,0.036535407925070484,0.04871507596285535,0.030835375889489,0.030835375889489,1.1848536582141838,1.5798437527548053,1.5798437527548053,0.0,0.0,0.0,0.0,0.0,0.0,0.0,0.0,0.0,0.0,0.0,0.0,0.0,0.0,0.0,0.2,0.0,6.0,0.0,22435.329432342674,5341.745102938731,5341.745102938731,0.0,0.0,22435.329432342674,4079.150805880486,4079.150805880486,4079.150805880486,1.3333333333333333,0.0,0.0,22435.329432342674,0.0,0.0,16826.497074257008,0.0,0.0,0.0,0.0,22435.329432342674,16826.497074257008,4079.150805880486,3059.363104410365,4079.150805880486,3059.363104410365,4079.150805880486,E,4.079150805880486,4.079150805880486,0.0
5,E-G--E-4.4,x,0.0,114.58333333333334,12.25,E-G,1,1.0,1.7332682521655467,829.125,,0,102931.31625963494,102931.31625963494,1.0,10.0,0.8163265306122449,5.758100028043408,4824.0,52.0,27777.0745352814,534.1745102938731,27777.0745352814,534.1745102938731,6543.637751099946,6543.637751099946,6543.637751099946,534.1745102938731,534.1745102938731,373.9221572057112,373.9221572057112,460.7142857142857,4,17.0,0.8116139846325514,460.7142857142857,1,4,1600000,10.5,0.25,0.04492222783362768,145665.9223432712,3148752.969732633,95255.43303308479,0.04626146406005295,0.0,4.680039677374427,0.0,87.44544846440857,0.0,27.137884868924772,9.941666666666668,19.53332150412669,1860654.998450055,946997.7634039181,0.0,107277823.66018637,13285464446.138037,0.0,281.7774084648116,281.7774084648116,4491.663469743882,4773.440878208694,6543.637751099946,6543.637751099946,534.1745102938731,534.1745102938731,373.9221572057112,373.9221572057112,0.030835375889489,8.992305150058513e-05,6.384122053981976e-05,8.992305150058513e-05,198.83333333333334,-198.83333333333334,63.38788486892477,-63.38788486892477,0.005700032035581483,-0.005700032035581483,0.017879700073366343,-0.017879700073366343,-0.005700032035581483,0.005700032035581483,-0.017879700073366343,0.017879700073366343,0.036535407925070484,0.02513534385390752,0.04871507596285535,0.012955675816122659,0.02513534385390752,0.036535407925070484,0.012955675816122659,0.04871507596285535,0.030835375889489,0.030835375889489,0.030835375889489,0.030835375889489,0.036535407925070484,0.04871507596285535,0.030835375889489,0.030835375889489,1.1848536582141838,1.5798437527548053,1.5798437527548053,0.0,0.0,0.0,0.0,0.0,0.0,0.0,0.0,0.0,0.0,0.0,0.0,0.0,0.0,0.0,0.2,0.0,10.0,0.0,45805.46425769963,5341.745102938731,5341.745102938731,0.0,0.0,45805.46425769963,3898.3373836340106,3898.3373836340106,3898.3373836340106,1.3333333333333333,0.0,0.0,45805.46425769963,0.0,0.0,34354.09819327472,0.0,0.0,0.0,0.0,45805.46425769963,34354.09819327472,3898.3373836340106,2923.7530377255084,3898.3373836340106,2923.7530377255084,3898.3373836340106,E,4.079150805880486,4.079150805880486,0.0
5,E-G--E-7,x,0.0,114.58333333333334,7.5,E-G,1,1.0,1.7332682521655467,1206.0,,0,102931.31625963494,102931.31625963494,1.0,10.0,1.3333333333333333,5.758100028043408,4824.0,52.0,27777.0745352814,534.1745102938731,27777.0745352814,534.1745102938731,4006.3088272040486,4006.3088272040486,4006.3088272040486,534.1745102938731,534.1745102938731,373.9221572057112,373.9221572057112,460.7142857142857,4,17.0,0.8116139846325514,460.7142857142857,1,4,1600000,10.5,0.25,0.056789122952468366,70547.11569603335,3148752.969732633,95255.43303308479,0.0224047794076471,0.0,2.266578862581936,0.0,87.44544846440857,0.0,27.137884868924772,9.941666666666668,19.53332150412669,1860654.998450055,946997.7634039181,0.0,51955467.1101386,13285464446.138037,0.0,136.46694515585008,136.46694515585008,2175.346830406458,2311.8137755623084,4006.3088272040486,4006.3088272040486,534.1745102938731,534.1745102938731,373.9221572057112,373.9221572057112,0.030835375889489,8.992305150058513e-05,6.384122053981976e-05,8.992305150058513e-05,198.83333333333334,-198.83333333333334,63.38788486892477,-63.38788486892477,0.005700032035581483,-0.005700032035581483,0.017879700073366343,-0.017879700073366343,-0.005700032035581483,0.005700032035581483,-0.017879700073366343,0.017879700073366343,0.036535407925070484,0.02513534385390752,0.04871507596285535,0.012955675816122659,0.02513534385390752,0.036535407925070484,0.012955675816122659,0.04871507596285535,0.030835375889489,0.030835375889489,0.030835375889489,0.030835375889489,0.036535407925070484,0.04871507596285535,0.030835375889489,0.030835375889489,1.1848536582141838,1.5798437527548053,1.5798437527548053,0.0,0.0,0.0,0.0,0.0,0.0,0.0,0.0,0.0,0.0,0.0,0.0,0.0,0.0,0.0,0.2,0.0,7.5,0.0,28044.161790428338,5341.745102938731,5341.745102938731,0.0,0.0,28044.161790428338,4006.308827204048,4006.308827204048,4006.308827204048,1.3333333333333333,0.0,0.0,28044.161790428338,0.0,0.0,21033.121342821254,0.0,0.0,0.0,0.0,28044.161790428338,21033.121342821254,4006.308827204048,3004.7316204030362,4006.308827204048,3004.7316204030362,4006.308827204048,D,4.006308827204048,4.006308827204048,0.0
5,E-H--E-1.2,x,0.0,120.08333333333334,23.25,E-H,1,1.0,1.7332682521655467,915.555,,0,102931.31625963494,102931.31625963494,1.0,10.0,0.43010752688172044,5.758100028043408,5055.15,118.91,29108.05935676363,244.79067661898605,29108.05935676363,244.79067661898605,5691.383231391425,5691.383231391425,5691.383231391425,300.87218416574257,244.79067661898603,210.61052891601977,171.3534736332902,310.7142857142857,6,14.0,0.6778269896147763,310.7142857142857,1,6,1600000,10.5,0.25,0.027383153451008727,207842.5058521435,3148752.969732633,95255.43303308479,0.06600787926205334,0.0,8.00163558565172,0.0,87.44544846440857,0.0,32.63788486892477,9.941666666666668,19.53332150412669,1860654.998450055,946997.7634039181,0.0,224703863.0275685,13285464446.138037,0.0,490.7504928390398,490.7504928390398,6504.527789014475,6995.278281853515,6995.278281853515,6995.278281853515,300.87218416574257,300.87218416574257,210.61052891601977,210.61052891601977,0.030835375889489,8.992305150058513e-05,6.384122053981976e-05,8.992305150058513e-05,198.83333333333334,-198.83333333333334,63.38788486892477,-63.38788486892477,0.005700032035581483,-0.005700032035581483,0.017879700073366343,-0.017879700073366343,-0.005700032035581483,0.005700032035581483,-0.017879700073366343,0.017879700073366343,0.036535407925070484,0.02513534385390752,0.04871507596285535,0.012955675816122659,0.02513534385390752,0.036535407925070484,0.012955675816122659,0.04871507596285535,0.030835375889489,0.030835375889489,0.030835375889489,0.030835375889489,0.036535407925070484,0.04871507596285535,0.030835375889489,0.030835375889489,1.1848536582141838,1.5798437527548053,1.5798437527548053,0.0,0.0,0.0,0.0,0.0,0.0,0.0,0.0,0.0,0.0,0.0,0.0,0.0,0.0,0.0,0.2,0.0,10.0,0.0,48966.9479729746,3008.721841657426,3008.721841657426,0.0,0.0,48966.9479729746,2152.393317493389,2152.393317493389,2152.393317493389,1.3333333333333333,0.0,0.0,48966.9479729746,0.0,0.0,36725.21097973095,0.0,0.0,0.0,0.0,48966.9479729746,36725.21097973095,2152.393317493389,1614.2949881200418,2152.393317493389,1614.2949881200418,2152.393317493389,D,4.006308827204048,4.006308827204048,0.0
5,E-H--E-2.4,x,0.0,120.08333333333334,12.33,E-H,1,1.0,1.7332682521655467,625.11,,0,102931.31625963494,102931.31625963494,1.0,10.0,0.8110300081103001,5.758100028043408,5055.15,118.91,29108.05935676363,244.79067661898605,29108.05935676363,244.79067661898605,3018.269042712098,3018.269042712098,3018.269042712098,251.67156169272556,244.79067661898603,176.17009318490787,171.3534736332902,310.7142857142857,6,14.0,0.5669842079514276,310.7142857142857,1,6,1600000,10.5,0.25,0.03268688157416961,92338.84963493265,3148752.969732633,95255.43303308479,0.029325529986804055,0.0,3.150733029476773,0.0,87.44544846440857,0.0,32.63788486892477,9.941666666666668,19.53332150412669,1860654.998450055,946997.7634039181,0.0,99678791.35402149,13285464446.138037,0.0,217.69726307101485,217.69726307101485,2885.4130926002913,3103.110355671306,3103.110355671306,3103.110355671306,251.67156169272556,251.67156169272556,176.17009318490787,176.17009318490787,0.030835375889489,8.992305150058513e-05,6.384122053981976e-05,8.992305150058513e-05,198.83333333333334,-198.83333333333334,63.38788486892477,-63.38788486892477,0.005700032035581483,-0.005700032035581483,0.017879700073366343,-0.017879700073366343,-0.005700032035581483,0.005700032035581483,-0.017879700073366343,0.017879700073366343,0.036535407925070484,0.02513534385390752,0.04871507596285535,0.012955675816122659,0.02513534385390752,0.036535407925070484,0.012955675816122659,0.04871507596285535,0.030835375889489,0.030835375889489,0.030835375889489,0.030835375889489,0.036535407925070484,0.04871507596285535,0.030835375889489,0.030835375889489,1.1848536582141838,1.5798437527548053,1.5798437527548053,0.0,0.0,0.0,0.0,0.0,0.0,0.0,0.0,0.0,0.0,0.0,0.0,0.0,0.0,0.0,0.2,0.0,10.0,0.0,21721.772489699142,2516.7156169272553,2516.7156169272553,0.0,0.0,21721.772489699142,1836.1599737700035,1836.1599737700035,1836.1599737700035,1.3333333333333333,0.0,0.0,21721.772489699142,0.0,0.0,16291.329367274357,0.0,0.0,0.0,0.0,21721.772489699142,16291.329367274357,1836.1599737700035,1377.1199803275026,1836.1599737700035,1377.1199803275026,1836.1599737700035,D,4.006308827204048,4.006308827204048,0.0
5,E-H--E-3.1,x,0.0,120.08333333333334,20.0,E-H,1,1.0,1.7332682521655467,859.61,,0,102931.31625963494,102931.31625963494,1.0,10.0,0.5,5.758100028043408,5055.15,118.91,29108.05935676363,244.79067661898605,29108.05935676363,244.79067661898605,4895.813532379721,4895.813532379721,4895.813532379721,295.8851095318692,244.79067661898608,207.11957667230843,171.35347363329024,310.7142857142857,6,14.0,0.666591741014326,310.7142857142857,1,6,1600000,10.5,0.25,0.028615949197396715,171086.8823049598,3148752.969732633,95255.43303308479,0.054334806175502286,0.0,6.471330832654809,0.0,87.44544846440857,0.0,32.63788486892477,9.941666666666668,19.53332150412669,1860654.998450055,946997.7634039181,0.0,190089727.51411265,13285464446.138037,0.0,415.1536435746296,415.1536435746296,5502.548547062755,5917.702190637384,5917.702190637384,5917.702190637384,295.8851095318692,295.8851095318692,207.11957667230843,207.11957667230843,0.030835375889489,8.992305150058513e-05,6.384122053981976e-05,8.992305150058513e-05,198.83333333333334,-198.83333333333334,63.38788486892477,-63.38788486892477,0.005700032035581483,-0.005700032035581483,0.017879700073366343,-0.017879700073366343,-0.005700032035581483,0.005700032035581483,-0.017879700073366343,0.017879700073366343,0.036535407925070484,0.02513534385390752,0.04871507596285535,0.012955675816122659,0.02513534385390752,0.036535407925070484,0.012955675816122659,0.04871507596285535,0.030835375889489,0.030835375889489,0.030835375889489,0.030835375889489,0.036535407925070484,0.04871507596285535,0.030835375889489,0.030835375889489,1.1848536582141838,1.5798437527548053,1.5798437527548053,0.0,0.0,0.0,0.0,0.0,0.0,0.0,0.0,0.0,0.0,0.0,0.0,0.0,0.0,0.0,0.2,0.0,10.0,0.0,41423.91533446168,2958.851095318692,2958.851095318692,0.0,0.0,41423.91533446168,2124.303350485214,2124.303350485214,2124.303350485214,1.3333333333333333,0.0,0.0,41423.91533446168,0.0,0.0,31067.936500846266,0.0,0.0,0.0,0.0,41423.91533446168,31067.936500846266,2124.303350485214,1593.227512863911,2124.303350485214,1593.227512863911,2124.303350485214,D,4.006308827204048,4.006308827204048,0.0
5,E-H--E-4.1,x,0.0,120.08333333333334,27.0,E-H,1,1.0,1.7332682521655467,1105.5,,0,102931.31625963494,102931.31625963494,1.0,10.0,0.37037037037037035,5.758100028043408,5055.15,118.91,29108.05935676363,244.79067661898605,29108.05935676363,244.79067661898605,6609.348268712623,6609.348268712623,6609.348268712623,304.0484861790382,244.79067661898605,212.83394032532672,171.35347363329024,310.7142857142857,6,14.0,0.6849827964493274,310.7142857142857,1,6,1600000,10.5,0.25,0.026261040823677376,251678.8391248198,3148752.969732633,95255.43303308479,0.07992968694085593,0.0,9.826675379830988,0.0,87.44544846440857,0.0,32.63788486892477,9.941666666666668,19.53332150412669,1860654.998450055,946997.7634039181,0.0,263701228.0658416,13285464446.138037,0.0,575.9202618590252,575.9202618590252,7633.388864975007,8209.309126834032,8209.309126834032,8209.309126834032,304.0484861790382,304.0484861790382,212.83394032532672,212.83394032532672,0.030835375889489,8.992305150058513e-05,6.384122053981976e-05,8.992305150058513e-05,198.83333333333334,-198.83333333333334,63.38788486892477,-63.38788486892477,0.005700032035581483,-0.005700032035581483,0.017879700073366343,-0.017879700073366343,-0.005700032035581483,0.005700032035581483,-0.017879700073366343,0.017879700073366343,0.036535407925070484,0.02513534385390752,0.04871507596285535,0.012955675816122659,0.02513534385390752,0.036535407925070484,0.012955675816122659,0.04871507596285535,0.030835375889489,0.030835375889489,0.030835375889489,0.030835375889489,0.036535407925070484,0.04871507596285535,0.030835375889489,0.030835375889489,1.1848536582141838,1.5798437527548053,1.5798437527548053,0.0,0.0,0.0,0.0,0.0,0.0,0.0,0.0,0.0,0.0,0.0,0.0,0.0,0.0,0.0,0.2,0.0,10.0,0.0,57465.16388783822,3040.4848617903826,3040.4848617903826,0.0,0.0,57465.16388783822,2168.4967504844612,2168.4967504844612,2168.4967504844612,1.3333333333333333,0.0,0.0,57465.16388783822,0.0,0.0,43098.872915878674,0.0,0.0,0.0,0.0,57465.16388783822,43098.872915878674,2168.4967504844612,1626.3725628633463,2168.4967504844612,1626.3725628633463,2168.4967504844612,D,4.006308827204048,4.006308827204048,0.0
5,E-H--E-7,x,0.0,120.08333333333334,13.0,E-H,1,1.0,1.7332682521655467,628.125,,0,102931.31625963494,102931.31625963494,1.0,10.0,0.7692307692307693,5.758100028043408,5055.15,118.91,29108.05935676363,244.79067661898605,29108.05935676363,244.79067661898605,3182.2787960468186,3182.2787960468186,3182.2787960468186,258.9897289069203,244.79067661898605,181.29281023484418,171.35347363329024,310.7142857142857,6,14.0,0.5834711133994985,310.7142857142857,1,6,1600000,10.5,0.25,0.032232263255774926,98729.61047737354,3148752.969732633,95255.43303308479,0.03135514644254766,0.0,3.41853695010296,0.0,87.44544846440857,0.0,32.63788486892477,9.941666666666668,19.53332150412669,1860654.998450055,946997.7634039181,0.0,108151223.28593914,13285464446.138037,0.0,236.20095094763886,236.20095094763886,3130.6655248423244,3366.8664757899633,3366.8664757899633,3366.8664757899633,258.9897289069203,258.9897289069203,181.29281023484418,181.29281023484418,0.030835375889489,8.992305150058513e-05,6.384122053981976e-05,8.992305150058513e-05,198.83333333333334,-198.83333333333334,63.38788486892477,-63.38788486892477,0.005700032035581483,-0.005700032035581483,0.017879700073366343,-0.017879700073366343,-0.005700032035581483,0.005700032035581483,-0.017879700073366343,0.017879700073366343,0.036535407925070484,0.02513534385390752,0.04871507596285535,0.012955675816122659,0.02513534385390752,0.036535407925070484,0.012955675816122659,0.04871507596285535,0.030835375889489,0.030835375889489,0.030835375889489,0.030835375889489,0.036535407925070484,0.04871507596285535,0.030835375889489,0.030835375889489,1.1848536582141838,1.5798437527548053,1.5798437527548053,0.0,0.0,0.0,0.0,0.0,0.0,0.0,0.0,0.0,0.0,0.0,0.0,0.0,0.0,0.0,0.2,0.0,10.0,0.0,23568.06533052974,2589.8972890692025,2589.8972890692025,0.0,0.0,23568.06533052974,1885.445226442379,1885.445226442379,1885.445226442379,1.3333333333333333,0.0,0.0,23568.06533052974,0.0,0.0,17676.04899789731,0.0,0.0,0.0,0.0,23568.06533052974,17676.04899789731,1885.445226442379,1414.0839198317847,1885.445226442379,1414.0839198317847,1885.445226442379,D,4.006308827204048,4.006308827204048,0.0
5,E-H--E-7.6,x,0.0,120.08333333333334,23.33,E-H,1,1.0,1.7332682521655467,921.25,,0,102931.31625963494,102931.31625963494,1.0,10.0,0.42863266180882986,5.758100028043408,5055.15,118.91,29108.05935676363,244.79067661898605,29108.05935676363,244.79067661898605,5710.966485520944,5710.966485520944,5710.966485520944,300.96389146083027,244.79067661898605,210.6747240225812,171.35347363329024,310.7142857142857,6,14.0,0.6780335945554337,310.7142857142857,1,6,1600000,10.5,0.25,0.027356280953627025,208762.53227556346,3148752.969732633,95255.43303308479,0.06630006681447922,0.0,8.039964150463272,0.0,87.44544846440857,0.0,32.63788486892477,9.941666666666668,19.53332150412669,1860654.998450055,946997.7634039181,0.0,225545764.10025245,13285464446.138037,0.0,492.58919450074944,492.58919450074944,6528.89839328042,7021.48758778117,7021.48758778117,7021.48758778117,300.96389146083027,300.96389146083027,210.6747240225812,210.6747240225812,0.030835375889489,8.992305150058513e-05,6.384122053981976e-05,8.992305150058513e-05,198.83333333333334,-198.83333333333334,63.38788486892477,-63.38788486892477,0.005700032035581483,-0.005700032035581483,0.017879700073366343,-0.017879700073366343,-0.005700032035581483,0.005700032035581483,-0.017879700073366343,0.017879700073366343,0.036535407925070484,0.02513534385390752,0.04871507596285535,0.012955675816122659,0.02513534385390752,0.036535407925070484,0.012955675816122659,0.04871507596285535,0.030835375889489,0.030835375889489,0.030835375889489,0.030835375889489,0.036535407925070484,0.04871507596285535,0.030835375889489,0.030835375889489,1.1848536582141838,1.5798437527548053,1.5798437527548053,0.0,0.0,0.0,0.0,0.0,0.0,0.0,0.0,0.0,0.0,0.0,0.0,0.0,0.0,0.0,0.2,0.0,10.0,0.0,49150.41311446818,3009.638914608303,3009.638914608303,0.0,0.0,49150.41311446818,2152.887127221559,2152.887127221559,2152.887127221559,1.3333333333333333,0.0,0.0,49150.41311446818,0.0,0.0,36862.80983585114,0.0,0.0,0.0,0.0,49150.41311446818,36862.80983585114,2152.887127221559,1614.6653454161692,2152.887127221559,1614.6653454161692,2152.887127221559,D,4.006308827204048,4.006308827204048,0.0
4,E-2,y,26.083333333333332,0.0,30.75,E-2,1,1.313617435062179,1.05083280419907,1286.9583333333333,,90,121576.62923941549,133089.50305501875,1.094696438679275,10.5,0.34146341463414637,6.801140971199547,1286.9583333333333,30.75,8752.785049060016,284.64341622959404,16163.21986431738,525.6331663192644,8752.785049060016,16163.21986431738,16163.21986431738,657.5121271487318,525.6331663192644,460.2584890041122,367.94321642348507,460.7142857142857,4,17.0,0.9990106738073753,460.7142857142857,1,4,1600000,10.5,0.25,0.041938616064831714,385401.8415708119,5035858.239404801,215638.59903935093,0.07653151126358224,2.169201440774032,0.0,106.36153071533525,0.0,80.27819738200192,0.0,2.5370871672910766,7.925030731667987,1708942.524320687,547093.9223953631,2643695567.08625,0.0,19003611160.623405,2961.4550957823767,0.0,2961.4550957823767,17257.042814041124,20218.4979098235,20218.4979098235,10995.495257027429,357.5770815293473,391.4383577035053,250.3039570705431,274.00685039245366,0.042067834603734276,7.941570972173595e-05,0.00010468833336799004,0.00010468833336799004,92.4718026179981,-92.4718026179981,150.83333333333334,-150.83333333333334,0.015790490283005165,-0.015790490283005165,0.00968071889961196,-0.00968071889961196,-0.015790490283005165,0.015790490283005165,-0.00968071889961196,0.00968071889961196,0.05785832488673944,0.02627734432072911,0.051748553503346235,0.03238711570412232,0.02627734432072911,0.05785832488673944,0.03238711570412232,0.051748553503346235,0.042067834603734276,0.042067834603734276,0.042067834603734276,0.042067834603734276,0.05785832488673944,0.051748553503346235,0.042067834603734276,0.042067834603734276,1.3753578103495605,1.2301216354680786,1.3753578103495605,0.014802984254608804,0.0205992047879255,0.00900676372129211,0.00900676372129211,0.0205992047879255,0.01822602563041497,0.011379942878802635,0.011379942878802635,0.01822602563041497,0.0205992047879255,0.01822602563041497,0.0205992047879255,0.0205992047879255,0.082396819151702,0.082396819151702,0.21,321.7395833333333,10.5,488.276874435411,148605.95963720273,6903.877335061684,9903.22779125553,2260.9660670731705,12112.318216463415,138754.6074878125,4586.9291731508265,6425.790388602214,6425.790388602214,1.3333333333333333,558.0307136404697,348.7691960252935,148605.95963720273,36.45800662451068,325.517916290274,111454.46972790205,27.34350496838302,325.517916290274,279.01535682023484,23.25127973501957,148967.9355601175,112109.59778571596,4924.559853227025,3706.1024061393705,7070.774547193547,5328.445942833364,7070.774547193547,A,7.03577006935862,7.761901909508082,0.0
4,E-3,y,50.75,0.0,30.75,E-3,1,1.313617435062179,1.05083280419907,561.125,,90,121576.62923941549,133089.50305501875,1.094696438679275,10.5,0.34146341463414637,6.801140971199547,561.125,30.75,3816.2902274643457,124.10699926713319,7047.304105700203,229.18062132358384,3816.2902274643457,7047.304105700203,7047.304105700203,345.8661524968724,229.18062132358384,242.10630674781066,160.42643492650868,310.7142857142857,6,14.0,0.7791927113722642,310.7142857142857,1,6,1600000,10.5,0.25,0.02924714595805697,240956.9848561179,5035858.239404801,215638.59903935093,0.047848246197771664,2.9532740889020825,0.0,106.36153071533525,0.0,55.61153071533525,0.0,2.5370871672910766,7.925030731667987,1708942.524320687,547093.9223953631,698794548.859641,0.0,19003611160.623405,1129.9935909604867,0.0,1129.9935909604867,9505.39059831834,10635.384189278826,10635.384189278826,5605.477474470615,182.29195038928827,199.55434889105297,127.60436527250178,139.68804422373708,0.042067834603734276,7.941570972173595e-05,0.00010468833336799004,0.00010468833336799004,92.4718026179981,-92.4718026179981,150.83333333333334,-150.83333333333334,0.015790490283005165,-0.015790490283005165,0.00968071889961196,-0.00968071889961196,-0.015790490283005165,0.015790490283005165,-0.00968071889961196,0.00968071889961196,0.05785832488673944,0.02627734432072911,0.051748553503346235,0.03238711570412232,0.02627734432072911,0.05785832488673944,0.03238711570412232,0.051748553503346235,0.042067834603734276,0.042067834603734276,0.042067834603734276,0.042067834603734276,0.05785832488673944,0.051748553503346235,0.042067834603734276,0.042067834603734276,1.3753578103495605,1.2301216354680786,1.3753578103495605,0.014802984254608804,0.0205992047879255,0.00900676372129211,0.00900676372129211,0.0205992047879255,0.01822602563041497,0.011379942878802635,0.011379942878802635,0.01822602563041497,0.0205992047879255,0.01822602563041497,0.0205992047879255,0.0205992047879255,0.082396819151702,0.082396819151702,0.21,561.125,10.5,851.571815718157,78170.07379119936,3631.59460121716,5267.336622293001,3943.2032926829256,21124.30335365853,60988.97373022376,2016.1644208338435,2664.944016735172,2664.944016735172,1.3333333333333333,973.2249322493224,608.2655826558265,78170.07379119936,63.58402890695572,567.7145438121047,58627.55534339954,47.6880216802168,567.7145438121047,486.6124661246611,40.55103884372177,78801.37236391843,59770.121413860245,2605.0040450882125,1975.8717822763717,3789.8187748857836,2886.6015780847624,3789.8187748857836,A,7.03577006935862,7.761901909508082,0.0
4,E-3.3,y,59.583333333333336,0.0,18.75,E-3.3,1,1.313617435062179,1.05083280419907,441.08333333333337,,90,121576.62923941549,133089.50305501875,1.094696438679275,10.5,0.56,6.801140971199547,441.08333333333337,18.75,2999.8699300466005,159.9930629358187,5539.671884082747,295.44916715107985,2999.8699300466005,5539.671884082747,5539.671884082747,358.8815176453503,295.44916715107985,251.2170623517452,206.81441700575587,310.7142857142857,6,14.0,0.808514683430904,310.7142857142857,1,6,1600000,10.5,0.25,0.03497602123773216,158384.8501929243,5035858.239404801,215638.59903935093,0.03145141158930719,1.923845473057345,0.0,106.36153071533525,0.0,46.77819738200191,0.0,2.5370871672910766,7.925030731667987,1708942.524320687,547093.9223953631,318198319.6932648,0.0,19003611160.623405,611.7101981597546,0.0,611.7101981597546,6117.318257690564,6729.028455850318,6729.028455850318,3308.9392802184616,176.47676161165128,193.18848244592604,123.53373312815589,135.2319377121482,0.042067834603734276,7.941570972173595e-05,0.00010468833336799004,0.00010468833336799004,92.4718026179981,-92.4718026179981,150.83333333333334,-150.83333333333334,0.015790490283005165,-0.015790490283005165,0.00968071889961196,-0.00968071889961196,-0.015790490283005165,0.015790490283005165,-0.00968071889961196,0.00968071889961196,0.05785832488673944,0.02627734432072911,0.051748553503346235,0.03238711570412232,0.02627734432072911,0.05785832488673944,0.03238711570412232,0.051748553503346235,0.042067834603734276,0.042067834603734276,0.042067834603734276,0.042067834603734276,0.05785832488673944,0.051748553503346235,0.042067834603734276,0.042067834603734276,1.3753578103495605,1.2301216354680786,1.3753578103495605,0.014802984254608804,0.0205992047879255,0.00900676372129211,0.00900676372129211,0.0205992047879255,0.01822602563041497,0.011379942878802635,0.011379942878802635,0.01822602563041497,0.0205992047879255,0.01822602563041497,0.0205992047879255,0.0205992047879255,0.082396819151702,0.082396819151702,0.21,441.08333333333337,10.5,1097.8074074074075,49458.35915049984,3768.2559352761778,5592.303495613168,5083.397199999999,27232.485,27309.27135049984,1496.3984301643748,1707.3983574995764,1707.3983574995764,1.3333333333333333,1254.637037037037,784.1481481481483,49458.35915049984,81.96961975308642,731.8716049382716,37093.76936287488,61.47721481481483,731.8716049382716,627.3185185185185,52.27654320987655,50272.2003751912,38566.71324435636,2754.6411164488327,2113.244561334595,4111.050182427702,3177.815084816717,4111.050182427702,A,7.03577006935862,7.761901909508082,0.0
4,E-4,y,77.08333333333333,0.0,30.75,E-4,1,1.313617435062179,1.05083280419907,650.4583333333333,,90,121576.62923941549,133089.50305501875,1.094696438679275,10.5,0.34146341463414637,6.801140971199547,650.4583333333333,30.75,4423.858820891504,143.8653275086668,8169.262968299239,265.6670883999753,4423.858820891504,8169.262968299239,8169.262968299239,381.85475290843016,265.6670883999753,267.2983270359011,185.96696187998268,310.7142857142857,6,14.0,0.8602704778166931,310.7142857142857,1,6,1600000,10.5,0.25,0.031550196941711225,258929.06416374823,5035858.239404801,215638.59903935093,0.051417067727933426,4.696347574456963,0.0,106.36153071533525,0.0,29.27819738200192,0.0,2.5370871672910766,7.925030731667987,1708942.524320687,547093.9223953631,225173486.83437666,0.0,19003611160.623405,691.6147386304956,0.0,691.6147386304956,11050.41891330373,11742.033651934227,11742.033651934227,6286.7695515674395,204.44779029487609,223.8082679316481,143.11345320641325,156.66578755215366,0.042067834603734276,7.941570972173595e-05,0.00010468833336799004,0.00010468833336799004,92.4718026179981,-92.4718026179981,150.83333333333334,-150.83333333333334,0.015790490283005165,-0.015790490283005165,0.00968071889961196,-0.00968071889961196,-0.015790490283005165,0.015790490283005165,-0.00968071889961196,0.00968071889961196,0.05785832488673944,0.02627734432072911,0.051748553503346235,0.03238711570412232,0.02627734432072911,0.05785832488673944,0.03238711570412232,0.051748553503346235,0.042067834603734276,0.042067834603734276,0.042067834603734276,0.042067834603734276,0.05785832488673944,0.051748553503346235,0.042067834603734276,0.042067834603734276,1.3753578103495605,1.2301216354680786,1.3753578103495605,0.014802984254608804,0.0205992047879255,0.00900676372129211,0.00900676372129211,0.0205992047879255,0.01822602563041497,0.011379942878802635,0.011379942878802635,0.01822602563041497,0.0205992047879255,0.01822602563041497,0.0205992047879255,0.0205992047879255,0.082396819151702,0.082396819151702,0.21,650.4583333333333,10.5,987.1454381210478,86303.94734171657,4009.4749055385164,5783.544531674057,4570.976951219512,24487.37652439024,66387.54776854583,2194.6296782990357,2859.8226430908485,2859.8226430908485,1.3333333333333333,1128.166214995483,705.1038843721769,86303.94734171657,73.7068593797049,658.0969587473652,64727.96050628743,55.28014453477869,658.0969587473652,564.0831074977415,47.0069256248118,87035.75115984364,66052.42764269213,2877.214914374996,2183.551327031145,4163.7819398525035,3174.1167373891726,4163.7819398525035,A,7.03577006935862,7.761901909508082,0.0
4,E-5,y,98.41666666666666,0.0,30.75,E-5,1,1.313617435062179,1.05083280419907,770.5,,90,121576.62923941549,133089.50305501875,1.094696438679275,10.5,0.34146341463414637,6.801140971199547,770.5,30.75,5240.27911830925,170.41558108322766,9676.895189916697,314.6957785338763,5240.27911830925,9676.895189916697,9676.895189916697,431.2587103722956,314.6957785338763,301.8810972606069,220.2870449737134,310.7142857142857,6,14.0,0.9715713475054015,310.7142857142857,1,6,1600000,10.5,0.25,0.03471174897575554,278778.669339754,5035858.239404801,215638.59903935093,0.05535872061654846,6.284947644322159,0.0,106.36153071533525,0.0,7.944864048668592,0.0,2.5370871672910766,7.925030731667987,1708942.524320687,547093.9223953631,19565541.32592217,0.0,19003611160.623405,221.46072594359632,0.0,221.46072594359632,13039.744618004494,13261.20534394809,13261.20534394809,7215.919303255908,234.66404238230595,256.88589148199276,164.26482966761415,179.82012403739492,0.042067834603734276,7.941570972173595e-05,0.00010468833336799004,0.00010468833336799004,92.4718026179981,-92.4718026179981,150.83333333333334,-150.83333333333334,0.015790490283005165,-0.015790490283005165,0.00968071889961196,-0.00968071889961196,-0.015790490283005165,0.015790490283005165,-0.00968071889961196,0.00968071889961196,0.05785832488673944,0.02627734432072911,0.051748553503346235,0.03238711570412232,0.02627734432072911,0.05785832488673944,0.03238711570412232,0.051748553503346235,0.042067834603734276,0.042067834603734276,0.042067834603734276,0.042067834603734276,0.05785832488673944,0.051748553503346235,0.042067834603734276,0.042067834603734276,1.3753578103495605,1.2301216354680786,1.3753578103495605,0.014802984254608804,0.0205992047879255,0.00900676372129211,0.00900676372129211,0.0205992047879255,0.01822602563041497,0.011379942878802635,0.011379942878802635,0.01822602563041497,0.0205992047879255,0.01822602563041497,0.0205992047879255,0.0205992047879255,0.082396819151702,0.082396819151702,0.21,192.625,10.5,292.33062330623306,97469.85927801846,4528.2164589091035,6494.163138809,1353.6369512195122,7251.6265243902435,91571.86970484772,3027.1692464412467,4249.230465559964,4249.230465559964,1.3333333333333333,334.09214092140917,208.80758807588074,97469.85927801846,21.8273532068654,194.88708220415538,73102.39445851385,16.370514905149054,194.88708220415538,167.04607046070458,13.920505871725384,97686.57371342948,73494.61863195559,3229.308221931553,2429.574169651424,4635.381501940025,3491.7221328605383,4635.381501940025,A,7.03577006935862,7.761901909508082,0.0
4,E-2.4,y,35.916666666666664,0.0,30.75,E-2.4,1,1.313617435062179,1.05083280419907,1448.875,,90,121576.62923941549,133089.50305501875,1.094696438679275,10.5,0.34146341463414637,6.801140971199547,1448.875,30.75,9854.003124646742,320.4553861673737,18196.770302778135,591.7648878952239,9854.003124646742,18196.770302778135,18196.770302778135,723.6475117604156,591.7648878952239,506.5532582322909,414.2354215266567,600.0,3,19.0,0.8442554303871515,460.7142857142857,1,4,1600000,10.5,0.25,0.0415207521731486,438257.24126804125,5035858.239404801,215638.59903935093,0.08702731896596037,3.056501058098126,0.0,106.36153071533525,0.0,70.44486404866859,0.0,2.5370871672910766,7.925030731667987,1708942.524320687,547093.9223953631,2281396907.094741,0.0,19003611160.623405,2912.345089950482,0.0,2912.345089950482,19339.815896682296,22252.160986632778,22252.160986632778,12190.858874291634,396.45069509891493,433.9931640367053,277.5154865692404,303.7952148256937,0.042067834603734276,7.941570972173595e-05,0.00010468833336799004,0.00010468833336799004,92.4718026179981,-92.4718026179981,150.83333333333334,-150.83333333333334,0.015790490283005165,-0.015790490283005165,0.00968071889961196,-0.00968071889961196,-0.015790490283005165,0.015790490283005165,-0.00968071889961196,0.00968071889961196,0.05785832488673944,0.02627734432072911,0.051748553503346235,0.03238711570412232,0.02627734432072911,0.05785832488673944,0.03238711570412232,0.051748553503346235,0.042067834603734276,0.042067834603734276,0.042067834603734276,0.042067834603734276,0.05785832488673944,0.051748553503346235,0.042067834603734276,0.042067834603734276,1.3753578103495605,1.2301216354680786,1.3753578103495605,0.014802984254608804,0.0205992047879255,0.00900676372129211,0.00900676372129211,0.0205992047879255,0.01822602563041497,0.011379942878802635,0.011379942878802635,0.01822602563041497,0.0205992047879255,0.01822602563041497,0.0205992047879255,0.0205992047879255,0.082396819151702,0.082396819151702,0.21,362.21875,10.5,549.7086720867209,163553.3832517509,7598.298873484364,10870.26704009937,2545.426006097561,13636.210746951221,152462.59851089722,5040.085901186685,7035.770069358619,7035.770069358619,1.3333333333333333,628.2384823848238,392.6490514905149,163553.3832517509,41.04491418247515,366.4724480578139,122665.03743881319,30.783685636856376,366.4724480578139,314.1192411924119,26.176603432700993,163960.9006139912,123402.58941713297,5420.195061619544,4079.424443541586,7761.901909508082,5849.982726784918,7761.901909508082,A,7.03577006935862,7.761901909508082,0.0
4,E-3.4,y,60.58333333333333,0.0,30.75,E-3.4,1,1.313617435062179,1.05083280419907,988.25,,90,121576.62923941549,133089.50305501875,1.094696438679275,10.5,0.34146341463414637,6.801140971199547,988.25,30.75,6721.227564787952,218.57650617196592,12411.669917501851,403.6315420325805,6721.227564787952,12411.669917501851,12411.669917501851,538.1561717103413,403.6315420325805,376.70932019723887,282.54207942280635,460.7142857142857,4,17.0,0.8176636407381929,310.7142857142857,1,6,1600000,10.5,0.25,0.0356169886760907,348476.11712423264,5035858.239404801,215638.59903935093,0.06919895290091005,4.1049910266768785,0.0,106.36153071533525,0.0,45.77819738200192,0.0,2.5370871672910766,7.925030731667987,1708942.524320687,547093.9223953631,750886295.6076428,0.0,19003611160.623405,1475.050237352083,0.0,1475.050237352083,15073.25204274091,16548.302280092994,16548.302280092994,9127.962020939533,296.84429336388723,324.9543907877133,207.79100535472105,227.4680735513993,0.042067834603734276,7.941570972173595e-05,0.00010468833336799004,0.00010468833336799004,92.4718026179981,-92.4718026179981,150.83333333333334,-150.83333333333334,0.015790490283005165,-0.015790490283005165,0.00968071889961196,-0.00968071889961196,-0.015790490283005165,0.015790490283005165,-0.00968071889961196,0.00968071889961196,0.05785832488673944,0.02627734432072911,0.051748553503346235,0.03238711570412232,0.02627734432072911,0.05785832488673944,0.03238711570412232,0.051748553503346235,0.042067834603734276,0.042067834603734276,0.042067834603734276,0.042067834603734276,0.05785832488673944,0.051748553503346235,0.042067834603734276,0.042067834603734276,1.3753578103495605,1.2301216354680786,1.3753578103495605,0.014802984254608804,0.0205992047879255,0.00900676372129211,0.00900676372129211,0.0205992047879255,0.01822602563041497,0.011379942878802635,0.011379942878802635,0.01822602563041497,0.0205992047879255,0.01822602563041497,0.0205992047879255,0.0205992047879255,0.082396819151702,0.082396819151702,0.21,247.0625,10.5,374.94579945799455,121630.0217586835,5650.6398029585835,8063.758586423124,1736.186524390244,9300.999237804877,114065.20904526887,3770.750712240293,5261.02752824006,5261.02752824006,1.3333333333333333,428.5094850948509,267.81842818428186,121630.0217586835,27.995953026196922,249.9638663053297,91222.51631901262,20.996964769647697,249.9638663053297,214.25474254742545,17.854561878952126,121907.98157801504,91725.58645451396,4030.0159199343816,3032.250791884759,5756.308205336225,4336.708857870115,5756.308205336225,A,7.03577006935862,7.761901909508082,0.0
4,E-4.8,y,94.91666666666666,0.0,30.75,E-4.8,1,1.313617435062179,1.05083280419907,988.25,,90,121576.62923941549,133089.50305501875,1.094696438679275,10.5,0.34146341463414637,6.801140971199547,988.25,30.75,6721.227564787952,218.57650617196592,12411.669917501851,403.6315420325805,6721.227564787952,12411.669917501851,12411.669917501851,529.2114495946312,403.6315420325805,370.4480147162418,282.54207942280635,460.7142857142857,4,17.0,0.8040732102368039,310.7142857142857,1,6,1600000,10.5,0.25,0.0351432360250088,353173.7916414242,5035858.239404801,215638.59903935093,0.07013179776942381,6.431340824463501,0.0,106.36153071533525,0.0,11.444864048668592,0.0,2.5370871672910766,7.925030731667987,1708942.524320687,547093.9223953631,49459325.27999471,0.0,19003611160.623405,388.6233314049163,0.0,388.6233314049163,15884.628743629994,16273.25207503491,16273.25207503491,9014.170813178847,293.1437662822389,320.90343697019665,205.20063639756722,224.63240587913765,0.042067834603734276,7.941570972173595e-05,0.00010468833336799004,0.00010468833336799004,92.4718026179981,-92.4718026179981,150.83333333333334,-150.83333333333334,0.015790490283005165,-0.015790490283005165,0.00968071889961196,-0.00968071889961196,-0.015790490283005165,0.015790490283005165,-0.00968071889961196,0.00968071889961196,0.05785832488673944,0.02627734432072911,0.051748553503346235,0.03238711570412232,0.02627734432072911,0.05785832488673944,0.03238711570412232,0.051748553503346235,0.042067834603734276,0.042067834603734276,0.042067834603734276,0.042067834603734276,0.05785832488673944,0.051748553503346235,0.042067834603734276,0.042067834603734276,1.3753578103495605,1.2301216354680786,1.3753578103495605,0.014802984254608804,0.0205992047879255,0.00900676372129211,0.00900676372129211,0.0205992047879255,0.01822602563041497,0.011379942878802635,0.011379942878802635,0.01822602563041497,0.0205992047879255,0.01822602563041497,0.0205992047879255,0.0205992047879255,0.082396819151702,0.082396819151702,0.21,988.25,10.5,1499.7831978319782,119608.40275150658,5556.7202207436285,7917.397053867551,6944.746097560976,37203.99695121951,89349.15189784805,2953.6909718296874,3726.1715110914147,3726.1715110914147,1.3333333333333333,1714.0379403794036,1071.2737127371274,119608.40275150658,111.98381210478769,999.8554652213188,89706.30206362995,83.98785907859079,999.8554652213188,857.0189701897018,71.4182475158085,120720.2420288327,91718.58260563537,3990.7518026060397,3032.0192596904253,5707.294219476074,4358.381480078847,5707.294219476074,A,7.03577006935862,7.761901909508082,0.0
4,E-5.9,y,119.58333333333333,0.0,30.75,E-5.9,1,2.182129808984292,1.5081620495017913,829.1250000000007,,90,121576.62923941549,133089.50305501875,1.094696438679275,10.5,0.34146341463414637,6.801140971199547,829.1250000000007,30.75,5638.996007745829,183.38198399173427,10413.180693497325,338.6400225527585,5638.996007745829,10413.180693497325,10413.180693497325,464.20964033373235,338.6400225527585,324.94674823361265,237.04801578693096,460.7142857142857,4,17.0,0.7053107713597794,310.7142857142857,1,6,1600000,10.5,0.25,0.0317004483045961,328486.85903244995,5035858.239404801,215638.59903935093,0.06522956831113548,7.7802638684977765,0.0,106.36153071533525,0.0,13.22180261799808,0.0,32.2164666839376,11.374055456659343,2452685.3840699056,6947113.741722227,57006115.405530766,0.0,19003611160.623405,556.4632471193593,0.0,556.4632471193593,13717.98319314291,14274.44644026227,14274.44644026227,7755.508035903755,252.21164344402453,276.0951878716208,176.54815041081716,193.26663151013454,0.042067834603734276,7.941570972173595e-05,0.00021549256618749653,0.00021549256618749653,92.4718026179981,-92.4718026179981,150.83333333333334,-150.83333333333334,0.032503462066614065,-0.032503462066614065,0.019926986046136068,-0.019926986046136068,-0.032503462066614065,0.032503462066614065,-0.019926986046136068,0.019926986046136068,0.07457129667034834,0.009564372537120211,0.061994820649870344,0.02214084855759821,0.009564372537120211,0.07457129667034834,0.02214084855759821,0.061994820649870344,0.042067834603734276,0.042067834603734276,0.042067834603734276,0.042067834603734276,0.07457129667034834,0.061994820649870344,0.042067834603734276,0.042067834603734276,1.7726440491360305,1.4736869923028362,1.7726440491360305,0.014802984254608804,0.024754672574299183,0.004851295934918429,0.004851295934918429,0.024754672574299183,0.020609706266198805,0.008996262243018804,0.008996262243018804,0.020609706266198805,0.024754672574299183,0.020609706266198805,0.024754672574299183,0.024754672574299183,0.09901869029719673,0.09901869029719673,0.21,829.1250000000007,10.5,1258.2926829268304,104917.18133592769,4874.20122350419,6994.181192401269,5826.524268292687,31213.522865853687,79530.18273836668,2629.0969500286506,3376.3965445062904,3376.3965445062904,1.3333333333333333,1438.048780487806,898.7804878048788,104917.18133592769,93.95252032520332,838.8617886178869,78687.88600194578,70.46439024390251,838.8617886178869,719.024390243903,59.91869918699192,105849.99564487077,80376.15527023845,3499.173409747794,2657.062984140114,5038.524918490032,3844.259542526061,5038.524918490032,B,7.969150219455835,7.969150219455835,0.0
4,E-7.4,y,144.25,0.0,30.75,E-7.4,1,2.182129808984292,1.5081620495017913,1317.1249999999998,,90,121576.62923941549,133089.50305501875,1.094696438679275,10.5,0.34146341463414637,6.801140971199547,1317.1249999999998,30.75,8957.9528016912,291.31553826638054,16542.09030112787,537.9541561342397,8957.9528016912,16542.09030112787,16542.09030112787,622.8840647275158,537.9541561342397,436.01884530926105,376.5679092939678,460.7142857142857,4,17.0,0.9463974936945201,460.7142857142857,1,4,1600000,10.5,0.25,0.0401045583756535,412474.0670669041,5035858.239404801,215638.59903935093,0.0819074023647765,12.052627593343013,0.0,106.36153071533525,0.0,37.88846928466475,0.0,32.2164666839376,11.374055456659343,2452685.3840699056,6947113.741722227,585541918.7735261,0.0,19003611160.623405,1994.6037863039141,0.0,1994.6037863039141,17159.0812040672,19153.68499037111,19153.68499037111,9574.325008475349,311.36016287724715,340.84486144832147,217.952114014073,238.59140301382502,0.042067834603734276,7.941570972173595e-05,0.00021549256618749653,0.00021549256618749653,92.4718026179981,-92.4718026179981,150.83333333333334,-150.83333333333334,0.032503462066614065,-0.032503462066614065,0.019926986046136068,-0.019926986046136068,-0.032503462066614065,0.032503462066614065,-0.019926986046136068,0.019926986046136068,0.07457129667034834,0.009564372537120211,0.061994820649870344,0.02214084855759821,0.009564372537120211,0.07457129667034834,0.02214084855759821,0.061994820649870344,0.042067834603734276,0.042067834603734276,0.042067834603734276,0.042067834603734276,0.07457129667034834,0.061994820649870344,0.042067834603734276,0.042067834603734276,1.7726440491360305,1.4736869923028362,1.7726440491360305,0.014802984254608804,0.024754672574299183,0.004851295934918429,0.004851295934918429,0.024754672574299183,0.020609706266198805,0.008996262243018804,0.008996262243018804,0.020609706266198805,0.024754672574299183,0.020609706266198805,0.024754672574299183,0.024754672574299183,0.09901869029719673,0.09901869029719673,0.21,329.28124999999994,10.5,499.7222222222222,140779.58467922767,6540.282679638916,9655.521698141603,2313.9637499999994,12396.234374999998,130697.31405422767,4320.572365429014,6234.97247143244,6234.97247143244,1.3333333333333333,571.111111111111,356.94444444444434,140779.58467922767,37.31259259259258,333.1481481481481,105584.68850942075,27.98444444444445,333.1481481481481,285.5555555555555,23.79629629629629,141150.0454199684,106255.1729538652,4666.117203965898,3512.5677009542214,6895.07524079271,5197.266026554129,6895.07524079271,B,7.969150219455835,7.969150219455835,0.0
4,E-8--E-A.2,y,162.58333333333331,0.0,25.0,E-8,1,2.182129808984292,1.5081620495017913,938.0,,90,121576.62923941549,133089.50305501875,1.094696438679275,10.5,0.42,6.801140971199547,3857.9716666666664,76.75,26238.609167893665,341.87112922337025,48453.19592991767,631.3119990868752,8546.778230584256,15782.79997717188,15782.79997717188,722.9346201564191,631.3119990868752,506.05423410949334,441.9183993608126,600.0,3,19.0,0.8434237235158222,460.7142857142857,1,4,1600000,10.5,0.25,0.04337143408226725,363898.5039608087,5035858.239404801,215638.59903935093,0.07226146699550832,10.88316278935925,0.0,106.36153071533525,0.0,56.221802617998065,0.0,32.2164666839376,11.374055456659343,2452685.3840699056,6947113.741722227,1158216610.9366813,0.0,19003611160.623405,2658.830980962501,0.0,2658.830980962501,15414.534522947977,18073.365503910478,18073.365503910478,9158.373514921052,366.33494059684205,401.02555483514675,256.4344584177894,280.7178883846027,0.042067834603734276,7.941570972173595e-05,0.00021549256618749653,0.00021549256618749653,92.4718026179981,-92.4718026179981,150.83333333333334,-150.83333333333334,0.032503462066614065,-0.032503462066614065,0.019926986046136068,-0.019926986046136068,-0.032503462066614065,0.032503462066614065,-0.019926986046136068,0.019926986046136068,0.07457129667034834,0.009564372537120211,0.061994820649870344,0.02214084855759821,0.009564372537120211,0.07457129667034834,0.02214084855759821,0.061994820649870344,0.042067834603734276,0.042067834603734276,0.042067834603734276,0.042067834603734276,0.07457129667034834,0.061994820649870344,0.042067834603734276,0.042067834603734276,1.7726440491360305,1.4736869923028362,1.7726440491360305,0.014802984254608804,0.024754672574299183,0.004851295934918429,0.004851295934918429,0.024754672574299183,0.020609706266198805,0.008996262243018804,0.008996262243018804,0.020609706266198805,0.024754672574299183,0.020609706266198805,0.024754672574299183,0.024754672574299183,0.09901869029719673,0.09901869029719673,0.21,0.0,10.5,0.0,132839.236453742,7590.8135116424,11156.810307238171,0.0,0.0,132839.236453742,5422.009651173143,7969.150219455835,7969.150219455835,1.3333333333333333,0.0,0.0,132839.236453742,0.0,0.0,99629.4273403065,0.0,0.0,0.0,0.0,132839.236453742,99629.4273403065,5422.009651173143,4066.5072383798574,7969.150219455835,5976.862664591878,7969.150219455835,B,7.969150219455835,7.969150219455835,0.0
4,E-8--E-B,y,162.58333333333331,0.0,12.5,E-8,1,2.182129808984292,1.5081620495017913,614.055,,90,121576.62923941549,133089.50305501875,1.094696438679275,10.5,0.84,6.801140971199547,3857.9716666666664,76.75,26238.609167893665,341.87112922337025,48453.19592991767,631.3119990868752,4273.389115292128,7891.39998858594,7891.39998858594,631.3119990868752,631.3119990868752,441.9183993608126,441.9183993608126,460.7142857142857,4,17.0,0.9592027272947871,460.7142857142857,1,4,1600000,10.5,0.25,0.05231407154964519,150846.60311895495,5035858.239404801,215638.59903935093,0.029954497515161157,4.410763780539545,0.0,106.36153071533525,0.0,56.221802617998065,0.0,32.2164666839376,11.374055456659343,2452685.3840699056,6947113.741722227,476809683.6977169,0.0,19003611160.623405,1094.5762192213351,0.0,1094.5762192213351,6345.789950543344,7440.366169764679,7891.39998858594,4273.389115292128,341.87112922337025,374.24510764808565,239.30979045635917,261.97157535365994,0.042067834603734276,7.941570972173595e-05,0.00021549256618749653,0.00021549256618749653,92.4718026179981,-92.4718026179981,150.83333333333334,-150.83333333333334,0.032503462066614065,-0.032503462066614065,0.019926986046136068,-0.019926986046136068,-0.032503462066614065,0.032503462066614065,-0.019926986046136068,0.019926986046136068,0.07457129667034834,0.009564372537120211,0.061994820649870344,0.02214084855759821,0.009564372537120211,0.07457129667034834,0.02214084855759821,0.061994820649870344,0.042067834603734276,0.042067834603734276,0.042067834603734276,0.042067834603734276,0.07457129667034834,0.061994820649870344,0.042067834603734276,0.042067834603734276,1.7726440491360305,1.4736869923028362,1.7726440491360305,0.014802984254608804,0.024754672574299183,0.004851295934918429,0.004851295934918429,0.024754672574299183,0.020609706266198805,0.008996262243018804,0.008996262243018804,0.020609706266198805,0.024754672574299183,0.020609706266198805,0.024754672574299183,0.024754672574299183,0.09901869029719673,0.09901869029719673,0.21,0.0,10.5,0.0,58001.78991610666,6628.7759904121895,9523.18468904724,0.0,0.0,58001.78991610666,4833.482493008888,6943.988835763612,6943.988835763612,1.3333333333333333,0.0,0.0,58001.78991610666,0.0,0.0,43501.34243708,0.0,0.0,0.0,0.0,58001.78991610666,43501.34243708,4833.482493008888,3625.1118697566667,6943.988835763612,5207.99162682271,6943.988835763612,B,7.969150219455835,7.969150219455835,0.0
4,E-8--E-B.7,y,162.58333333333331,0.0,6.0,E-8,1,2.182129808984292,1.5081620495017913,413.1666666666667,,90,121576.62923941549,133089.50305501875,1.094696438679275,10.5,1.75,6.801140971199547,3857.9716666666664,76.75,26238.609167893665,341.87112922337025,48453.19592991767,631.3119990868752,2051.2267753402216,3787.8719945212515,3787.8719945212515,631.3119990868753,631.3119990868753,441.91839936081266,441.91839936081266,460.7142857142857,4,17.0,0.9592027272947872,460.7142857142857,1,4,1600000,10.5,0.25,0.07378581577934315,51336.045478563276,5035858.239404801,215638.59903935093,0.010194100595776658,1.501069068518687,0.0,106.36153071533525,0.0,56.221802617998065,0.0,32.2164666839376,11.374055456659343,2452685.3840699056,6947113.741722227,162267648.72937062,0.0,19003611160.623405,372.5056673990127,0.0,372.5056673990127,2159.5962704019807,2532.1019378009933,3787.8719945212515,2051.2267753402216,341.87112922337025,374.24510764808565,239.30979045635917,261.97157535365994,0.042067834603734276,7.941570972173595e-05,0.00021549256618749653,0.00021549256618749653,92.4718026179981,-92.4718026179981,150.83333333333334,-150.83333333333334,0.032503462066614065,-0.032503462066614065,0.019926986046136068,-0.019926986046136068,-0.032503462066614065,0.032503462066614065,-0.019926986046136068,0.019926986046136068,0.07457129667034834,0.009564372537120211,0.061994820649870344,0.02214084855759821,0.009564372537120211,0.07457129667034834,0.02214084855759821,0.061994820649870344,0.042067834603734276,0.042067834603734276,0.042067834603734276,0.042067834603734276,0.07457129667034834,0.061994820649870344,0.042067834603734276,0.042067834603734276,1.7726440491360305,1.4736869923028362,1.7726440491360305,0.014802984254608804,0.024754672574299183,0.004851295934918429,0.004851295934918429,0.024754672574299183,0.020609706266198805,0.008996262243018804,0.008996262243018804,0.020609706266198805,0.024754672574299183,0.020609706266198805,0.024754672574299183,0.024754672574299183,0.09901869029719673,0.09901869029719673,0.21,0.0,6.0,0.0,27840.859159731197,6628.7759904121895,9523.184689047239,0.0,0.0,27840.859159731197,5061.974392678399,7272.250126181529,7272.250126181529,1.3333333333333333,0.0,0.0,27840.859159731197,0.0,0.0,20880.6443697984,0.0,0.0,0.0,0.0,27840.859159731197,20880.6443697984,5061.974392678399,3796.4807945088,7272.250126181529,5454.187594636147,7272.250126181529,B,7.969150219455835,7.969150219455835,0.0
4,E-8--E-C.3,y,162.58333333333331,0.0,11.5,E-8,1,2.182129808984292,1.5081620495017913,594.625,,90,121576.62923941549,133089.50305501875,1.094696438679275,10.5,0.9130434782608695,6.801140971199547,3857.9716666666664,76.75,26238.609167893665,341.87112922337025,48453.19592991767,631.3119990868752,3931.5179860687576,7260.087989499065,7260.087989499065,631.3119990868752,631.3119990868752,441.9183993608126,441.9183993608126,460.7142857142857,4,17.0,0.9592027272947871,460.7142857142857,1,4,1600000,10.5,0.25,0.054037556036309914,134352.63402032343,5035858.239404801,215638.59903935093,0.026679193025934512,3.928479128493305,0.0,106.36153071533525,0.0,56.221802617998065,0.0,32.2164666839376,11.374055456659343,2452685.3840699056,6947113.741722227,424674043.7414322,0.0,19003611160.623405,974.8923419404086,0.0,974.8923419404086,5651.924386543009,6626.816728483418,7260.087989499065,3931.5179860687576,341.87112922337025,374.24510764808565,239.30979045635917,261.97157535365994,0.042067834603734276,7.941570972173595e-05,0.00021549256618749653,0.00021549256618749653,92.4718026179981,-92.4718026179981,150.83333333333334,-150.83333333333334,0.032503462066614065,-0.032503462066614065,0.019926986046136068,-0.019926986046136068,-0.032503462066614065,0.032503462066614065,-0.019926986046136068,0.019926986046136068,0.07457129667034834,0.009564372537120211,0.061994820649870344,0.02214084855759821,0.009564372537120211,0.07457129667034834,0.02214084855759821,0.061994820649870344,0.042067834603734276,0.042067834603734276,0.042067834603734276,0.042067834603734276,0.07457129667034834,0.061994820649870344,0.042067834603734276,0.042067834603734276,1.7726440491360305,1.4736869923028362,1.7726440491360305,0.014802984254608804,0.024754672574299183,0.004851295934918429,0.004851295934918429,0.024754672574299183,0.020609706266198805,0.008996262243018804,0.008996262243018804,0.020609706266198805,0.024754672574299183,0.020609706266198805,0.024754672574299183,0.024754672574299183,0.09901869029719673,0.09901869029719673,0.21,0.0,10.5,0.0,53361.64672281812,6628.7759904121895,9523.184689047239,0.0,0.0,53361.64672281812,4851.0587929834655,6969.2397042572975,6969.2397042572975,1.3333333333333333,0.0,0.0,53361.64672281812,0.0,0.0,40021.2350421136,0.0,0.0,0.0,0.0,53361.64672281812,40021.2350421136,4851.0587929834655,3638.2940947376,6969.2397042572975,5226.9297781929745,6969.2397042572975,B,7.969150219455835,7.969150219455835,0.0
4,E-8--E-F,y,162.58333333333331,0.0,14.75,E-8,1,2.182129808984292,1.5081620495017913,670.0,,90,121576.62923941549,133089.50305501875,1.094696438679275,10.5,0.711864406779661,6.801140971199547,3857.9716666666664,76.75,26238.609167893665,341.87112922337025,48453.19592991767,631.3119990868752,5042.599156044711,9311.851986531408,9311.851986531408,631.7395837582554,631.3119990868752,442.21770863077876,441.9183993608126,460.7142857142857,4,17.0,0.9598523908264965,460.7142857142857,1,4,1600000,10.5,0.25,0.049314010504770474,188827.71632679543,5035858.239404801,215638.59903935093,0.037496630633731536,5.52394823925944,0.0,106.36153071533525,0.0,56.221802617998065,0.0,32.2164666839376,11.374055456659343,2452685.3840699056,6947113.741722227,597146467.9982628,0.0,19003611160.623405,1370.8243469259937,0.0,1370.8243469259937,7947.334513508273,9318.158860434267,9318.158860434267,5001.275453179264,339.06952224944166,371.17819847114697,237.34866557460916,259.8247389298029,0.042067834603734276,7.941570972173595e-05,0.00021549256618749653,0.00021549256618749653,92.4718026179981,-92.4718026179981,150.83333333333334,-150.83333333333334,0.032503462066614065,-0.032503462066614065,0.019926986046136068,-0.019926986046136068,-0.032503462066614065,0.032503462066614065,-0.019926986046136068,0.019926986046136068,0.07457129667034834,0.009564372537120211,0.061994820649870344,0.02214084855759821,0.009564372537120211,0.07457129667034834,0.02214084855759821,0.061994820649870344,0.042067834603734276,0.042067834603734276,0.042067834603734276,0.042067834603734276,0.07457129667034834,0.061994820649870344,0.042067834603734276,0.042067834603734276,1.7726440491360305,1.4736869923028362,1.7726440491360305,0.014802984254608804,0.024754672574299183,0.004851295934918429,0.004851295934918429,0.024754672574299183,0.020609706266198805,0.008996262243018804,0.008996262243018804,0.020609706266198805,0.024754672574299183,0.020609706266198805,0.024754672574299183,0.024754672574299183,0.09901869029719673,0.09901869029719673,0.21,0.0,10.5,0.0,68488.46762419185,6633.265629461682,9559.966244549818,0.0,0.0,68488.46762419185,4806.208254329253,6926.7825596474995,6926.7825596474995,1.3333333333333333,0.0,0.0,68488.46762419185,0.0,0.0,51366.3507181439,0.0,0.0,0.0,0.0,68488.46762419185,51366.3507181439,4806.208254329253,3604.6561907469404,6926.7825596474995,5195.086919735626,6926.7825596474995,B,7.969150219455835,7.969150219455835,0.0
4,E-8--E-F.7,y,162.58333333333331,0.0,7.0,E-8,1,2.182129808984292,1.5081620495017913,628.125,,90,121576.62923941549,133089.50305501875,1.094696438679275,10.5,1.5,6.801140971199547,3857.9716666666664,76.75,26238.609167893665,341.87112922337025,48453.19592991767,631.3119990868752,2393.097904563592,4419.183993608127,4419.183993608127,631.3119990868753,631.3119990868753,441.91839936081266,441.91839936081266,460.7142857142857,4,17.0,0.9592027272947872,460.7142857142857,1,4,1600000,10.5,0.25,0.06788698494700854,65096.188865327706,5035858.239404801,215638.59903935093,0.012926533228429711,1.9034164917318572,0.0,106.36153071533525,0.0,56.221802617998065,0.0,32.2164666839376,11.374055456659343,2452685.3840699056,6947113.741722227,205761963.35244846,0.0,19003611160.623405,472.3523024097515,0.0,472.3523024097515,2738.4557065200547,3210.8080089298064,4419.183993608127,2393.0979045635922,341.8711292233703,374.2451076480857,239.3097904563592,261.97157535366,0.042067834603734276,7.941570972173595e-05,0.00021549256618749653,0.00021549256618749653,92.4718026179981,-92.4718026179981,150.83333333333334,-150.83333333333334,0.032503462066614065,-0.032503462066614065,0.019926986046136068,-0.019926986046136068,-0.032503462066614065,0.032503462066614065,-0.019926986046136068,0.019926986046136068,0.07457129667034834,0.009564372537120211,0.061994820649870344,0.02214084855759821,0.009564372537120211,0.07457129667034834,0.02214084855759821,0.061994820649870344,0.042067834603734276,0.042067834603734276,0.042067834603734276,0.042067834603734276,0.07457129667034834,0.061994820649870344,0.042067834603734276,0.042067834603734276,1.7726440491360305,1.4736869923028362,1.7726440491360305,0.014802984254608804,0.024754672574299183,0.004851295934918429,0.004851295934918429,0.024754672574299183,0.020609706266198805,0.008996262243018804,0.008996262243018804,0.020609706266198805,0.024754672574299183,0.020609706266198805,0.024754672574299183,0.024754672574299183,0.09901869029719673,0.09901869029719673,0.21,0.0,7.0,0.0,32481.002353019732,6628.77599041219,9523.18468904724,0.0,0.0,32481.002353019732,4997.0772850799585,7179.016150204842,7179.016150204842,1.3333333333333333,0.0,0.0,32481.002353019732,0.0,0.0,24360.751764764802,0.0,0.0,0.0,0.0,32481.002353019732,24360.751764764802,4997.0772850799585,3747.8079638099694,7179.016150204842,5384.262112653632,7179.016150204842,B,7.969150219455835,7.969150219455835,0.0
4,E-9--E-B.1,y,168.08333333333331,0.0,6.0,E-9,1,2.182129808984292,1.5081620495017913,1596.9450000000002,,90,121576.62923941549,133089.50305501875,1.094696438679275,10.5,1.75,6.801140971199547,4029.9941666666673,50.5,27408.558440611847,542.7437314972643,50613.66796470995,1002.2508507863357,3256.4623889835857,6013.505104718015,6013.505104718015,1002.2508507863358,1002.2508507863358,701.5755955504351,701.5755955504351,769.6428571428571,2,23.0,0.911559938534208,769.6428571428571,1,2,1600000,10.5,0.25,0.0822609248634942,73102.81418178767,5035858.239404801,215638.59903935093,0.014516455925976949,2.209840810068343,0.0,106.36153071533525,0.0,61.721802617998065,0.0,32.2164666839376,11.374055456659343,2452685.3840699056,6947113.741722227,278491085.98938406,0.0,19003611160.623405,582.3423904006818,0.0,582.3423904006818,3075.2770960669645,3657.6194864676463,6013.505104718015,3256.462388983586,542.7437314972643,594.1396299855559,379.920612048085,415.8977409898891,0.042067834603734276,7.941570972173595e-05,0.00021549256618749653,0.00021549256618749653,92.4718026179981,-92.4718026179981,150.83333333333334,-150.83333333333334,0.032503462066614065,-0.032503462066614065,0.019926986046136068,-0.019926986046136068,-0.032503462066614065,0.032503462066614065,-0.019926986046136068,0.019926986046136068,0.07457129667034834,0.009564372537120211,0.061994820649870344,0.02214084855759821,0.009564372537120211,0.07457129667034834,0.02214084855759821,0.061994820649870344,0.042067834603734276,0.042067834603734276,0.042067834603734276,0.042067834603734276,0.07457129667034834,0.061994820649870344,0.042067834603734276,0.042067834603734276,1.7726440491360305,1.4736869923028362,1.7726440491360305,0.014802984254608804,0.024754672574299183,0.004851295934918429,0.004851295934918429,0.024754672574299183,0.020609706266198805,0.008996262243018804,0.008996262243018804,0.020609706266198805,0.024754672574299183,0.020609706266198805,0.024754672574299183,0.024754672574299183,0.09901869029719673,0.09901869029719673,0.21,0.0,6.0,0.0,44199.26251967741,10523.633933256526,15118.70512614724,0.0,0.0,44199.26251967741,8036.229549032257,11545.19300542153,11545.19300542153,1.3333333333333333,0.0,0.0,44199.26251967741,0.0,0.0,33149.44688975806,0.0,0.0,0.0,0.0,44199.26251967741,33149.44688975806,8036.229549032257,6027.172161774192,11545.19300542153,8658.894754066147,11545.19300542153,C,11.54519300542153,11.54519300542153,223.95787451076285
4,E-9--E-B.6,y,168.08333333333331,0.0,12.0,E-9,1,2.182129808984292,1.5081620495017913,692.445,,90,121576.62923941549,133089.50305501875,1.094696438679275,10.5,0.875,6.801140971199547,4029.9941666666673,50.5,27408.558440611847,542.7437314972643,50613.66796470995,1002.2508507863357,6512.924777967171,12027.01020943603,12027.01020943603,1002.2508507863358,1002.2508507863358,701.5755955504351,701.5755955504351,769.6428571428571,2,23.0,0.911559938534208,769.6428571428571,1,2,1600000,10.5,0.25,0.060195016658661095,199800.76220654283,5035858.239404801,215638.59903935093,0.03967561291601364,6.039820534252129,0.0,106.36153071533525,0.0,61.721802617998065,0.0,32.2164666839376,11.374055456659343,2452685.3840699056,6947113.741722227,761157171.186841,0.0,19003611160.623405,1591.6275559227865,0.0,1591.6275559227865,8405.185418204886,9996.812974127673,12027.01020943603,6512.924777967172,542.7437314972643,594.1396299855559,379.920612048085,415.8977409898891,0.042067834603734276,7.941570972173595e-05,0.00021549256618749653,0.00021549256618749653,92.4718026179981,-92.4718026179981,150.83333333333334,-150.83333333333334,0.032503462066614065,-0.032503462066614065,0.019926986046136068,-0.019926986046136068,-0.032503462066614065,0.032503462066614065,-0.019926986046136068,0.019926986046136068,0.07457129667034834,0.009564372537120211,0.061994820649870344,0.02214084855759821,0.009564372537120211,0.07457129667034834,0.02214084855759821,0.061994820649870344,0.042067834603734276,0.042067834603734276,0.042067834603734276,0.042067834603734276,0.07457129667034834,0.061994820649870344,0.042067834603734276,0.042067834603734276,1.7726440491360305,1.4736869923028362,1.7726440491360305,0.014802984254608804,0.024754672574299183,0.004851295934918429,0.004851295934918429,0.024754672574299183,0.020609706266198805,0.008996262243018804,0.008996262243018804,0.020609706266198805,0.024754672574299183,0.020609706266198805,0.024754672574299183,0.024754672574299183,0.09901869029719673,0.09901869029719673,0.21,0.0,10.5,0.0,88398.52503935482,10523.633933256526,15118.70512614724,0.0,0.0,88398.52503935482,7686.828264291724,11043.228092142333,11043.228092142333,1.3333333333333333,0.0,0.0,88398.52503935482,0.0,0.0,66298.89377951612,0.0,0.0,0.0,0.0,88398.52503935482,66298.89377951612,7686.828264291724,5765.121198218793,11043.228092142333,8282.42106910675,11043.228092142333,C,11.54519300542153,11.54519300542153,447.9157490215257
4,E-9--E-C.5,y,168.08333333333331,0.0,8.5,E-9,1,2.182129808984292,1.5081620495017913,683.9583333333334,,90,121576.62923941549,133089.50305501875,1.094696438679275,10.5,1.2352941176470589,6.801140971199547,4029.9941666666673,50.5,27408.558440611847,542.7437314972643,50613.66796470995,1002.2508507863357,4613.321717726747,8519.132231683854,8519.132231683854,1002.2508507863358,1002.2508507863358,701.5755955504351,701.5755955504351,769.6428571428571,2,23.0,0.911559938534208,769.6428571428571,1,2,1600000,10.5,0.25,0.06928097886065121,122964.95187833405,5035858.239404801,215638.59903935093,0.024417873981470044,3.7171341747952873,0.0,106.36153071533525,0.0,61.721802617998065,0.0,32.2164666839376,11.374055456659343,2452685.3840699056,6947113.741722227,468444934.309534,0.0,19003611160.623405,979.5478438663675,0.0,979.5478438663675,5172.869257673901,6152.417101540269,8519.132231683854,4613.321717726747,542.7437314972643,594.1396299855559,379.920612048085,415.8977409898891,0.042067834603734276,7.941570972173595e-05,0.00021549256618749653,0.00021549256618749653,92.4718026179981,-92.4718026179981,150.83333333333334,-150.83333333333334,0.032503462066614065,-0.032503462066614065,0.019926986046136068,-0.019926986046136068,-0.032503462066614065,0.032503462066614065,-0.019926986046136068,0.019926986046136068,0.07457129667034834,0.009564372537120211,0.061994820649870344,0.02214084855759821,0.009564372537120211,0.07457129667034834,0.02214084855759821,0.061994820649870344,0.042067834603734276,0.042067834603734276,0.042067834603734276,0.042067834603734276,0.07457129667034834,0.061994820649870344,0.042067834603734276,0.042067834603734276,1.7726440491360305,1.4736869923028362,1.7726440491360305,0.014802984254608804,0.024754672574299183,0.004851295934918429,0.004851295934918429,0.024754672574299183,0.020609706266198805,0.008996262243018804,0.008996262243018804,0.020609706266198805,0.024754672574299183,0.020609706266198805,0.024754672574299183,0.024754672574299183,0.09901869029719673,0.09901869029719673,0.21,0.0,8.5,0.0,62615.62190287632,10523.633933256526,15118.70512614724,0.0,0.0,62615.62190287632,7826.95273785954,11244.53693757201,11244.53693757201,1.3333333333333333,0.0,0.0,62615.62190287632,0.0,0.0,46961.71642715725,0.0,0.0,0.0,0.0,62615.62190287632,46961.71642715725,7826.95273785954,5870.214553394656,11244.53693757201,8433.402703179006,11244.53693757201,C,11.54519300542153,11.54519300542153,317.2736555569145
4,E-9--E-F.4,y,168.08333333333331,0.0,24.0,E-9,1,2.182129808984292,1.5081620495017913,1056.6458333333335,,90,121576.62923941549,133089.50305501875,1.094696438679275,10.5,0.4375,6.801140971199547,4029.9941666666673,50.5,27408.558440611847,542.7437314972643,50613.66796470995,1002.2508507863357,13025.849555934343,24054.02041887206,24054.02041887206,1020.0248799954311,1002.2508507863358,714.0174159968017,701.5755955504351,769.6428571428571,2,23.0,0.9277256449146379,769.6428571428571,1,2,1600000,10.5,0.25,0.04987226905285186,482312.53311095486,5035858.239404801,215638.59903935093,0.09577563747464829,14.79055510572553,0.0,106.36153071533525,0.0,61.721802617998065,0.0,32.2164666839376,11.374055456659343,2452685.3840699056,6947113.741722227,1863952251.6791348,0.0,19003611160.623405,3897.6414845713857,0.0,3897.6414845713857,20582.955635318962,24480.597119890346,24480.597119890346,13100.939734579259,545.8724889408024,597.5646696164883,382.1107422585617,418.2952687315418,0.042067834603734276,7.941570972173595e-05,0.00021549256618749653,0.00021549256618749653,92.4718026179981,-92.4718026179981,150.83333333333334,-150.83333333333334,0.032503462066614065,-0.032503462066614065,0.019926986046136068,-0.019926986046136068,-0.032503462066614065,0.032503462066614065,-0.019926986046136068,0.019926986046136068,0.07457129667034834,0.009564372537120211,0.061994820649870344,0.02214084855759821,0.009564372537120211,0.07457129667034834,0.02214084855759821,0.061994820649870344,0.042067834603734276,0.042067834603734276,0.042067834603734276,0.042067834603734276,0.07457129667034834,0.061994820649870344,0.042067834603734276,0.042067834603734276,1.7726440491360305,1.4736869923028362,1.7726440491360305,0.014802984254608804,0.024754672574299183,0.004851295934918429,0.004851295934918429,0.024754672574299183,0.020609706266198805,0.008996262243018804,0.008996262243018804,0.020609706266198805,0.024754672574299183,0.020609706266198805,0.024754672574299183,0.024754672574299183,0.09901869029719673,0.09901869029719673,0.21,0.0,10.5,0.0,179932.38883119405,10710.261239952028,15451.785150498315,0.0,0.0,179932.38883119405,7656.697397072087,11046.38257567539,11046.38257567539,1.3333333333333333,0.0,0.0,179932.38883119405,0.0,0.0,134949.29162339555,0.0,0.0,0.0,0.0,179932.38883119405,134949.29162339555,7656.697397072087,5742.523047804066,11046.38257567539,8284.786931756544,11046.38257567539,C,11.54519300542153,11.54519300542153,953.372163842716
4,E-B,x,0.0,35.916666666666664,30.75,E-B,1,1.0,1.4562712252266798,1393.0416666666665,,0,121576.62923941549,133089.50305501875,1.094696438679275,10.5,0.34146341463414637,6.801140971199547,1393.0416666666665,30.75,9474.272753754767,308.1064310164152,17495.546013653737,568.9608459724792,9474.272753754767,17495.546013653737,17495.546013653737,710.9029576329788,568.9608459724792,497.6320703430851,398.27259218073544,600.0,3,19.0,0.8293867839051419,460.7142857142857,1,4,1600000,10.5,0.25,0.04091479279678454,427609.30259504326,4655239.278826249,207765.74462466798,0.09185549377450233,0.0,3.291220786843576,0.0,89.23599192213872,0.0,53.31932525547206,9.941666666666668,6.31166551226984,1311347.8849785798,2065537.777810241,0.0,1229405013.1264286,19003611160.623405,0.0,2506.1516188166884,2506.1516188166884,19354.11432839741,21860.2659472141,21860.2659472141,11902.014932259908,387.05739617105394,423.710353152926,270.94017731973776,296.5972472070482,0.04475562354841721,2.912475234420329e-05,0.00010086621612555897,0.00010086621612555897,198.83333333333334,-198.83333333333334,61.59734141119462,-61.59734141119462,0.0062130907515414,-0.0062130907515414,0.02005556597296531,-0.02005556597296531,-0.0062130907515414,0.0062130907515414,-0.02005556597296531,0.02005556597296531,0.05096871429995861,0.038542532796875806,0.06481118952138251,0.0247000575754519,0.038542532796875806,0.05096871429995861,0.0247000575754519,0.06481118952138251,0.04475562354841721,0.04475562354841721,0.04475562354841721,0.04475562354841721,0.05096871429995861,0.06481118952138251,0.04475562354841721,0.04475562354841721,1.1388225715327147,1.448112759534429,1.448112759534429,0.013920247658928207,0.01608657847299988,0.011753916844856535,0.011753916844856535,0.01608657847299988,0.021282050947892678,0.00655844436996373,0.00655844436996373,0.021282050947892678,0.01608657847299988,0.021282050947892678,0.013920247658928207,0.013920247658928207,0.05568099063571283,0.05568099063571283,0.21,1393.0416666666665,10.5,2114.1011743450763,160672.9547120236,7464.481055146277,10702.936669765526,9789.345487804874,52442.92225609755,118019.37794373094,3901.46703946218,4926.911853153566,4926.911853153566,1.3333333333333333,2416.1156278229446,1510.0722673893406,160672.9547120236,157.85288768443235,1409.4007828967174,120504.71603401774,118.38966576332429,1409.4007828967174,1208.0578139114723,100.67148449262271,162240.20838260476,123341.23578108186,5363.312673805116,4077.3962241679956,7719.511377119512,5899.456970467951,7719.511377119512,C,11.54519300542153,11.54519300542153,0.0
4,E-C,x,0.0,57.25,30.75,E-C,1,1.0,1.4562712252266798,657.4375,,0,121576.62923941549,133089.50305501875,1.094696438679275,10.5,0.34146341463414637,6.801140971199547,657.4375,30.75,4471.325117253002,145.40894690253666,8256.91600443979,268.5175936403184,4471.325117253002,8256.91600443979,8256.91600443979,395.72480726290627,268.5175936403184,277.00736508403435,187.96231554822288,310.7142857142857,6,14.0,0.8915179565922944,310.7142857142857,1,6,1600000,10.5,0.25,0.03243779584689553,254546.148678287,4655239.278826249,207765.74462466798,0.05467949839572309,0.0,3.7955781944383555,0.0,89.23599192213872,0.0,31.985991922138723,9.941666666666668,6.31166551226984,1311347.8849785798,2065537.777810241,0.0,258119376.5109541,19003611160.623405,0.0,877.1175303073361,877.1175303073361,11291.420293027031,12168.537823334367,12168.537823334367,6442.292595765145,209.5054502687852,229.34487029313712,146.65381518814965,160.54140920519598,0.04475562354841721,2.912475234420329e-05,0.00010086621612555897,0.00010086621612555897,198.83333333333334,-198.83333333333334,61.59734141119462,-61.59734141119462,0.0062130907515414,-0.0062130907515414,0.02005556597296531,-0.02005556597296531,-0.0062130907515414,0.0062130907515414,-0.02005556597296531,0.02005556597296531,0.05096871429995861,0.038542532796875806,0.06481118952138251,0.0247000575754519,0.038542532796875806,0.05096871429995861,0.0247000575754519,0.06481118952138251,0.04475562354841721,0.04475562354841721,0.04475562354841721,0.04475562354841721,0.05096871429995861,0.06481118952138251,0.04475562354841721,0.04475562354841721,1.1388225715327147,1.448112759534429,1.448112759534429,0.013920247658928207,0.01608657847299988,0.011753916844856535,0.011753916844856535,0.01608657847299988,0.021282050947892678,0.00655844436996373,0.00655844436996373,0.021282050947892678,0.01608657847299988,0.021282050947892678,0.013920247658928207,0.013920247658928207,0.05568099063571283,0.05568099063571283,0.21,657.4375,10.5,997.7371273712736,89438.7530015076,4155.1104762605155,6017.304046201726,4620.021768292682,24750.116615853654,69308.65815394664,2291.195310874269,3012.6871178855167,3012.6871178855167,1.3333333333333333,1140.271002710027,712.6693766937669,89438.7530015076,74.49770551038841,665.1580849141824,67079.0647511307,55.873279132791325,665.1580849141824,570.1355013550135,47.51129177958447,90178.40879193218,68417.74290831227,2981.104422873791,2261.7435672169345,4330.637394226159,3299.808545792802,4330.637394226159,C,11.54519300542153,11.54519300542153,0.0
4,E-D,x,0.0,75.16666666666667,30.75,E-D,1,1.0,1.4562712252266798,590.4375,,0,121576.62923941549,133089.50305501875,1.094696438679275,10.5,0.34146341463414637,6.801140971199547,590.4375,30.75,4015.6486721826323,130.59020072138642,7415.446857490512,241.1527433330248,4015.6486721826327,7415.446857490513,7415.446857490513,361.4498840447432,241.15274333302483,253.01491883132024,168.80692033311738,310.7142857142857,6,14.0,0.8143008881927548,310.7142857142857,1,6,1600000,10.5,0.25,0.030244409754367353,245184.0494728024,4655239.278826249,207765.74462466798,0.05266840967509236,0.0,4.823179893750121,0.0,89.23599192213872,0.0,14.069325255472052,9.941666666666668,6.31166551226984,1311347.8849785798,2065537.777810241,0.0,47533625.39444379,19003611160.623405,0.0,367.2186048640699,367.2186048640699,10747.365329511784,11114.583934375854,11114.583934375854,5847.701735465761,190.16916212896783,208.17750452920274,133.11841349027748,145.7242531704419,0.04475562354841721,2.912475234420329e-05,0.00010086621612555897,0.00010086621612555897,198.83333333333334,-198.83333333333334,61.59734141119462,-61.59734141119462,0.0062130907515414,-0.0062130907515414,0.02005556597296531,-0.02005556597296531,-0.0062130907515414,0.0062130907515414,-0.02005556597296531,0.02005556597296531,0.05096871429995861,0.038542532796875806,0.06481118952138251,0.0247000575754519,0.038542532796875806,0.05096871429995861,0.0247000575754519,0.06481118952138251,0.04475562354841721,0.04475562354841721,0.04475562354841721,0.04475562354841721,0.05096871429995861,0.06481118952138251,0.04475562354841721,0.04475562354841721,1.1388225715327147,1.448112759534429,1.448112759534429,0.013920247658928207,0.01608657847299988,0.011753916844856535,0.011753916844856535,0.01608657847299988,0.021282050947892678,0.00655844436996373,0.00655844436996373,0.021282050947892678,0.01608657847299988,0.021282050947892678,0.013920247658928207,0.013920247658928207,0.05568099063571283,0.05568099063571283,0.21,147.609375,10.5,224.0142276422764,81692.19191766252,3795.223782469804,5508.031001627558,1037.297881097561,5556.952934451219,77172.53686430887,2551.158243448227,3634.4215501099457,3634.4215501099457,1.3333333333333333,256.0162601626016,160.010162601626,81692.19191766252,16.726395663956637,149.34281842818427,61269.1439382469,12.544796747967482,149.34281842818427,128.0081300813008,10.667344173441734,81858.26113175465,61569.7070276778,2706.0582192315587,2035.3622157910017,3930.3307682055356,2959.385178888816,3930.3307682055356,C,11.54519300542153,11.54519300542153,0.0
4,E-B.1,x,0.0,38.854166666666664,30.75,E-B.1,1,1.0,1.4562712252266798,1715.1302083333333,,0,121576.62923941549,133089.50305501875,1.094696438679275,10.5,0.34146341463414637,6.801140971199547,1715.1302083333333,30.75,11664.842330837848,379.3444660435072,21540.73363154011,700.5116628143126,11664.842330837848,21540.73363154011,21540.73363154011,787.1784614040284,700.5116628143126,551.0249229828198,490.3581639700188,600.0,3,19.0,0.918374871638033,600.0,1,3,1600000,10.5,0.25,0.044541428631572684,483611.1973353097,4655239.278826249,207765.74462466798,0.10388535763026241,0.0,4.039585376941002,0.0,89.23599192213872,0.0,50.38182525547206,9.941666666666668,6.31166551226984,1311347.8849785798,2065537.777810241,0.0,1223173569.0988681,19003611160.623405,0.0,2638.8286928640146,2638.8286928640146,21566.90899530986,24205.737688173875,24205.737688173875,12488.382475479433,406.1262593651848,444.58496978120337,284.28838155562937,311.20947884684233,0.04475562354841721,2.912475234420329e-05,0.00010086621612555897,0.00010086621612555897,198.83333333333334,-198.83333333333334,61.59734141119462,-61.59734141119462,0.0062130907515414,-0.0062130907515414,0.02005556597296531,-0.02005556597296531,-0.0062130907515414,0.0062130907515414,-0.02005556597296531,0.02005556597296531,0.05096871429995861,0.038542532796875806,0.06481118952138251,0.0247000575754519,0.038542532796875806,0.05096871429995861,0.0247000575754519,0.06481118952138251,0.04475562354841721,0.04475562354841721,0.04475562354841721,0.04475562354841721,0.05096871429995861,0.06481118952138251,0.04475562354841721,0.04475562354841721,1.1388225715327147,1.448112759534429,1.448112759534429,0.013920247658928207,0.01608657847299988,0.011753916844856535,0.011753916844856535,0.01608657847299988,0.021282050947892678,0.00655844436996373,0.00655844436996373,0.021282050947892678,0.01608657847299988,0.021282050947892678,0.013920247658928207,0.013920247658928207,0.05568099063571283,0.05568099063571283,0.21,428.7825520833333,10.5,650.7269083107496,177912.17200807796,8265.373844742298,12075.895865130735,3013.1909489329264,16142.094369283535,164783.26858772736,5447.380779759582,7765.17198857857,7765.17198857857,1.3333333333333333,743.6878952122853,464.80493450767835,177912.17200807796,48.5876091538693,433.8179388738331,133434.1290060585,36.440706865401985,433.8179388738331,371.84394760614265,30.986995633845225,178394.57755610568,134307.2185950377,5897.341406813411,4439.908052728519,8624.742796462626,6502.361092583892,8624.742796462626,C,11.54519300542153,11.54519300542153,0.0
4,E-C.2,x,0.0,63.541666666666664,18.75,E-C.2,1,1.0,1.4562712252266798,561.4739583333334,,0,121576.62923941549,133089.50305501875,1.094696438679275,10.5,0.56,6.801140971199547,561.4739583333334,18.75,3818.6635422824206,203.66205558839576,7051.686757507231,376.0899604003857,3818.6635422824206,7051.686757507231,7051.686757507231,498.1691762809485,376.0899604003857,348.7184233966639,263.26297228026993,460.7142857142857,4,17.0,0.7569082058222163,310.7142857142857,1,6,1600000,10.5,0.25,0.038528241692427335,183026.4358753031,4655239.278826249,207765.74462466798,0.03931622520624774,0.0,2.4219371644738024,0.0,89.23599192213872,0.0,25.69432525547206,9.941666666666668,6.31166551226984,1311347.8849785798,2065537.777810241,0.0,129693068.70260647,19003611160.623405,0.0,548.6262151707656,548.6262151707656,8792.045840097018,9340.672055267783,9340.672055267783,5118.359043390961,272.9791489808513,298.82930222303713,191.0854042865959,209.180511556126,0.04475562354841721,2.912475234420329e-05,0.00010086621612555897,0.00010086621612555897,198.83333333333334,-198.83333333333334,61.59734141119462,-61.59734141119462,0.0062130907515414,-0.0062130907515414,0.02005556597296531,-0.02005556597296531,-0.0062130907515414,0.0062130907515414,-0.02005556597296531,0.02005556597296531,0.05096871429995861,0.038542532796875806,0.06481118952138251,0.0247000575754519,0.038542532796875806,0.05096871429995861,0.0247000575754519,0.06481118952138251,0.04475562354841721,0.04475562354841721,0.04475562354841721,0.04475562354841721,0.05096871429995861,0.06481118952138251,0.04475562354841721,0.04475562354841721,1.1388225715327147,1.448112759534429,1.448112759534429,0.013920247658928207,0.01608657847299988,0.011753916844856535,0.011753916844856535,0.01608657847299988,0.021282050947892678,0.00655844436996373,0.00655844436996373,0.021282050947892678,0.01608657847299988,0.021282050947892678,0.013920247658928207,0.013920247658928207,0.05568099063571283,0.05568099063571283,0.21,561.4739583333334,10.5,1397.4462962962964,68653.9396062182,5230.776350949958,7482.676623950931,6470.875075,34665.4021875,40459.412493718206,2216.954109244833,2435.1965125826705,2435.1965125826705,1.3333333333333333,1597.0814814814814,998.1759259259259,68653.9396062182,104.34265679012346,931.6308641975309,51490.45470466366,78.25699259259261,931.6308641975309,798.5407407407407,66.54506172839505,69689.91312720586,53365.42836392292,3818.6253768331976,2924.1330610368723,5494.90836884007,4241.509333454,5494.90836884007,E,13.421223656906177,13.421223656906177,0.0
4,E-C.5,x,0.0,72.375,18.75,E-C.5,1,1.0,1.4562712252266798,440.38541666666674,,0,121576.62923941549,133089.50305501875,1.094696438679275,10.5,0.56,6.801140971199547,440.38541666666674,18.75,2995.123300410451,159.73990935522406,5530.9065804686925,294.9816842916636,2995.123300410451,5530.9065804686925,5530.9065804686925,362.4454477450172,294.9816842916636,253.711813421512,206.48717900416452,310.7142857142857,6,14.0,0.8165437673336018,310.7142857142857,1,6,1600000,10.5,0.25,0.03520749849770553,157094.5627059855,4655239.278826249,207765.74462466798,0.03374575468558828,0.0,2.5334617284778185,0.0,89.23599192213872,0.0,16.860991922138723,9.941666666666668,6.31166551226984,1311347.8849785798,2065537.777810241,0.0,41469950.97137557,19003611160.623405,0.0,267.32982152384784,267.32982152384784,6528.522323695224,6795.852145219073,6795.852145219073,3273.5843814736963,174.59116701193048,191.12432875281883,122.21381690835133,133.78703012697318,0.04475562354841721,2.912475234420329e-05,0.00010086621612555897,0.00010086621612555897,198.83333333333334,-198.83333333333334,61.59734141119462,-61.59734141119462,0.0062130907515414,-0.0062130907515414,0.02005556597296531,-0.02005556597296531,-0.0062130907515414,0.0062130907515414,-0.02005556597296531,0.02005556597296531,0.05096871429995861,0.038542532796875806,0.06481118952138251,0.0247000575754519,0.038542532796875806,0.05096871429995861,0.0247000575754519,0.06481118952138251,0.04475562354841721,0.04475562354841721,0.04475562354841721,0.04475562354841721,0.05096871429995861,0.06481118952138251,0.04475562354841721,0.04475562354841721,1.1388225715327147,1.448112759534429,1.448112759534429,0.013920247658928207,0.01608657847299988,0.011753916844856535,0.011753916844856535,0.01608657847299988,0.021282050947892678,0.00655844436996373,0.00655844436996373,0.021282050947892678,0.01608657847299988,0.021282050947892678,0.013920247658928207,0.013920247658928207,0.05568099063571283,0.05568099063571283,0.21,440.38541666666674,10.5,1096.0703703703705,49949.51326736018,3805.6772013226805,5684.220008653548,5075.35385,27189.395625000005,27835.47149236017,1525.2313146498725,1777.1648252493167,1777.1648252493167,1.3333333333333333,1252.6518518518521,782.9074074074075,49949.51326736018,81.83992098765432,730.7135802469136,37462.13495052014,61.37994074074076,730.7135802469136,626.325925925926,52.19382716049384,50762.06676859474,38932.74822459422,2781.483110607931,2133.301272580505,4177.01340361901,3227.1379319633706,4177.01340361901,E,13.421223656906177,13.421223656906177,0.0
4,E-F.2,x,0.0,89.83333333333334,30.75,E-F.2,1,1.0,1.6694328046636246,1305.8020833333335,,0,121576.62923941549,133089.50305501875,1.094696438679275,10.5,0.34146341463414637,6.801140971199547,1305.8020833333335,30.75,8880.944049236059,288.8111885930426,16399.883061896868,533.3295304681908,8880.944049236059,16399.883061896868,16399.883061896868,604.5353117988423,533.3295304681908,423.17471825918955,373.3306713277335,460.7142857142857,4,17.0,0.91851876831452,460.7142857142857,1,4,1600000,10.5,0.25,0.039132726022277395,419083.58371355926,4655239.278826249,207765.74462466798,0.09002406935766041,0.0,8.128159735700256,0.0,89.23599192213872,0.0,0.5973414111946198,9.941666666666668,17.26135237981954,3586317.7304219916,2065537.777810241,0.0,147990.84928187728,19003611160.623405,0.0,26.928319142707643,26.928319142707643,18562.53251867169,18589.4608378144,18589.4608378144,9348.887352111953,304.0288569792505,332.8193069909162,212.82019988547535,232.9735148936413,0.04475562354841721,0.0001239078136132668,0.00010086621612555897,0.0001239078136132668,198.83333333333334,-198.83333333333334,61.59734141119462,-61.59734141119462,0.007632391898651063,-0.007632391898651063,0.024637003606771218,-0.024637003606771218,-0.007632391898651063,0.007632391898651063,-0.024637003606771218,0.024637003606771218,0.052388015447068274,0.03712323164976614,0.06939262715518843,0.02011861994164599,0.03712323164976614,0.052388015447068274,0.02011861994164599,0.06939262715518843,0.04475562354841721,0.04475562354841721,0.04475562354841721,0.04475562354841721,0.052388015447068274,0.06939262715518843,0.04475562354841721,0.04475562354841721,1.1705348131368172,1.550478390276891,1.550478390276891,0.013920247658928207,0.01585260752199779,0.011987887795858625,0.011987887795858625,0.01585260752199779,0.020677551192333082,0.007162944125523332,0.007162944125523332,0.020677551192333082,0.01585260752199779,0.020677551192333082,0.013920247658928207,0.013920247658928207,0.05568099063571283,0.05568099063571283,0.21,81.61263020833334,10.5,123.85656616982837,136632.53715793582,6347.620773887844,9352.685322083762,573.5178296493903,3072.4169445503053,134133.6380430349,4434.169852662311,6497.556273786585,6497.556273786585,1.3333333333333333,141.5503613369467,88.46897583559169,136632.53715793582,9.247956940680517,82.5710441132189,102474.40286845189,6.93596770551039,82.5710441132189,70.77518066847335,5.897931722372779,136724.3561589897,102640.58299266145,4519.813426743462,3393.0771237243457,6661.163291238372,5002.306575762277,6661.163291238372,E,13.421223656906177,13.421223656906177,0.0
4,E-G--E-2,x,0.0,114.58333333333334,11.75,E-G,2,1.0,1.6694328046636246,1365.125,,0,121576.62923941549,133089.50305501875,1.094696438679275,10.5,0.8936170212765957,6.801140971199547,4824.0,52.0,32808.70404506661,630.936616251281,60585.77858034801,1165.111126545154,7413.5052409525515,13690.05573690556,13690.05573690556,1165.111126545154,1165.111126545154,815.5777885816078,815.5777885816078,921.4285714285714,4,17.0,0.8851231814063961,921.4285714285714,2,4,1600000,10.5,0.25,0.05315658751080119,257542.03529569687,4655239.278826249,207765.74462466798,0.055323049980930815,0.0,5.757213731686107,0.0,89.23599192213872,0.0,25.34734141119462,9.941666666666668,17.26135237981954,3586317.7304219916,2065537.777810241,0.0,165467594.18968242,19003611160.623405,0.0,709.541080311501,709.541080311501,11526.454379587387,12235.995459898888,13690.05573690556,7413.5052409525515,630.936616251281,690.6840668426297,441.65563137589663,483.47884678984076,0.04475562354841721,0.0001239078136132668,0.00010086621612555897,0.0001239078136132668,198.83333333333334,-198.83333333333334,61.59734141119462,-61.59734141119462,0.007632391898651063,-0.007632391898651063,0.024637003606771218,-0.024637003606771218,-0.007632391898651063,0.007632391898651063,-0.024637003606771218,0.024637003606771218,0.052388015447068274,0.03712323164976614,0.06939262715518843,0.02011861994164599,0.03712323164976614,0.052388015447068274,0.02011861994164599,0.06939262715518843,0.04475562354841721,0.04475562354841721,0.04475562354841721,0.04475562354841721,0.052388015447068274,0.06939262715518843,0.04475562354841721,0.04475562354841721,1.1705348131368172,1.550478390276891,1.550478390276891,0.013920247658928207,0.01585260752199779,0.011987887795858625,0.011987887795858625,0.01585260752199779,0.020677551192333082,0.007162944125523332,0.007162944125523332,0.020677551192333082,0.01585260752199779,0.020677551192333082,0.013920247658928207,0.013920247658928207,0.05568099063571283,0.05568099063571283,0.21,0.0,10.5,0.0,100621.90966625587,12233.666828724117,17575.41193166285,0.0,0.0,100621.90966625587,8944.169748111633,12849.578945593506,12849.578945593506,1.3333333333333333,0.0,0.0,100621.90966625587,0.0,0.0,75466.4322496919,0.0,0.0,0.0,0.0,100621.90966625587,75466.4322496919,8944.169748111633,6708.127311083725,12849.578945593506,9637.18420919513,12849.578945593506,E,13.421223656906177,13.421223656906177,1232.6621640663434
4,E-G--E-2.7,x,0.0,114.58333333333334,6.75,E-G,2,1.0,1.6694328046636246,469.0,,0,121576.62923941549,133089.50305501875,1.094696438679275,10.5,1.5555555555555556,6.801140971199547,4824.0,52.0,32808.70404506661,630.936616251281,60585.77858034801,1165.111126545154,4258.822159696147,7864.5001041797905,7864.5001041797905,1165.111126545154,1165.111126545154,815.5777885816078,815.5777885816078,921.4285714285714,4,17.0,0.8851231814063961,921.4285714285714,2,4,1600000,10.5,0.25,0.070321113428889,111836.9678849387,4655239.278826249,207765.74462466798,0.02402389247607843,0.0,2.5000552879767715,0.0,89.23599192213872,0.0,25.34734141119462,9.941666666666668,17.26135237981954,3586317.7304219916,2065537.777810241,0.0,71853878.12961334,19003611160.623405,0.0,308.1163931966795,308.1163931966795,5005.333233454741,5313.449626651421,7864.5001041797905,4258.822159696147,630.936616251281,690.6840668426297,441.65563137589663,483.47884678984076,0.04475562354841721,0.0001239078136132668,0.00010086621612555897,0.0001239078136132668,198.83333333333334,-198.83333333333334,61.59734141119462,-61.59734141119462,0.007632391898651063,-0.007632391898651063,0.024637003606771218,-0.024637003606771218,-0.007632391898651063,0.007632391898651063,-0.024637003606771218,0.024637003606771218,0.052388015447068274,0.03712323164976614,0.06939262715518843,0.02011861994164599,0.03712323164976614,0.052388015447068274,0.02011861994164599,0.06939262715518843,0.04475562354841721,0.04475562354841721,0.04475562354841721,0.04475562354841721,0.052388015447068274,0.06939262715518843,0.04475562354841721,0.04475562354841721,1.1705348131368172,1.550478390276891,1.550478390276891,0.013920247658928207,0.01585260752199779,0.011987887795858625,0.011987887795858625,0.01585260752199779,0.020677551192333082,0.007162944125523332,0.007162944125523332,0.020677551192333082,0.01585260752199779,0.020677551192333082,0.013920247658928207,0.013920247658928207,0.05568099063571283,0.05568099063571283,0.21,0.0,6.75,0.0,57804.075765721456,12233.666828724117,17575.41193166285,0.0,0.0,57804.075765721456,9248.652122515434,13287.011420337116,13287.011420337116,1.3333333333333333,0.0,0.0,57804.075765721456,0.0,0.0,43353.056824291096,0.0,0.0,0.0,0.0,57804.075765721456,43353.056824291096,9248.652122515434,6936.489091886575,13287.011420337116,9965.258565252836,13287.011420337116,E,13.421223656906177,13.421223656906177,708.1250729742824
4,E-G--E-3.4,x,0.0,114.58333333333334,7.75,E-G,2,1.0,1.6694328046636246,536.0,,0,121576.62923941549,133089.50305501875,1.094696438679275,10.5,1.3548387096774193,6.801140971199547,4824.0,52.0,32808.70404506661,630.936616251281,60585.77858034801,1165.111126545154,4889.758775947427,9029.611230724944,9029.611230724944,1165.111126545154,1165.111126545154,815.5777885816078,815.5777885816078,921.4285714285714,4,17.0,0.8851231814063961,921.4285714285714,2,4,1600000,10.5,0.25,0.06511638621501721,138668.80144283138,4655239.278826249,207765.74462466798,0.029787685044149807,0.0,3.0998665010412854,0.0,89.23599192213872,0.0,25.34734141119462,9.941666666666668,17.26135237981954,3586317.7304219916,2065537.777810241,0.0,89093001.60483529,19003611160.623405,0.0,382.0394254020697,382.0394254020697,6206.208675285574,6588.248100687643,9029.611230724944,4889.758775947427,630.936616251281,690.6840668426297,441.65563137589663,483.47884678984076,0.04475562354841721,0.0001239078136132668,0.00010086621612555897,0.0001239078136132668,198.83333333333334,-198.83333333333334,61.59734141119462,-61.59734141119462,0.007632391898651063,-0.007632391898651063,0.024637003606771218,-0.024637003606771218,-0.007632391898651063,0.007632391898651063,-0.024637003606771218,0.024637003606771218,0.052388015447068274,0.03712323164976614,0.06939262715518843,0.02011861994164599,0.03712323164976614,0.052388015447068274,0.02011861994164599,0.06939262715518843,0.04475562354841721,0.04475562354841721,0.04475562354841721,0.04475562354841721,0.052388015447068274,0.06939262715518843,0.04475562354841721,0.04475562354841721,1.1705348131368172,1.550478390276891,1.550478390276891,0.013920247658928207,0.01585260752199779,0.011987887795858625,0.011987887795858625,0.01585260752199779,0.020677551192333082,0.007162944125523332,0.007162944125523332,0.020677551192333082,0.01585260752199779,0.020677551192333082,0.013920247658928207,0.013920247658928207,0.05568099063571283,0.05568099063571283,0.21,0.0,7.75,0.0,66367.64254582833,12233.666828724117,17575.41193166285,0.0,0.0,66367.64254582833,9154.157592528047,13151.256514382201,13151.256514382201,1.3333333333333333,0.0,0.0,66367.64254582833,0.0,0.0,49775.73190937126,0.0,0.0,0.0,0.0,66367.64254582833,49775.73190937126,9154.157592528047,6865.6181943960355,13151.256514382201,9863.442385786651,13151.256514382201,E,13.421223656906177,13.421223656906177,813.0324911926946
4,E-G--E-3.8,x,0.0,114.58333333333334,6.0,E-G,2,1.0,1.6694328046636246,418.75,,0,121576.62923941549,133089.50305501875,1.094696438679275,10.5,1.75,6.801140971199547,4824.0,52.0,32808.70404506661,630.936616251281,60585.77858034801,1165.111126545154,3785.6196975076855,6990.666759270925,6990.666759270925,1165.111126545154,1165.111126545154,815.5777885816078,815.5777885816078,921.4285714285714,4,17.0,0.8851231814063961,921.4285714285714,2,4,1600000,10.5,0.25,0.0753631929173273,92759.694602372,4655239.278826249,207765.74462466798,0.019925870411060805,0.0,2.073593100631634,0.0,89.23599192213872,0.0,25.34734141119462,9.941666666666668,17.26135237981954,3586317.7304219916,2065537.777810241,0.0,59596964.37904409,19003611160.623405,0.0,255.55755914549778,255.55755914549778,4151.517972089909,4407.075531235407,6990.666759270925,3785.6196975076855,630.936616251281,690.6840668426297,441.65563137589663,483.47884678984076,0.04475562354841721,0.0001239078136132668,0.00010086621612555897,0.0001239078136132668,198.83333333333334,-198.83333333333334,61.59734141119462,-61.59734141119462,0.007632391898651063,-0.007632391898651063,0.024637003606771218,-0.024637003606771218,-0.007632391898651063,0.007632391898651063,-0.024637003606771218,0.024637003606771218,0.052388015447068274,0.03712323164976614,0.06939262715518843,0.02011861994164599,0.03712323164976614,0.052388015447068274,0.02011861994164599,0.06939262715518843,0.04475562354841721,0.04475562354841721,0.04475562354841721,0.04475562354841721,0.052388015447068274,0.06939262715518843,0.04475562354841721,0.04475562354841721,1.1705348131368172,1.550478390276891,1.550478390276891,0.013920247658928207,0.01585260752199779,0.011987887795858625,0.011987887795858625,0.01585260752199779,0.020677551192333082,0.007162944125523332,0.007162944125523332,0.020677551192333082,0.01585260752199779,0.020677551192333082,0.013920247658928207,0.013920247658928207,0.05568099063571283,0.05568099063571283,0.21,0.0,6.0,0.0,51381.400680641294,12233.66682872412,17575.41193166285,0.0,0.0,51381.400680641294,9342.07285102569,13421.223656906177,13421.223656906177,1.3333333333333333,0.0,0.0,51381.400680641294,0.0,0.0,38536.05051048097,0.0,0.0,0.0,0.0,51381.400680641294,38536.05051048097,9342.07285102569,7006.554638269267,13421.223656906177,10065.917742679632,13421.223656906177,E,13.421223656906177,13.421223656906177,629.4445093104732
4,E-G--E-4.4,x,0.0,114.58333333333334,12.25,E-G,2,1.0,1.6694328046636246,829.125,,0,121576.62923941549,133089.50305501875,1.094696438679275,10.5,0.8571428571428571,6.801140971199547,4824.0,52.0,32808.70404506661,630.936616251281,60585.77858034801,1165.111126545154,7728.973549078191,14272.611300178138,14272.611300178138,1165.111126545154,1165.111126545154,815.5777885816078,815.5777885816078,921.4285714285714,4,17.0,0.8851231814063961,921.4285714285714,2,4,1600000,10.5,0.25,0.052210787103069825,273365.1816434492,4655239.278826249,207765.74462466798,0.05872204741157242,0.0,6.110931660983223,0.0,89.23599192213872,0.0,25.34734141119462,9.941666666666668,17.26135237981954,3586317.7304219916,2065537.777810241,0.0,175633771.35632524,19003611160.623405,0.0,753.1346332653739,753.1346332653739,12234.629160878902,12987.763794144275,14272.611300178138,7728.973549078191,630.936616251281,690.6840668426297,441.65563137589663,483.47884678984076,0.04475562354841721,0.0001239078136132668,0.00010086621612555897,0.0001239078136132668,198.83333333333334,-198.83333333333334,61.59734141119462,-61.59734141119462,0.007632391898651063,-0.007632391898651063,0.024637003606771218,-0.024637003606771218,-0.007632391898651063,0.007632391898651063,-0.024637003606771218,0.024637003606771218,0.052388015447068274,0.03712323164976614,0.06939262715518843,0.02011861994164599,0.03712323164976614,0.052388015447068274,0.02011861994164599,0.06939262715518843,0.04475562354841721,0.04475562354841721,0.04475562354841721,0.04475562354841721,0.052388015447068274,0.06939262715518843,0.04475562354841721,0.04475562354841721,1.1705348131368172,1.550478390276891,1.550478390276891,0.013920247658928207,0.01585260752199779,0.011987887795858625,0.011987887795858625,0.01585260752199779,0.020677551192333082,0.007162944125523332,0.007162944125523332,0.020677551192333082,0.01585260752199779,0.020677551192333082,0.013920247658928207,0.013920247658928207,0.05568099063571283,0.05568099063571283,0.21,0.0,10.5,0.0,104903.6930563093,12233.66682872412,17575.41193166285,0.0,0.0,104903.6930563093,8927.973877132707,12826.311260766717,12826.311260766717,1.3333333333333333,0.0,0.0,104903.6930563093,0.0,0.0,78677.76979223198,0.0,0.0,0.0,0.0,104903.6930563093,78677.76979223198,8927.973877132707,6695.98040784953,12826.311260766717,9619.733445575039,12826.311260766717,E,13.421223656906177,13.421223656906177,1285.1158731755495
4,E-G--E-7,x,0.0,114.58333333333334,7.5,E-G,2,1.0,1.6694328046636246,1206.0,,0,121576.62923941549,133089.50305501875,1.094696438679275,10.5,1.4,6.801140971199547,4824.0,52.0,32808.70404506661,630.936616251281,60585.77858034801,1165.111126545154,4732.024621884607,8738.333449088655,8738.333449088655,1165.111126545154,1165.111126545154,815.5777885816078,815.5777885816078,921.4285714285714,4,17.0,0.8851231814063961,921.4285714285714,2,4,1600000,10.5,0.25,0.06628744983813836,131824.8547866307,4655239.278826249,207765.74462466798,0.02831752502738558,0.0,2.9468737531864884,0.0,89.23599192213872,0.0,25.34734141119462,9.941666666666668,17.26135237981954,3586317.7304219916,2065537.777810241,0.0,84695849.94505352,19003611160.623405,0.0,363.18401293140477,363.18401293140477,5899.903575155207,6263.087588086612,8738.333449088655,4732.024621884607,630.936616251281,690.6840668426297,441.65563137589663,483.47884678984076,0.04475562354841721,0.0001239078136132668,0.00010086621612555897,0.0001239078136132668,198.83333333333334,-198.83333333333334,61.59734141119462,-61.59734141119462,0.007632391898651063,-0.007632391898651063,0.024637003606771218,-0.024637003606771218,-0.007632391898651063,0.007632391898651063,-0.024637003606771218,0.024637003606771218,0.052388015447068274,0.03712323164976614,0.06939262715518843,0.02011861994164599,0.03712323164976614,0.052388015447068274,0.02011861994164599,0.06939262715518843,0.04475562354841721,0.04475562354841721,0.04475562354841721,0.04475562354841721,0.052388015447068274,0.06939262715518843,0.04475562354841721,0.04475562354841721,1.1705348131368172,1.550478390276891,1.550478390276891,0.013920247658928207,0.01585260752199779,0.011987887795858625,0.011987887795858625,0.01585260752199779,0.020677551192333082,0.007162944125523332,0.007162944125523332,0.020677551192333082,0.01585260752199779,0.020677551192333082,0.013920247658928207,0.013920247658928207,0.05568099063571283,0.05568099063571283,0.21,0.0,7.5,0.0,64226.75085080162,12233.666828724117,17575.41193166285,0.0,0.0,64226.75085080162,9175.250121543088,13181.558948747135,13181.558948747135,1.3333333333333333,0.0,0.0,64226.75085080162,0.0,0.0,48170.06313810122,0.0,0.0,0.0,0.0,64226.75085080162,48170.06313810122,9175.250121543088,6881.437591157317,13181.558948747135,9886.169211560353,13181.558948747135,D,13.181558948747135,13.181558948747135,786.8056366380915
4,E-H--E-1.2,x,0.0,120.08333333333334,23.25,E-H,1,1.0,1.6694328046636246,915.555,,0,121576.62923941549,133089.50305501875,1.094696438679275,10.5,0.45161290322580644,6.801140971199547,5055.15,118.91,34380.78778055939,289.1328549370061,63488.84713732302,533.9235315559921,6722.338877285391,12413.722108676817,12413.722108676817,608.2208081359245,533.9235315559921,425.7545656951471,373.74647208919447,460.7142857142857,4,17.0,0.9241184371677611,460.7142857142857,1,4,1600000,10.5,0.25,0.041915811518959796,296158.4580811876,4655239.278826249,207765.74462466798,0.0636183105406044,0.0,7.664330662021551,0.0,89.23599192213872,0.0,30.84734141119462,9.941666666666668,17.26135237981954,3586317.7304219916,2065537.777810241,0.0,279703622.3702286,19003611160.623405,0.0,985.547039148554,985.547039148554,13155.58675001169,14141.133789160243,14141.133789160243,7145.855507306728,307.34862397018185,336.4534440931337,215.14403677912728,235.5174108651936,0.04475562354841721,0.0001239078136132668,0.00010086621612555897,0.0001239078136132668,198.83333333333334,-198.83333333333334,61.59734141119462,-61.59734141119462,0.007632391898651063,-0.007632391898651063,0.024637003606771218,-0.024637003606771218,-0.007632391898651063,0.007632391898651063,-0.024637003606771218,0.024637003606771218,0.052388015447068274,0.03712323164976614,0.06939262715518843,0.02011861994164599,0.03712323164976614,0.052388015447068274,0.02011861994164599,0.06939262715518843,0.04475562354841721,0.04475562354841721,0.04475562354841721,0.04475562354841721,0.052388015447068274,0.06939262715518843,0.04475562354841721,0.04475562354841721,1.1705348131368172,1.550478390276891,1.550478390276891,0.013920247658928207,0.01585260752199779,0.011987887795858625,0.011987887795858625,0.01585260752199779,0.020677551192333082,0.007162944125523332,0.007162944125523332,0.020677551192333082,0.01585260752199779,0.020677551192333082,0.013920247658928207,0.013920247658928207,0.05568099063571283,0.05568099063571283,0.21,0.0,10.5,0.0,103937.3333503278,6386.318485427208,9395.040327084633,0.0,0.0,103937.3333503278,4568.673993421002,6721.067310914391,6721.067310914391,1.3333333333333333,0.0,0.0,103937.3333503278,0.0,0.0,77953.00001274585,0.0,0.0,0.0,0.0,103937.3333503278,77953.00001274585,4568.673993421002,3426.5054950657513,6721.067310914391,5040.800483185793,6721.067310914391,D,13.181558948747135,13.181558948747135,0.0
4,E-H--E-2.4,x,0.0,120.08333333333334,12.33,E-H,1,1.0,1.6694328046636246,625.11,,0,121576.62923941549,133089.50305501875,1.094696438679275,10.5,0.851581508515815,6.801140971199547,5055.15,118.91,34380.78778055939,289.1328549370061,63488.84713732302,533.9235315559921,3565.0081013732847,6583.277144085383,6583.277144085383,544.0634521446823,533.9235315559921,380.8444165012776,373.74647208919447,460.7142857142857,4,17.0,0.8266390435686645,460.7142857142857,1,4,1600000,10.5,0.25,0.0477715477385868,137807.49118931795,4655239.278826249,207765.74462466798,0.0296026654990899,0.0,3.2667546692952376,0.0,89.23599192213872,0.0,30.84734141119462,9.941666666666668,17.26135237981954,3586317.7304219916,2065537.777810241,0.0,132686423.83313549,19003611160.623405,0.0,467.52598709953537,467.52598709953537,6240.776377844398,6708.302364943933,6708.302364943933,3605.192009272627,292.3918904519568,320.0803611764578,204.67432331636974,224.05625282352045,0.04475562354841721,0.0001239078136132668,0.00010086621612555897,0.0001239078136132668,198.83333333333334,-198.83333333333334,61.59734141119462,-61.59734141119462,0.007632391898651063,-0.007632391898651063,0.024637003606771218,-0.024637003606771218,-0.007632391898651063,0.007632391898651063,-0.024637003606771218,0.024637003606771218,0.052388015447068274,0.03712323164976614,0.06939262715518843,0.02011861994164599,0.03712323164976614,0.052388015447068274,0.02011861994164599,0.06939262715518843,0.04475562354841721,0.04475562354841721,0.04475562354841721,0.04475562354841721,0.052388015447068274,0.06939262715518843,0.04475562354841721,0.04475562354841721,1.1705348131368172,1.550478390276891,1.550478390276891,0.013920247658928207,0.01585260752199779,0.011987887795858625,0.011987887795858625,0.01585260752199779,0.020677551192333082,0.007162944125523332,0.007162944125523332,0.020677551192333082,0.01585260752199779,0.020677551192333082,0.013920247658928207,0.013920247658928207,0.05568099063571283,0.05568099063571283,0.21,0.0,10.5,0.0,49306.0223823379,5712.666247519164,8229.381864446419,0.0,0.0,49306.0223823379,4167.880167568715,6004.040141338718,6004.040141338718,1.3333333333333333,0.0,0.0,49306.0223823379,0.0,0.0,36979.51678675343,0.0,0.0,0.0,0.0,49306.0223823379,36979.51678675343,4167.880167568715,3125.910125676537,6004.040141338718,4503.03010600404,6004.040141338718,D,13.181558948747135,13.181558948747135,0.0
4,E-H--E-3.1,x,0.0,120.08333333333334,20.0,E-H,1,1.0,1.6694328046636246,859.61,,0,121576.62923941549,133089.50305501875,1.094696438679275,10.5,0.525,6.801140971199547,5055.15,118.91,34380.78778055939,289.1328549370061,63488.84713732302,533.9235315559921,5782.657098740121,10678.470631119842,10678.470631119842,603.7903949870531,533.9235315559921,422.6532764909372,373.74647208919447,460.7142857142857,4,17.0,0.9173869567245148,460.7142857142857,1,4,1600000,10.5,0.25,0.04340177786429009,246037.6315576193,4655239.278826249,207765.74462466798,0.05285176911886989,0.0,6.310209881932393,0.0,89.23599192213872,0.0,30.84734141119462,9.941666666666668,17.26135237981954,3586317.7304219916,2065537.777810241,0.0,238852645.2662305,19003611160.623405,0.0,841.6069671895287,841.6069671895287,11234.200932551534,12075.807899741063,12075.807899741063,6158.105709103679,307.90528545518396,337.06281943831544,215.53369981862875,235.9439736068208,0.04475562354841721,0.0001239078136132668,0.00010086621612555897,0.0001239078136132668,198.83333333333334,-198.83333333333334,61.59734141119462,-61.59734141119462,0.007632391898651063,-0.007632391898651063,0.024637003606771218,-0.024637003606771218,-0.007632391898651063,0.007632391898651063,-0.024637003606771218,0.024637003606771218,0.052388015447068274,0.03712323164976614,0.06939262715518843,0.02011861994164599,0.03712323164976614,0.052388015447068274,0.02011861994164599,0.06939262715518843,0.04475562354841721,0.04475562354841721,0.04475562354841721,0.04475562354841721,0.052388015447068274,0.06939262715518843,0.04475562354841721,0.04475562354841721,1.1705348131368172,1.550478390276891,1.550478390276891,0.013920247658928207,0.01585260752199779,0.011987887795858625,0.011987887795858625,0.01585260752199779,0.020677551192333082,0.007162944125523332,0.007162944125523332,0.020677551192333082,0.01585260752199779,0.020677551192333082,0.013920247658928207,0.013920247658928207,0.05568099063571283,0.05568099063571283,0.21,0.0,10.5,0.0,88757.18806309681,6339.799147364058,9298.65024268275,0.0,0.0,88757.18806309681,4551.6506699024,6675.954020387615,6675.954020387615,1.3333333333333333,0.0,0.0,88757.18806309681,0.0,0.0,66567.89104732261,0.0,0.0,0.0,0.0,88757.18806309681,66567.89104732261,4551.6506699024,3413.738002426801,6675.954020387615,5006.965515290712,6675.954020387615,D,13.181558948747135,13.181558948747135,0.0
4,E-H--E-4.1,x,0.0,120.08333333333334,27.0,E-H,1,1.0,1.6694328046636246,1105.5,,0,121576.62923941549,133089.50305501875,1.094696438679275,10.5,0.3888888888888889,6.801140971199547,5055.15,118.91,34380.78778055939,289.1328549370061,63488.84713732302,533.9235315559921,7806.587083299164,14415.935352011787,14415.935352011787,610.7489831615271,533.9235315559921,427.524288213069,373.74647208919447,460.7142857142857,4,17.0,0.9279596953461963,460.7142857142857,1,4,1600000,10.5,0.25,0.0405765828131346,355277.2153929474,4655239.278826249,207765.74462466798,0.07631771303547803,0.0,9.254973387484183,0.0,89.23599192213872,0.0,30.84734141119462,9.941666666666668,17.26135237981954,3586317.7304219916,2065537.777810241,0.0,326167268.3674291,19003611160.623405,0.0,1149.263577220324,1149.263577220324,15340.95896814091,16490.222545361234,16490.222545361234,8280.913418527201,306.7004969824889,335.74394178789436,214.69034788774223,235.02075925152604,0.04475562354841721,0.0001239078136132668,0.00010086621612555897,0.0001239078136132668,198.83333333333334,-198.83333333333334,61.59734141119462,-61.59734141119462,0.007632391898651063,-0.007632391898651063,0.024637003606771218,-0.024637003606771218,-0.007632391898651063,0.007632391898651063,-0.024637003606771218,0.024637003606771218,0.052388015447068274,0.03712323164976614,0.06939262715518843,0.02011861994164599,0.03712323164976614,0.052388015447068274,0.02011861994164599,0.06939262715518843,0.04475562354841721,0.04475562354841721,0.04475562354841721,0.04475562354841721,0.052388015447068274,0.06939262715518843,0.04475562354841721,0.04475562354841721,1.1705348131368172,1.550478390276891,1.550478390276891,0.013920247658928207,0.01585260752199779,0.011987887795858625,0.011987887795858625,0.01585260752199779,0.020677551192333082,0.007162944125523332,0.007162944125523332,0.020677551192333082,0.01585260752199779,0.020677551192333082,0.013920247658928207,0.013920247658928207,0.05568099063571283,0.05568099063571283,0.21,0.0,10.5,0.0,121203.13570840505,6412.864323196036,9453.349184986419,0.0,0.0,121203.13570840505,4573.703234279436,6742.199984763898,6742.199984763898,1.3333333333333333,0.0,0.0,121203.13570840505,0.0,0.0,90902.3517813038,0.0,0.0,0.0,0.0,121203.13570840505,90902.3517813038,4573.703234279436,3430.2774257095775,6742.199984763898,5056.649988572924,6742.199984763898,D,13.181558948747135,13.181558948747135,0.0
4,E-H--E-7,x,0.0,120.08333333333334,13.0,E-H,1,1.0,1.6694328046636246,628.125,,0,121576.62923941549,133089.50305501875,1.094696438679275,10.5,0.8076923076923077,6.801140971199547,5055.15,118.91,34380.78778055939,289.1328549370061,63488.84713732302,533.9235315559921,3758.727114181079,6941.005910227897,6941.005910227897,556.0397992349849,533.9235315559921,389.2278594644894,373.74647208919447,460.7142857142857,4,17.0,0.8448356639539305,460.7142857142857,1,4,1600000,10.5,0.25,0.04741147080096392,146399.29521205195,4655239.278826249,207765.74462466798,0.03144828577940776,0.0,3.520084762345192,0.0,89.23599192213872,0.0,30.84734141119462,9.941666666666668,17.26135237981954,3586317.7304219916,2065537.777810241,0.0,142975982.5845325,19003611160.623405,0.0,503.7816640037176,503.7816640037176,6724.735726051086,7228.517390054803,7228.517390054803,3861.65091426484,297.05007032806463,325.17965409756056,207.93504922964524,227.62575786829237,0.04475562354841721,0.0001239078136132668,0.00010086621612555897,0.0001239078136132668,198.83333333333334,-198.83333333333334,61.59734141119462,-61.59734141119462,0.007632391898651063,-0.007632391898651063,0.024637003606771218,-0.024637003606771218,-0.007632391898651063,0.007632391898651063,-0.024637003606771218,0.024637003606771218,0.052388015447068274,0.03712323164976614,0.06939262715518843,0.02011861994164599,0.03712323164976614,0.052388015447068274,0.02011861994164599,0.06939262715518843,0.04475562354841721,0.04475562354841721,0.04475562354841721,0.04475562354841721,0.052388015447068274,0.06939262715518843,0.04475562354841721,0.04475562354841721,1.1705348131368172,1.550478390276891,1.550478390276891,0.013920247658928207,0.01585260752199779,0.011987887795858625,0.011987887795858625,0.01585260752199779,0.020677551192333082,0.007162944125523332,0.007162944125523332,0.020677551192333082,0.01585260752199779,0.020677551192333082,0.013920247658928207,0.013920247658928207,0.05568099063571283,0.05568099063571283,0.21,0.0,10.5,0.0,53129.60281690281,5838.417891967341,8428.315181036543,0.0,0.0,53129.60281690281,4250.368225352225,6135.813451794604,6135.813451794604,1.3333333333333333,0.0,0.0,53129.60281690281,0.0,0.0,39847.20211267711,0.0,0.0,0.0,0.0,53129.60281690281,39847.20211267711,4250.368225352225,3187.7761690141688,6135.813451794604,4601.860088845953,6135.813451794604,D,13.181558948747135,13.181558948747135,0.0
4,E-H--E-7.6,x,0.0,120.08333333333334,23.33,E-H,1,1.0,1.6694328046636246,921.25,,0,121576.62923941549,133089.50305501875,1.094696438679275,10.5,0.45006429489927136,6.801140971199547,5055.15,118.91,34380.78778055939,289.1328549370061,63488.84713732302,533.9235315559921,6745.469505680351,12456.435991201295,12456.435991201295,608.298026905572,533.9235315559921,425.80861883390037,373.74647208919447,460.7142857142857,4,17.0,0.9242357618100163,460.7142857142857,1,4,1600000,10.5,0.25,0.041883554593001165,297406.3713609158,4655239.278826249,207765.74462466798,0.06388637695029556,0.0,7.697981642929726,0.0,89.23599192213872,0.0,30.84734141119462,9.941666666666668,17.26135237981954,3586317.7304219916,2065537.777810241,0.0,280701676.3616398,19003611160.623405,0.0,989.0637228003792,989.0637228003792,13202.529244906613,14191.592967706993,14191.592967706993,7170.1053799258225,307.33413544474166,336.43758355593263,215.13389481131915,235.50630848915281,0.04475562354841721,0.0001239078136132668,0.00010086621612555897,0.0001239078136132668,198.83333333333334,-198.83333333333334,61.59734141119462,-61.59734141119462,0.007632391898651063,-0.007632391898651063,0.024637003606771218,-0.024637003606771218,-0.007632391898651063,0.007632391898651063,-0.024637003606771218,0.024637003606771218,0.052388015447068274,0.03712323164976614,0.06939262715518843,0.02011861994164599,0.03712323164976614,0.052388015447068274,0.02011861994164599,0.06939262715518843,0.04475562354841721,0.04475562354841721,0.04475562354841721,0.04475562354841721,0.052388015447068274,0.06939262715518843,0.04475562354841721,0.04475562354841721,1.1705348131368172,1.550478390276891,1.550478390276891,0.013920247658928207,0.01585260752199779,0.011987887795858625,0.011987887795858625,0.01585260752199779,0.020677551192333082,0.007162944125523332,0.007162944125523332,0.020677551192333082,0.01585260752199779,0.020677551192333082,0.013920247658928207,0.013920247658928207,0.05568099063571283,0.05568099063571283,0.21,0.0,10.5,0.0,104308.20831264638,6387.129282508506,9396.76819711681,0.0,0.0,104308.20831264638,4568.909693939833,6721.796821161392,6721.796821161392,1.3333333333333333,0.0,0.0,104308.20831264638,0.0,0.0,78231.1562344848,0.0,0.0,0.0,0.0,104308.20831264638,78231.1562344848,4568.909693939833,3426.682270454876,6721.796821161392,5041.3476158710455,6721.796821161392,D,13.181558948747135,13.181558948747135,0.0
3,E-2,y,26.083333333333332,0.0,30.75,E-2,1,1.158830884940615,1.0,1286.9583333333333,,90,92160.37040019335,118074.65366756036,1.2811868393631438,10.5,0.34146341463414637,5.15556052977386,1286.9583333333333,30.75,6634.991586796883,215.77208412347588,22798.211451114264,741.4052504427403,6634.991586796883,22798.211451114264,22798.211451114264,948.3081917556361,741.4052504427403,663.8157342289453,518.9836753099182,769.6428571428571,2,23.0,0.8624984017823883,600.0,1,3,1600000,10.5,0.25,0.044607443136482,511085.36710701644,6615950.431353749,304158.1082971176,0.07725048311803005,1.990901481946387,0.0,110.72564010697721,0.0,84.64230677364388,0.0,5.362360273141164,7.541666666666668,2293859.066740762,1631005.356686231,3869324015.676568,0.0,25318965304.97591,4141.602232502405,0.0,4141.602232502405,25018.874663983406,29160.476896485812,29160.476896485812,8941.97898666231,290.7960646069044,372.5640909129604,203.55724522483305,260.7948636390723,0.046324170787292014,8.961441813344761e-05,4.4955541925520076e-05,8.961441813344761e-05,88.10769322635613,-88.10769322635613,150.83333333333334,-150.83333333333334,0.013516841401795016,-0.013516841401795016,0.007895719661560208,-0.007895719661560208,-0.013516841401795016,0.013516841401795016,-0.007895719661560208,0.007895719661560208,0.05984101218908703,0.032807329385497,0.054219890448852226,0.0384284511257318,0.032807329385497,0.05984101218908703,0.0384284511257318,0.054219890448852226,0.046324170787292014,0.046324170787292014,0.046324170787292014,0.046324170787292014,0.05984101218908703,0.054219890448852226,0.046324170787292014,0.046324170787292014,1.2917880918767153,1.1704449216763146,1.2917880918767153,0.004256336183557738,0.0019826873023475883,0.0065299850647678875,0.0065299850647678875,0.0019826873023475883,0.0024713369455059905,0.006041335421609485,0.006041335421609485,0.0024713369455059905,0.0065299850647678875,0.006041335421609485,0.0065299850647678875,0.0065299850647678875,0.02611994025907155,0.02611994025907155,0.21,321.7395833333333,10.5,488.276874435411,214329.5051891707,9957.23601343418,19860.46380468971,2260.9660670731705,12112.318216463415,204478.15303978047,6759.60836495142,13185.398753553634,13185.398753553634,1.3333333333333333,558.0307136404697,348.7691960252935,214329.5051891707,36.45800662451068,325.517916290274,160747.12889187806,27.34350496838302,325.517916290274,279.01535682023484,23.25127973501957,214691.4811120855,161402.25694969195,7097.23904502762,5335.611799989816,14168.013592221167,10664.05774282318,14168.013592221167,B,14.504958707588711,15.611199708171034,0.0
3,E-3,y,50.75,0.0,30.75,E-3,1,1.158830884940615,1.0,561.125,,90,92160.37040019335,118074.65366756036,1.2811868393631438,10.5,0.34146341463414637,5.15556052977386,561.125,30.75,2892.913902269357,94.07850088680836,9940.21800796956,323.2591222103922,2892.913902269357,9940.21800796956,9940.21800796956,452.2801034666694,323.2591222103922,316.59607242666857,226.28138554727454,460.7142857142857,4,17.0,0.6871852734842419,310.7142857142857,1,6,1600000,10.5,0.25,0.0310686064604516,319944.12174948497,6615950.431353749,304158.1082971176,0.04835951010654993,2.573796599778218,0.0,110.72564010697721,0.0,59.97564010697721,0.0,5.362360273141164,7.541666666666668,2293859.066740762,1631005.356686231,966553689.9823774,0.0,25318965304.97591,1460.0639205978962,0.0,1460.0639205978962,12447.549261002187,13907.613181600083,13907.613181600083,3272.2289923212575,106.41395096979699,136.33615350713876,74.48976567885788,95.43530745499713,0.046324170787292014,8.961441813344761e-05,4.4955541925520076e-05,8.961441813344761e-05,88.10769322635613,-88.10769322635613,150.83333333333334,-150.83333333333334,0.013516841401795016,-0.013516841401795016,0.007895719661560208,-0.007895719661560208,-0.013516841401795016,0.013516841401795016,-0.007895719661560208,0.007895719661560208,0.05984101218908703,0.032807329385497,0.054219890448852226,0.0384284511257318,0.032807329385497,0.05984101218908703,0.0384284511257318,0.054219890448852226,0.046324170787292014,0.046324170787292014,0.046324170787292014,0.046324170787292014,0.05984101218908703,0.054219890448852226,0.046324170787292014,0.046324170787292014,1.2917880918767153,1.1704449216763146,1.2917880918767153,0.004256336183557738,0.0019826873023475883,0.0065299850647678875,0.0065299850647678875,0.0019826873023475883,0.0024713369455059905,0.006041335421609485,0.006041335421609485,0.0024713369455059905,0.0065299850647678875,0.006041335421609485,0.0065299850647678875,0.0065299850647678875,0.02611994025907155,0.02611994025907155,0.21,561.125,10.5,851.571815718157,102220.9568847606,4748.941086400028,10016.27770869303,3943.2032926829256,21124.30335365853,85039.856823785,2811.234936323471,5476.178953058643,5476.178953058643,1.3333333333333333,973.2249322493224,608.2655826558265,102220.9568847606,63.58402890695572,567.7145438121047,76665.71766357047,47.6880216802168,567.7145438121047,486.6124661246611,40.55103884372177,102852.25545747967,77808.28373403118,3400.07456057784,2572.1746688935928,7189.893335463624,5458.776246978356,7189.893335463624,B,14.504958707588711,15.611199708171034,0.0
3,E-3.3,y,59.583333333333336,0.0,18.75,E-3.3,1,1.158830884940615,1.0,441.08333333333337,,90,92160.37040019335,118074.65366756036,1.2811868393631438,10.5,0.56,5.15556052977386,441.08333333333337,18.75,2274.03182367442,121.28169726263575,7813.703707757168,416.7308644137156,2274.03182367442,7813.703707757168,7813.703707757168,539.6180059432521,416.7308644137156,377.7326041602765,291.7116050896009,460.7142857142857,4,17.0,0.8198847222083521,310.7142857142857,1,6,1600000,10.5,0.25,0.04076318696948326,191685.29962112085,6615950.431353749,304158.1082971176,0.028973206738778182,1.7048676441333968,0.0,110.72564010697721,0.0,51.142306773643874,0.0,5.362360273141164,7.541666666666668,2293859.066740762,1631005.356686231,519325318.8761962,0.0,25318965304.97591,919.9833371258799,0.0,919.9833371258799,9197.854274310099,10117.837611435978,10117.837611435978,3388.80915558566,180.73648829790187,231.55721019998273,126.5155418085313,162.09004713998792,0.046324170787292014,8.961441813344761e-05,4.4955541925520076e-05,8.961441813344761e-05,88.10769322635613,-88.10769322635613,150.83333333333334,-150.83333333333334,0.013516841401795016,-0.013516841401795016,0.007895719661560208,-0.007895719661560208,-0.013516841401795016,0.013516841401795016,-0.007895719661560208,0.007895719661560208,0.05984101218908703,0.032807329385497,0.054219890448852226,0.0384284511257318,0.032807329385497,0.05984101218908703,0.0384284511257318,0.054219890448852226,0.046324170787292014,0.046324170787292014,0.046324170787292014,0.046324170787292014,0.05984101218908703,0.054219890448852226,0.046324170787292014,0.046324170787292014,1.2917880918767153,1.1704449216763146,1.2917880918767153,0.004256336183557738,0.0019826873023475883,0.0065299850647678875,0.0065299850647678875,0.0019826873023475883,0.0024713369455059905,0.006041335421609485,0.006041335421609485,0.0024713369455059905,0.0065299850647678875,0.006041335421609485,0.0065299850647678875,0.0065299850647678875,0.02611994025907155,0.02611994025907155,0.21,441.08333333333337,10.5,1097.8074074074075,74366.10644405443,5665.989062404147,11258.292558017314,5083.397199999999,27232.485,52217.018644054435,2861.206501044079,4568.604858543655,4568.604858543655,1.3333333333333333,1254.637037037037,784.1481481481483,74366.10644405443,81.96961975308642,731.8716049382716,55774.57983304083,61.47721481481483,731.8716049382716,627.3185185185185,52.27654320987655,75179.9476687458,57247.52371452231,4119.449187328537,3136.850614494373,8230.499369756239,6314.66569931109,8230.499369756239,B,14.504958707588711,15.611199708171034,0.0
3,E-4,y,77.08333333333333,0.0,30.75,E-4,1,1.158830884940615,1.0,650.4583333333333,,90,92160.37040019335,118074.65366756036,1.2811868393631438,10.5,0.34146341463414637,5.15556052977386,650.4583333333333,30.75,3353.4773095958217,109.05617266978282,11522.74027789506,374.72326106975805,3353.4773095958217,11522.74027789506,11522.74027789506,505.83340785817506,374.72326106975805,354.0833855007225,262.3062827488306,460.7142857142857,4,17.0,0.7685530848077697,310.7142857142857,1,6,1600000,10.5,0.25,0.033905029951474444,339853.41686430114,6615950.431353749,304158.1082971176,0.051368797331627025,4.051687588498524,0.0,110.72564010697721,0.0,33.64230677364388,0.0,5.362360273141164,7.541666666666668,2293859.066740762,1631005.356686231,356568077.5909572,0.0,25318965304.97591,960.2348654088494,0.0,960.2348654088494,14594.142426230033,15554.377291638883,15554.377291638883,3812.3436397046553,123.9786549497449,158.83982108355744,86.78505846482142,111.1878747584902,0.046324170787292014,8.961441813344761e-05,4.4955541925520076e-05,8.961441813344761e-05,88.10769322635613,-88.10769322635613,150.83333333333334,-150.83333333333334,0.013516841401795016,-0.013516841401795016,0.007895719661560208,-0.007895719661560208,-0.013516841401795016,0.013516841401795016,-0.007895719661560208,0.007895719661560208,0.05984101218908703,0.032807329385497,0.054219890448852226,0.0384284511257318,0.032807329385497,0.05984101218908703,0.0384284511257318,0.054219890448852226,0.046324170787292014,0.046324170787292014,0.046324170787292014,0.046324170787292014,0.05984101218908703,0.054219890448852226,0.046324170787292014,0.046324170787292014,1.2917880918767153,1.1704449216763146,1.2917880918767153,0.004256336183557738,0.0019826873023475883,0.0065299850647678875,0.0065299850647678875,0.0019826873023475883,0.0024713369455059905,0.006041335421609485,0.006041335421609485,0.0024713369455059905,0.0065299850647678875,0.006041335421609485,0.0065299850647678875,0.0065299850647678875,0.02611994025907155,0.02611994025907155,0.21,650.4583333333333,10.5,987.1454381210478,114324.67309354577,5311.250782510839,11094.795314184896,4570.976951219512,24487.37652439024,94408.27352037503,3120.9346618305794,5980.757304921428,5980.757304921428,1.3333333333333333,1128.166214995483,705.1038843721769,114324.67309354577,73.7068593797049,658.0969587473652,85743.50482015935,55.28014453477869,658.0969587473652,564.0831074977415,47.0069256248118,115056.47691167284,87067.97195656404,3803.5198979065403,2878.280064679803,7967.301837759043,6052.396802068975,7967.301837759043,B,14.504958707588711,15.611199708171034,0.0
3,E-5,y,98.41666666666666,0.0,30.75,E-5,1,1.158830884940615,1.0,770.5,,90,92160.37040019335,118074.65366756036,1.2811868393631438,10.5,0.34146341463414637,5.15556052977386,770.5,30.75,3972.359388190759,129.18241912815478,13649.254578107455,443.8781976620311,3972.3593881907595,13649.254578107457,13649.254578107457,512.5887976853146,443.87819766203114,358.8121583797202,310.71473836342176,460.7142857142857,4,17.0,0.7788170879559818,460.7142857142857,1,4,1600000,10.5,0.25,0.03426282573297537,398369.20295138075,6615950.431353749,304158.1082971176,0.06021345037040534,6.221786852813461,0.0,110.72564010697721,0.0,12.308973440310552,0.0,5.362360273141164,7.541666666666668,2293859.066740762,1631005.356686231,50340696.315025456,0.0,25318965304.97591,370.52555101779507,0.0,370.52555101779507,15391.57997780563,15762.105528823426,15762.105528823426,2500.900184875336,81.33008731301905,104.1990375096954,56.93106111911333,72.93932625678677,0.046324170787292014,8.961441813344761e-05,4.4955541925520076e-05,8.961441813344761e-05,88.10769322635613,-88.10769322635613,150.83333333333334,-150.83333333333334,0.013516841401795016,-0.013516841401795016,0.007895719661560208,-0.007895719661560208,-0.013516841401795016,0.013516841401795016,-0.007895719661560208,0.007895719661560208,0.05984101218908703,0.032807329385497,0.054219890448852226,0.0384284511257318,0.032807329385497,0.05984101218908703,0.0384284511257318,0.054219890448852226,0.046324170787292014,0.046324170787292014,0.046324170787292014,0.046324170787292014,0.05984101218908703,0.054219890448852226,0.046324170787292014,0.046324170787292014,1.2917880918767153,1.1704449216763146,1.2917880918767153,0.004256336183557738,0.0019826873023475883,0.0065299850647678875,0.0065299850647678875,0.0019826873023475883,0.0024713369455059905,0.006041335421609485,0.006041335421609485,0.0024713369455059905,0.0065299850647678875,0.006041335421609485,0.0065299850647678875,0.0065299850647678875,0.02611994025907155,0.02611994025907155,0.21,192.625,10.5,292.33062330623306,115851.47563685218,5382.182375695804,11876.345514504803,1353.6369512195122,7251.6265243902435,109953.48606368144,3634.825985576246,7884.05645113621,7884.05645113621,1.3333333333333333,334.09214092140917,208.80758807588074,115851.47563685218,21.8273532068654,194.88708220415538,86888.60672763913,16.370514905149054,194.88708220415538,167.04607046070458,13.920505871725384,116068.1900722632,87280.83090108086,3836.964961066552,2885.316724002673,8472.346463006577,6377.038856863212,8472.346463006577,B,14.504958707588711,15.611199708171034,0.0
3,E-2.4,y,35.916666666666664,0.0,30.75,E-2.4,1,1.158830884940615,1.0,1448.875,,90,92160.37040019335,118074.65366756036,1.2811868393631438,10.5,0.34146341463414637,5.15556052977386,1448.875,30.75,7469.7627625761015,242.91911423011712,25666.533065354237,834.6840021253411,7469.7627625761015,25666.533065354237,25666.533065354237,1048.7638561907593,834.6840021253411,734.1346993335314,584.2788014877387,769.6428571428571,2,23.0,0.9538641105029644,600.0,1,3,1600000,10.5,0.25,0.048579196984714273,528344.1196739082,6615950.431353749,304158.1082971176,0.07985914120063911,2.7938932399401106,0.0,110.72564010697721,0.0,74.80897344031055,0.0,5.362360273141164,7.541666666666668,2293859.066740762,1631005.356686231,3398767094.8884835,0.0,25318965304.97591,4116.124361342657,0.0,4116.124361342657,28133.364216523194,32249.48857786585,32249.48857786585,9997.327591233072,325.1163444303438,416.53478174601145,227.58144110124064,291.574347222208,0.046324170787292014,8.961441813344761e-05,4.4955541925520076e-05,8.961441813344761e-05,88.10769322635613,-88.10769322635613,150.83333333333334,-150.83333333333334,0.013516841401795016,-0.013516841401795016,0.007895719661560208,-0.007895719661560208,-0.013516841401795016,0.013516841401795016,-0.007895719661560208,0.007895719661560208,0.05984101218908703,0.032807329385497,0.054219890448852226,0.0384284511257318,0.032807329385497,0.05984101218908703,0.0384284511257318,0.054219890448852226,0.046324170787292014,0.046324170787292014,0.046324170787292014,0.046324170787292014,0.05984101218908703,0.054219890448852226,0.046324170787292014,0.046324170787292014,1.2917880918767153,1.1704449216763146,1.2917880918767153,0.004256336183557738,0.0019826873023475883,0.0065299850647678875,0.0065299850647678875,0.0019826873023475883,0.0024713369455059905,0.006041335421609485,0.006041335421609485,0.0024713369455059905,0.0065299850647678875,0.006041335421609485,0.0065299850647678875,0.0065299850647678875,0.02611994025907155,0.02611994025907155,0.21,362.21875,10.5,549.7086720867209,237033.741047314,11012.020490002973,21882.287530102345,2545.426006097561,13636.210746951221,225942.9563064603,7469.188638230093,14504.958707588712,14504.958707588712,1.3333333333333333,628.2384823848238,392.6490514905149,237033.741047314,41.04491418247515,366.4724480578139,177775.30578548549,30.783685636856376,366.4724480578139,314.1192411924119,26.176603432700993,237441.25840955428,178512.85776380525,7849.297798662951,5901.25149632414,15611.199708171034,11751.234223109059,15611.199708171034,B,14.504958707588711,15.611199708171034,0.0
3,E-3.4,y,60.58333333333333,0.0,30.75,E-3.4,1,1.158830884940615,1.0,988.25,,90,92160.37040019335,118074.65366756036,1.2811868393631438,10.5,0.34146341463414637,5.15556052977386,988.25,30.75,5094.982693549017,165.69049409915505,17506.652611050868,569.3220361317356,5094.982693549017,17506.652611050868,17506.652611050868,694.2568336102818,569.3220361317356,485.9797835271972,398.5254252922149,600.0,3,19.0,0.809966305878662,460.7142857142857,1,4,1600000,10.5,0.25,0.040123327294672,436321.0578843391,6615950.431353749,304158.1082971176,0.06594986803658073,4.036619793550792,0.0,110.72564010697721,0.0,50.14230677364388,0.0,5.362360273141164,7.541666666666668,2293859.066740762,1631005.356686231,1055207564.2178192,0.0,25318965304.97591,1906.577063747889,0.0,1906.577063747889,19441.820569768275,21348.397633516164,21348.397633516164,4800.09535342317,156.1006618999405,199.99411364207947,109.27046332995833,139.99587954945562,0.046324170787292014,8.961441813344761e-05,4.4955541925520076e-05,8.961441813344761e-05,88.10769322635613,-88.10769322635613,150.83333333333334,-150.83333333333334,0.013516841401795016,-0.013516841401795016,0.007895719661560208,-0.007895719661560208,-0.013516841401795016,0.013516841401795016,-0.007895719661560208,0.007895719661560208,0.05984101218908703,0.032807329385497,0.054219890448852226,0.0384284511257318,0.032807329385497,0.05984101218908703,0.0384284511257318,0.054219890448852226,0.046324170787292014,0.046324170787292014,0.046324170787292014,0.046324170787292014,0.05984101218908703,0.054219890448852226,0.046324170787292014,0.046324170787292014,1.2917880918767153,1.1704449216763146,1.2917880918767153,0.004256336183557738,0.0019826873023475883,0.0065299850647678875,0.0065299850647678875,0.0019826873023475883,0.0024713369455059905,0.006041335421609485,0.006041335421609485,0.0024713369455059905,0.0065299850647678875,0.006041335421609485,0.0065299850647678875,0.0065299850647678875,0.02611994025907155,0.02611994025907155,0.21,247.0625,10.5,374.94579945799455,156910.7226063438,7289.696752907958,15353.455339331082,1736.186524390244,9300.999237804877,149345.90989292916,4937.054872493526,10198.082400733585,10198.082400733585,1.3333333333333333,428.5094850948509,267.81842818428186,156910.7226063438,27.995953026196922,249.9638663053297,117683.04195475786,20.996964769647697,249.9638663053297,214.25474254742545,17.854561878952126,157188.68242567533,118186.11209025921,5196.320080187615,3906.9789120746846,10952.628285523839,8243.6877699448,10952.628285523839,B,14.504958707588711,15.611199708171034,0.0
3,E-4.8,y,94.91666666666666,0.0,30.75,E-4.8,1,1.158830884940615,1.0,988.25,,90,92160.37040019335,118074.65366756036,1.2811868393631438,10.5,0.34146341463414637,5.15556052977386,988.25,30.75,5094.982693549017,165.69049409915505,17506.652611050868,569.3220361317356,5094.982693549017,17506.652611050868,17506.652611050868,688.6999138488283,569.3220361317356,482.08993969417975,398.5254252922149,600.0,3,19.0,0.8034832328236329,460.7142857142857,1,4,1600000,10.5,0.25,0.03985911502019891,439213.27912521985,6615950.431353749,304158.1082971176,0.06638702688033116,6.324222757708875,0.0,110.72564010697721,0.0,15.808973440310552,0.0,5.362360273141164,7.541666666666668,2293859.066740762,1631005.356686231,110828268.91283421,0.0,25318965304.97591,635.1373576649911,0.0,635.1373576649911,20542.38499318648,21177.52235085147,21177.52235085147,4904.270275816558,159.488464254197,204.3345214327164,111.64192497793789,143.03416500290146,0.046324170787292014,8.961441813344761e-05,4.4955541925520076e-05,8.961441813344761e-05,88.10769322635613,-88.10769322635613,150.83333333333334,-150.83333333333334,0.013516841401795016,-0.013516841401795016,0.007895719661560208,-0.007895719661560208,-0.013516841401795016,0.013516841401795016,-0.007895719661560208,0.007895719661560208,0.05984101218908703,0.032807329385497,0.054219890448852226,0.0384284511257318,0.032807329385497,0.05984101218908703,0.0384284511257318,0.054219890448852226,0.046324170787292014,0.046324170787292014,0.046324170787292014,0.046324170787292014,0.05984101218908703,0.054219890448852226,0.046324170787292014,0.046324170787292014,1.2917880918767153,1.1704449216763146,1.2917880918767153,0.004256336183557738,0.0019826873023475883,0.0065299850647678875,0.0065299850647678875,0.0019826873023475883,0.0024713369455059905,0.006041335421609485,0.006041335421609485,0.0024713369455059905,0.0065299850647678875,0.006041335421609485,0.0065299850647678875,0.0065299850647678875,0.02611994025907155,0.02611994025907155,0.21,988.25,10.5,1499.7831978319782,155654.78927875828,7231.349095412696,15148.746149280247,6944.746097560976,37203.99695121951,125395.53842509974,4145.307055375199,7871.478566466613,7871.478566466613,1.3333333333333333,1714.0379403794036,1071.2737127371274,155654.78927875828,111.98381210478769,999.8554652213188,116741.09195906873,83.98785907859079,999.8554652213188,857.0189701897018,71.4182475158085,156766.62855608438,118753.37250107415,5182.36788615155,3925.7313223495585,10889.662105627624,8284.112802428404,10889.662105627624,B,14.504958707588711,15.611199708171034,0.0
3,E-5.9,y,119.58333333333333,0.0,30.75,E-5.9,1,1.8290574425417416,1.2917597834693721,829.1250000000007,,90,92160.37040019335,118074.65366756036,1.2811868393631438,10.5,0.34146341463414637,5.15556052977386,829.1250000000007,30.75,4274.604124248755,139.01151623573188,14687.78481774608,477.6515387884904,4274.604124248755,14687.78481774608,14687.78481774608,546.3436641910015,477.6515387884904,382.440564933701,334.3560771519433,460.7142857142857,4,17.0,0.8301035517940797,460.7142857142857,1,4,1600000,10.5,0.25,0.03605063504522868,407420.97328712704,6615950.431353749,304158.1082971176,0.061581624214763195,7.686165286225779,0.0,110.72564010697721,0.0,8.857693226356119,0.0,24.342229515912607,9.742021700331517,2963114.891362303,7403886.481294239,27831286.205224495,0.0,25318965304.97591,367.71824595030535,0.0,367.71824595030535,16432.34942792299,16800.067673873295,16800.067673873295,2525.621233611024,82.13402385726907,105.22903042987161,57.493816700088345,73.66032130091013,0.046324170787292014,8.961441813344761e-05,0.00019130965328597812,0.00019130965328597812,88.10769322635613,-88.10769322635613,150.83333333333334,-150.83333333333334,0.028855872703968367,-0.028855872703968367,0.016855852242961517,-0.016855852242961517,-0.028855872703968367,0.028855872703968367,-0.016855852242961517,0.016855852242961517,0.07518004349126038,0.017468298083323647,0.06318002303025352,0.029468318544330498,0.017468298083323647,0.07518004349126038,0.029468318544330498,0.06318002303025352,0.046324170787292014,0.04632417078729201,0.046324170787292014,0.04632417078729201,0.07518004349126038,0.06318002303025352,0.046324170787292014,0.04632417078729201,1.6229118020582967,1.3638673279303586,1.6229118020582967,0.004256336183557738,0.00060874682091204,0.007903925546203436,0.007903925546203436,0.00060874682091204,0.0011852023803831796,0.007327469986732289,0.007327469986732289,0.0011852023803831796,0.007903925546203436,0.007327469986732289,0.007903925546203436,0.007903925546203436,0.03161570218481374,0.03161570218481374,0.21,829.1250000000007,10.5,1258.2926829268304,123480.4974029687,5736.608474005516,12730.789666406785,5826.524268292687,31213.522865853687,98093.4988054077,3242.7602910878577,6619.156835594149,6619.156835594149,1.3333333333333333,1438.048780487806,898.7804878048788,123480.4974029687,93.95252032520332,838.8617886178869,92610.37305222655,70.46439024390251,838.8617886178869,719.024390243903,59.91869918699192,124413.31171191178,94298.64232051923,4112.836750807001,3117.31048993452,9151.361669297034,6961.5700324605805,9151.361669297034,A,15.399517694960036,15.399517694960036,0.0
3,E-7.4,y,144.25,0.0,30.75,E-7.4,1,1.8290574425417416,1.2917597834693721,1317.1249999999998,,90,92160.37040019335,118074.65366756036,1.2811868393631438,10.5,0.34146341463414637,5.15556052977386,1317.1249999999998,30.75,6790.517662778394,220.8298426919803,23332.607963906266,758.78399882622,6790.517662778394,23332.607963906266,23332.607963906266,835.039273422934,758.78399882622,584.5274913960537,531.148799178354,600.0,3,19.0,0.9742124856600896,600.0,1,3,1600000,10.5,0.25,0.046817044358357325,498378.4919293214,6615950.431353749,304158.1082971176,0.0753298406782869,11.052892934142466,0.0,110.72564010697721,0.0,33.52435989302279,0.0,24.342229515912607,9.742021700331517,2963114.891362303,7403886.481294239,574325242.9145762,0.0,25318965304.97591,2004.9333875762459,0.0,2004.9333875762459,23672.524270178976,25677.45765775522,25677.45765775522,6523.77266738411,212.1552086954182,271.810461282911,148.50864608679274,190.26732289803766,0.046324170787292014,8.961441813344761e-05,0.00019130965328597812,0.00019130965328597812,88.10769322635613,-88.10769322635613,150.83333333333334,-150.83333333333334,0.028855872703968367,-0.028855872703968367,0.016855852242961517,-0.016855852242961517,-0.028855872703968367,0.028855872703968367,-0.016855852242961517,0.016855852242961517,0.07518004349126038,0.017468298083323647,0.06318002303025352,0.029468318544330498,0.017468298083323647,0.07518004349126038,0.029468318544330498,0.06318002303025352,0.046324170787292014,0.04632417078729201,0.046324170787292014,0.04632417078729201,0.07518004349126038,0.06318002303025352,0.046324170787292014,0.04632417078729201,1.6229118020582967,1.3638673279303586,1.6229118020582967,0.004256336183557738,0.00060874682091204,0.007903925546203436,0.007903925546203436,0.00060874682091204,0.0011852023803831796,0.007327469986732289,0.007327469986732289,0.0011852023803831796,0.007903925546203436,0.007327469986732289,0.007903925546203436,0.007903925546203436,0.03161570218481374,0.03161570218481374,0.21,329.28124999999994,10.5,499.7222222222222,188729.31378450088,8767.912370940807,18423.43406908241,2313.9637499999994,12396.234374999998,178647.04315950087,5905.687377173583,12140.659848606023,12140.659848606023,1.3333333333333333,571.111111111111,356.94444444444434,188729.31378450088,37.31259259259258,333.1481481481481,141546.98533837567,27.98444444444445,333.1481481481481,285.5555555555555,23.79629629629629,189099.7745252416,142217.46978282012,6251.232215710466,4701.403959762649,13146.307456503177,9898.669986316778,13146.307456503177,A,15.399517694960036,15.399517694960036,0.0
3,E-8--E-A.2,y,162.58333333333331,0.0,25.0,E-8,1,1.8290574425417416,1.2917597834693721,938.0,,90,92160.37040019335,118074.65366756036,1.2811868393631438,10.5,0.42,5.15556052977386,3857.9716666666664,76.75,19890.00644965254,259.1531784971015,68343.20237957021,890.4651775839767,6478.829462427538,22261.62943959942,22261.62943959942,990.7156634005603,890.4651775839768,693.5009643803921,623.3256243087837,769.6428571428571,2,23.0,0.901068538406078,769.6428571428571,1,2,1600000,10.5,0.25,0.04826070983478071,461278.533113407,6615950.431353749,304158.1082971176,0.06972218699332375,11.598175408799127,0.0,110.72564010697721,0.0,51.857693226356105,0.0,24.342229515912607,9.742021700331517,2963114.891362303,7403886.481294239,1271279099.3722234,0.0,25318965304.97591,2868.9980307498386,0.0,2868.9980307498386,21898.89355426417,24767.891585014007,24767.891585014007,6694.52608110353,267.7810432441412,343.0775484353266,187.44673027089883,240.1542839047286,0.046324170787292014,8.961441813344761e-05,0.00019130965328597812,0.00019130965328597812,88.10769322635613,-88.10769322635613,150.83333333333334,-150.83333333333334,0.028855872703968367,-0.028855872703968367,0.016855852242961517,-0.016855852242961517,-0.028855872703968367,0.028855872703968367,-0.016855852242961517,0.016855852242961517,0.07518004349126038,0.017468298083323647,0.06318002303025352,0.029468318544330498,0.017468298083323647,0.07518004349126038,0.029468318544330498,0.06318002303025352,0.046324170787292014,0.04632417078729201,0.046324170787292014,0.04632417078729201,0.07518004349126038,0.06318002303025352,0.046324170787292014,0.04632417078729201,1.6229118020582967,1.3638673279303586,1.6229118020582967,0.004256336183557738,0.00060874682091204,0.007903925546203436,0.007903925546203436,0.00060874682091204,0.0011852023803831796,0.007327469986732289,0.007327469986732289,0.0011852023803831796,0.007903925546203436,0.007327469986732289,0.007903925546203436,0.007903925546203436,0.03161570218481374,0.03161570218481374,0.21,0.0,10.5,0.0,182044.0031498529,10402.514465705883,21559.324772944055,0.0,0.0,182044.0031498529,7430.3674755042,15399.517694960035,15399.517694960035,1.3333333333333333,0.0,0.0,182044.0031498529,0.0,0.0,136533.00236238973,0.0,0.0,0.0,0.0,182044.0031498529,136533.00236238973,7430.3674755042,5572.775606628152,15399.517694960035,11549.638271220028,15399.517694960035,A,15.399517694960036,15.399517694960036,0.0
3,E-8--E-B,y,162.58333333333331,0.0,12.5,E-8,1,1.8290574425417416,1.2917597834693721,614.055,,90,92160.37040019335,118074.65366756036,1.2811868393631438,10.5,0.84,5.15556052977386,3857.9716666666664,76.75,19890.00644965254,259.1531784971015,68343.20237957021,890.4651775839767,3239.414731213769,11130.81471979971,11130.81471979971,890.4651775839768,890.4651775839768,623.3256243087837,623.3256243087837,769.6428571428571,2,23.0,0.8098894422573525,769.6428571428571,1,2,1600000,10.5,0.25,0.05464885215309849,203678.83827855682,6615950.431353749,304158.1082971176,0.03078602846135295,4.696948227624339,0.0,110.72564010697721,0.0,51.857693226356105,0.0,24.342229515912607,9.742021700331517,2963114.891362303,7403886.481294239,547737276.1029023,0.0,25318965304.97591,1236.1228681282626,0.0,1236.1228681282626,9435.253290173096,10671.376158301358,11130.81471979971,3239.4147312137693,259.1531784971015,332.02364166961416,181.40722494797106,232.4165491687299,0.046324170787292014,8.961441813344761e-05,0.00019130965328597812,0.00019130965328597812,88.10769322635613,-88.10769322635613,150.83333333333334,-150.83333333333334,0.028855872703968367,-0.028855872703968367,0.016855852242961517,-0.016855852242961517,-0.028855872703968367,0.028855872703968367,-0.016855852242961517,0.016855852242961517,0.07518004349126038,0.017468298083323647,0.06318002303025352,0.029468318544330498,0.017468298083323647,0.07518004349126038,0.029468318544330498,0.06318002303025352,0.046324170787292014,0.04632417078729201,0.046324170787292014,0.04632417078729201,0.07518004349126038,0.06318002303025352,0.046324170787292014,0.04632417078729201,1.6229118020582967,1.3638673279303586,1.6229118020582967,0.004256336183557738,0.00060874682091204,0.007903925546203436,0.007903925546203436,0.00060874682091204,0.0011852023803831796,0.007327469986732289,0.007327469986732289,0.0011852023803831796,0.007903925546203436,0.007327469986732289,0.007903925546203436,0.007903925546203436,0.03161570218481374,0.03161570218481374,0.21,0.0,10.5,0.0,81811.48819052786,9349.884364631756,18873.069053678995,0.0,0.0,81811.48819052786,6817.624015877322,13761.612851640934,13761.612851640934,1.3333333333333333,0.0,0.0,81811.48819052786,0.0,0.0,61358.6161428959,0.0,0.0,0.0,0.0,81811.48819052786,61358.6161428959,6817.624015877322,5113.218011907992,13761.612851640934,10321.209638730701,13761.612851640934,A,15.399517694960036,15.399517694960036,0.0
3,E-8--E-B.7,y,162.58333333333331,0.0,6.0,E-8,1,1.8290574425417416,1.2917597834693721,413.1666666666667,,90,92160.37040019335,118074.65366756036,1.2811868393631438,10.5,1.75,5.15556052977386,3857.9716666666664,76.75,19890.00644965254,259.1531784971015,68343.20237957021,890.4651775839767,1554.9190709826091,5342.79106550386,5342.79106550386,890.4651775839767,890.4651775839767,623.3256243087836,623.3256243087836,769.6428571428571,2,23.0,0.8098894422573523,769.6428571428571,1,2,1600000,10.5,0.25,0.07715234997468802,69249.88114110215,6615950.431353749,304158.1082971176,0.010467110033491033,1.5969410923488134,0.0,110.72564010697721,0.0,51.857693226356105,0.0,24.342229515912607,9.742021700331517,2963114.891362303,7403886.481294239,186228189.37528452,0.0,25318965304.97591,420.27616819283736,0.0,420.27616819283736,3207.943320980088,3628.2194891729255,5342.79106550386,1554.919070982609,259.15317849710146,332.02364166961405,181.407224947971,232.41654916872983,0.046324170787292014,8.961441813344761e-05,0.00019130965328597812,0.00019130965328597812,88.10769322635613,-88.10769322635613,150.83333333333334,-150.83333333333334,0.028855872703968367,-0.028855872703968367,0.016855852242961517,-0.016855852242961517,-0.028855872703968367,0.028855872703968367,-0.016855852242961517,0.016855852242961517,0.07518004349126038,0.017468298083323647,0.06318002303025352,0.029468318544330498,0.017468298083323647,0.07518004349126038,0.029468318544330498,0.06318002303025352,0.046324170787292014,0.04632417078729201,0.046324170787292014,0.04632417078729201,0.07518004349126038,0.06318002303025352,0.046324170787292014,0.04632417078729201,1.6229118020582967,1.3638673279303586,1.6229118020582967,0.004256336183557738,0.00060874682091204,0.007903925546203436,0.007903925546203436,0.00060874682091204,0.0011852023803831796,0.007327469986732289,0.007327469986732289,0.0011852023803831796,0.007903925546203436,0.007327469986732289,0.007903925546203436,0.007903925546203436,0.03161570218481374,0.03161570218481374,0.21,0.0,6.0,0.0,39269.51433145337,9349.884364631756,18873.069053679,0.0,0.0,39269.51433145337,7139.911696627885,14412.161822809414,14412.161822809414,1.3333333333333333,0.0,0.0,39269.51433145337,0.0,0.0,29452.13574859003,0.0,0.0,0.0,0.0,39269.51433145337,29452.13574859003,7139.911696627885,5354.933772470915,14412.161822809414,10809.121367107062,14412.161822809414,A,15.399517694960036,15.399517694960036,0.0
3,E-8--E-C.3,y,162.58333333333331,0.0,11.5,E-8,1,1.8290574425417416,1.2917597834693721,594.625,,90,92160.37040019335,118074.65366756036,1.2811868393631438,10.5,0.9130434782608695,5.15556052977386,3857.9716666666664,76.75,19890.00644965254,259.1531784971015,68343.20237957021,890.4651775839767,2980.2615527166677,10240.349542215732,10240.349542215732,890.4651775839767,890.4651775839767,623.3256243087836,623.3256243087836,769.6428571428571,2,23.0,0.8098894422573523,769.6428571428571,1,2,1600000,10.5,0.25,0.05645515298158727,181389.1027016719,6615950.431353749,304158.1082971176,0.027416937987027247,4.182934425813063,0.0,110.72564010697721,0.0,51.857693226356105,0.0,24.342229515912607,9.742021700331517,2963114.891362303,7403886.481294239,487795265.6656685,0.0,25318965304.97591,1100.8469008064264,0.0,1100.8469008064264,8402.6997725059,9503.546673312325,10240.349542215732,2980.261552716667,259.1531784971015,332.02364166961416,181.40722494797106,232.4165491687299,0.046324170787292014,8.961441813344761e-05,0.00019130965328597812,0.00019130965328597812,88.10769322635613,-88.10769322635613,150.83333333333334,-150.83333333333334,0.028855872703968367,-0.028855872703968367,0.016855852242961517,-0.016855852242961517,-0.028855872703968367,0.028855872703968367,-0.016855852242961517,0.016855852242961517,0.07518004349126038,0.017468298083323647,0.06318002303025352,0.029468318544330498,0.017468298083323647,0.07518004349126038,0.029468318544330498,0.06318002303025352,0.046324170787292014,0.04632417078729201,0.046324170787292014,0.04632417078729201,0.07518004349126038,0.06318002303025352,0.046324170787292014,0.04632417078729201,1.6229118020582967,1.3638673279303586,1.6229118020582967,0.004256336183557738,0.00060874682091204,0.007903925546203436,0.007903925546203436,0.00060874682091204,0.0011852023803831796,0.007327469986732289,0.007327469986732289,0.0011852023803831796,0.007903925546203436,0.007327469986732289,0.007903925546203436,0.007903925546203436,0.03161570218481374,0.03161570218481374,0.21,0.0,10.5,0.0,75266.56913528562,9349.884364631756,18873.069053679,0.0,0.0,75266.56913528562,6842.4153759350565,13811.655080192355,13811.655080192355,1.3333333333333333,0.0,0.0,75266.56913528562,0.0,0.0,56449.926851464224,0.0,0.0,0.0,0.0,75266.56913528562,56449.926851464224,6842.4153759350565,5131.811531951294,13811.655080192355,10358.741310144269,13811.655080192355,A,15.399517694960036,15.399517694960036,0.0
3,E-8--E-F,y,162.58333333333331,0.0,14.75,E-8,1,1.8290574425417416,1.2917597834693721,670.0,,90,92160.37040019335,118074.65366756036,1.2811868393631438,10.5,0.711864406779661,5.15556052977386,3857.9716666666664,76.75,19890.00644965254,259.1531784971015,68343.20237957021,890.4651775839767,3822.5093828322474,13134.361369363656,13134.361369363656,906.2572040117741,890.4651775839767,634.3800428082418,623.3256243087836,769.6428571428571,2,23.0,0.8242524918158131,769.6428571428571,1,2,1600000,10.5,0.25,0.05213013829444553,251953.31911795682,6615950.431353749,304158.1082971176,0.0380827096170372,5.883541709983043,0.0,110.72564010697721,0.0,51.857693226356105,0.0,24.342229515912607,9.742021700331517,2963114.891362303,7403886.481294239,686112546.6766949,0.0,25318965304.97591,1548.4054966845968,0.0,1548.4054966845968,11818.888262489072,13367.293759173668,13367.293759173668,4049.1348987394013,274.5176202535187,351.7083622420974,192.1623341774631,246.19585356946817,0.046324170787292014,8.961441813344761e-05,0.00019130965328597812,0.00019130965328597812,88.10769322635613,-88.10769322635613,150.83333333333334,-150.83333333333334,0.028855872703968367,-0.028855872703968367,0.016855852242961517,-0.016855852242961517,-0.028855872703968367,0.028855872703968367,-0.016855852242961517,0.016855852242961517,0.07518004349126038,0.017468298083323647,0.06318002303025352,0.029468318544330498,0.017468298083323647,0.07518004349126038,0.029468318544330498,0.06318002303025352,0.046324170787292014,0.04632417078729201,0.046324170787292014,0.04632417078729201,0.07518004349126038,0.06318002303025352,0.046324170787292014,0.04632417078729201,1.6229118020582967,1.3638673279303586,1.6229118020582967,0.004256336183557738,0.00060874682091204,0.007903925546203436,0.007903925546203436,0.00060874682091204,0.0011852023803831796,0.007327469986732289,0.007327469986732289,0.0011852023803831796,0.007903925546203436,0.007327469986732289,0.007903925546203436,0.007903925546203436,0.03161570218481374,0.03161570218481374,0.21,0.0,10.5,0.0,98249.60912992645,9515.70064212363,19075.666886673447,0.0,0.0,98249.60912992645,6894.709412626417,13821.491972273918,13821.491972273918,1.3333333333333333,0.0,0.0,98249.60912992645,0.0,0.0,73687.20684744485,0.0,0.0,0.0,0.0,98249.60912992645,73687.20684744485,6894.709412626417,5171.032059469814,13821.491972273918,10366.11897920544,13821.491972273918,A,15.399517694960036,15.399517694960036,0.0
3,E-8--E-F.7,y,162.58333333333331,0.0,7.0,E-8,1,1.8290574425417416,1.2917597834693721,628.125,,90,92160.37040019335,118074.65366756036,1.2811868393631438,10.5,1.5,5.15556052977386,3857.9716666666664,76.75,19890.00644965254,259.1531784971015,68343.20237957021,890.4651775839767,1814.0722494797105,6233.256243087837,6233.256243087837,890.4651775839767,890.4651775839767,623.3256243087836,623.3256243087836,769.6428571428571,2,23.0,0.8098894422573523,769.6428571428571,1,2,1600000,10.5,0.25,0.07097007035337222,87829.36542195012,6615950.431353749,304158.1082971176,0.013275396533462021,2.025394418676974,0.0,110.72564010697721,0.0,51.857693226356105,0.0,24.342229515912607,9.742021700331517,2963114.891362303,7403886.481294239,236192516.5356273,0.0,25318965304.97591,533.0346932889797,0.0,533.0346932889797,4068.622523945897,4601.657217234877,6233.256243087837,1814.07224947971,259.15317849710146,332.02364166961405,181.407224947971,232.41654916872983,0.046324170787292014,8.961441813344761e-05,0.00019130965328597812,0.00019130965328597812,88.10769322635613,-88.10769322635613,150.83333333333334,-150.83333333333334,0.028855872703968367,-0.028855872703968367,0.016855852242961517,-0.016855852242961517,-0.028855872703968367,0.028855872703968367,-0.016855852242961517,0.016855852242961517,0.07518004349126038,0.017468298083323647,0.06318002303025352,0.029468318544330498,0.017468298083323647,0.07518004349126038,0.029468318544330498,0.06318002303025352,0.046324170787292014,0.04632417078729201,0.046324170787292014,0.04632417078729201,0.07518004349126038,0.06318002303025352,0.046324170787292014,0.04632417078729201,1.6229118020582967,1.3638673279303586,1.6229118020582967,0.004256336183557738,0.00060874682091204,0.007903925546203436,0.007903925546203436,0.00060874682091204,0.0011852023803831796,0.007327469986732289,0.007327469986732289,0.0011852023803831796,0.007903925546203436,0.007327469986732289,0.007903925546203436,0.007903925546203436,0.03161570218481374,0.03161570218481374,0.21,0.0,7.0,0.0,45814.4333866956,9349.884364631756,18873.069053679,0.0,0.0,45814.4333866956,7048.374367183938,14227.39051738878,14227.39051738878,1.3333333333333333,0.0,0.0,45814.4333866956,0.0,0.0,34360.8250400217,0.0,0.0,0.0,0.0,45814.4333866956,34360.8250400217,7048.374367183938,5286.280775387954,14227.39051738878,10670.542888041586,14227.39051738878,A,15.399517694960036,15.399517694960036,0.0
3,E-9--E-B.1,y,168.08333333333331,0.0,6.0,E-9,2,1.8290574425417416,1.2917597834693721,1596.9450000000002,,90,92160.37040019335,118074.65366756036,1.2811868393631438,10.5,1.75,5.15556052977386,4029.9941666666673,50.5,20776.87886088557,411.4233437799123,71390.54682559552,1413.674194566248,2468.5400626794735,8482.045167397488,8482.045167397488,1413.674194566248,1413.674194566248,989.5719361963735,989.5719361963735,1200.0,3,19.0,0.8246432801636445,1200.0,2,3,1600000,10.5,0.25,0.07983348481299346,106246.71072879153,6615950.431353749,304158.1082971176,0.016059175749757158,2.5329929815902883,0.0,110.72564010697721,0.0,57.357693226356105,0.0,24.342229515912607,9.742021700331517,2963114.891362303,7403886.481294239,349541581.91172874,0.0,25318965304.97591,713.1973288816422,0.0,713.1973288816422,4921.7907733885495,5634.988102270192,8482.045167397488,2468.5400626794726,411.4233437799121,527.1101734576017,287.99634064593846,368.97712142032117,0.046324170787292014,8.961441813344761e-05,0.00019130965328597812,0.00019130965328597812,88.10769322635613,-88.10769322635613,150.83333333333334,-150.83333333333334,0.028855872703968367,-0.028855872703968367,0.016855852242961517,-0.016855852242961517,-0.028855872703968367,0.028855872703968367,-0.016855852242961517,0.016855852242961517,0.07518004349126038,0.017468298083323647,0.06318002303025352,0.029468318544330498,0.017468298083323647,0.07518004349126038,0.029468318544330498,0.06318002303025352,0.046324170787292014,0.04632417078729201,0.046324170787292014,0.04632417078729201,0.07518004349126038,0.06318002303025352,0.046324170787292014,0.04632417078729201,1.6229118020582967,1.3638673279303586,1.6229118020582967,0.004256336183557738,0.00060874682091204,0.007903925546203436,0.007903925546203436,0.00060874682091204,0.0011852023803831796,0.007327469986732289,0.007327469986732289,0.0011852023803831796,0.007903925546203436,0.007327469986732289,0.007903925546203436,0.007903925546203436,0.03161570218481374,0.03161570218481374,0.21,0.0,6.0,0.0,62343.03198037153,14843.579042945603,29962.284169092844,0.0,0.0,62343.03198037153,11335.096723703915,22880.289729125445,22880.289729125445,1.3333333333333333,0.0,0.0,62343.03198037153,0.0,0.0,46757.27398527865,0.0,0.0,0.0,0.0,62343.03198037153,46757.27398527865,11335.096723703915,8501.322542777936,22880.289729125445,17160.217296844083,22880.289729125445,C,22.90029500060194,22.90029500060194,0.0
3,E-9--E-B.6,y,168.08333333333331,0.0,12.0,E-9,2,1.8290574425417416,1.2917597834693721,692.445,,90,92160.37040019335,118074.65366756036,1.2811868393631438,10.5,0.875,5.15556052977386,4029.9941666666673,50.5,20776.87886088557,411.4233437799123,71390.54682559552,1413.674194566248,4937.080125358947,16964.090334794975,16964.090334794975,1413.674194566248,1413.674194566248,989.5719361963735,989.5719361963735,1200.0,3,19.0,0.8246432801636445,1200.0,2,3,1600000,10.5,0.25,0.05619259662025287,301891.910235748,6615950.431353749,304158.1082971176,0.04563092081298668,7.197306011458607,0.0,110.72564010697721,0.0,57.357693226356105,0.0,24.342229515912607,9.742021700331517,2963114.891362303,7403886.481294239,993195696.5662688,0.0,25318965304.97591,2026.4957146834859,0.0,2026.4957146834859,13984.89240906262,16011.388123746106,16964.090334794975,4937.080125358945,411.4233437799121,527.1101734576017,287.99634064593846,368.97712142032117,0.046324170787292014,8.961441813344761e-05,0.00019130965328597812,0.00019130965328597812,88.10769322635613,-88.10769322635613,150.83333333333334,-150.83333333333334,0.028855872703968367,-0.028855872703968367,0.016855852242961517,-0.016855852242961517,-0.028855872703968367,0.028855872703968367,-0.016855852242961517,0.016855852242961517,0.07518004349126038,0.017468298083323647,0.06318002303025352,0.029468318544330498,0.017468298083323647,0.07518004349126038,0.029468318544330498,0.06318002303025352,0.046324170787292014,0.04632417078729201,0.046324170787292014,0.04632417078729201,0.07518004349126038,0.06318002303025352,0.046324170787292014,0.04632417078729201,1.6229118020582967,1.3638673279303586,1.6229118020582967,0.004256336183557738,0.00060874682091204,0.007903925546203436,0.007903925546203436,0.00060874682091204,0.0011852023803831796,0.007327469986732289,0.007327469986732289,0.0011852023803831796,0.007903925546203436,0.007327469986732289,0.007903925546203436,0.007903925546203436,0.03161570218481374,0.03161570218481374,0.21,0.0,10.5,0.0,124686.06396074306,14843.579042945603,29962.284169092844,0.0,0.0,124686.06396074306,10842.266431368962,21885.494523511294,21885.494523511294,1.3333333333333333,0.0,0.0,124686.06396074306,0.0,0.0,93514.5479705573,0.0,0.0,0.0,0.0,124686.06396074306,93514.5479705573,10842.266431368962,8131.699823526721,21885.494523511294,16414.120892633473,21885.494523511294,C,22.90029500060194,22.90029500060194,0.0
3,E-9--E-C.5,y,168.08333333333331,0.0,8.5,E-9,2,1.8290574425417416,1.2917597834693721,683.9583333333334,,90,92160.37040019335,118074.65366756036,1.2811868393631438,10.5,1.2352941176470589,5.15556052977386,4029.9941666666673,50.5,20776.87886088557,411.4233437799123,71390.54682559552,1413.674194566248,3497.0984221292542,12016.230653813109,12016.230653813109,1413.6741945662482,1413.6741945662482,989.5719361963736,989.5719361963736,1200.0,3,19.0,0.8246432801636446,1200.0,2,3,1600000,10.5,0.25,0.06592707999373429,182265.47656828017,6615950.431353749,304158.1082971176,0.027549401776727822,4.3453314438331505,0.0,110.72564010697721,0.0,57.357693226356105,0.0,24.342229515912607,9.742021700331517,2963114.891362303,7403886.481294239,599636097.6312779,0.0,25318965304.97591,1223.4849450319123,0.0,1223.4849450319123,8443.29706517618,9666.782010208093,12016.230653813109,3497.0984221292547,411.42334377991233,527.1101734576021,287.99634064593863,368.9771214203214,0.046324170787292014,8.961441813344761e-05,0.00019130965328597812,0.00019130965328597812,88.10769322635613,-88.10769322635613,150.83333333333334,-150.83333333333334,0.028855872703968367,-0.028855872703968367,0.016855852242961517,-0.016855852242961517,-0.028855872703968367,0.028855872703968367,-0.016855852242961517,0.016855852242961517,0.07518004349126038,0.017468298083323647,0.06318002303025352,0.029468318544330498,0.017468298083323647,0.07518004349126038,0.029468318544330498,0.06318002303025352,0.046324170787292014,0.04632417078729201,0.046324170787292014,0.04632417078729201,0.07518004349126038,0.06318002303025352,0.046324170787292014,0.04632417078729201,1.6229118020582967,1.3638673279303586,1.6229118020582967,0.004256336183557738,0.00060874682091204,0.007903925546203436,0.007903925546203436,0.00060874682091204,0.0011852023803831796,0.007327469986732289,0.007327469986732289,0.0011852023803831796,0.007903925546203436,0.007327469986732289,0.007903925546203436,0.007903925546203436,0.03161570218481374,0.03161570218481374,0.21,0.0,8.5,0.0,88319.29530552635,14843.579042945605,29962.284169092847,0.0,0.0,88319.29530552635,11039.911913190794,22284.448850762805,22284.448850762805,1.3333333333333333,0.0,0.0,88319.29530552635,0.0,0.0,66239.47147914476,0.0,0.0,0.0,0.0,88319.29530552635,66239.47147914476,11039.911913190794,8279.933934893095,22284.448850762805,16713.3366380721,22284.448850762805,C,22.90029500060194,22.90029500060194,0.0
3,E-9--E-F.4,y,168.08333333333331,0.0,24.0,E-9,2,1.8290574425417416,1.2917597834693721,1056.6458333333335,,90,92160.37040019335,118074.65366756036,1.2811868393631438,10.5,0.4375,5.15556052977386,4029.9941666666673,50.5,20776.87886088557,411.4233437799123,71390.54682559552,1413.674194566248,9874.160250717894,33928.18066958995,33928.18066958995,1579.1776756563147,1413.674194566248,1105.4243729594202,989.5719361963735,1200.0,3,19.0,0.9211869774661835,1200.0,2,3,1600000,10.5,0.25,0.0484998719504936,699551.9638530643,6615950.431353749,304158.1082971176,0.10573718335884248,18.229240208111786,0.0,110.72564010697721,0.0,57.357693226356105,0.0,24.342229515912607,9.742021700331517,2963114.891362303,7403886.481294239,2350975382.4518485,0.0,25318965304.97591,4796.880971530829,0.0,4796.880971530829,33103.38324422072,37900.26421575155,37900.26421575155,13419.667095861205,559.1527956608835,716.3792029938331,391.40695696261844,501.46544209568316,0.046324170787292014,8.961441813344761e-05,0.00019130965328597812,0.00019130965328597812,88.10769322635613,-88.10769322635613,150.83333333333334,-150.83333333333334,0.028855872703968367,-0.028855872703968367,0.016855852242961517,-0.016855852242961517,-0.028855872703968367,0.028855872703968367,-0.016855852242961517,0.016855852242961517,0.07518004349126038,0.017468298083323647,0.06318002303025352,0.029468318544330498,0.017468298083323647,0.07518004349126038,0.029468318544330498,0.06318002303025352,0.046324170787292014,0.04632417078729201,0.046324170787292014,0.04632417078729201,0.07518004349126038,0.06318002303025352,0.046324170787292014,0.04632417078729201,1.6229118020582967,1.3638673279303586,1.6229118020582967,0.004256336183557738,0.00060874682091204,0.007903925546203436,0.007903925546203436,0.00060874682091204,0.0011852023803831796,0.007327469986732289,0.007327469986732289,0.0011852023803831796,0.007903925546203436,0.007327469986732289,0.007903925546203436,0.007903925546203436,0.03161570218481374,0.03161570218481374,0.21,0.0,10.5,0.0,278566.94198577385,16581.365594391304,32033.15074488962,0.0,0.0,278566.94198577385,11853.912424926548,22900.29500060194,22900.29500060194,1.3333333333333333,0.0,0.0,278566.94198577385,0.0,0.0,208925.20648933042,0.0,0.0,0.0,0.0,278566.94198577385,208925.20648933042,11853.912424926548,8890.434318694912,22900.29500060194,17175.221250451454,22900.29500060194,C,22.90029500060194,22.90029500060194,2949.45632458211
3,E-B,x,0.0,35.916666666666664,30.75,E-B,1,1.0,1.4726842316066573,1393.0416666666665,,0,92160.37040019335,118074.65366756036,1.2811868393631438,10.5,0.34146341463414637,5.15556052977386,1393.0416666666665,30.75,7181.91063299706,233.55806936575806,24677.456646650797,802.5189153382373,7181.91063299706,24677.456646650797,24677.456646650797,985.0448152018322,802.5189153382373,689.5313706412825,561.7632407367661,769.6428571428571,2,23.0,0.8959108296035225,600.0,1,3,1600000,10.5,0.25,0.04605991300330291,535768.6334509838,5968978.695292144,293053.4520976419,0.08975884498860005,0.0,3.245084293153242,0.0,89.3386484156553,0.0,53.421981748988635,9.941666666666668,6.538103428902076,1916013.7800111827,2913439.7362707234,0.0,1550596029.1423788,25318965304.97591,0.0,3339.940718224896,3339.940718224896,26950.187349231444,30290.12806745634,30290.12806745634,8429.86212024224,274.1418575688533,351.22694003578033,191.89930029819732,245.8588580250462,0.04960244798965891,3.404029380578774e-05,0.00011381963718622489,0.00011381963718622489,198.83333333333334,-198.83333333333334,61.49468491767804,-61.49468491767804,0.0069993027262113304,-0.0069993027262113304,0.022631137860527718,-0.022631137860527718,-0.0069993027262113304,0.0069993027262113304,-0.022631137860527718,0.022631137860527718,0.056601750715870244,0.04260314526344758,0.07223358585018663,0.026971310129131194,0.04260314526344758,0.056601750715870244,0.026971310129131194,0.07223358585018663,0.04960244798965891,0.04960244798965891,0.04960244798965891,0.04960244798965891,0.056601750715870244,0.07223358585018663,0.04960244798965891,0.04960244798965891,1.141108009985123,1.4562504226655477,1.4562504226655477,0.0048468244412417025,0.0056330364159116325,0.0040606124665717724,0.0040606124665717724,0.0056330364159116325,0.007422396328804121,0.0022712525536792948,0.0022712525536792948,0.007422396328804121,0.0056330364159116325,0.007422396328804121,0.0048468244412417025,0.0048468244412417025,0.01938729776496681,0.01938729776496681,0.21,1393.0416666666665,10.5,2114.1011743450763,222632.44129580408,10342.970559619238,21045.907229384764,9789.345487804874,52442.92225609755,179978.8645275114,5949.714529835088,10876.626382988654,10876.626382988654,1.3333333333333333,2416.1156278229446,1510.0722673893406,222632.44129580408,157.85288768443235,1409.4007828967174,166974.33097185308,118.38966576332429,1409.4007828967174,1208.0578139114723,100.67148449262271,224199.69496638523,169810.85071891724,7411.560164178024,5613.581841947677,15131.071541297537,11513.038812415627,15131.071541297537,C,22.90029500060194,22.90029500060194,0.0
3,E-C,x,0.0,57.25,30.75,E-C,1,1.0,1.4726842316066573,657.4375,,0,92160.37040019335,118074.65366756036,1.2811868393631438,10.5,0.34146341463414637,5.15556052977386,657.4375,30.75,3389.458825793202,110.2263032778277,11646.374830232991,378.74389691814605,3389.458825793202,11646.374830232991,11646.374830232991,498.02741100753735,378.74389691814605,348.61918770527615,265.1207278427022,460.7142857142857,4,17.0,0.75669281052308,310.7142857142857,1,6,1600000,10.5,0.25,0.03349158930407509,347740.28561301867,5968978.695292144,293053.4520976419,0.0582579203854905,0.0,3.5250155979668256,0.0,89.3386484156553,0.0,32.0886484156553,9.941666666666668,6.538103428902076,1916013.7800111827,2913439.7362707234,0.0,295880127.26209503,25318965304.97591,0.0,1061.0221675882656,1061.0221675882656,14253.320720893507,15314.342888481773,15314.342888481773,3145.805065147406,102.30260374463109,131.06874955020402,71.61182262124176,91.74812468514281,0.04960244798965891,3.404029380578774e-05,0.00011381963718622489,0.00011381963718622489,198.83333333333334,-198.83333333333334,61.49468491767804,-61.49468491767804,0.0069993027262113304,-0.0069993027262113304,0.022631137860527718,-0.022631137860527718,-0.0069993027262113304,0.0069993027262113304,-0.022631137860527718,0.022631137860527718,0.056601750715870244,0.04260314526344758,0.07223358585018663,0.026971310129131194,0.04260314526344758,0.056601750715870244,0.026971310129131194,0.07223358585018663,0.04960244798965891,0.04960244798965891,0.04960244798965891,0.04960244798965891,0.056601750715870244,0.07223358585018663,0.04960244798965891,0.04960244798965891,1.141108009985123,1.4562504226655477,1.4562504226655477,0.0048468244412417025,0.0056330364159116325,0.0040606124665717724,0.0040606124665717724,0.0056330364159116325,0.007422396328804121,0.0022712525536792948,0.0022712525536792948,0.007422396328804121,0.0056330364159116325,0.007422396328804121,0.0048468244412417025,0.0048468244412417025,0.01938729776496681,0.01938729776496681,0.21,657.4375,10.5,997.7371273712736,112560.42023034103,5229.287815579142,11246.591861780867,4620.021768292682,24750.116615853654,92430.32538278007,3055.547946538184,6068.235064423701,6068.235064423701,1.3333333333333333,1140.271002710027,712.6693766937669,112560.42023034103,74.49770551038841,665.1580849141824,84420.31517275577,55.873279132791325,665.1580849141824,570.1355013550135,47.51129177958447,113300.0760207656,85758.99332993734,3745.457058537706,2835.0080439648705,8076.094452763865,6134.816589757673,8076.094452763865,C,22.90029500060194,22.90029500060194,0.0
3,E-D,x,0.0,75.16666666666667,30.75,E-D,1,1.0,1.4726842316066573,590.4375,,0,92160.37040019335,118074.65366756036,1.2811868393631438,10.5,0.34146341463414637,5.15556052977386,590.4375,30.75,3044.0362702983534,98.99304944059686,10459.483127788866,340.1457927736217,3044.0362702983534,10459.483127788866,10459.483127788866,453.59481053712886,340.1457927736217,317.51636737599017,238.10205494153516,460.7142857142857,4,17.0,0.689182812909126,310.7142857142857,1,6,1600000,10.5,0.25,0.031138239250824415,335904.7710930521,5968978.695292144,293053.4520976419,0.056275082931354255,0.0,4.512009268207788,0.0,89.3386484156553,0.0,14.171981748988628,9.941666666666668,6.538103428902076,1916013.7800111827,2913439.7362707234,0.0,54679281.113009505,25318965304.97591,0.0,443.9686428723972,443.9686428723972,13504.071781144314,13948.040424016712,13948.040424016712,2833.4564896408574,92.14492649238561,118.05486713612873,64.50144854466993,82.63840699529011,0.04960244798965891,3.404029380578774e-05,0.00011381963718622489,0.00011381963718622489,198.83333333333334,-198.83333333333334,61.49468491767804,-61.49468491767804,0.0069993027262113304,-0.0069993027262113304,0.022631137860527718,-0.022631137860527718,-0.0069993027262113304,0.0069993027262113304,-0.022631137860527718,0.022631137860527718,0.056601750715870244,0.04260314526344758,0.07223358585018663,0.026971310129131194,0.04260314526344758,0.056601750715870244,0.026971310129131194,0.07223358585018663,0.04960244798965891,0.04960244798965891,0.04960244798965891,0.04960244798965891,0.056601750715870244,0.07223358585018663,0.04960244798965891,0.04960244798965891,1.141108009985123,1.4562504226655477,1.4562504226655477,0.0048468244412417025,0.0056330364159116325,0.0040606124665717724,0.0040606124665717724,0.0056330364159116325,0.007422396328804121,0.0022712525536792948,0.0022712525536792948,0.007422396328804121,0.0056330364159116325,0.007422396328804121,0.0048468244412417025,0.0048468244412417025,0.01938729776496681,0.01938729776496681,0.21,147.609375,10.5,224.0142276422764,102518.09711652283,4762.745510639853,10270.77651226741,1037.297881097561,5556.952934451219,97998.44206316918,3239.617919443609,6874.039469553554,6874.039469553554,1.3333333333333333,256.0162601626016,160.010162601626,102518.09711652283,16.726395663956637,149.34281842818427,76888.57283739213,12.544796747967482,149.34281842818427,128.0081300813008,10.667344173441734,102684.16633061496,77189.13592682303,3394.5178952269407,2551.7069727875382,7324.848663432476,5511.092151676354,7324.848663432476,C,22.90029500060194,22.90029500060194,0.0
3,E-B.1,x,0.0,38.854166666666664,30.75,E-B.1,2,1.0,1.4726842316066573,1715.1302083333333,,0,92160.37040019335,118074.65366756036,1.2811868393631438,10.5,0.34146341463414637,5.15556052977386,1715.1302083333333,30.75,8842.45760550615,287.55959692702925,30383.19123704626,988.0712597413418,8842.45760550615,30383.19123704626,30383.19123704626,1412.5442743355482,988.0712597413418,988.7809920348836,691.6498818189392,1200.0,3,19.0,0.8239841600290697,769.6428571428571,1,2,1600000,10.5,0.25,0.041749715002334466,727746.0752809297,5968978.695292144,293053.4520976419,0.12192137255489251,0.0,4.237102393878527,0.0,89.3386484156553,0.0,50.484481748988635,9.941666666666668,6.538103428902076,1916013.7800111827,2913439.7362707234,0.0,1997844826.2742243,25318965304.97591,0.0,4553.694976175354,4553.694976175354,38882.04145964275,43435.73643581811,43435.73643581811,19229.998747644233,625.3658129315198,801.2104493154969,437.7560690520639,560.8473145208478,0.04960244798965891,3.404029380578774e-05,0.00011381963718622489,0.00011381963718622489,198.83333333333334,-198.83333333333334,61.49468491767804,-61.49468491767804,0.0069993027262113304,-0.0069993027262113304,0.022631137860527718,-0.022631137860527718,-0.0069993027262113304,0.0069993027262113304,-0.022631137860527718,0.022631137860527718,0.056601750715870244,0.04260314526344758,0.07223358585018663,0.026971310129131194,0.04260314526344758,0.056601750715870244,0.026971310129131194,0.07223358585018663,0.04960244798965891,0.04960244798965891,0.04960244798965891,0.04960244798965891,0.056601750715870244,0.07223358585018663,0.04960244798965891,0.04960244798965891,1.141108009985123,1.4562504226655477,1.4562504226655477,0.0048468244412417025,0.0056330364159116325,0.0040606124665717724,0.0040606124665717724,0.0056330364159116325,0.007422396328804121,0.0022712525536792948,0.0022712525536792948,0.007422396328804121,0.0056330364159116325,0.007422396328804121,0.0048468244412417025,0.0048468244412417025,0.01938729776496681,0.01938729776496681,0.21,428.7825520833333,10.5,650.7269083107496,319252.66280326305,14831.714880523257,26907.61074565399,3013.1909489329264,16142.094369283535,306123.7593829124,10119.793698608675,17884.965687187243,17884.965687187243,1.3333333333333333,743.6878952122853,464.80493450767835,319252.66280326305,48.5876091538693,433.8179388738331,239439.49710244732,36.440706865401985,433.8179388738331,371.84394760614265,30.986995633845225,319735.06835129077,240312.58669142652,10569.754325662505,7944.217741865339,19194.497122125133,14446.578834449232,19194.497122125133,C,22.90029500060194,22.90029500060194,5604.983492944644
3,E-C.2,x,0.0,63.541666666666664,18.75,E-C.2,1,1.0,1.4726842316066573,561.4739583333334,,0,92160.37040019335,118074.65366756036,1.2811868393631438,10.5,0.56,5.15556052977386,561.4739583333334,18.75,2894.712978079226,154.38469216422538,9946.399735586458,530.4746525646111,2894.712978079226,9946.399735586458,9946.399735586458,625.6047549763801,530.4746525646111,437.9233284834661,371.33225679522775,460.7142857142857,4,17.0,0.9505312556230272,460.7142857142857,1,4,1600000,10.5,0.25,0.04539964305779013,219085.41710174864,5968978.695292144,293053.4520976419,0.03670400386494021,0.0,2.601290718244406,0.0,89.3386484156553,0.0,25.796981748988635,9.941666666666668,6.538103428902076,1916013.7800111827,2913439.7362707234,0.0,148488818.98238993,25318965304.97591,0.0,662.3460371535562,662.3460371535562,11067.74311865357,11730.089155807127,11730.089155807127,2389.4171005393437,127.43557869543166,163.26878629121327,89.20490508680216,114.28815040384929,0.04960244798965891,3.404029380578774e-05,0.00011381963718622489,0.00011381963718622489,198.83333333333334,-198.83333333333334,61.49468491767804,-61.49468491767804,0.0069993027262113304,-0.0069993027262113304,0.022631137860527718,-0.022631137860527718,-0.0069993027262113304,0.0069993027262113304,-0.022631137860527718,0.022631137860527718,0.056601750715870244,0.04260314526344758,0.07223358585018663,0.026971310129131194,0.04260314526344758,0.056601750715870244,0.026971310129131194,0.07223358585018663,0.04960244798965891,0.04960244798965891,0.04960244798965891,0.04960244798965891,0.056601750715870244,0.07223358585018663,0.04960244798965891,0.04960244798965891,1.141108009985123,1.4562504226655477,1.4562504226655477,0.0048468244412417025,0.0056330364159116325,0.0040606124665717724,0.0040606124665717724,0.0056330364159116325,0.007422396328804121,0.0022712525536792948,0.0022712525536792948,0.007422396328804121,0.0056330364159116325,0.007422396328804121,0.0048468244412417025,0.0048468244412417025,0.01938729776496681,0.01938729776496681,0.21,561.4739583333334,10.5,1397.4462962962964,86216.15529518238,6568.849927251991,14051.526551202922,6470.875075,34665.4021875,58021.62818268238,3179.2672976812264,5614.463810263896,5614.463810263896,1.3333333333333333,1597.0814814814814,998.1759259259259,86216.15529518238,104.34265679012346,931.6308641975309,64662.11647138679,78.25699259259261,931.6308641975309,798.5407407407407,66.54506172839505,87252.12881617004,66537.09013064606,4780.938565269591,3645.8679523641676,10275.84693410966,7887.377285818167,10275.84693410966,E,26.598211536628522,26.598211536628522,0.0
3,E-C.5,x,0.0,72.375,18.75,E-C.5,1,1.0,1.4726842316066573,440.38541666666674,,0,92160.37040019335,118074.65366756036,1.2811868393631438,10.5,0.56,5.15556052977386,440.38541666666674,18.75,2270.4336720546826,121.0897958429164,7801.340252523376,416.07148013458004,2270.4336720546826,7801.340252523376,7801.340252523376,523.7992174284369,416.07148013458004,366.65945219990584,291.250036094206,460.7142857142857,4,17.0,0.7958499737672374,310.7142857142857,1,6,1600000,10.5,0.25,0.03991022858759471,195472.2017039077,5968978.695292144,293053.4520976419,0.03274801464077609,0.0,2.418806987950438,0.0,89.3386484156553,0.0,16.9636484156553,9.941666666666668,6.538103428902076,1916013.7800111827,2913439.7362707234,0.0,54819935.39969528,25318965304.97591,0.0,371.8598949090808,371.8598949090808,9449.375431874112,9821.235326783193,9821.235326783193,3025.3831815641206,161.35376968341976,206.72432620002922,112.94763877839382,144.70702834002046,0.04960244798965891,3.404029380578774e-05,0.00011381963718622489,0.00011381963718622489,198.83333333333334,-198.83333333333334,61.49468491767804,-61.49468491767804,0.0069993027262113304,-0.0069993027262113304,0.022631137860527718,-0.022631137860527718,-0.0069993027262113304,0.0069993027262113304,-0.022631137860527718,0.022631137860527718,0.056601750715870244,0.04260314526344758,0.07223358585018663,0.026971310129131194,0.04260314526344758,0.056601750715870244,0.026971310129131194,0.07223358585018663,0.04960244798965891,0.04960244798965891,0.04960244798965891,0.04960244798965891,0.056601750715870244,0.07223358585018663,0.04960244798965891,0.04960244798965891,1.141108009985123,1.4562504226655477,1.4562504226655477,0.0048468244412417025,0.0056330364159116325,0.0040606124665717724,0.0040606124665717724,0.0056330364159116325,0.007422396328804121,0.0022712525536792948,0.0022712525536792948,0.007422396328804121,0.0056330364159116325,0.007422396328804121,0.0048468244412417025,0.0048468244412417025,0.01938729776496681,0.01938729776496681,0.21,440.38541666666674,10.5,1096.0703703703705,72186.07965185646,5499.8917829985885,11184.111791652136,5075.35385,27189.395625000005,50072.037876856455,2743.6733083209015,4520.838133570218,4520.838133570218,1.3333333333333333,1252.6518518518521,782.9074074074075,72186.07965185646,81.83992098765432,730.7135802469136,54139.559738892356,61.37994074074076,730.7135802469136,626.325925925926,52.19382716049384,72998.63315309102,55610.173012966436,3999.92510427896,3047.1327678337775,8176.93850789797,6274.270699797149,8176.93850789797,E,26.598211536628522,26.598211536628522,0.0
3,E-F.2,x,0.0,89.83333333333334,30.75,E-F.2,1,1.0,1.6808340497442593,1305.8020833333335,,0,92160.37040019335,118074.65366756036,1.2811868393631438,10.5,0.34146341463414637,5.15556052977386,1305.8020833333335,30.75,6732.14168052981,218.93143676519708,23132.024742426678,752.2609672333879,6732.14168052981,23132.024742426678,23132.024742426678,783.5607240399023,752.2609672333879,548.4925068279316,526.5826770633715,600.0,3,19.0,0.9141541780465526,600.0,1,3,1600000,10.5,0.25,0.04436941775892118,521350.64895629865,5968978.695292144,293053.4520976419,0.08734335898492963,0.0,8.032151034791818,0.0,89.3386484156553,0.0,0.49468491767804323,9.941666666666668,17.24468027628609,5053613.085285756,2913439.7362707234,0.0,118733.672926434,25318965304.97591,0.0,27.618832658027255,27.618832658027255,24066.87343156897,24094.492264226996,24094.492264226996,5505.0314264125955,179.02541224106002,229.36500207480756,125.317788568742,160.5555014523653,0.04960244798965891,0.00013864498977096595,0.00011381963718622489,0.00013864498977096595,198.83333333333334,-198.83333333333334,61.49468491767804,-61.49468491767804,0.008525929961380246,-0.008525929961380246,0.027567245466127065,-0.027567245466127065,-0.008525929961380246,0.008525929961380246,-0.027567245466127065,0.027567245466127065,0.05812837795103916,0.041076518028278663,0.07716969345578598,0.022035202523531847,0.041076518028278663,0.05812837795103916,0.022035202523531847,0.07716969345578598,0.04960244798965891,0.04960244798965891,0.04960244798965891,0.04960244798965891,0.05812837795103916,0.07716969345578598,0.04960244798965891,0.04960244798965891,1.1718852658876378,1.5557638097191144,1.5557638097191144,0.0048468244412417025,0.005740362503970885,0.00395328637851252,0.00395328637851252,0.005740362503970885,0.007777066300597546,0.0019165825818858555,0.0019165825818858555,0.007777066300597546,0.005740362503970885,0.007777066300597546,0.0048468244412417025,0.0048468244412417025,0.01938729776496681,0.01938729776496681,0.21,81.61263020833334,10.5,123.85656616982837,177094.5181420684,8227.387602418974,17580.072924502736,573.5178296493903,3072.4169445503053,174595.6190271675,5771.756000898099,12269.312274684684,12269.312274684684,1.3333333333333333,141.5503613369467,88.46897583559169,177094.5181420684,9.247956940680517,82.5710441132189,132820.8886065513,6.93596770551039,82.5710441132189,70.77518066847335,5.897931722372779,177186.3371431223,132987.0687307609,5857.399574979249,4396.266734901186,12518.56286621762,9398.573310663463,12518.56286621762,E,26.598211536628522,26.598211536628522,0.0
3,E-G--E-2,x,0.0,114.58333333333334,11.75,E-G,2,1.0,1.6808340497442593,1365.125,,0,92160.37040019335,118074.65366756036,1.2811868393631438,10.5,0.8936170212765957,5.15556052977386,4824.0,52.0,24870.4239956291,478.27738453132883,85456.2025759771,1643.3885110764827,5619.759268243114,19309.815005148674,19309.815005148674,1643.388511076483,1643.388511076483,1150.371957753538,1150.371957753538,1200.0,3,19.0,0.9586432981279484,1200.0,2,3,1600000,10.5,0.25,0.06288315386148483,307074.5314028485,5968978.695292144,293053.4520976419,0.05144507076981938,0.0,5.8319409027169975,0.0,89.3386484156553,0.0,25.244684917678043,9.941666666666668,17.24468027628609,5053613.085285756,2913439.7362707234,0.0,195696792.21853903,25318965304.97591,0.0,892.0184516270396,892.0184516270396,15231.648472858675,16123.666924485715,19309.815005148674,5619.759268243113,478.2773845313288,612.7626906265641,334.79416917193015,428.9338834385949,0.04960244798965891,0.00013864498977096595,0.00011381963718622489,0.00013864498977096595,198.83333333333334,-198.83333333333334,61.49468491767804,-61.49468491767804,0.008525929961380246,-0.008525929961380246,0.027567245466127065,-0.027567245466127065,-0.008525929961380246,0.008525929961380246,-0.027567245466127065,0.027567245466127065,0.05812837795103916,0.041076518028278663,0.07716969345578598,0.022035202523531847,0.041076518028278663,0.05812837795103916,0.022035202523531847,0.07716969345578598,0.04960244798965891,0.04960244798965891,0.04960244798965891,0.04960244798965891,0.05812837795103916,0.07716969345578598,0.04960244798965891,0.04960244798965891,1.1718852658876378,1.5557638097191144,1.5557638097191144,0.0048468244412417025,0.005740362503970885,0.00395328637851252,0.00395328637851252,0.005740362503970885,0.007777066300597546,0.0019165825818858555,0.0019165825818858555,0.007777066300597546,0.005740362503970885,0.007777066300597546,0.0048468244412417025,0.0048468244412417025,0.01938729776496681,0.01938729776496681,0.21,0.0,10.5,0.0,141927.14028784275,17255.579366303067,34830.99129796591,0.0,0.0,141927.14028784275,12615.7458033638,25465.324748957304,25465.324748957304,1.3333333333333333,0.0,0.0,141927.14028784275,0.0,0.0,106445.35521588207,0.0,0.0,0.0,0.0,141927.14028784275,106445.35521588207,12615.7458033638,9461.80935252285,25465.324748957304,19098.99356171798,25465.324748957304,E,26.598211536628522,26.598211536628522,591.7588446892041
3,E-G--E-2.7,x,0.0,114.58333333333334,6.75,E-G,2,1.0,1.6808340497442593,469.0,,0,92160.37040019335,118074.65366756036,1.2811868393631438,10.5,1.5555555555555556,5.15556052977386,4824.0,52.0,24870.4239956291,478.27738453132883,85456.2025759771,1643.3885110764827,3228.3723455864697,11092.87244976626,11092.87244976626,1643.3885110764832,1643.3885110764832,1150.371957753538,1150.371957753538,1200.0,3,19.0,0.9586432981279484,1200.0,2,3,1600000,10.5,0.25,0.08143276203974022,136221.24771296346,5968978.695292144,293053.4520976419,0.022821533576657588,0.0,2.587105686450317,0.0,89.3386484156553,0.0,25.244684917678043,9.941666666666668,17.24468027628609,5053613.085285756,2913439.7362707234,0.0,86812999.72240765,25318965304.97591,0.0,395.70805793793005,395.70805793793005,6756.907354768713,7152.615412706643,11092.87244976626,3228.37234558647,478.2773845313289,612.7626906265642,334.7941691719302,428.93388343859493,0.04960244798965891,0.00013864498977096595,0.00011381963718622489,0.00013864498977096595,198.83333333333334,-198.83333333333334,61.49468491767804,-61.49468491767804,0.008525929961380246,-0.008525929961380246,0.027567245466127065,-0.027567245466127065,-0.008525929961380246,0.008525929961380246,-0.027567245466127065,0.027567245466127065,0.05812837795103916,0.041076518028278663,0.07716969345578598,0.022035202523531847,0.041076518028278663,0.05812837795103916,0.022035202523531847,0.07716969345578598,0.04960244798965891,0.04960244798965891,0.04960244798965891,0.04960244798965891,0.05812837795103916,0.07716969345578598,0.04960244798965891,0.04960244798965891,1.1718852658876378,1.5557638097191144,1.5557638097191144,0.0048468244412417025,0.005740362503970885,0.00395328637851252,0.00395328637851252,0.005740362503970885,0.007777066300597546,0.0019165825818858555,0.0019165825818858555,0.007777066300597546,0.005740362503970885,0.007777066300597546,0.0048468244412417025,0.0048468244412417025,0.01938729776496681,0.01938729776496681,0.21,0.0,6.75,0.0,81532.61250578202,17255.579366303074,34830.99129796592,0.0,0.0,81532.61250578202,13045.218000925122,26332.229421262236,26332.229421262236,1.3333333333333333,0.0,0.0,81532.61250578202,0.0,0.0,61149.45937933651,0.0,0.0,0.0,0.0,81532.61250578202,61149.45937933651,13045.218000925122,9783.913500693841,26332.229421262236,19749.172065946677,26332.229421262236,E,26.598211536628522,26.598211536628522,339.9465703533733
3,E-G--E-3.4,x,0.0,114.58333333333334,7.75,E-G,2,1.0,1.6808340497442593,536.0,,0,92160.37040019335,118074.65366756036,1.2811868393631438,10.5,1.3548387096774193,5.15556052977386,4824.0,52.0,24870.4239956291,478.27738453132883,85456.2025759771,1643.3885110764827,3706.6497301177983,12736.260960842743,12736.260960842743,1643.388511076483,1643.388511076483,1150.371957753538,1150.371957753538,1200.0,3,19.0,0.9586432981279484,1200.0,2,3,1600000,10.5,0.25,0.07580804214052728,168006.7259517561,5968978.695292144,293053.4520976419,0.028146645268522476,0.0,3.19077356410328,0.0,89.3386484156553,0.0,25.244684917678043,9.941666666666668,17.24468027628609,5053613.085285756,2913439.7362707234,0.0,107069697.99707998,25318965304.97591,0.0,488.0414499430013,488.0414499430013,8333.54488593486,8821.58633587786,12736.260960842743,3706.6497301177988,478.2773845313289,612.7626906265642,334.7941691719302,428.93388343859493,0.04960244798965891,0.00013864498977096595,0.00011381963718622489,0.00013864498977096595,198.83333333333334,-198.83333333333334,61.49468491767804,-61.49468491767804,0.008525929961380246,-0.008525929961380246,0.027567245466127065,-0.027567245466127065,-0.008525929961380246,0.008525929961380246,-0.027567245466127065,0.027567245466127065,0.05812837795103916,0.041076518028278663,0.07716969345578598,0.022035202523531847,0.041076518028278663,0.05812837795103916,0.022035202523531847,0.07716969345578598,0.04960244798965891,0.04960244798965891,0.04960244798965891,0.04960244798965891,0.05812837795103916,0.07716969345578598,0.04960244798965891,0.04960244798965891,1.1718852658876378,1.5557638097191144,1.5557638097191144,0.0048468244412417025,0.005740362503970885,0.00395328637851252,0.00395328637851252,0.005740362503970885,0.007777066300597546,0.0019165825818858555,0.0019165825818858555,0.007777066300597546,0.005740362503970885,0.007777066300597546,0.0048468244412417025,0.0048468244412417025,0.01938729776496681,0.01938729776496681,0.21,0.0,7.75,0.0,93611.51806219415,17255.57936630307,34830.99129796592,0.0,0.0,93611.51806219415,12911.933525819883,26063.190040202084,26063.190040202084,1.3333333333333333,0.0,0.0,93611.51806219415,0.0,0.0,70208.63854664561,0.0,0.0,0.0,0.0,93611.51806219415,70208.63854664561,12911.933525819883,9683.950144364911,26063.190040202084,19547.392530151563,26063.190040202084,E,26.598211536628522,26.598211536628522,390.30902522053975
3,E-G--E-3.8,x,0.0,114.58333333333334,6.0,E-G,2,1.0,1.6808340497442593,418.75,,0,92160.37040019335,118074.65366756036,1.2811868393631438,10.5,1.75,5.15556052977386,4824.0,52.0,24870.4239956291,478.27738453132883,85456.2025759771,1643.3885110764827,2869.664307187973,9860.331066458897,9860.331066458897,1643.388511076483,1643.388511076483,1150.371957753538,1150.371957753538,1200.0,3,19.0,0.9586432981279484,1200.0,2,3,1600000,10.5,0.25,0.08688170944210272,113491.44865789897,5968978.695292144,293053.4520976419,0.019013545608298453,0.0,2.1554227194058573,0.0,89.3386484156553,0.0,25.244684917678043,9.941666666666668,17.24468027628609,5053613.085285756,2913439.7362707234,0.0,72327432.51327753,25318965304.97591,0.0,329.6804389547939,329.6804389547939,5629.453679324479,5959.134118279273,9860.331066458897,2869.6643071879726,478.2773845313288,612.7626906265641,334.79416917193015,428.9338834385949,0.04960244798965891,0.00013864498977096595,0.00011381963718622489,0.00013864498977096595,198.83333333333334,-198.83333333333334,61.49468491767804,-61.49468491767804,0.008525929961380246,-0.008525929961380246,0.027567245466127065,-0.027567245466127065,-0.008525929961380246,0.008525929961380246,-0.027567245466127065,0.027567245466127065,0.05812837795103916,0.041076518028278663,0.07716969345578598,0.022035202523531847,0.041076518028278663,0.05812837795103916,0.022035202523531847,0.07716969345578598,0.04960244798965891,0.04960244798965891,0.04960244798965891,0.04960244798965891,0.05812837795103916,0.07716969345578598,0.04960244798965891,0.04960244798965891,1.1718852658876378,1.5557638097191144,1.5557638097191144,0.0048468244412417025,0.005740362503970885,0.00395328637851252,0.00395328637851252,0.005740362503970885,0.007777066300597546,0.0019165825818858555,0.0019165825818858555,0.007777066300597546,0.005740362503970885,0.007777066300597546,0.0048468244412417025,0.0048468244412417025,0.01938729776496681,0.01938729776496681,0.21,0.0,6.0,0.0,72473.43333847288,17255.57936630307,34830.99129796592,0.0,0.0,72473.43333847288,13176.987879722343,26598.21153662852,26598.21153662852,1.3333333333333333,0.0,0.0,72473.43333847288,0.0,0.0,54355.07500385467,0.0,0.0,0.0,0.0,72473.43333847288,54355.07500385467,13176.987879722343,9882.740909791757,26598.21153662852,19948.65865247139,26598.21153662852,E,26.598211536628522,26.598211536628522,302.1747292029977
3,E-G--E-4.4,x,0.0,114.58333333333334,12.25,E-G,2,1.0,1.6808340497442593,829.125,,0,92160.37040019335,118074.65366756036,1.2811868393631438,10.5,0.8571428571428571,5.15556052977386,4824.0,52.0,24870.4239956291,478.27738453132883,85456.2025759771,1643.3885110764827,5858.897960508778,20131.509260686915,20131.509260686915,1643.388511076483,1643.388511076483,1150.371957753538,1150.371957753538,1200.0,3,19.0,0.9586432981279484,1200.0,2,3,1600000,10.5,0.25,0.061861032594519735,325431.1869095823,5968978.695292144,293053.4520976419,0.05452041354516084,0.0,6.180569392346968,0.0,89.3386484156553,0.0,25.244684917678043,9.941666666666668,17.24468027628609,5053613.085285756,2913439.7362707234,0.0,207395380.77330208,25318965304.97591,0.0,945.3425594498605,945.3425594498605,16142.183522895522,17087.526082345383,20131.509260686915,5858.897960508777,478.2773845313287,612.762690626564,334.7941691719301,428.93388343859476,0.04960244798965891,0.00013864498977096595,0.00011381963718622489,0.00013864498977096595,198.83333333333334,-198.83333333333334,61.49468491767804,-61.49468491767804,0.008525929961380246,-0.008525929961380246,0.027567245466127065,-0.027567245466127065,-0.008525929961380246,0.008525929961380246,-0.027567245466127065,0.027567245466127065,0.05812837795103916,0.041076518028278663,0.07716969345578598,0.022035202523531847,0.041076518028278663,0.05812837795103916,0.022035202523531847,0.07716969345578598,0.04960244798965891,0.04960244798965891,0.04960244798965891,0.04960244798965891,0.05812837795103916,0.07716969345578598,0.04960244798965891,0.04960244798965891,1.1718852658876378,1.5557638097191144,1.5557638097191144,0.0048468244412417025,0.005740362503970885,0.00395328637851252,0.00395328637851252,0.005740362503970885,0.007777066300597546,0.0019165825818858555,0.0019165825818858555,0.007777066300597546,0.005740362503970885,0.007777066300597546,0.0048468244412417025,0.0048468244412417025,0.01938729776496681,0.01938729776496681,0.21,0.0,10.5,0.0,147966.5930660488,17255.57936630307,34830.99129796592,0.0,0.0,147966.5930660488,12592.901537536069,25419.212798302786,25419.212798302786,1.3333333333333333,0.0,0.0,147966.5930660488,0.0,0.0,110974.94479953662,0.0,0.0,0.0,0.0,147966.5930660488,110974.94479953662,12592.901537536069,9444.676153152053,25419.212798302786,19064.409598727092,25419.212798302786,E,26.598211536628522,26.598211536628522,616.9400721227858
3,E-G--E-7,x,0.0,114.58333333333334,7.5,E-G,2,1.0,1.6808340497442593,1206.0,,0,92160.37040019335,118074.65366756036,1.2811868393631438,10.5,1.4,5.15556052977386,4824.0,52.0,24870.4239956291,478.27738453132883,85456.2025759771,1643.3885110764827,3587.0803839849664,12325.413833073622,12325.413833073622,1643.388511076483,1643.388511076483,1150.371957753538,1150.371957753538,1200.0,3,19.0,0.9586432981279484,1200.0,2,3,1600000,10.5,0.25,0.07707360411785019,159917.4448132375,5968978.695292144,293053.4520976419,0.026791424961755628,0.0,3.0371424266403895,0.0,89.3386484156553,0.0,25.244684917678043,9.941666666666668,17.24468027628609,5053613.085285756,2913439.7362707234,0.0,101914446.72003664,25318965304.97591,0.0,464.5429591922628,464.5429591922628,7932.296738987762,8396.839698180025,12325.413833073622,3587.080383984967,478.2773845313289,612.7626906265642,334.7941691719302,428.93388343859493,0.04960244798965891,0.00013864498977096595,0.00011381963718622489,0.00013864498977096595,198.83333333333334,-198.83333333333334,61.49468491767804,-61.49468491767804,0.008525929961380246,-0.008525929961380246,0.027567245466127065,-0.027567245466127065,-0.008525929961380246,0.008525929961380246,-0.027567245466127065,0.027567245466127065,0.05812837795103916,0.041076518028278663,0.07716969345578598,0.022035202523531847,0.041076518028278663,0.05812837795103916,0.022035202523531847,0.07716969345578598,0.04960244798965891,0.04960244798965891,0.04960244798965891,0.04960244798965891,0.05812837795103916,0.07716969345578598,0.04960244798965891,0.04960244798965891,1.1718852658876378,1.5557638097191144,1.5557638097191144,0.0048468244412417025,0.005740362503970885,0.00395328637851252,0.00395328637851252,0.005740362503970885,0.007777066300597546,0.0019165825818858555,0.0019165825818858555,0.007777066300597546,0.005740362503970885,0.007777066300597546,0.0048468244412417025,0.0048468244412417025,0.01938729776496681,0.01938729776496681,0.21,0.0,7.5,0.0,90591.79167309112,17255.57936630307,34830.99129796592,0.0,0.0,90591.79167309112,12941.684524727303,26123.24347347444,26123.24347347444,1.3333333333333333,0.0,0.0,90591.79167309112,0.0,0.0,67943.84375481834,0.0,0.0,0.0,0.0,90591.79167309112,67943.84375481834,12941.684524727303,9706.263393545478,26123.24347347444,19592.43260510583,26123.24347347444,D,26.12324347347444,26.12324347347444,377.7184115037476
3,E-H--E-1.2,x,0.0,120.08333333333334,23.25,E-H,1,1.0,1.6808340497442593,915.555,,0,92160.37040019335,118074.65366756036,1.2811868393631438,10.5,0.45161290322580644,5.15556052977386,5055.15,118.91,26062.131812086325,219.17527383808195,89550.97894940934,753.098805394074,5095.825116735406,17509.54722541222,17509.54722541222,912.8429959828384,753.098805394074,638.9900971879869,527.1691637758518,769.6428571428571,2,23.0,0.8302423536549249,600.0,1,3,1600000,10.5,0.25,0.04593992590457033,381140.08415651985,5968978.695292144,293053.4520976419,0.06385348375545935,0.0,7.64615320430488,0.0,89.3386484156553,0.0,30.744684917678043,9.941666666666668,17.24468027628609,5053613.085285756,2913439.7362707234,0.0,377516354.61293906,25318965304.97591,0.0,1412.9467984295031,1412.9467984295031,19810.65285817149,21223.599656600993,21223.599656600993,7082.465867440749,304.62218784691396,390.2779380474736,213.23553149283975,273.1945566332315,0.04960244798965891,0.00013864498977096595,0.00011381963718622489,0.00013864498977096595,198.83333333333334,-198.83333333333334,61.49468491767804,-61.49468491767804,0.008525929961380246,-0.008525929961380246,0.027567245466127065,-0.027567245466127065,-0.008525929961380246,0.008525929961380246,-0.027567245466127065,0.027567245466127065,0.05812837795103916,0.041076518028278663,0.07716969345578598,0.022035202523531847,0.041076518028278663,0.05812837795103916,0.022035202523531847,0.07716969345578598,0.04960244798965891,0.04960244798965891,0.04960244798965891,0.04960244798965891,0.05812837795103916,0.07716969345578598,0.04960244798965891,0.04960244798965891,1.1718852658876378,1.5557638097191144,1.5557638097191144,0.0048468244412417025,0.005740362503970885,0.00395328637851252,0.00395328637851252,0.005740362503970885,0.007777066300597546,0.0019165825818858555,0.0019165825818858555,0.007777066300597546,0.005740362503970885,0.007777066300597546,0.0048468244412417025,0.0048468244412417025,0.01938729776496681,0.01938729776496681,0.21,0.0,10.5,0.0,155993.4574760173,9584.851457819803,18979.891784904437,0.0,0.0,155993.4574760173,6856.85527367109,13577.922584585482,13577.922584585482,1.3333333333333333,0.0,0.0,155993.4574760173,0.0,0.0,116995.09310701297,0.0,0.0,0.0,0.0,155993.4574760173,116995.09310701297,6856.85527367109,5142.641455253318,13577.922584585482,10183.441938439111,13577.922584585482,D,26.12324347347444,26.12324347347444,0.0
3,E-H--E-2.4,x,0.0,120.08333333333334,12.33,E-H,1,1.0,1.6808340497442593,625.11,,0,92160.37040019335,118074.65366756036,1.2811868393631438,10.5,0.851581508515815,5.15556052977386,5055.15,118.91,26062.131812086325,219.17527383808195,89550.97894940934,753.098805394074,2702.4311264235503,9285.708270508932,9285.708270508932,753.098805394074,753.098805394074,527.1691637758518,527.1691637758518,600.0,3,19.0,0.878615272959753,600.0,1,3,1600000,10.5,0.25,0.05522926020309186,168130.230902298,5968978.695292144,293053.4520976419,0.02816733640461906,0.0,3.3463888824509214,0.0,89.3386484156553,0.0,30.744684917678043,9.941666666666668,17.24468027628609,5053613.085285756,2913439.7362707234,0.0,158922688.2071396,25318965304.97591,0.0,594.8068229529142,594.8068229529142,8339.67103382058,8934.477856773494,9285.708270508932,2577.4059055649996,209.0353532493917,267.81334354474643,146.32474727457418,187.4693404813225,0.04960244798965891,0.00013864498977096595,0.00011381963718622489,0.00013864498977096595,198.83333333333334,-198.83333333333334,61.49468491767804,-61.49468491767804,0.008525929961380246,-0.008525929961380246,0.027567245466127065,-0.027567245466127065,-0.008525929961380246,0.008525929961380246,-0.027567245466127065,0.027567245466127065,0.05812837795103916,0.041076518028278663,0.07716969345578598,0.022035202523531847,0.041076518028278663,0.05812837795103916,0.022035202523531847,0.07716969345578598,0.04960244798965891,0.04960244798965891,0.04960244798965891,0.04960244798965891,0.05812837795103916,0.07716969345578598,0.04960244798965891,0.04960244798965891,1.1718852658876378,1.5557638097191144,1.5557638097191144,0.0048468244412417025,0.005740362503970885,0.00395328637851252,0.00395328637851252,0.005740362503970885,0.007777066300597546,0.0019165825818858555,0.0019165825818858555,0.007777066300597546,0.005740362503970885,0.007777066300597546,0.0048468244412417025,0.0048468244412417025,0.01938729776496681,0.01938729776496681,0.21,0.0,10.5,0.0,68249.95578824065,7907.537456637777,16136.919321084195,0.0,0.0,68249.95578824065,5769.227031973005,11773.267173311724,11773.267173311724,1.3333333333333333,0.0,0.0,68249.95578824065,0.0,0.0,51187.466841180496,0.0,0.0,0.0,0.0,68249.95578824065,51187.466841180496,5769.227031973005,4326.920273979755,11773.267173311724,8829.950379983795,11773.267173311724,D,26.12324347347444,26.12324347347444,0.0
3,E-H--E-3.1,x,0.0,120.08333333333334,20.0,E-H,1,1.0,1.6808340497442593,859.61,,0,92160.37040019335,118074.65366756036,1.2811868393631438,10.5,0.525,5.15556052977386,5055.15,118.91,26062.131812086325,219.17527383808195,89550.97894940934,753.098805394074,4383.505476761639,15061.97610788148,15061.97610788148,784.9895518403451,753.098805394074,549.4926862882415,527.1691637758518,600.0,3,19.0,0.9158211438137359,600.0,1,3,1600000,10.5,0.25,0.04889135750110971,308070.31912623026,5968978.695292144,293053.4520976419,0.05161189792304195,0.0,6.331368092016952,0.0,89.3386484156553,0.0,30.744684917678043,9.941666666666668,17.24468027628609,5053613.085285756,2913439.7362707234,0.0,279261198.6796894,25318965304.97591,0.0,1045.2029740661428,1045.2029740661428,14654.58806274076,15699.791036806902,15699.791036806902,3623.9831370658394,181.19915685329198,232.1499750641357,126.83940979730438,162.50498254489497,0.04960244798965891,0.00013864498977096595,0.00011381963718622489,0.00013864498977096595,198.83333333333334,-198.83333333333334,61.49468491767804,-61.49468491767804,0.008525929961380246,-0.008525929961380246,0.027567245466127065,-0.027567245466127065,-0.008525929961380246,0.008525929961380246,-0.027567245466127065,0.027567245466127065,0.05812837795103916,0.041076518028278663,0.07716969345578598,0.022035202523531847,0.041076518028278663,0.05812837795103916,0.022035202523531847,0.07716969345578598,0.04960244798965891,0.04960244798965891,0.04960244798965891,0.04960244798965891,0.05812837795103916,0.07716969345578598,0.04960244798965891,0.04960244798965891,1.1718852658876378,1.5557638097191144,1.5557638097191144,0.0048468244412417025,0.005740362503970885,0.00395328637851252,0.00395328637851252,0.005740362503970885,0.007777066300597546,0.0019165825818858555,0.0019165825818858555,0.007777066300597546,0.005740362503970885,0.007777066300597546,0.0048468244412417025,0.0048468244412417025,0.01938729776496681,0.01938729776496681,0.21,0.0,10.5,0.0,115393.46412053073,8242.390294323624,17541.040537006375,0.0,0.0,115393.46412053073,5917.6135446426015,12593.567565030215,12593.567565030215,1.3333333333333333,0.0,0.0,115393.46412053073,0.0,0.0,86545.09809039805,0.0,0.0,0.0,0.0,115393.46412053073,86545.09809039805,5917.6135446426015,4438.210158481951,12593.567565030215,9445.175673772665,12593.567565030215,D,26.12324347347444,26.12324347347444,0.0
3,E-H--E-4.1,x,0.0,120.08333333333334,27.0,E-H,1,1.0,1.6808340497442593,1105.5,,0,92160.37040019335,118074.65366756036,1.2811868393631438,10.5,0.3888888888888889,5.15556052977386,5055.15,118.91,26062.131812086325,219.17527383808195,89550.97894940934,753.098805394074,5917.732393628213,20333.66774564,20333.66774564,920.5786786037656,753.098805394074,644.4050750226359,527.1691637758518,769.6428571428571,2,23.0,0.8372780557138656,600.0,1,3,1600000,10.5,0.25,0.044690129133858704,454992.369449981,5968978.695292144,293053.4520976419,0.0762261674361215,0.0,9.184364720760005,0.0,89.3386484156553,0.0,30.744684917678043,9.941666666666668,17.24468027628609,5053613.085285756,2913439.7362707234,0.0,442121263.00948167,25318965304.97591,0.0,1654.7463850336844,1654.7463850336844,23200.87793726799,24855.62432230167,24855.62432230167,8365.401776940438,309.82969544223846,396.94972824448695,216.8807868095669,277.86480977114087,0.04960244798965891,0.00013864498977096595,0.00011381963718622489,0.00013864498977096595,198.83333333333334,-198.83333333333334,61.49468491767804,-61.49468491767804,0.008525929961380246,-0.008525929961380246,0.027567245466127065,-0.027567245466127065,-0.008525929961380246,0.008525929961380246,-0.027567245466127065,0.027567245466127065,0.05812837795103916,0.041076518028278663,0.07716969345578598,0.022035202523531847,0.041076518028278663,0.05812837795103916,0.022035202523531847,0.07716969345578598,0.04960244798965891,0.04960244798965891,0.04960244798965891,0.04960244798965891,0.05812837795103916,0.07716969345578598,0.04960244798965891,0.04960244798965891,1.1718852658876378,1.5557638097191144,1.5557638097191144,0.0048468244412417025,0.005740362503970885,0.00395328637851252,0.00395328637851252,0.005740362503970885,0.007777066300597546,0.0019165825818858555,0.0019165825818858555,0.007777066300597546,0.005740362503970885,0.007777066300597546,0.0048468244412417025,0.0048468244412417025,0.01938729776496681,0.01938729776496681,0.21,0.0,10.5,0.0,182688.83876891728,9666.07612533954,19119.425310325958,0.0,0.0,182688.83876891728,6893.918444110086,13636.118428873982,13636.118428873982,1.3333333333333333,0.0,0.0,182688.83876891728,0.0,0.0,137016.62907668797,0.0,0.0,0.0,0.0,182688.83876891728,137016.62907668797,6893.918444110086,5170.438833082565,13636.118428873982,10227.088821655489,13636.118428873982,D,26.12324347347444,26.12324347347444,0.0
3,E-H--E-7,x,0.0,120.08333333333334,13.0,E-H,1,1.0,1.6808340497442593,628.125,,0,92160.37040019335,118074.65366756036,1.2811868393631438,10.5,0.8076923076923077,5.15556052977386,5055.15,118.91,26062.131812086325,219.17527383808195,89550.97894940934,753.098805394074,2849.2785598950654,9790.284470122962,9790.284470122962,753.098805394074,753.098805394074,527.1691637758518,527.1691637758518,600.0,3,19.0,0.878615272959753,600.0,1,3,1600000,10.5,0.25,0.05417029539449637,180731.60574120926,5968978.695292144,293053.4520976419,0.030278480619097534,0.0,3.597201008492872,0.0,89.3386484156553,0.0,30.744684917678043,9.941666666666668,17.24468027628609,5053613.085285756,2913439.7362707234,0.0,170833956.95255247,25318965304.97591,0.0,639.3876439780589,639.3876439780589,8964.730073865872,9604.117717843932,9790.284470122962,2561.767080068159,197.05900615908917,252.46940526900573,137.94130431136242,176.728583688304,0.04960244798965891,0.00013864498977096595,0.00011381963718622489,0.00013864498977096595,198.83333333333334,-198.83333333333334,61.49468491767804,-61.49468491767804,0.008525929961380246,-0.008525929961380246,0.027567245466127065,-0.027567245466127065,-0.008525929961380246,0.008525929961380246,-0.027567245466127065,0.027567245466127065,0.05812837795103916,0.041076518028278663,0.07716969345578598,0.022035202523531847,0.041076518028278663,0.05812837795103916,0.022035202523531847,0.07716969345578598,0.04960244798965891,0.04960244798965891,0.04960244798965891,0.04960244798965891,0.05812837795103916,0.07716969345578598,0.04960244798965891,0.04960244798965891,1.1718852658876378,1.5557638097191144,1.5557638097191144,0.0048468244412417025,0.005740362503970885,0.00395328637851252,0.00395328637851252,0.005740362503970885,0.007777066300597546,0.0019165825818858555,0.0019165825818858555,0.007777066300597546,0.005740362503970885,0.007777066300597546,0.0048468244412417025,0.0048468244412417025,0.01938729776496681,0.01938729776496681,0.21,0.0,10.5,0.0,71958.59085540377,7907.537456637777,16335.852637674321,0.0,0.0,71958.59085540377,5756.687268432302,11892.500720226904,11892.500720226904,1.3333333333333333,0.0,0.0,71958.59085540377,0.0,0.0,53968.94314155283,0.0,0.0,0.0,0.0,71958.59085540377,53968.94314155283,5756.687268432302,4317.515451324227,11892.500720226904,8919.37554017018,11892.500720226904,D,26.12324347347444,26.12324347347444,0.0
3,E-H--E-7.6,x,0.0,120.08333333333334,23.33,E-H,1,1.0,1.6808340497442593,921.25,,0,92160.37040019335,118074.65366756036,1.2811868393631438,10.5,0.45006429489927136,5.15556052977386,5055.15,118.91,26062.131812086325,219.17527383808195,89550.97894940934,753.098805394074,5113.359138642451,17569.795129843747,17569.795129843747,913.0480598241779,753.0988053940741,639.1336418769245,527.1691637758519,769.6428571428571,2,23.0,0.8304288618354472,600.0,1,3,1600000,10.5,0.25,0.045909683691354286,382703.46726768,5968978.695292144,293053.4520976419,0.06411540178046306,0.0,7.678757521772811,0.0,89.3386484156553,0.0,30.744684917678043,9.941666666666668,17.24468027628609,5053613.085285756,2913439.7362707234,0.0,378900433.8531574,25318965304.97591,0.0,1418.1270517015616,1418.1270517015616,19883.284183996508,21301.41123569807,21301.41123569807,7109.818267991077,304.750032918606,390.44173147080284,213.32502304302417,273.309212029562,0.04960244798965891,0.00013864498977096595,0.00011381963718622489,0.00013864498977096595,198.83333333333334,-198.83333333333334,61.49468491767804,-61.49468491767804,0.008525929961380246,-0.008525929961380246,0.027567245466127065,-0.027567245466127065,-0.008525929961380246,0.008525929961380246,-0.027567245466127065,0.027567245466127065,0.05812837795103916,0.041076518028278663,0.07716969345578598,0.022035202523531847,0.041076518028278663,0.05812837795103916,0.022035202523531847,0.07716969345578598,0.04960244798965891,0.04960244798965891,0.04960244798965891,0.04960244798965891,0.05812837795103916,0.07716969345578598,0.04960244798965891,0.04960244798965891,1.1718852658876378,1.5557638097191144,1.5557638097191144,0.0048468244412417025,0.005740362503970885,0.00395328637851252,0.00395328637851252,0.005740362503970885,0.007777066300597546,0.0019165825818858555,0.0019165825818858555,0.007777066300597546,0.005740362503970885,0.007777066300597546,0.0048468244412417025,0.0048468244412417025,0.01938729776496681,0.01938729776496681,0.21,0.0,10.5,0.0,156565.3725823808,9587.004628153869,18983.772825270677,0.0,0.0,156565.3725823808,6857.87878153223,13579.675602693622,13579.675602693622,1.3333333333333333,0.0,0.0,156565.3725823808,0.0,0.0,117424.02943678561,0.0,0.0,0.0,0.0,156565.3725823808,117424.02943678561,6857.87878153223,5143.409086149173,13579.675602693622,10184.756702020219,13579.675602693622,D,26.12324347347444,26.12324347347444,0.0
2,E-2,y,26.083333333333332,0.0,30.75,E-2,2,1.1602686662715742,1.0,1286.9583333333333,,90,62385.48150166935,114213.77333333333,1.8307748948010785,10.5,0.34146341463414637,3.4899178970776896,1286.9583333333333,30.75,4491.378920293275,146.0611030989683,27289.59037140754,887.4663535417086,4491.378920293275,27289.59037140754,27289.59037140754,1289.4504478607405,887.4663535417086,902.6153135025182,621.2264474791959,921.4285714285714,4,17.0,0.9795825107779268,769.6428571428571,1,2,1600000,10.5,0.25,0.04222452083309951,646297.2186061001,7634335.443472708,364079.00687160576,0.08465664410366966,2.1634643086765823,0.0,108.62143648849403,0.0,82.5381031551607,0.0,3.272450597389934,7.541666666666668,2745762.510156694,1191430.56353412,4859476415.871394,0.0,29977415831.58095,5392.669114813439,0.0,5392.669114813439,34257.93215690433,39650.60127171777,39650.60127171777,10490.12437523196,341.1422561051044,624.5546780330251,238.79957927357307,437.18827462311754,0.048026466399407254,9.316260408378171e-05,2.0742170262156562e-05,9.316260408378171e-05,90.21189684483932,-90.21189684483932,150.83333333333334,-150.83333333333334,0.014052026115970409,-0.014052026115970409,0.008404375229402721,-0.008404375229402721,-0.014052026115970409,0.014052026115970409,-0.008404375229402721,0.008404375229402721,0.06207849251537766,0.033974440283436845,0.05643084162880997,0.039622091170004536,0.033974440283436845,0.06207849251537766,0.039622091170004536,0.05643084162880997,0.048026466399407254,0.048026466399407254,0.048026466399407254,0.048026466399407254,0.06207849251537766,0.05643084162880997,0.048026466399407254,0.048026466399407254,1.2925892152695173,1.174994661474958,1.2925892152695173,0.00170229561211524,0.0022374803262906334,0.0011671108979398465,0.0011671108979398465,0.0022374803262906334,0.002210951179957746,0.001193640044272734,0.001193640044272734,0.002210951179957746,0.0022374803262906334,0.002210951179957746,0.0022374803262906334,0.0022374803262906334,0.008949921305162534,0.008949921305162534,0.21,321.7395833333333,10.5,488.276874435411,291431.91934712563,13539.229702537776,33399.69350722749,2260.9660670731705,12112.318216463415,281580.56719773536,9308.448502404475,22493.84725595811,22493.84725595811,1.3333333333333333,558.0307136404697,348.7691960252935,291431.91934712563,36.45800662451068,325.517916290274,218573.9395103442,27.34350496838302,325.517916290274,279.01535682023484,23.25127973501957,291793.8952700404,219229.0675681581,9646.079182480673,7247.241903079606,23814.09277470184,17911.299645902785,23814.09277470184,B,24.791163199240778,26.27751336025596,1802.4680160894368
2,E-3,y,50.75,0.0,30.75,E-3,1,1.1602686662715742,1.0,561.125,,90,62385.48150166935,114213.77333333333,1.8307748948010785,10.5,0.34146341463414637,3.4899178970776896,561.125,30.75,1958.2801799977185,63.683908292608734,11898.49818796728,386.94303050300095,1958.2801799977185,11898.49818796728,11898.49818796728,508.1713517473048,386.94303050300095,355.71994622311337,270.86012135210063,460.7142857142857,4,17.0,0.7721053096315639,310.7142857142857,1,6,1600000,10.5,0.25,0.03402885795878734,349659.0512199281,7634335.443472708,364079.00687160576,0.04580084983282777,2.4299015948124523,0.0,108.62143648849403,0.0,57.87143648849403,0.0,3.272450597389934,7.541666666666668,2745762.510156694,1191430.56353412,981375776.5032585,0.0,29977415831.58095,1553.2445918356784,0.0,1553.2445918356784,14073.024474393944,15626.269066229623,15626.269066229623,1718.6558846295393,55.89124828063542,102.32429419128127,39.12387379644479,71.62700593389688,0.048026466399407254,9.316260408378171e-05,2.0742170262156562e-05,9.316260408378171e-05,90.21189684483932,-90.21189684483932,150.83333333333334,-150.83333333333334,0.014052026115970409,-0.014052026115970409,0.008404375229402721,-0.008404375229402721,-0.014052026115970409,0.014052026115970409,-0.008404375229402721,0.008404375229402721,0.06207849251537766,0.033974440283436845,0.05643084162880997,0.039622091170004536,0.033974440283436845,0.06207849251537766,0.039622091170004536,0.05643084162880997,0.048026466399407254,0.048026466399407254,0.048026466399407254,0.048026466399407254,0.06207849251537766,0.05643084162880997,0.048026466399407254,0.048026466399407254,1.2925892152695173,1.174994661474958,1.2925892152695173,0.00170229561211524,0.0022374803262906334,0.0011671108979398465,0.0011671108979398465,0.0022374803262906334,0.002210951179957746,0.001193640044272734,0.001193640044272734,0.002210951179957746,0.0022374803262906334,0.002210951179957746,0.0022374803262906334,0.0022374803262906334,0.008949921305162534,0.008949921305162534,0.21,561.125,10.5,851.571815718157,114853.07763678771,5335.799193346701,15352.076902039731,3943.2032926829256,21124.30335365853,97671.97757581211,3228.825704985524,8705.004658044167,8705.004658044167,1.3333333333333333,973.2249322493224,608.2655826558265,114853.07763678771,63.58402890695572,567.7145438121047,86139.80822759081,47.6880216802168,567.7145438121047,486.6124661246611,40.55103884372177,115484.37620950678,87282.37429805152,3817.6653292398937,2885.367745390133,11007.558664703518,8344.143992368488,11007.558664703518,B,24.791163199240778,26.27751336025596,0.0
2,E-3.3,y,59.583333333333336,0.0,18.75,E-3.3,1,1.1602686662715742,1.0,441.08333333333337,,90,62385.48150166935,114213.77333333333,1.8307748948010785,10.5,0.56,3.4899178970776896,441.08333333333337,18.75,1539.3446191026844,82.0983796854765,9353.048326859853,498.8292440991921,1539.3446191026844,9353.048326859853,9353.048326859853,597.6807932967299,498.8292440991921,418.37655530771093,349.1804708694345,460.7142857142857,4,17.0,0.9081041510554966,460.7142857142857,1,4,1600000,10.5,0.25,0.04389396661816358,213082.7775995416,7634335.443472708,364079.00687160576,0.027911110165027602,1.853615186317361,0.0,108.62143648849403,0.0,49.03810315516069,0.0,3.272450597389934,7.541666666666668,2745762.510156694,1191430.56353412,513131945.2353694,0.0,29977415831.58095,958.4383184510838,0.0,958.4383184510838,10248.076555862603,11206.514874313687,11206.514874313687,1088.677262877709,58.06278735347781,106.29989340892072,40.643951147434464,74.4099253862445,0.048026466399407254,9.316260408378171e-05,2.0742170262156562e-05,9.316260408378171e-05,90.21189684483932,-90.21189684483932,150.83333333333334,-150.83333333333334,0.014052026115970409,-0.014052026115970409,0.008404375229402721,-0.008404375229402721,-0.014052026115970409,0.014052026115970409,-0.008404375229402721,0.008404375229402721,0.06207849251537766,0.033974440283436845,0.05643084162880997,0.039622091170004536,0.033974440283436845,0.06207849251537766,0.039622091170004536,0.05643084162880997,0.048026466399407254,0.048026466399407254,0.048026466399407254,0.048026466399407254,0.06207849251537766,0.05643084162880997,0.048026466399407254,0.048026466399407254,1.2925892152695173,1.174994661474958,1.2925892152695173,0.00170229561211524,0.0022374803262906334,0.0011671108979398465,0.0011671108979398465,0.0022374803262906334,0.002210951179957746,0.001193640044272734,0.001193640044272734,0.002210951179957746,0.0022374803262906334,0.002210951179957746,0.0022374803262906334,0.0022374803262906334,0.008949921305162534,0.008949921305162534,0.21,441.08333333333337,10.5,1097.8074074074075,82367.88432620559,6275.648329615665,17533.94088763298,5083.397199999999,27232.485,60218.796526205595,3299.660083627704,7868.2649421713595,7868.2649421713595,1.3333333333333333,1254.637037037037,784.1481481481483,82367.88432620559,81.96961975308642,731.8716049382716,61775.9132446542,61.47721481481483,731.8716049382716,627.3185185185185,52.27654320987655,83181.72555089695,63248.85712613568,4557.902769912162,3465.690801432092,12788.4021396684,9780.356500743183,12788.4021396684,B,24.791163199240778,26.27751336025596,0.0
2,E-4,y,77.08333333333333,0.0,30.75,E-4,1,1.1602686662715742,1.0,650.4583333333333,,90,62385.48150166935,114213.77333333333,1.8307748948010785,10.5,0.34146341463414637,3.4899178970776896,650.4583333333333,30.75,2270.0461788033253,73.82263996108375,13792.786456698386,448.54590103084183,2270.0461788033253,13792.786456698386,13792.786456698386,551.5589664851885,448.54590103084183,386.09127653963196,313.9821307215893,460.7142857142857,4,17.0,0.8380275769852477,460.7142857142857,1,4,1600000,10.5,0.25,0.036326860874952904,379685.61346869386,7634335.443472708,364079.00687160576,0.04973394426797448,4.41759646867547,0.0,108.62143648849403,0.0,31.538103155160698,0.0,3.272450597389934,7.541666666666668,2745762.510156694,1191430.56353412,331330131.06862473,0.0,29977415831.58095,962.2637857689286,0.0,962.2637857689286,15998.174433650616,16960.438219419546,16960.438219419546,1406.0609277806634,45.72555862701344,83.71320478509108,32.007891038909406,58.59924334956375,0.048026466399407254,9.316260408378171e-05,2.0742170262156562e-05,9.316260408378171e-05,90.21189684483932,-90.21189684483932,150.83333333333334,-150.83333333333334,0.014052026115970409,-0.014052026115970409,0.008404375229402721,-0.008404375229402721,-0.014052026115970409,0.014052026115970409,-0.008404375229402721,0.008404375229402721,0.06207849251537766,0.033974440283436845,0.05643084162880997,0.039622091170004536,0.033974440283436845,0.06207849251537766,0.039622091170004536,0.05643084162880997,0.048026466399407254,0.048026466399407254,0.048026466399407254,0.048026466399407254,0.06207849251537766,0.05643084162880997,0.048026466399407254,0.048026466399407254,1.2925892152695173,1.174994661474958,1.2925892152695173,0.00170229561211524,0.0022374803262906334,0.0011671108979398465,0.0011671108979398465,0.0022374803262906334,0.002210951179957746,0.001193640044272734,0.001193640044272734,0.002210951179957746,0.0022374803262906334,0.002210951179957746,0.0022374803262906334,0.0022374803262906334,0.008949921305162534,0.008949921305162534,0.21,650.4583333333333,10.5,987.1454381210478,124659.22091273365,5791.369148094479,16886.164462279376,4570.976951219512,24487.37652439024,104742.82133956291,3462.5726062665426,9443.329911187971,9443.329911187971,1.3333333333333333,1128.166214995483,705.1038843721769,124659.22091273365,73.7068593797049,658.0969587473652,93494.41568455026,55.28014453477869,658.0969587473652,564.0831074977415,47.0069256248118,125391.02473086072,94818.88282095495,4145.1578423425035,3134.5085230067752,12112.459680101547,9186.905325075752,12112.459680101547,B,24.791163199240778,26.27751336025596,0.0
2,E-5,y,98.41666666666666,0.0,30.75,E-5,1,1.1602686662715742,1.0,770.5,,90,62385.48150166935,114213.77333333333,1.8307748948010785,10.5,0.34146341463414637,3.4899178970776896,770.5,30.75,2688.98173969836,87.44656064059707,16338.236317805815,531.3247583026281,2688.98173969836,16338.236317805817,16338.236317805817,630.515706821027,531.3247583026282,441.3609947747189,371.92733081183974,460.7142857142857,4,17.0,0.9579928568753588,460.7142857142857,1,4,1600000,10.5,0.25,0.040508764412145015,403325.960564411,7634335.443472708,364079.00687160576,0.05283052644867096,5.8502288398458635,0.0,108.62143648849403,0.0,10.20476982182737,0.0,3.272450597389934,7.541666666666668,2745762.510156694,1191430.56353412,41237820.67385316,0.0,29977415831.58095,370.1359521955203,0.0,370.1359521955203,19018.22203255106,19388.35798474658,19388.35798474658,3626.252455923155,117.92690913571236,215.89762466715015,82.54883639499865,151.1283372670051,0.048026466399407254,9.316260408378171e-05,2.0742170262156562e-05,9.316260408378171e-05,90.21189684483932,-90.21189684483932,150.83333333333334,-150.83333333333334,0.014052026115970409,-0.014052026115970409,0.008404375229402721,-0.008404375229402721,-0.014052026115970409,0.014052026115970409,-0.008404375229402721,0.008404375229402721,0.06207849251537766,0.033974440283436845,0.05643084162880997,0.039622091170004536,0.033974440283436845,0.06207849251537766,0.039622091170004536,0.05643084162880997,0.048026466399407254,0.048026466399407254,0.048026466399407254,0.048026466399407254,0.06207849251537766,0.05643084162880997,0.048026466399407254,0.048026466399407254,1.2925892152695173,1.174994661474958,1.2925892152695173,0.00170229561211524,0.0022374803262906334,0.0011671108979398465,0.0011671108979398465,0.0022374803262906334,0.002210951179957746,0.001193640044272734,0.001193640044272734,0.002210951179957746,0.0022374803262906334,0.002210951179957746,0.0022374803262906334,0.0022374803262906334,0.008949921305162534,0.008949921305162534,0.21,192.625,10.5,292.33062330623306,142504.43118788736,6620.414921620784,18496.760436125587,1353.6369512195122,7251.6265243902435,136606.44161471663,4515.915425279889,12399.971876416099,12399.971876416099,1.3333333333333333,334.09214092140917,208.80758807588074,142504.43118788736,21.8273532068654,194.88708220415538,106878.32339091554,16.370514905149054,194.88708220415538,167.04607046070458,13.920505871725384,142721.1456232984,107270.54756435727,4718.054400770195,3546.1338037804057,13190.400863776773,9923.172660643617,13190.400863776773,B,24.791163199240778,26.27751336025596,0.0
2,E-2.4,y,35.916666666666664,0.0,30.75,E-2.4,2,1.1602686662715742,1.0,1448.875,,90,62385.48150166935,114213.77333333333,1.8307748948010785,10.5,0.34146341463414637,3.4899178970776896,1448.875,30.75,5056.454793128438,164.43755424807927,30722.987858482673,999.1215563734203,5056.454793128438,30722.987858482673,30722.987858482673,1425.7993279722523,999.1215563734203,998.0595295805765,699.3850894613942,1200.0,3,19.0,0.8317162746504804,769.6428571428571,1,2,1600000,10.5,0.25,0.042074731810136906,730200.4442267342,7634335.443472708,364079.00687160576,0.09564689024125203,3.0362804460956623,0.0,108.62143648849403,0.0,72.70476982182737,0.0,3.272450597389934,7.541666666666668,2745762.510156694,1191430.56353412,4237938526.1228204,0.0,29977415831.58095,5339.007459033172,0.0,5339.007459033172,38504.32187611359,43843.32933514676,43843.32933514676,11593.840757280908,377.03547178149296,690.2670761870378,263.92483024704507,483.1869533309264,0.048026466399407254,9.316260408378171e-05,2.0742170262156562e-05,9.316260408378171e-05,90.21189684483932,-90.21189684483932,150.83333333333334,-150.83333333333334,0.014052026115970409,-0.014052026115970409,0.008404375229402721,-0.008404375229402721,-0.014052026115970409,0.014052026115970409,-0.008404375229402721,0.008404375229402721,0.06207849251537766,0.033974440283436845,0.05643084162880997,0.039622091170004536,0.033974440283436845,0.06207849251537766,0.039622091170004536,0.05643084162880997,0.048026466399407254,0.048026466399407254,0.048026466399407254,0.048026466399407254,0.06207849251537766,0.05643084162880997,0.048026466399407254,0.048026466399407254,1.2925892152695173,1.174994661474958,1.2925892152695173,0.00170229561211524,0.0022374803262906334,0.0011671108979398465,0.0011671108979398465,0.0022374803262906334,0.002210951179957746,0.001193640044272734,0.001193640044272734,0.002210951179957746,0.0022374803262906334,0.002210951179957746,0.0022374803262906334,0.0022374803262906334,0.008949921305162534,0.008949921305162534,0.21,362.21875,10.5,549.7086720867209,322248.4706133287,14970.89294370865,36853.18047381099,2545.426006097561,13636.210746951221,311157.68587247503,10286.204491652068,24791.16319924078,24791.16319924078,1.3333333333333333,628.2384823848238,392.6490514905149,322248.4706133287,41.04491418247515,366.4724480578139,241686.35295999653,30.783685636856376,366.4724480578139,314.1192411924119,26.176603432700993,322655.9879755689,242423.9049383163,10666.313652084922,8014.013386390621,26277.513360255958,19765.24760949968,26277.513360255958,B,24.791163199240778,26.27751336025596,3216.9273863545604
2,E-3.4,y,60.58333333333333,0.0,30.75,E-3.4,1,1.1602686662715742,1.0,988.25,,90,62385.48150166935,114213.77333333333,1.8307748948010785,10.5,0.34146341463414637,3.4899178970776896,988.25,30.75,3448.9113617870266,112.15971908250494,20955.563972837896,681.4817552142405,3448.9113617870266,20955.563972837896,20955.563972837896,850.499893215436,681.4817552142405,595.3499252508052,477.0372286499683,600.0,3,19.0,0.9922498754180087,600.0,1,3,1600000,10.5,0.25,0.04755214324326046,440686.0036914933,7634335.443472708,364079.00687160576,0.05772421279553234,4.120996595056204,0.0,108.62143648849403,0.0,48.0381031551607,0.0,3.272450597389934,7.541666666666668,2745762.510156694,1191430.56353412,1151172307.4433491,0.0,29977415831.58095,2194.943077706585,0.0,2194.943077706585,23957.928638668072,26152.87171637466,26152.87171637466,4804.4740828584945,156.2430596051543,286.045871012025,109.370141723608,200.23210970841748,0.048026466399407254,9.316260408378171e-05,2.0742170262156562e-05,9.316260408378171e-05,90.21189684483932,-90.21189684483932,150.83333333333334,-150.83333333333334,0.014052026115970409,-0.014052026115970409,0.008404375229402721,-0.008404375229402721,-0.014052026115970409,0.014052026115970409,-0.008404375229402721,0.008404375229402721,0.06207849251537766,0.033974440283436845,0.05643084162880997,0.039622091170004536,0.033974440283436845,0.06207849251537766,0.039622091170004536,0.05643084162880997,0.048026466399407254,0.048026466399407254,0.048026466399407254,0.048026466399407254,0.06207849251537766,0.05643084162880997,0.048026466399407254,0.048026466399407254,1.2925892152695173,1.174994661474958,1.2925892152695173,0.00170229561211524,0.0022374803262906334,0.0011671108979398465,0.0011671108979398465,0.0022374803262906334,0.002210951179957746,0.001193640044272734,0.001193640044272734,0.002210951179957746,0.0022374803262906334,0.002210951179957746,0.0022374803262906334,0.0022374803262906334,0.008949921305162534,0.008949921305162534,0.21,247.0625,10.5,374.94579945799455,192223.60711535375,8930.248878762079,24283.70421809316,1736.186524390244,9300.999237804877,184658.7944019391,6104.422955436004,16302.50535616959,16302.50535616959,1.3333333333333333,428.5094850948509,267.81842818428186,192223.60711535375,27.995953026196922,249.9638663053297,144167.7053365153,20.996964769647697,249.9638663053297,214.25474254742545,17.854561878952126,192501.56693468528,144670.77547201666,6363.688163130092,4782.504974281543,17316.31644865393,13026.192744226342,17316.31644865393,B,24.791163199240778,26.27751336025596,0.0
2,E-4.8,y,94.91666666666666,0.0,30.75,E-4.8,1,1.1602686662715742,1.0,988.25,,90,62385.48150166935,114213.77333333333,1.8307748948010785,10.5,0.34146341463414637,3.4899178970776896,988.25,30.75,3448.9113617870266,112.15971908250494,20955.563972837896,681.4817552142405,3448.9113617870266,20955.563972837896,20955.563972837896,722.9701434236199,681.4817552142405,506.0791003965339,477.0372286499683,600.0,3,19.0,0.8434651673275565,600.0,1,3,1600000,10.5,0.25,0.04148854565648044,505092.7585253804,7634335.443472708,364079.00687160576,0.066160671385907,6.456416948788194,0.0,108.62143648849403,0.0,13.70476982182737,0.0,3.272450597389934,7.541666666666668,2745762.510156694,1191430.56353412,84727206.31836191,0.0,29977415831.58095,566.2652613091977,0.0,566.2652613091977,21665.066648967113,22231.331910276313,22231.331910276313,1053.8095594248443,34.270229574791685,62.74107594459805,23.989160702354177,43.91875316121863,0.048026466399407254,9.316260408378171e-05,2.0742170262156562e-05,9.316260408378171e-05,90.21189684483932,-90.21189684483932,150.83333333333334,-150.83333333333334,0.014052026115970409,-0.014052026115970409,0.008404375229402721,-0.008404375229402721,-0.014052026115970409,0.014052026115970409,-0.008404375229402721,0.008404375229402721,0.06207849251537766,0.033974440283436845,0.05643084162880997,0.039622091170004536,0.033974440283436845,0.06207849251537766,0.039622091170004536,0.05643084162880997,0.048026466399407254,0.048026466399407254,0.048026466399407254,0.048026466399407254,0.06207849251537766,0.05643084162880997,0.048026466399407254,0.048026466399407254,1.2925892152695173,1.174994661474958,1.2925892152695173,0.00170229561211524,0.0022374803262906334,0.0011671108979398465,0.0011671108979398465,0.0022374803262906334,0.002210951179957746,0.001193640044272734,0.001193640044272734,0.002210951179957746,0.0022374803262906334,0.002210951179957746,0.0022374803262906334,0.0022374803262906334,0.008949921305162534,0.008949921305162534,0.21,988.25,10.5,1499.7831978319782,163400.28954053088,7591.186505948009,22739.93265522826,6944.746097560976,37203.99695121951,133141.03868687234,4401.356650805697,12272.83521727231,12272.83521727231,1.3333333333333333,1714.0379403794036,1071.2737127371274,163400.28954053088,111.98381210478769,999.8554652213188,122550.21715539819,83.98785907859079,999.8554652213188,857.0189701897018,71.4182475158085,164512.12881785698,124562.49769740361,5438.417481582049,4117.768518922433,16328.079587209673,12401.881321350838,16328.079587209673,B,24.791163199240778,26.27751336025596,0.0
2,E-5.9,y,119.58333333333333,0.0,30.75,E-5.9,1,2.0217462619475373,1.405025952049425,829.1250000000007,,90,62385.48150166935,114213.77333333333,1.8307748948010785,10.5,0.34146341463414637,3.4899178970776896,829.1250000000007,30.75,2893.5781764145418,94.10010329803387,17581.36299416062,571.7516420865242,2893.5781764145418,17581.36299416062,17581.36299416062,676.1468304611094,571.7516420865242,473.3027813227765,400.2261494605669,600.0,3,19.0,0.7888379688712942,460.7142857142857,1,4,1600000,10.5,0.25,0.039262259413874304,447792.9507018591,7634335.443472708,364079.00687160576,0.058655131676813896,7.211335678235794,0.0,108.62143648849403,0.0,10.961896844839302,0.0,28.36208114732173,10.59623738837275,3857867.584934528,10326038.336928789,50536349.71466304,0.0,29977415831.58095,593.295812629265,0.0,593.295812629265,20198.219224049848,20791.515036679113,20791.515036679113,3991.4473628058186,129.8031662701079,237.64037807300372,90.86221638907553,166.3482646511026,0.048026466399407254,9.316260408378171e-05,0.00022487768978635508,0.00022487768978635508,90.21189684483932,-90.21189684483932,150.83333333333334,-150.83333333333334,0.033919051542775226,-0.033919051542775226,0.02028664295371244,-0.02028664295371244,-0.033919051542775226,0.033919051542775226,-0.02028664295371244,0.02028664295371244,0.08194551794218248,0.014107414856632028,0.0683131093531197,0.027739823445694815,0.014107414856632028,0.08194551794218248,0.027739823445694815,0.0683131093531197,0.048026466399407254,0.048026466399407254,0.048026466399407254,0.048026466399407254,0.08194551794218248,0.0683131093531197,0.048026466399407254,0.048026466399407254,1.7062574885416484,1.4224054875284937,1.7062574885416484,0.00170229561211524,0.006765474450922099,-0.003360883226691619,-0.003360883226691619,0.006765474450922099,0.005133086322866173,-0.001728495098635683,-0.001728495098635683,0.005133086322866173,0.006765474450922099,0.005133086322866173,0.006765474450922099,0.006765474450922099,0.027061897803688395,0.027061897803688395,0.21,829.1250000000007,10.5,1258.2926829268304,152817.63551959148,7099.541719841649,19830.331386248432,5826.524268292687,31213.522865853687,127430.63692203048,4212.5830387448095,10831.739874338959,10831.739874338959,1.3333333333333333,1438.048780487806,898.7804878048788,152817.63551959148,93.95252032520332,838.8617886178869,114613.22663969362,70.46439024390251,838.8617886178869,719.024390243903,59.91869918699192,153750.44982853456,116301.49590798629,5082.659498463952,3844.677550677233,14234.021167760986,10806.247583137814,14234.021167760986,A,23.908153589799632,23.908153589799632,0.0
2,E-7.4,y,144.25,0.0,30.75,E-7.4,1,2.0217462619475373,1.405025952049425,1317.1249999999998,,90,62385.48150166935,114213.77333333333,1.8307748948010785,10.5,0.34146341463414637,3.4899178970776896,1317.1249999999998,30.75,4596.658110188451,149.48481659149434,27929.266074094718,908.2688154177144,4596.658110188451,27929.266074094718,27929.266074094718,977.9531000754207,908.2688154177144,684.5671700527945,635.7881707924,769.6428571428571,2,23.0,0.8894608241985266,769.6428571428571,1,2,1600000,10.5,0.25,0.04577952516253478,610082.0394037546,7634335.443472708,364079.00687160576,0.07991292024315877,12.011089702749533,0.0,108.62143648849403,0.0,35.62856351150597,0.0,28.36208114732173,10.59623738837275,3857867.584934528,10326038.336928789,725568319.8538234,0.0,29977415831.58095,2620.795439060888,0.0,2620.795439060888,27451.2623882583,30072.057827319186,30072.057827319186,4394.600169563964,142.91382665248665,261.6430459553258,100.03967865674065,183.15013216872805,0.048026466399407254,9.316260408378171e-05,0.00022487768978635508,0.00022487768978635508,90.21189684483932,-90.21189684483932,150.83333333333334,-150.83333333333334,0.033919051542775226,-0.033919051542775226,0.02028664295371244,-0.02028664295371244,-0.033919051542775226,0.033919051542775226,-0.02028664295371244,0.02028664295371244,0.08194551794218248,0.014107414856632028,0.0683131093531197,0.027739823445694815,0.014107414856632028,0.08194551794218248,0.027739823445694815,0.0683131093531197,0.048026466399407254,0.048026466399407254,0.048026466399407254,0.048026466399407254,0.08194551794218248,0.0683131093531197,0.048026466399407254,0.048026466399407254,1.7062574885416484,1.4224054875284937,1.7062574885416484,0.00170229561211524,0.006765474450922099,-0.003360883226691619,-0.003360883226691619,0.006765474450922099,0.005133086322866173,-0.001728495098635683,-0.001728495098635683,0.005133086322866173,0.006765474450922099,0.005133086322866173,0.006765474450922099,0.006765474450922099,0.027061897803688395,0.027061897803688395,0.21,329.28124999999994,10.5,499.7222222222222,221029.625030796,10268.507550791917,28691.941619874327,2313.9637499999994,12396.234374999998,210947.354405796,6973.466261348628,19114.12610995465,19114.12610995465,1.3333333333333333,571.111111111111,356.94444444444434,221029.625030796,37.31259259259258,333.1481481481481,165772.21877309703,27.98444444444445,333.1481481481481,285.5555555555555,23.79629629629629,221400.08577153675,166442.70321754148,7319.0110998855125,5502.238122893933,20465.318556388687,15400.908109210712,20465.318556388687,A,23.908153589799632,23.908153589799632,0.0
2,E-8--E-A.2,y,162.58333333333331,0.0,25.0,E-8,2,2.0217462619475373,1.405025952049425,938.0,,90,62385.48150166935,114213.77333333333,1.8307748948010785,10.5,0.42,3.4899178970776896,3857.9716666666664,76.75,13464.004365918641,175.4267669826533,81807.20674548886,1065.8919445666302,4385.669174566333,26647.298614165753,26647.298614165753,1134.484785978613,1065.8919445666302,794.139350185029,746.1243611966411,921.4285714285714,4,17.0,0.8618566591155353,769.6428571428571,1,2,1600000,10.5,0.25,0.040030915433391184,665667.9800017341,7634335.443472708,364079.00687160576,0.08719396533340365,10.841327417085475,0.0,108.62143648849403,0.0,53.96189684483929,0.0,28.36208114732173,10.59623738837275,3857867.584934528,10326038.336928789,1502380055.981406,0.0,29977415831.58095,3582.9910815491166,0.0,3582.9910815491166,24779.128567916207,28362.119649465323,28362.119649465323,3594.2280644513157,143.76912257805262,263.20890026347763,100.63838580463683,184.24623018443432,0.048026466399407254,9.316260408378171e-05,0.00022487768978635508,0.00022487768978635508,90.21189684483932,-90.21189684483932,150.83333333333334,-150.83333333333334,0.033919051542775226,-0.033919051542775226,0.02028664295371244,-0.02028664295371244,-0.033919051542775226,0.033919051542775226,-0.02028664295371244,0.02028664295371244,0.08194551794218248,0.014107414856632028,0.0683131093531197,0.027739823445694815,0.014107414856632028,0.08194551794218248,0.027739823445694815,0.0683131093531197,0.048026466399407254,0.048026466399407254,0.048026466399407254,0.048026466399407254,0.08194551794218248,0.0683131093531197,0.048026466399407254,0.048026466399407254,1.7062574885416484,1.4224054875284937,1.7062574885416484,0.00170229561211524,0.006765474450922099,-0.003360883226691619,-0.003360883226691619,0.006765474450922099,0.005133086322866173,-0.001728495098635683,-0.001728495098635683,0.005133086322866173,0.006765474450922099,0.005133086322866173,0.006765474450922099,0.006765474450922099,0.027061897803688395,0.027061897803688395,0.21,0.0,10.5,0.0,208461.57942357013,11912.090252775435,33471.415025719485,0.0,0.0,208461.57942357013,8508.635894839597,23908.153589799633,23908.153589799633,1.3333333333333333,0.0,0.0,208461.57942357013,0.0,0.0,156346.18456767758,0.0,0.0,0.0,0.0,208461.57942357013,156346.18456767758,8508.635894839597,6381.476921129697,23908.153589799633,17931.115192349724,23908.153589799633,A,23.908153589799632,23.908153589799632,0.0
2,E-8--E-B,y,162.58333333333331,0.0,12.5,E-8,1,2.0217462619475373,1.405025952049425,614.055,,90,62385.48150166935,114213.77333333333,1.8307748948010785,10.5,0.84,3.4899178970776896,3857.9716666666664,76.75,13464.004365918641,175.4267669826533,81807.20674548886,1065.8919445666302,2192.8345872831665,13323.649307082876,13323.649307082876,1065.8919445666302,1065.8919445666302,746.1243611966411,746.1243611966411,769.6428571428571,2,23.0,0.9694423254527124,769.6428571428571,1,2,1600000,10.5,0.25,0.06196738991783894,215010.65842450972,7634335.443472708,364079.00687160576,0.028163637819758367,4.483919530684702,0.0,108.62143648849403,0.0,53.96189684483929,0.0,28.36208114732173,10.59623738837275,3857867.584934528,10326038.336928789,626086593.005439,0.0,29977415831.58095,1493.1392826235192,0.0,1493.1392826235192,10326.202162339147,11819.341444962665,13323.649307082876,2192.834587283167,175.42676698265336,321.1669208679605,122.79873688785734,224.81684460757236,0.048026466399407254,9.316260408378171e-05,0.00022487768978635508,0.00022487768978635508,90.21189684483932,-90.21189684483932,150.83333333333334,-150.83333333333334,0.033919051542775226,-0.033919051542775226,0.02028664295371244,-0.02028664295371244,-0.033919051542775226,0.033919051542775226,-0.02028664295371244,0.02028664295371244,0.08194551794218248,0.014107414856632028,0.0683131093531197,0.027739823445694815,0.014107414856632028,0.08194551794218248,0.027739823445694815,0.0683131093531197,0.048026466399407254,0.048026466399407254,0.048026466399407254,0.048026466399407254,0.08194551794218248,0.0683131093531197,0.048026466399407254,0.048026466399407254,1.7062574885416484,1.4224054875284937,1.7062574885416484,0.00170229561211524,0.006765474450922099,-0.003360883226691619,-0.003360883226691619,0.006765474450922099,0.005133086322866173,-0.001728495098635683,-0.001728495098635683,0.005133086322866173,0.006765474450922099,0.005133086322866173,0.006765474450922099,0.006765474450922099,0.027061897803688395,0.027061897803688395,0.21,0.0,10.5,0.0,97928.82240705912,11191.865417949615,30064.93447162861,0.0,0.0,97928.82240705912,8160.73520058826,21922.348052229194,21922.348052229194,1.3333333333333333,0.0,0.0,97928.82240705912,0.0,0.0,73446.61680529435,0.0,0.0,0.0,0.0,97928.82240705912,73446.61680529435,8160.73520058826,6120.551400441196,21922.348052229194,16441.7610391719,21922.348052229194,A,23.908153589799632,23.908153589799632,0.0
2,E-8--E-B.7,y,162.58333333333331,0.0,6.0,E-8,1,2.0217462619475373,1.405025952049425,413.1666666666667,,90,62385.48150166935,114213.77333333333,1.8307748948010785,10.5,1.75,3.4899178970776896,3857.9716666666664,76.75,13464.004365918641,175.4267669826533,81807.20674548886,1065.8919445666302,1052.5606018959197,6395.35166739978,6395.35166739978,1065.89194456663,1065.89194456663,746.124361196641,746.124361196641,769.6428571428571,2,23.0,0.9694423254527123,769.6428571428571,1,2,1600000,10.5,0.25,0.08516930555547816,75089.865130272,7634335.443472708,364079.00687160576,0.009835808982492799,1.5659545218886028,0.0,108.62143648849403,0.0,53.96189684483929,0.0,28.36208114732173,10.59623738837275,3857867.584934528,10326038.336928789,218653150.37466434,0.0,29977415831.58095,521.4607879184573,0.0,521.4607879184573,3606.3008846150306,4127.761672533488,6395.35166739978,1052.5606018959197,175.42676698265328,321.16692086796036,122.79873688785729,224.81684460757222,0.048026466399407254,9.316260408378171e-05,0.00022487768978635508,0.00022487768978635508,90.21189684483932,-90.21189684483932,150.83333333333334,-150.83333333333334,0.033919051542775226,-0.033919051542775226,0.02028664295371244,-0.02028664295371244,-0.033919051542775226,0.033919051542775226,-0.02028664295371244,0.02028664295371244,0.08194551794218248,0.014107414856632028,0.0683131093531197,0.027739823445694815,0.014107414856632028,0.08194551794218248,0.027739823445694815,0.0683131093531197,0.048026466399407254,0.048026466399407254,0.048026466399407254,0.048026466399407254,0.08194551794218248,0.0683131093531197,0.048026466399407254,0.048026466399407254,1.7062574885416484,1.4224054875284937,1.7062574885416484,0.00170229561211524,0.006765474450922099,-0.003360883226691619,-0.003360883226691619,0.006765474450922099,0.005133086322866173,-0.001728495098635683,-0.001728495098635683,0.005133086322866173,0.006765474450922099,0.005133086322866173,0.006765474450922099,0.006765474450922099,0.027061897803688395,0.027061897803688395,0.21,0.0,6.0,0.0,47005.83475538838,11191.865417949615,30064.934471628614,0.0,0.0,47005.83475538838,8546.515410070615,22958.67723288003,22958.67723288003,1.3333333333333333,0.0,0.0,47005.83475538838,0.0,0.0,35254.37606654129,0.0,0.0,0.0,0.0,47005.83475538838,35254.37606654129,8546.515410070615,6409.886557552963,22958.67723288003,17219.007924660025,22958.67723288003,A,23.908153589799632,23.908153589799632,0.0
2,E-8--E-C.3,y,162.58333333333331,0.0,11.5,E-8,1,2.0217462619475373,1.405025952049425,594.625,,90,62385.48150166935,114213.77333333333,1.8307748948010785,10.5,0.9130434782608695,3.4899178970776896,3857.9716666666664,76.75,13464.004365918641,175.4267669826533,81807.20674548886,1065.8919445666302,2017.407820300513,12257.757362516246,12257.757362516246,1065.8919445666302,1065.8919445666302,746.1243611966411,746.1243611966411,769.6428571428571,2,23.0,0.9694423254527124,769.6428571428571,1,2,1600000,10.5,0.25,0.06382975103925481,192038.3075750651,7634335.443472708,364079.00687160576,0.025154554577406764,4.0048448029742545,0.0,108.62143648849403,0.0,53.96189684483929,0.0,28.36208114732173,10.59623738837275,3857867.584934528,10326038.336928789,559193719.0333139,0.0,29977415831.58095,1333.6080309225315,0.0,1333.6080309225315,9222.921326152898,10556.52935707543,12257.757362516246,2017.4078203005138,175.42676698265336,321.1669208679605,122.79873688785734,224.81684460757236,0.048026466399407254,9.316260408378171e-05,0.00022487768978635508,0.00022487768978635508,90.21189684483932,-90.21189684483932,150.83333333333334,-150.83333333333334,0.033919051542775226,-0.033919051542775226,0.02028664295371244,-0.02028664295371244,-0.033919051542775226,0.033919051542775226,-0.02028664295371244,0.02028664295371244,0.08194551794218248,0.014107414856632028,0.0683131093531197,0.027739823445694815,0.014107414856632028,0.08194551794218248,0.027739823445694815,0.0683131093531197,0.048026466399407254,0.048026466399407254,0.048026466399407254,0.048026466399407254,0.08194551794218248,0.0683131093531197,0.048026466399407254,0.048026466399407254,1.7062574885416484,1.4224054875284937,1.7062574885416484,0.00170229561211524,0.006765474450922099,-0.003360883226691619,-0.003360883226691619,0.006765474450922099,0.005133086322866173,-0.001728495098635683,-0.001728495098635683,0.005133086322866173,0.006765474450922099,0.005133086322866173,0.006765474450922099,0.006765474450922099,0.027061897803688395,0.027061897803688395,0.21,0.0,10.5,0.0,90094.51661449441,11191.865417949617,30064.934471628614,0.0,0.0,90094.51661449441,8190.410601317673,22002.065681510026,22002.065681510026,1.3333333333333333,0.0,0.0,90094.51661449441,0.0,0.0,67570.8874608708,0.0,0.0,0.0,0.0,90094.51661449441,67570.8874608708,8190.410601317673,6142.807950988255,22002.065681510026,16501.549261132524,22002.065681510026,A,23.908153589799632,23.908153589799632,0.0
2,E-8--E-F,y,162.58333333333331,0.0,14.75,E-8,1,2.0217462619475373,1.405025952049425,670.0,,90,62385.48150166935,114213.77333333333,1.8307748948010785,10.5,0.711864406779661,3.4899178970776896,3857.9716666666664,76.75,13464.004365918641,175.4267669826533,81807.20674548886,1065.8919445666302,2587.5448129941365,15721.906182357794,15721.906182357794,1065.8919445666302,1065.8919445666302,746.1243611966411,746.1243611966411,769.6428571428571,2,23.0,0.9694423254527124,769.6428571428571,1,2,1600000,10.5,0.25,0.05870036659467723,267833.1856241492,7634335.443472708,364079.00687160576,0.03508271120744954,5.585501950394124,0.0,108.62143648849403,0.0,53.96189684483929,0.0,28.36208114732173,10.59623738837275,3857867.584934528,10326038.336928789,779899786.8754109,0.0,29977415831.58095,1859.9647737278258,0.0,1859.9647737278258,12863.08149002441,14723.046263752236,15721.906182357794,2354.612423184126,159.634740554856,292.25527534591396,111.7443183883992,204.57869274213976,0.048026466399407254,9.316260408378171e-05,0.00022487768978635508,0.00022487768978635508,90.21189684483932,-90.21189684483932,150.83333333333334,-150.83333333333334,0.033919051542775226,-0.033919051542775226,0.02028664295371244,-0.02028664295371244,-0.033919051542775226,0.033919051542775226,-0.02028664295371244,0.02028664295371244,0.08194551794218248,0.014107414856632028,0.0683131093531197,0.027739823445694815,0.014107414856632028,0.08194551794218248,0.027739823445694815,0.0683131093531197,0.048026466399407254,0.048026466399407254,0.048026466399407254,0.048026466399407254,0.08194551794218248,0.0683131093531197,0.048026466399407254,0.048026466399407254,1.7062574885416484,1.4224054875284937,1.7062574885416484,0.00170229561211524,0.006765474450922099,-0.003360883226691619,-0.003360883226691619,0.006765474450922099,0.005133086322866173,-0.001728495098635683,-0.001728495098635683,0.005133086322866173,0.006765474450922099,0.005133086322866173,0.006765474450922099,0.006765474450922099,0.027061897803688395,0.027061897803688395,0.21,0.0,10.5,0.0,115556.01044032977,11191.865417949617,30267.532304623062,0.0,0.0,115556.01044032977,8109.193715110861,21930.68568738478,21930.68568738478,1.3333333333333333,0.0,0.0,115556.01044032977,0.0,0.0,86667.00783024734,0.0,0.0,0.0,0.0,115556.01044032977,86667.00783024734,8109.193715110861,6081.895286333147,21930.68568738478,16448.014265538586,21930.68568738478,A,23.908153589799632,23.908153589799632,0.0
2,E-8--E-F.7,y,162.58333333333331,0.0,7.0,E-8,1,2.0217462619475373,1.405025952049425,628.125,,90,62385.48150166935,114213.77333333333,1.8307748948010785,10.5,1.5,3.4899178970776896,3857.9716666666664,76.75,13464.004365918641,175.4267669826533,81807.20674548886,1065.8919445666302,1227.987368878573,7461.24361196641,7461.24361196641,1065.89194456663,1065.89194456663,746.124361196641,746.124361196641,769.6428571428571,2,23.0,0.9694423254527123,769.6428571428571,1,2,1600000,10.5,0.25,0.07879515290777508,94691.65724824902,7634335.443472708,364079.00687160576,0.012403392272893849,1.9747382499058714,0.0,108.62143648849403,0.0,53.96189684483929,0.0,28.36208114732173,10.59623738837275,3857867.584934528,10326038.336928789,275731340.51589376,0.0,29977415831.58095,657.5852295421159,0.0,657.5852295421159,4547.70569513722,5205.290924679335,7461.24361196641,1227.9873688785729,175.42676698265328,321.16692086796036,122.79873688785729,224.81684460757222,0.048026466399407254,9.316260408378171e-05,0.00022487768978635508,0.00022487768978635508,90.21189684483932,-90.21189684483932,150.83333333333334,-150.83333333333334,0.033919051542775226,-0.033919051542775226,0.02028664295371244,-0.02028664295371244,-0.033919051542775226,0.033919051542775226,-0.02028664295371244,0.02028664295371244,0.08194551794218248,0.014107414856632028,0.0683131093531197,0.027739823445694815,0.014107414856632028,0.08194551794218248,0.027739823445694815,0.0683131093531197,0.048026466399407254,0.048026466399407254,0.048026466399407254,0.048026466399407254,0.08194551794218248,0.0683131093531197,0.048026466399407254,0.048026466399407254,1.7062574885416484,1.4224054875284937,1.7062574885416484,0.00170229561211524,0.006765474450922099,-0.003360883226691619,-0.003360883226691619,0.006765474450922099,0.005133086322866173,-0.001728495098635683,-0.001728495098635683,0.005133086322866173,0.006765474450922099,0.005133086322866173,0.006765474450922099,0.006765474450922099,0.027061897803688395,0.027061897803688395,0.21,0.0,7.0,0.0,54840.14054795311,11191.865417949613,30064.93447162861,0.0,0.0,54840.14054795311,8436.944699685093,22664.335217073873,22664.335217073873,1.3333333333333333,0.0,0.0,54840.14054795311,0.0,0.0,41130.10541096484,0.0,0.0,0.0,0.0,54840.14054795311,41130.10541096484,8436.944699685093,6327.7085247638215,22664.335217073873,16998.251412805406,22664.335217073873,A,23.908153589799632,23.908153589799632,0.0
2,E-9--E-B.1,y,168.08333333333331,0.0,6.0,E-9,2,2.0217462619475373,1.405025952049425,1596.9450000000002,,90,62385.48150166935,114213.77333333333,1.8307748948010785,10.5,1.75,3.4899178970776896,4029.9941666666673,50.5,14064.348767368692,278.50195578947904,85454.89559296421,1692.176150355727,1671.0117347368741,10153.056902134362,10153.056902134362,1692.176150355727,1692.176150355727,1184.523305249009,1184.523305249009,1200.0,3,19.0,0.987102754374174,1200.0,2,3,1600000,10.5,0.25,0.08837863939400123,114881.3443129733,7634335.443472708,364079.00687160576,0.01504798225904468,2.4768286276212814,0.0,108.62143648849403,0.0,59.46189684483929,0.0,28.36208114732173,10.59623738837275,3857867.584934528,10326038.336928789,406187942.33372927,0.0,29977415831.58095,879.1063011104129,0.0,879.1063011104129,5517.345022565748,6396.451323676161,10153.056902134362,1671.0117347368741,278.50195578947904,509.8743888123781,194.95136905263533,356.9120721686646,0.048026466399407254,9.316260408378171e-05,0.00022487768978635508,0.00022487768978635508,90.21189684483932,-90.21189684483932,150.83333333333334,-150.83333333333334,0.033919051542775226,-0.033919051542775226,0.02028664295371244,-0.02028664295371244,-0.033919051542775226,0.033919051542775226,-0.02028664295371244,0.02028664295371244,0.08194551794218248,0.014107414856632028,0.0683131093531197,0.027739823445694815,0.014107414856632028,0.08194551794218248,0.027739823445694815,0.0683131093531197,0.048026466399407254,0.048026466399407254,0.048026466399407254,0.048026466399407254,0.08194551794218248,0.0683131093531197,0.048026466399407254,0.048026466399407254,1.7062574885416484,1.4224054875284937,1.7062574885416484,0.00170229561211524,0.006765474450922099,-0.003360883226691619,-0.003360883226691619,0.006765474450922099,0.005133086322866173,-0.001728495098635683,-0.001728495098635683,0.005133086322866173,0.006765474450922099,0.005133086322866173,0.006765474450922099,0.006765474450922099,0.027061897803688395,0.027061897803688395,0.21,0.0,6.0,0.0,74624.96823068755,17767.84957873513,47730.133747827975,0.0,0.0,74624.96823068755,13568.17604194319,36448.46577106864,36448.46577106864,1.3333333333333333,0.0,0.0,74624.96823068755,0.0,0.0,55968.726173015675,0.0,0.0,0.0,0.0,74624.96823068755,55968.726173015675,13568.17604194319,10176.132031457395,36448.46577106864,27336.349328301476,36448.46577106864,C,38.55483219027731,38.55483219027731,0.0
2,E-9--E-B.6,y,168.08333333333331,0.0,12.0,E-9,2,2.0217462619475373,1.405025952049425,692.445,,90,62385.48150166935,114213.77333333333,1.8307748948010785,10.5,0.875,3.4899178970776896,4029.9941666666673,50.5,14064.348767368692,278.50195578947904,85454.89559296421,1692.176150355727,3342.0234694737483,20306.113804268723,20306.113804268723,1692.176150355727,1692.176150355727,1184.523305249009,1184.523305249009,1200.0,3,19.0,0.987102754374174,1200.0,2,3,1600000,10.5,0.25,0.06367161090175405,318919.4291880139,7634335.443472708,364079.00687160576,0.041774353714138575,6.875866371876257,0.0,108.62143648849403,0.0,59.46189684483929,0.0,28.36208114732173,10.59623738837275,3857867.584934528,10326038.336928789,1127608903.6633778,0.0,29977415831.58095,2440.4665650666334,0.0,2440.4665650666334,15316.57325001629,17757.039815082924,20306.113804268723,3342.0234694737483,278.50195578947904,509.8743888123781,194.95136905263533,356.9120721686646,0.048026466399407254,9.316260408378171e-05,0.00022487768978635508,0.00022487768978635508,90.21189684483932,-90.21189684483932,150.83333333333334,-150.83333333333334,0.033919051542775226,-0.033919051542775226,0.02028664295371244,-0.02028664295371244,-0.033919051542775226,0.033919051542775226,-0.02028664295371244,0.02028664295371244,0.08194551794218248,0.014107414856632028,0.0683131093531197,0.027739823445694815,0.014107414856632028,0.08194551794218248,0.027739823445694815,0.0683131093531197,0.048026466399407254,0.048026466399407254,0.048026466399407254,0.048026466399407254,0.08194551794218248,0.0683131093531197,0.048026466399407254,0.048026466399407254,1.7062574885416484,1.4224054875284937,1.7062574885416484,0.00170229561211524,0.006765474450922099,-0.003360883226691619,-0.003360883226691619,0.006765474450922099,0.005133086322866173,-0.001728495098635683,-0.001728495098635683,0.005133086322866173,0.006765474450922099,0.005133086322866173,0.006765474450922099,0.006765474450922099,0.027061897803688395,0.027061897803688395,0.21,0.0,10.5,0.0,149249.9364613751,17767.84957873513,47730.133747827975,0.0,0.0,149249.9364613751,12978.2553444674,34863.749867978695,34863.749867978695,1.3333333333333333,0.0,0.0,149249.9364613751,0.0,0.0,111937.45234603135,0.0,0.0,0.0,0.0,149249.9364613751,111937.45234603135,12978.2553444674,9733.691508350552,34863.749867978695,26147.812400984025,34863.749867978695,C,38.55483219027731,38.55483219027731,0.0
2,E-9--E-C.5,y,168.08333333333331,0.0,8.5,E-9,2,2.0217462619475373,1.405025952049425,683.9583333333334,,90,62385.48150166935,114213.77333333333,1.8307748948010785,10.5,1.2352941176470589,3.4899178970776896,4029.9941666666673,50.5,14064.348767368692,278.50195578947904,85454.89559296421,1692.176150355727,2367.266624210572,14383.49727802368,14383.49727802368,1692.176150355727,1692.176150355727,1184.523305249009,1184.523305249009,1200.0,3,19.0,0.987102754374174,1200.0,2,3,1600000,10.5,0.25,0.07384509322209112,194779.3231808229,7634335.443472708,364079.00687160576,0.025513592456479963,4.199419902405157,0.0,108.62143648849403,0.0,59.46189684483929,0.0,28.36208114732173,10.59623738837275,3857867.584934528,10326038.336928789,688684598.5753354,0.0,29977415831.58095,1490.5094587663707,0.0,1490.5094587663707,9354.562620043078,10845.072078809448,14383.49727802368,2367.2666242105715,278.501955789479,509.874388812378,194.95136905263527,356.91207216866457,0.048026466399407254,9.316260408378171e-05,0.00022487768978635508,0.00022487768978635508,90.21189684483932,-90.21189684483932,150.83333333333334,-150.83333333333334,0.033919051542775226,-0.033919051542775226,0.02028664295371244,-0.02028664295371244,-0.033919051542775226,0.033919051542775226,-0.02028664295371244,0.02028664295371244,0.08194551794218248,0.014107414856632028,0.0683131093531197,0.027739823445694815,0.014107414856632028,0.08194551794218248,0.027739823445694815,0.0683131093531197,0.048026466399407254,0.048026466399407254,0.048026466399407254,0.048026466399407254,0.08194551794218248,0.0683131093531197,0.048026466399407254,0.048026466399407254,1.7062574885416484,1.4224054875284937,1.7062574885416484,0.00170229561211524,0.006765474450922099,-0.003360883226691619,-0.003360883226691619,0.006765474450922099,0.005133086322866173,-0.001728495098635683,-0.001728495098635683,0.005133086322866173,0.006765474450922099,0.005133086322866173,0.006765474450922099,0.006765474450922099,0.027061897803688395,0.027061897803688395,0.21,0.0,8.5,0.0,105718.70499347404,17767.849578735135,47730.13374782798,0.0,0.0,105718.70499347404,13214.838124184254,35499.286974947056,35499.286974947056,1.3333333333333333,0.0,0.0,105718.70499347404,0.0,0.0,79289.02874510553,0.0,0.0,0.0,0.0,105718.70499347404,79289.02874510553,13214.838124184254,9911.128593138192,35499.286974947056,26624.46523121029,35499.286974947056,C,38.55483219027731,38.55483219027731,0.0
2,E-9--E-F.4,y,168.08333333333331,0.0,24.0,E-9,2,2.0217462619475373,1.405025952049425,1056.6458333333335,,90,62385.48150166935,114213.77333333333,1.8307748948010785,10.5,0.4375,3.4899178970776896,4029.9941666666673,50.5,14064.348767368692,278.50195578947904,85454.89559296421,1692.176150355727,6684.0469389474965,40612.22760853745,40612.22760853745,2085.496734452218,1692.176150355727,1459.8477141165524,1184.523305249009,1539.2857142857142,2,23.0,0.9483929465258346,1200.0,2,3,1600000,10.5,0.25,0.05277612926674449,769518.8747790223,7634335.443472708,364079.00687160576,0.10079710021609732,17.06210934440518,0.0,108.62143648849403,0.0,59.46189684483929,0.0,28.36208114732173,10.59623738837275,3857867.584934528,10326038.336928789,3178400964.3297467,0.0,29977415831.58095,6878.964203476975,0.0,6878.964203476975,43172.957423376254,50051.92162685323,50051.92162685323,12151.657411101682,506.3190587959034,926.9562216028511,354.42334115713237,648.8693551219957,0.048026466399407254,9.316260408378171e-05,0.00022487768978635508,0.00022487768978635508,90.21189684483932,-90.21189684483932,150.83333333333334,-150.83333333333334,0.033919051542775226,-0.033919051542775226,0.02028664295371244,-0.02028664295371244,-0.033919051542775226,0.033919051542775226,-0.02028664295371244,0.02028664295371244,0.08194551794218248,0.014107414856632028,0.0683131093531197,0.027739823445694815,0.014107414856632028,0.08194551794218248,0.027739823445694815,0.0683131093531197,0.048026466399407254,0.048026466399407254,0.048026466399407254,0.048026466399407254,0.08194551794218248,0.0683131093531197,0.048026466399407254,0.048026466399407254,1.7062574885416484,1.4224054875284937,1.7062574885416484,0.00170229561211524,0.006765474450922099,-0.003360883226691619,-0.003360883226691619,0.006765474450922099,0.005133086322866173,-0.001728495098635683,-0.001728495098635683,0.005133086322866173,0.006765474450922099,0.005133086322866173,0.006765474450922099,0.006765474450922099,0.027061897803688395,0.027061897803688395,0.21,0.0,10.5,0.0,367881.6239573712,21897.71571174829,53930.86645663791,0.0,0.0,367881.6239573712,15654.537189675371,38554.83219027731,38554.83219027731,1.3333333333333333,0.0,0.0,367881.6239573712,0.0,0.0,275911.21796802845,0.0,0.0,0.0,0.0,367881.6239573712,275911.21796802845,15654.537189675371,11740.90289225653,38554.83219027731,28916.124142707988,38554.83219027731,C,38.55483219027731,38.55483219027731,6487.150237213609
2,E-B,x,0.0,35.916666666666664,30.75,E-B,2,1.0,1.461168008193606,1393.0416666666665,,0,62385.48150166935,114213.77333333333,1.8307748948010785,10.5,0.34146341463414637,3.4899178970776896,1393.0416666666665,30.75,4861.601043874933,158.10084695528235,29539.057690525726,960.6197622935196,4861.601043874933,29539.057690525726,29539.057690525726,1445.4773277397016,960.6197622935196,1011.8341294177911,672.4338336054636,1200.0,3,19.0,0.8431951078481593,769.6428571428571,1,2,1600000,10.5,0.25,0.0425572406587351,694101.8081364417,6868851.174571628,350786.66946396267,0.10105064012829322,0.0,3.2428989444634273,0.0,88.51369558808943,0.0,52.59702892142277,9.941666666666668,5.626299083096114,1973630.7167674329,3487404.138920896,0.0,2107782341.0997593,29977415831.58095,0.0,4662.003931831439,4662.003931831439,39786.423896164386,44448.42782799582,44448.42782799582,14158.299760539485,460.4325125378694,842.9482847045141,322.30275877650854,590.0637992931598,0.052219362901049324,2.5569453541443004e-05,0.0001183262026022375,0.0001183262026022375,198.83333333333334,-198.83333333333334,62.31963774524391,-62.31963774524391,0.007374046081941778,-0.007374046081941778,0.023527193284078225,-0.023527193284078225,-0.007374046081941778,0.007374046081941778,-0.023527193284078225,0.023527193284078225,0.0595934089829911,0.04484531681910755,0.07574655618512754,0.0286921696169711,0.04484531681910755,0.0595934089829911,0.0286921696169711,0.07574655618512754,0.052219362901049324,0.052219362901049324,0.052219362901049324,0.052219362901049324,0.0595934089829911,0.07574655618512754,0.052219362901049324,0.052219362901049324,1.1412128695617156,1.4505453911542352,1.4505453911542352,0.0026169149113904125,0.0029916582671208544,0.0022421715556599706,0.0022421715556599706,0.0029916582671208544,0.0035129703349409125,0.0017208594878399056,0.0017208594878399056,0.0035129703349409125,0.0029916582671208544,0.0035129703349409125,0.0026169149113904125,0.0026169149113904125,0.01046765964556165,0.01046765964556165,0.21,1393.0416666666665,10.5,2114.1011743450763,326695.9445357693,15177.511941266866,36223.41917065163,9789.345487804874,52442.92225609755,284042.3677674766,9389.830339420714,20266.45672240937,20266.45672240937,1.3333333333333333,2416.1156278229446,1510.0722673893406,326695.9445357693,157.85288768443235,1409.4007828967174,245021.958401827,118.38966576332429,1409.4007828967174,1208.0578139114723,100.67148449262271,328263.19820635044,247858.47814889115,10851.675973763651,8193.668699136897,25982.747515061186,19706.707511552526,25982.747515061186,C,38.55483219027731,38.55483219027731,6503.390399693239
2,E-C,x,0.0,57.25,30.75,E-C,1,1.0,1.461168008193606,657.4375,,0,62385.48150166935,114213.77333333333,1.8307748948010785,10.5,0.34146341463414637,3.4899178970776896,657.4375,30.75,2294.4028974600137,74.61472837268337,13940.777727693006,453.3586252908295,2294.4028974600137,13940.777727693006,13940.777727693006,586.7182991536673,453.3586252908295,410.7028094075671,317.35103770358063,460.7142857142857,4,17.0,0.8914479584040216,460.7142857142857,1,4,1600000,10.5,0.25,0.038189057022187806,365046.3984903693,6868851.174571628,350786.66946396267,0.05314518967040151,0.0,3.5343087953400834,0.0,88.51369558808943,0.0,31.263695588089433,9.941666666666668,5.626299083096114,1973630.7167674329,3487404.138920896,0.0,315705679.88426673,29977415831.58095,0.0,1174.7627531309236,1174.7627531309236,16866.824945844346,18041.58769897527,18041.58769897527,2727.2448104934956,88.69088814612994,162.37305141554526,62.08362170229095,113.66113599088168,0.052219362901049324,2.5569453541443004e-05,0.0001183262026022375,0.0001183262026022375,198.83333333333334,-198.83333333333334,62.31963774524391,-62.31963774524391,0.007374046081941778,-0.007374046081941778,0.023527193284078225,-0.023527193284078225,-0.007374046081941778,0.007374046081941778,-0.023527193284078225,0.023527193284078225,0.0595934089829911,0.04484531681910755,0.07574655618512754,0.0286921696169711,0.04484531681910755,0.0595934089829911,0.0286921696169711,0.07574655618512754,0.052219362901049324,0.052219362901049324,0.052219362901049324,0.052219362901049324,0.0595934089829911,0.07574655618512754,0.052219362901049324,0.052219362901049324,1.1412128695617156,1.4505453911542352,1.4505453911542352,0.0026169149113904125,0.0029916582671208544,0.0022421715556599706,0.0022421715556599706,0.0029916582671208544,0.0035129703349409125,0.0017208594878399056,0.0017208594878399056,0.0035129703349409125,0.0029916582671208544,0.0035129703349409125,0.0026169149113904125,0.0026169149113904125,0.01046765964556165,0.01046765964556165,0.21,657.4375,10.5,997.7371273712736,132605.6695874682,6160.542141113506,17407.134002894374,4620.021768292682,24750.116615853654,112475.57473990723,3718.200817848173,9786.435882271873,9786.435882271873,1.3333333333333333,1140.271002710027,712.6693766937669,132605.6695874682,74.49770551038841,665.1580849141824,99454.25219060117,55.873279132791325,665.1580849141824,570.1355013550135,47.51129177958447,133345.32537789276,100792.93034778273,4408.109929847695,3331.997697447363,12484.204382611559,9466.814287205036,12484.204382611559,C,38.55483219027731,38.55483219027731,0.0
2,E-D,x,0.0,75.16666666666667,30.75,E-D,1,1.0,1.461168008193606,590.4375,,0,62385.48150166935,114213.77333333333,1.8307748948010785,10.5,0.34146341463414637,3.4899178970776896,590.4375,30.75,2060.5783983558085,67.0106796213271,12520.061526144675,407.15647239494876,2060.5783983558085,12520.061526144675,12520.061526144675,553.2106064608154,407.15647239494876,387.2474245225707,285.0095306764641,460.7142857142857,4,17.0,0.8405370454753472,310.7142857142857,1,6,1600000,10.5,0.25,0.036414339145039325,343822.2914406581,6868851.174571628,350786.66946396267,0.050055283293002836,0.0,3.910716187757852,0.0,88.51369558808943,0.0,13.347028921422762,9.941666666666668,5.626299083096114,1973630.7167674329,3487404.138920896,0.0,56357014.05537802,29977415831.58095,0.0,491.21481860767017,491.21481860767017,16520.011330062403,17011.226148670074,17011.226148670074,3063.185724653362,99.61579592368656,182.37409830271298,69.73105714658058,127.66186881189908,0.052219362901049324,2.5569453541443004e-05,0.0001183262026022375,0.0001183262026022375,198.83333333333334,-198.83333333333334,62.31963774524391,-62.31963774524391,0.007374046081941778,-0.007374046081941778,0.023527193284078225,-0.023527193284078225,-0.007374046081941778,0.007374046081941778,-0.023527193284078225,0.023527193284078225,0.0595934089829911,0.04484531681910755,0.07574655618512754,0.0286921696169711,0.04484531681910755,0.0595934089829911,0.0286921696169711,0.07574655618512754,0.052219362901049324,0.052219362901049324,0.052219362901049324,0.052219362901049324,0.0595934089829911,0.07574655618512754,0.052219362901049324,0.052219362901049324,1.1412128695617156,1.4505453911542352,1.4505453911542352,0.0026169149113904125,0.0029916582671208544,0.0022421715556599706,0.0022421715556599706,0.0029916582671208544,0.0035129703349409125,0.0017208594878399056,0.0017208594878399056,0.0035129703349409125,0.0029916582671208544,0.0035129703349409125,0.0026169149113904125,0.0026169149113904125,0.01046765964556165,0.01046765964556165,0.21,147.609375,10.5,224.0142276422764,125032.51219272503,5808.711367838561,16079.487880105971,1037.297881097561,5556.952934451219,120512.85713937136,3983.8961037808717,10857.935573334427,10857.935573334427,1.3333333333333333,256.0162601626016,160.010162601626,125032.51219272503,16.726395663956637,149.34281842818427,93774.38414454379,12.544796747967482,149.34281842818427,128.0081300813008,10.667344173441734,125198.58140681716,94074.94723397469,4138.796079564204,3109.9156110404856,11463.64474299668,8621.00776271684,11463.64474299668,C,38.55483219027731,38.55483219027731,0.0
2,E-B.1,x,0.0,38.854166666666664,30.75,E-B.1,2,1.0,1.461168008193606,1715.1302083333333,,0,62385.48150166935,114213.77333333333,1.8307748948010785,10.5,0.34146341463414637,3.4899178970776896,1715.1302083333333,30.75,5985.663609881086,194.6557271506044,36368.854846927345,1182.7269868919461,5985.663609881086,36368.854846927345,36368.854846927345,1456.0158306387611,1182.7269868919461,1019.2110814471328,827.9088908243623,1200.0,3,19.0,0.8493425678726106,921.4285714285714,2,4,1600000,10.5,0.25,0.042815647049621694,849429.0604735515,6868851.174571628,350786.66946396267,0.12366391975678898,0.0,4.953720850466467,0.0,88.51369558808943,0.0,49.65952892142277,9.941666666666668,5.626299083096114,1973630.7167674329,3487404.138920896,0.0,1903771499.9528663,29977415831.58095,0.0,4459.850613930238,4459.850613930238,40312.636178211666,44772.486792141906,44772.486792141906,1336.7503563237988,43.47155630321297,79.58663391785389,30.430089412249078,55.710643742497716,0.052219362901049324,2.5569453541443004e-05,0.0001183262026022375,0.0001183262026022375,198.83333333333334,-198.83333333333334,62.31963774524391,-62.31963774524391,0.007374046081941778,-0.007374046081941778,0.023527193284078225,-0.023527193284078225,-0.007374046081941778,0.007374046081941778,-0.023527193284078225,0.023527193284078225,0.0595934089829911,0.04484531681910755,0.07574655618512754,0.0286921696169711,0.04484531681910755,0.0595934089829911,0.0286921696169711,0.07574655618512754,0.052219362901049324,0.052219362901049324,0.052219362901049324,0.052219362901049324,0.0595934089829911,0.07574655618512754,0.052219362901049324,0.052219362901049324,1.1412128695617156,1.4505453911542352,1.4505453911542352,0.0026169149113904125,0.0029916582671208544,0.0022421715556599706,0.0022421715556599706,0.0029916582671208544,0.0035129703349409125,0.0017208594878399056,0.0017208594878399056,0.0035129703349409125,0.0029916582671208544,0.0035129703349409125,0.0026169149113904125,0.0026169149113904125,0.01046765964556165,0.01046765964556165,0.21,428.7825520833333,10.5,650.7269083107496,329077.777922243,15288.166221706992,42195.77696736099,3013.1909489329264,16142.094369283535,315948.87450189237,10444.590892624541,28329.556579811786,28329.556579811786,1.3333333333333333,743.6878952122853,464.80493450767835,329077.777922243,48.5876091538693,433.8179388738331,246808.33344168228,36.440706865401985,433.8179388738331,371.84394760614265,30.986995633845225,329560.1834702707,247681.42303066148,10894.55151967837,8187.815637377239,30089.048641803503,22634.39447182647,30089.048641803503,C,38.55483219027731,38.55483219027731,0.0
2,E-C.2,x,0.0,63.541666666666664,18.75,E-C.2,1,1.0,1.461168008193606,561.4739583333334,,0,62385.48150166935,114213.77333333333,1.8307748948010785,10.5,0.56,3.4899178970776896,561.4739583333334,18.75,1959.498015930553,104.5065608496295,11905.89775151701,634.9812134142405,1959.498015930553,11905.89775151701,11905.89775151701,759.4787587645344,634.9812134142405,531.6351311351741,444.48684938996837,600.0,3,19.0,0.8860585518919568,460.7142857142857,1,4,1600000,10.5,0.25,0.048503385095059116,245465.29542594388,6868851.174571628,350786.66946396267,0.03573600434591629,0.0,2.271538751491594,0.0,88.51369558808943,0.0,24.97202892142277,9.941666666666668,5.626299083096114,1973630.7167674329,3487404.138920896,0.0,161094290.25853026,29977415831.58095,0.0,750.4718470709678,750.4718470709678,13489.754879764052,14240.22672683502,14240.22672683502,2510.1375710278935,133.8740037881543,245.0931652018574,93.71180265170801,171.56521564130017,0.052219362901049324,2.5569453541443004e-05,0.0001183262026022375,0.0001183262026022375,198.83333333333334,-198.83333333333334,62.31963774524391,-62.31963774524391,0.007374046081941778,-0.007374046081941778,0.023527193284078225,-0.023527193284078225,-0.007374046081941778,0.007374046081941778,-0.023527193284078225,0.023527193284078225,0.0595934089829911,0.04484531681910755,0.07574655618512754,0.0286921696169711,0.04484531681910755,0.0595934089829911,0.0286921696169711,0.07574655618512754,0.052219362901049324,0.052219362901049324,0.052219362901049324,0.052219362901049324,0.0595934089829911,0.07574655618512754,0.052219362901049324,0.052219362901049324,1.1412128695617156,1.4505453911542352,1.4505453911542352,0.0026169149113904125,0.0029916582671208544,0.0022421715556599706,0.0022421715556599706,0.0029916582671208544,0.0035129703349409125,0.0017208594878399056,0.0017208594878399056,0.0035129703349409125,0.0029916582671208544,0.0035129703349409125,0.0026169149113904125,0.0026169149113904125,0.01046765964556165,0.01046765964556165,0.21,561.4739583333334,10.5,1397.4462962962964,104665.6664422374,7974.526967027611,22026.053518230532,6470.875075,34665.4021875,76471.1393297374,4190.199415328077,9804.663225591974,9804.663225591974,1.3333333333333333,1597.0814814814814,998.1759259259259,104665.6664422374,104.34265679012346,931.6308641975309,78499.24983167805,78.25699259259261,931.6308641975309,798.5407407407407,66.54506172839505,105701.63996322505,80374.22349093732,5791.870682916441,4404.067040599305,16067.717617026101,12291.444326417473,16067.717617026101,E,42.37114189731475,42.37114189731475,0.0
2,E-C.5,x,0.0,72.375,18.75,E-C.5,1,1.0,1.461168008193606,440.38541666666674,,0,62385.48150166935,114213.77333333333,1.8307748948010785,10.5,0.56,3.4899178970776896,440.38541666666674,18.75,1536.9089472370158,81.96847718597418,9338.249199760392,498.03995732055427,1536.9089472370158,9338.249199760392,9338.249199760392,576.861272710512,498.03995732055427,403.8028908973584,348.62797012438796,460.7142857142857,4,17.0,0.8764713910950415,460.7142857142857,1,4,1600000,10.5,0.25,0.042771365821377895,218329.4599185553,6868851.174571628,350786.66946396267,0.03178544044261831,0.0,2.418326492596241,0.0,88.51369558808943,0.0,16.138695588089433,9.941666666666668,5.626299083096114,1973630.7167674329,3487404.138920896,0.0,52075992.258209586,29977415831.58095,0.0,375.3852554716795,375.3852554716795,10440.76360785042,10816.1488633221,10816.1488633221,994.9135365389066,53.062055282075015,97.14467867696989,37.14343869745251,68.00127507387892,0.052219362901049324,2.5569453541443004e-05,0.0001183262026022375,0.0001183262026022375,198.83333333333334,-198.83333333333334,62.31963774524391,-62.31963774524391,0.007374046081941778,-0.007374046081941778,0.023527193284078225,-0.023527193284078225,-0.007374046081941778,0.007374046081941778,-0.023527193284078225,0.023527193284078225,0.0595934089829911,0.04484531681910755,0.07574655618512754,0.0286921696169711,0.04484531681910755,0.0595934089829911,0.0286921696169711,0.07574655618512754,0.052219362901049324,0.052219362901049324,0.052219362901049324,0.052219362901049324,0.0595934089829911,0.07574655618512754,0.052219362901049324,0.052219362901049324,1.1412128695617156,1.4505453911542352,1.4505453911542352,0.0026169149113904125,0.0029916582671208544,0.0022421715556599706,0.0022421715556599706,0.0029916582671208544,0.0035129703349409125,0.0017208594878399056,0.0017208594878399056,0.0035129703349409125,0.0029916582671208544,0.0035129703349409125,0.0026169149113904125,0.0026169149113904125,0.01046765964556165,0.01046765964556165,0.21,440.38541666666674,10.5,1096.0703703703705,79498.69414541742,6057.043363460376,17241.155155112512,5075.35385,27189.395625000005,57384.65237041742,3144.3645134475296,7665.202647017748,7665.202647017748,1.3333333333333333,1252.6518518518521,782.9074074074075,79498.69414541742,81.83992098765432,730.7135802469136,59624.02060906308,61.37994074074076,730.7135802469136,626.325925925926,52.19382716049384,80311.24764665199,61094.63388313716,4400.616309405588,3347.6511716787486,12577.554817303559,9621.921871475897,12577.554817303559,E,42.37114189731475,42.37114189731475,0.0
2,E-F.2,x,0.0,89.83333333333334,30.75,E-F.2,1,1.0,1.747244243128464,1305.8020833333335,,0,62385.48150166935,114213.77333333333,1.8307748948010785,10.5,0.34146341463414637,3.4899178970776896,1305.8020833333335,30.75,4557.142060666333,148.19974181028726,27689.166803093012,900.4607090436753,4557.142060666333,27689.166803093012,27689.166803093012,991.9473712710085,900.4607090436753,694.3631598897059,630.3224963305727,769.6428571428571,2,23.0,0.9021887924321005,769.6428571428571,1,2,1600000,10.5,0.25,0.04633282199041229,597614.5119937388,6868851.174571628,350786.66946396267,0.08700356097481013,0.0,8.026415337521826,0.0,88.51369558808943,0.0,1.3196377452439094,9.941666666666668,18.570476645624495,6514275.652876918,3487404.138920896,0.0,1014230.6593627478,29977415831.58095,0.0,89.41082292570584,89.41082292570584,30412.970843657804,30502.38166658351,30502.38166658351,6407.889402356515,208.3866472311062,381.5090421624779,145.87065306177433,267.0563295137345,0.052219362901049324,0.00015395311704535493,0.0001183262026022375,0.00015395311704535493,198.83333333333334,-198.83333333333334,62.31963774524391,-62.31963774524391,0.009594302484017655,-0.009594302484017655,0.03061101143918474,-0.03061101143918474,-0.009594302484017655,0.009594302484017655,-0.03061101143918474,0.03061101143918474,0.06181366538506698,0.042625060417031665,0.08283037434023406,0.021608351461864583,0.042625060417031665,0.06181366538506698,0.021608351461864583,0.08283037434023406,0.052219362901049324,0.052219362901049324,0.052219362901049324,0.052219362901049324,0.06181366538506698,0.08283037434023406,0.052219362901049324,0.052219362901049324,1.1837307456660844,1.5862004003608712,1.5862004003608712,0.0026169149113904125,0.003685287434027823,0.001548542388753002,0.001548542388753002,0.003685287434027823,0.0056606808844480855,-0.00042685106166726397,-0.00042685106166726397,0.0056606808844480855,0.003685287434027823,0.0056606808844480855,0.0026169149113904125,0.0026169149113904125,0.01046765964556165,0.01046765964556165,0.21,81.61263020833334,10.5,123.85656616982837,224192.50524938878,10415.44739834559,27995.520322848326,573.5178296493903,3072.4169445503053,221693.60613448787,7328.714252379764,19598.02652706445,19598.02652706445,1.3333333333333333,141.5503613369467,88.46897583559169,224192.50524938878,9.247956940680517,82.5710441132189,168144.37893704162,6.93596770551039,82.5710441132189,70.77518066847335,5.897931722372779,224284.32425044267,168310.5590612512,7414.357826460915,5563.985423512437,19932.920692678537,14962.5587341759,19932.920692678537,E,42.37114189731475,42.37114189731475,0.0
2,E-G--E-2,x,0.0,114.58333333333334,11.75,E-G,2,1.0,1.747244243128464,1365.125,,0,62385.48150166935,114213.77333333333,1.8307748948010785,10.5,0.8936170212765957,3.4899178970776896,4824.0,52.0,16835.363935502774,323.7569987596687,102291.56651147988,1967.1455098361514,3804.144735426107,23113.95974057478,23113.95974057478,1967.1455098361516,1967.1455098361516,1377.001856885306,1377.001856885306,1539.2857142857142,2,23.0,0.8945719719904541,1539.2857142857142,2,2,1600000,10.5,0.25,0.06372625185656883,362707.0330858039,6868851.174571628,350786.66946396267,0.05280461373636093,0.0,5.728474311935097,0.0,88.51369558808943,0.0,26.06963774524391,9.941666666666668,18.570476645624495,6514275.652876918,3487404.138920896,0.0,246505134.48148093,29977415831.58095,0.0,1100.016145688207,1100.016145688207,18940.330187470496,20040.346333158705,23113.95974057478,3804.144735426107,323.7569987596687,592.7261853453454,226.62989913176807,414.90832974174174,0.052219362901049324,0.00015395311704535493,0.0001183262026022375,0.00015395311704535493,198.83333333333334,-198.83333333333334,62.31963774524391,-62.31963774524391,0.009594302484017655,-0.009594302484017655,0.03061101143918474,-0.03061101143918474,-0.009594302484017655,0.009594302484017655,-0.03061101143918474,0.03061101143918474,0.06181366538506698,0.042625060417031665,0.08283037434023406,0.021608351461864583,0.042625060417031665,0.06181366538506698,0.021608351461864583,0.08283037434023406,0.052219362901049324,0.052219362901049324,0.052219362901049324,0.052219362901049324,0.06181366538506698,0.08283037434023406,0.052219362901049324,0.052219362901049324,1.1837307456660844,1.5862004003608712,1.5862004003608712,0.0026169149113904125,0.003685287434027823,0.001548542388753002,0.001548542388753002,0.003685287434027823,0.0056606808844480855,-0.00042685106166726397,-0.00042685106166726397,0.0056606808844480855,0.003685287434027823,0.0056606808844480855,0.0026169149113904125,0.0026169149113904125,0.01046765964556165,0.01046765964556165,0.21,0.0,10.5,0.0,169887.60409322463,20655.027853279593,55486.019151245506,0.0,0.0,169887.60409322463,15101.120363842188,40566.4451127995,40566.4451127995,1.3333333333333333,0.0,0.0,169887.60409322463,0.0,0.0,127415.70306991848,0.0,0.0,0.0,0.0,169887.60409322463,127415.70306991848,15101.120363842188,11325.840272881644,40566.4451127995,30424.833834599624,40566.4451127995,E,42.37114189731475,42.37114189731475,426.9585887511803
2,E-G--E-2.7,x,0.0,114.58333333333334,6.75,E-G,2,1.0,1.747244243128464,469.0,,0,62385.48150166935,114213.77333333333,1.8307748948010785,10.5,1.5555555555555556,3.4899178970776896,4824.0,52.0,16835.363935502774,323.7569987596687,102291.56651147988,1967.1455098361514,2185.359741627764,13278.232191394025,13278.232191394025,1967.1455098361519,1967.1455098361519,1377.0018568853063,1377.0018568853063,1539.2857142857142,2,23.0,0.8945719719904542,1539.2857142857142,2,2,1600000,10.5,0.25,0.0832134541801684,159568.33329673894,6868851.174571628,350786.66946396267,0.023230716351441454,0.0,2.5201692134611196,0.0,88.51369558808943,0.0,26.06963774524391,9.941666666666668,18.570476645624495,6514275.652876918,3487404.138920896,0.0,108446790.02679622,29977415831.58095,0.0,483.9380738598642,483.9380738598642,8332.556703938002,8816.494777797867,13278.232191394025,2185.3597416277644,323.7569987596688,592.7261853453456,226.62989913176816,414.9083297417419,0.052219362901049324,0.00015395311704535493,0.0001183262026022375,0.00015395311704535493,198.83333333333334,-198.83333333333334,62.31963774524391,-62.31963774524391,0.009594302484017655,-0.009594302484017655,0.03061101143918474,-0.03061101143918474,-0.009594302484017655,0.009594302484017655,-0.03061101143918474,0.03061101143918474,0.06181366538506698,0.042625060417031665,0.08283037434023406,0.021608351461864583,0.042625060417031665,0.06181366538506698,0.021608351461864583,0.08283037434023406,0.052219362901049324,0.052219362901049324,0.052219362901049324,0.052219362901049324,0.06181366538506698,0.08283037434023406,0.052219362901049324,0.052219362901049324,1.1837307456660844,1.5862004003608712,1.5862004003608712,0.0026169149113904125,0.003685287434027823,0.001548542388753002,0.001548542388753002,0.003685287434027823,0.0056606808844480855,-0.00042685106166726397,-0.00042685106166726397,0.0056606808844480855,0.003685287434027823,0.0056606808844480855,0.0026169149113904125,0.0026169149113904125,0.01046765964556165,0.01046765964556165,0.21,0.0,6.75,0.0,97595.00660674607,20655.027853279593,55486.01915124551,0.0,0.0,97595.00660674607,15615.201057079372,41947.43047834161,41947.43047834161,1.3333333333333333,0.0,0.0,97595.00660674607,0.0,0.0,73196.25495505957,0.0,0.0,0.0,0.0,97595.00660674607,73196.25495505957,15615.201057079372,11711.40079280953,41947.43047834161,31460.572858756208,41947.43047834161,E,42.37114189731475,42.37114189731475,245.27408289961522
2,E-G--E-3.4,x,0.0,114.58333333333334,7.75,E-G,2,1.0,1.747244243128464,536.0,,0,62385.48150166935,114213.77333333333,1.8307748948010785,10.5,1.3548387096774193,3.4899178970776896,4824.0,52.0,16835.363935502774,323.7569987596687,102291.56651147988,1967.1455098361514,2509.1167403874324,15245.377701230174,15245.377701230174,1967.1455098361516,1967.1455098361516,1377.001856885306,1377.001856885306,1539.2857142857142,2,23.0,0.8945719719904541,1539.2857142857142,2,2,1600000,10.5,0.25,0.07730443154010916,197212.20889283894,6868851.174571628,350786.66946396267,0.028711090673053923,0.0,3.114704071303057,0.0,88.51369558808943,0.0,26.06963774524391,9.941666666666668,18.570476645624495,6514275.652876918,3487404.138920896,0.0,134030547.08073121,29977415831.58095,0.0,598.1042387387027,598.1042387387027,10298.295904692703,10896.400143431405,15245.377701230174,2509.1167403874315,323.7569987596686,592.7261853453451,226.62989913176798,414.90832974174157,0.052219362901049324,0.00015395311704535493,0.0001183262026022375,0.00015395311704535493,198.83333333333334,-198.83333333333334,62.31963774524391,-62.31963774524391,0.009594302484017655,-0.009594302484017655,0.03061101143918474,-0.03061101143918474,-0.009594302484017655,0.009594302484017655,-0.03061101143918474,0.03061101143918474,0.06181366538506698,0.042625060417031665,0.08283037434023406,0.021608351461864583,0.042625060417031665,0.06181366538506698,0.021608351461864583,0.08283037434023406,0.052219362901049324,0.052219362901049324,0.052219362901049324,0.052219362901049324,0.06181366538506698,0.08283037434023406,0.052219362901049324,0.052219362901049324,1.1837307456660844,1.5862004003608712,1.5862004003608712,0.0026169149113904125,0.003685287434027823,0.001548542388753002,0.001548542388753002,0.003685287434027823,0.0056606808844480855,-0.00042685106166726397,-0.00042685106166726397,0.0056606808844480855,0.003685287434027823,0.0056606808844480855,0.0026169149113904125,0.0026169149113904125,0.01046765964556165,0.01046765964556165,0.21,0.0,7.75,0.0,112053.52610404177,20655.027853279593,55486.01915124551,0.0,0.0,112053.52610404177,15455.65877297128,41518.84881317336,41518.84881317336,1.3333333333333333,0.0,0.0,112053.52610404177,0.0,0.0,84040.14457803134,0.0,0.0,0.0,0.0,112053.52610404177,84040.14457803134,15455.65877297128,11591.74407972846,41518.84881317336,31139.13660988002,41518.84881317336,E,42.37114189731475,42.37114189731475,281.61098406992596
2,E-G--E-3.8,x,0.0,114.58333333333334,6.0,E-G,2,1.0,1.747244243128464,418.75,,0,62385.48150166935,114213.77333333333,1.8307748948010785,10.5,1.75,3.4899178970776896,4824.0,52.0,16835.363935502774,323.7569987596687,102291.56651147988,1967.1455098361514,1942.5419925580122,11802.87305901691,11802.87305901691,1967.1455098361519,1967.1455098361519,1377.0018568853063,1377.0018568853063,1539.2857142857142,2,23.0,0.8945719719904542,1539.2857142857142,2,2,1600000,10.5,0.25,0.08893781986272577,132709.26898404383,6868851.174571628,350786.66946396267,0.019320446114094204,0.0,2.0959660800151565,0.0,88.51369558808943,0.0,26.06963774524391,9.941666666666668,18.570476645624495,6514275.652876918,3487404.138920896,0.0,90192671.25738879,29977415831.58095,0.0,402.48003277728844,402.48003277728844,6929.993477410753,7332.4735101880415,11802.87305901691,1942.5419925580136,323.75699875966893,592.7261853453458,226.62989913176824,414.908329741742,0.052219362901049324,0.00015395311704535493,0.0001183262026022375,0.00015395311704535493,198.83333333333334,-198.83333333333334,62.31963774524391,-62.31963774524391,0.009594302484017655,-0.009594302484017655,0.03061101143918474,-0.03061101143918474,-0.009594302484017655,0.009594302484017655,-0.03061101143918474,0.03061101143918474,0.06181366538506698,0.042625060417031665,0.08283037434023406,0.021608351461864583,0.042625060417031665,0.06181366538506698,0.021608351461864583,0.08283037434023406,0.052219362901049324,0.052219362901049324,0.052219362901049324,0.052219362901049324,0.06181366538506698,0.08283037434023406,0.052219362901049324,0.052219362901049324,1.1837307456660844,1.5862004003608712,1.5862004003608712,0.0026169149113904125,0.003685287434027823,0.001548542388753002,0.001548542388753002,0.003685287434027823,0.0056606808844480855,-0.00042685106166726397,-0.00042685106166726397,0.0056606808844480855,0.003685287434027823,0.0056606808844480855,0.0026169149113904125,0.0026169149113904125,0.01046765964556165,0.01046765964556165,0.21,0.0,6.0,0.0,86751.1169837743,20655.027853279593,55486.01915124551,0.0,0.0,86751.1169837743,15772.930360686236,42371.14189731475,42371.14189731475,1.3333333333333333,0.0,0.0,86751.1169837743,0.0,0.0,65063.33773783073,0.0,0.0,0.0,0.0,86751.1169837743,65063.33773783073,15772.930360686236,11829.697770514678,42371.14189731475,31778.356422986068,42371.14189731475,E,42.37114189731475,42.37114189731475,218.0214070218808
2,E-G--E-4.4,x,0.0,114.58333333333334,12.25,E-G,2,1.0,1.747244243128464,829.125,,0,62385.48150166935,114213.77333333333,1.8307748948010785,10.5,0.8571428571428571,3.4899178970776896,4824.0,52.0,16835.363935502774,323.7569987596687,102291.56651147988,1967.1455098361514,3966.0232348059417,24097.53249549286,24097.53249549286,1967.1455098361516,1967.1455098361516,1377.001856885306,1377.001856885306,1539.2857142857142,2,23.0,0.8945719719904541,1539.2857142857142,2,2,1600000,10.5,0.25,0.06265246723873782,384622.24326567986,6868851.174571628,350786.66946396267,0.05599513419209678,0.0,6.074595856609911,0.0,88.51369558808943,0.0,26.06963774524391,9.941666666666668,18.570476645624495,6514275.652876918,3487404.138920896,0.0,261399281.38185897,29977415831.58095,0.0,1166.4804897317129,1166.4804897317129,20084.72850090621,21251.208990637922,24097.53249549286,3966.0232348059435,323.7569987596689,592.7261853453457,226.62989913176818,414.90832974174197,0.052219362901049324,0.00015395311704535493,0.0001183262026022375,0.00015395311704535493,198.83333333333334,-198.83333333333334,62.31963774524391,-62.31963774524391,0.009594302484017655,-0.009594302484017655,0.03061101143918474,-0.03061101143918474,-0.009594302484017655,0.009594302484017655,-0.03061101143918474,0.03061101143918474,0.06181366538506698,0.042625060417031665,0.08283037434023406,0.021608351461864583,0.042625060417031665,0.06181366538506698,0.021608351461864583,0.08283037434023406,0.052219362901049324,0.052219362901049324,0.052219362901049324,0.052219362901049324,0.06181366538506698,0.08283037434023406,0.052219362901049324,0.052219362901049324,1.1837307456660844,1.5862004003608712,1.5862004003608712,0.0026169149113904125,0.003685287434027823,0.001548542388753002,0.001548542388753002,0.003685287434027823,0.0056606808844480855,-0.00042685106166726397,-0.00042685106166726397,0.0056606808844480855,0.003685287434027823,0.0056606808844480855,0.0026169149113904125,0.0026169149113904125,0.01046765964556165,0.01046765964556165,0.21,0.0,10.5,0.0,177116.8638418725,20655.027853279593,55486.01915124551,0.0,0.0,177116.8638418725,15073.775646116808,40492.98844441959,40492.98844441959,1.3333333333333333,0.0,0.0,177116.8638418725,0.0,0.0,132837.64788140438,0.0,0.0,0.0,0.0,177116.8638418725,132837.64788140438,15073.775646116808,11305.331734587608,40492.98844441959,30369.741333314698,40492.98844441959,E,42.37114189731475,42.37114189731475,445.1270393363393
2,E-G--E-7,x,0.0,114.58333333333334,7.5,E-G,2,1.0,1.747244243128464,1206.0,,0,62385.48150166935,114213.77333333333,1.8307748948010785,10.5,1.4,3.4899178970776896,4824.0,52.0,16835.363935502774,323.7569987596687,102291.56651147988,1967.1455098361514,2428.177490697515,14753.591323771137,14753.591323771137,1967.1455098361516,1967.1455098361516,1377.001856885306,1377.001856885306,1539.2857142857142,2,23.0,0.8945719719904541,1539.2857142857142,2,2,1600000,10.5,0.25,0.07863396163412249,187623.65544315844,6868851.174571628,350786.66946396267,0.027315143489749505,0.0,2.9632656454809765,0.0,88.51369558808943,0.0,26.06963774524391,9.941666666666668,18.570476645624495,6514275.652876918,3487404.138920896,0.0,127513916.73726277,29977415831.58095,0.0,569.0241199477674,569.0241199477674,9797.58775240773,10366.611872355497,14753.591323771137,2428.177490697515,323.7569987596687,592.7261853453454,226.62989913176807,414.90832974174174,0.052219362901049324,0.00015395311704535493,0.0001183262026022375,0.00015395311704535493,198.83333333333334,-198.83333333333334,62.31963774524391,-62.31963774524391,0.009594302484017655,-0.009594302484017655,0.03061101143918474,-0.03061101143918474,-0.009594302484017655,0.009594302484017655,-0.03061101143918474,0.03061101143918474,0.06181366538506698,0.042625060417031665,0.08283037434023406,0.021608351461864583,0.042625060417031665,0.06181366538506698,0.021608351461864583,0.08283037434023406,0.052219362901049324,0.052219362901049324,0.052219362901049324,0.052219362901049324,0.06181366538506698,0.08283037434023406,0.052219362901049324,0.052219362901049324,1.1837307456660844,1.5862004003608712,1.5862004003608712,0.0026169149113904125,0.003685287434027823,0.001548542388753002,0.001548542388753002,0.003685287434027823,0.0056606808844480855,-0.00042685106166726397,-0.00042685106166726397,0.0056606808844480855,0.003685287434027823,0.0056606808844480855,0.0026169149113904125,0.0026169149113904125,0.01046765964556165,0.01046765964556165,0.21,0.0,7.5,0.0,108438.89622971787,20655.027853279593,55486.01915124551,0.0,0.0,108438.89622971787,15491.270889959695,41614.51436343414,41614.51436343414,1.3333333333333333,0.0,0.0,108438.89622971787,0.0,0.0,81329.1721722884,0.0,0.0,0.0,0.0,108438.89622971787,81329.1721722884,15491.270889959695,11618.45316746977,41614.51436343414,31210.885772575602,41614.51436343414,D,41.61451436343414,41.61451436343414,272.52675877734873
2,E-H--E-1.2,x,0.0,120.08333333333334,23.25,E-H,1,1.0,1.747244243128464,915.555,,0,62385.48150166935,114213.77333333333,1.8307748948010785,10.5,0.45161290322580644,3.4899178970776896,5055.15,118.91,17642.05845741228,148.3648007519324,107193.03740682162,901.4636061460064,3449.481617482428,20959.02884289465,20959.02884289465,993.3715355455897,901.4636061460066,695.3600748819127,631.0245243022046,769.6428571428571,2,23.0,0.9034840880136221,769.6428571428571,1,2,1600000,10.5,0.25,0.04916262045681248,426320.41677490267,6868851.174571628,350786.66946396267,0.06206575247300942,0.0,7.626964261483598,0.0,88.51369558808943,0.0,31.56963774524391,9.941666666666668,18.570476645624495,6514275.652876918,3487404.138920896,0.0,411835933.5384744,29977415831.58095,0.0,1517.6188944735477,1517.6188944735477,21578.269306961414,23095.888201434962,23095.888201434962,1872.2885448339694,80.52853956275138,147.42962854648064,56.36997769392596,103.20073998253645,0.052219362901049324,0.00015395311704535493,0.0001183262026022375,0.00015395311704535493,198.83333333333334,-198.83333333333334,62.31963774524391,-62.31963774524391,0.009594302484017655,-0.009594302484017655,0.03061101143918474,-0.03061101143918474,-0.009594302484017655,0.009594302484017655,-0.03061101143918474,0.03061101143918474,0.06181366538506698,0.042625060417031665,0.08283037434023406,0.021608351461864583,0.042625060417031665,0.06181366538506698,0.021608351461864583,0.08283037434023406,0.052219362901049324,0.052219362901049324,0.052219362901049324,0.052219362901049324,0.06181366538506698,0.08283037434023406,0.052219362901049324,0.052219362901049324,1.1837307456660844,1.5862004003608712,1.5862004003608712,0.0026169149113904125,0.003685287434027823,0.001548542388753002,0.001548542388753002,0.003685287434027823,0.0056606808844480855,-0.00042685106166726397,-0.00042685106166726397,0.0056606808844480855,0.003685287434027823,0.0056606808844480855,0.0026169149113904125,0.0026169149113904125,0.01046765964556165,0.01046765964556165,0.21,0.0,10.5,0.0,169754.77828054695,10430.401123228692,29410.29290813313,0.0,0.0,169754.77828054695,7461.748495848217,21039.671080433698,21039.671080433698,1.3333333333333333,0.0,0.0,169754.77828054695,0.0,0.0,127316.08371041024,0.0,0.0,0.0,0.0,169754.77828054695,127316.08371041024,7461.748495848217,5596.311371886164,21039.671080433698,15779.753310325275,21039.671080433698,D,41.61451436343414,41.61451436343414,0.0
2,E-H--E-2.4,x,0.0,120.08333333333334,12.33,E-H,1,1.0,1.747244243128464,625.11,,0,62385.48150166935,114213.77333333333,1.8307748948010785,10.5,0.851581508515815,3.4899178970776896,5055.15,118.91,17642.05845741228,148.3648007519324,107193.03740682162,901.4636061460064,1829.3379932713265,11115.04626378026,11115.04626378026,909.5572134950229,901.4636061460064,636.690049446516,631.0245243022044,769.6428571428571,2,23.0,0.8272538925523178,769.6428571428571,1,2,1600000,10.5,0.25,0.05573271071080702,199434.87625167606,6868851.174571628,350786.66946396267,0.029034677150959486,0.0,3.3211443048514244,0.0,88.51369558808943,0.0,31.56963774524391,9.941666666666668,18.570476645624495,6514275.652876918,3487404.138920896,0.0,199978205.76526937,29977415831.58095,0.0,736.921377755249,736.921377755249,10477.919064638383,11214.840442393632,11214.840442393632,1929.1321718846993,156.45840810094884,286.4401256317588,109.52088567066419,200.50808794223116,0.052219362901049324,0.00015395311704535493,0.0001183262026022375,0.00015395311704535493,198.83333333333334,-198.83333333333334,62.31963774524391,-62.31963774524391,0.009594302484017655,-0.009594302484017655,0.03061101143918474,-0.03061101143918474,-0.009594302484017655,0.009594302484017655,-0.03061101143918474,0.03061101143918474,0.06181366538506698,0.042625060417031665,0.08283037434023406,0.021608351461864583,0.042625060417031665,0.06181366538506698,0.021608351461864583,0.08283037434023406,0.052219362901049324,0.052219362901049324,0.052219362901049324,0.052219362901049324,0.06181366538506698,0.08283037434023406,0.052219362901049324,0.052219362901049324,1.1837307456660844,1.5862004003608712,1.5862004003608712,0.0026169149113904125,0.003685287434027823,0.001548542388753002,0.001548542388753002,0.003685287434027823,0.0056606808844480855,-0.00042685106166726397,-0.00042685106166726397,0.0056606808844480855,0.003685287434027823,0.0056606808844480855,0.0026169149113904125,0.0026169149113904125,0.01046765964556165,0.01046765964556165,0.21,0.0,10.5,0.0,82429.07725159319,9550.35074169774,25687.270062781936,0.0,0.0,82429.07725159319,6967.800274859948,18741.06744817167,18741.06744817167,1.3333333333333333,0.0,0.0,82429.07725159319,0.0,0.0,61821.8079386949,0.0,0.0,0.0,0.0,82429.07725159319,61821.8079386949,6967.800274859948,5225.850206144963,18741.06744817167,14055.800586128757,18741.06744817167,D,41.61451436343414,41.61451436343414,0.0
2,E-H--E-3.1,x,0.0,120.08333333333334,20.0,E-H,1,1.0,1.747244243128464,859.61,,0,62385.48150166935,114213.77333333333,1.8307748948010785,10.5,0.525,3.4899178970776896,5055.15,118.91,17642.05845741228,148.3648007519324,107193.03740682162,901.4636061460064,2967.296015038648,18029.27212292013,18029.27212292013,988.3140845663447,901.4636061460066,691.8198591964413,631.0245243022046,769.6428571428571,2,23.0,0.8988842718097613,769.6428571428571,1,2,1600000,10.5,0.25,0.05080643930409926,354861.94997856225,6868851.174571628,350786.66946396267,0.051662489251806075,0.0,6.308630145696924,0.0,88.51369558808943,0.0,31.56963774524391,9.941666666666668,18.570476645624495,6514275.652876918,3487404.138920896,0.0,352463823.9470822,29977415831.58095,0.0,1298.8321690256744,1298.8321690256744,18467.44952230122,19766.281691326894,19766.281691326894,4066.490654519992,203.3245327259996,372.24145001192034,142.3271729081997,260.5690150083442,0.052219362901049324,0.00015395311704535493,0.0001183262026022375,0.00015395311704535493,198.83333333333334,-198.83333333333334,62.31963774524391,-62.31963774524391,0.009594302484017655,-0.009594302484017655,0.03061101143918474,-0.03061101143918474,-0.009594302484017655,0.009594302484017655,-0.03061101143918474,0.03061101143918474,0.06181366538506698,0.042625060417031665,0.08283037434023406,0.021608351461864583,0.042625060417031665,0.06181366538506698,0.021608351461864583,0.08283037434023406,0.052219362901049324,0.052219362901049324,0.052219362901049324,0.052219362901049324,0.06181366538506698,0.08283037434023406,0.052219362901049324,0.052219362901049324,1.1837307456660844,1.5862004003608712,1.5862004003608712,0.0026169149113904125,0.003685287434027823,0.001548542388753002,0.001548542388753002,0.003685287434027823,0.0056606808844480855,-0.00042685106166726397,-0.00042685106166726397,0.0056606808844480855,0.003685287434027823,0.0056606808844480855,0.0026169149113904125,0.0026169149113904125,0.01046765964556165,0.01046765964556165,0.21,0.0,10.5,0.0,145282.17043125269,10377.29788794662,27918.338424952995,0.0,0.0,145282.17043125269,7450.367714423214,20043.935279453428,20043.935279453428,1.3333333333333333,0.0,0.0,145282.17043125269,0.0,0.0,108961.6278234395,0.0,0.0,0.0,0.0,145282.17043125269,108961.6278234395,7450.367714423214,5587.77578581741,20043.935279453428,15032.951459590073,20043.935279453428,D,41.61451436343414,41.61451436343414,0.0
2,E-H--E-4.1,x,0.0,120.08333333333334,27.0,E-H,1,1.0,1.747244243128464,1105.5,,0,62385.48150166935,114213.77333333333,1.8307748948010785,10.5,0.3888888888888889,3.4899178970776896,5055.15,118.91,17642.05845741228,148.3648007519324,107193.03740682162,901.4636061460064,4005.8496203021746,24339.517365942174,24339.517365942174,996.0925181566997,901.4636061460064,697.2647627096898,631.0245243022044,769.6428571428571,2,23.0,0.9059588564209426,769.6428571428571,1,2,1600000,10.5,0.25,0.047691416654858244,510354.25393392565,6868851.174571628,350786.66946396267,0.07429979787933805,0.0,9.170458491931313,0.0,88.51369558808943,0.0,31.56963774524391,9.941666666666668,18.570476645624495,6514275.652876918,3487404.138920896,0.0,479571107.64708304,29977415831.58095,0.0,1767.2235833224788,1767.2235833224788,25127.27440690841,26894.49799023089,26894.49799023089,2038.8736679292197,75.51383955293406,138.24884166354838,52.859687687053835,96.77418916448386,0.052219362901049324,0.00015395311704535493,0.0001183262026022375,0.00015395311704535493,198.83333333333334,-198.83333333333334,62.31963774524391,-62.31963774524391,0.009594302484017655,-0.009594302484017655,0.03061101143918474,-0.03061101143918474,-0.009594302484017655,0.009594302484017655,-0.03061101143918474,0.03061101143918474,0.06181366538506698,0.042625060417031665,0.08283037434023406,0.021608351461864583,0.042625060417031665,0.06181366538506698,0.021608351461864583,0.08283037434023406,0.052219362901049324,0.052219362901049324,0.052219362901049324,0.052219362901049324,0.06181366538506698,0.08283037434023406,0.052219362901049324,0.052219362901049324,1.1837307456660844,1.5862004003608712,1.5862004003608712,0.0026169149113904125,0.003685287434027823,0.001548542388753002,0.001548542388753002,0.003685287434027823,0.0056606808844480855,-0.00042685106166726397,-0.00042685106166726397,0.0056606808844480855,0.003685287434027823,0.0056606808844480855,0.0026169149113904125,0.0026169149113904125,0.01046765964556165,0.01046765964556165,0.21,0.0,10.5,0.0,197674.56022819705,10458.971440645346,29578.396750971304,0.0,0.0,197674.56022819705,7459.417367101775,21095.53579597576,21095.53579597576,1.3333333333333333,0.0,0.0,197674.56022819705,0.0,0.0,148255.9201711478,0.0,0.0,0.0,0.0,197674.56022819705,148255.9201711478,7459.417367101775,5594.563025326332,21095.53579597576,15821.651846981822,21095.53579597576,D,41.61451436343414,41.61451436343414,0.0
2,E-H--E-7,x,0.0,120.08333333333334,13.0,E-H,1,1.0,1.747244243128464,628.125,,0,62385.48150166935,114213.77333333333,1.8307748948010785,10.5,0.8076923076923077,3.4899178970776896,5055.15,118.91,17642.05845741228,148.3648007519324,107193.03740682162,901.4636061460064,1928.7424097751211,11719.026879898083,11719.026879898083,927.7702851224429,901.4636061460064,649.4391995857101,631.0245243022044,769.6428571428571,2,23.0,0.8438189136148437,769.6428571428571,1,2,1600000,10.5,0.25,0.05540095078642966,211531.15088358073,6868851.174571628,350786.66946396267,0.030795710302570757,0.0,3.5717286561620294,0.0,88.51369558808943,0.0,31.56963774524391,9.941666666666668,18.570476645624495,6514275.652876918,3487404.138920896,0.0,215066803.05830106,29977415831.58095,0.0,792.5229862556595,792.5229862556595,11268.4907203361,12061.013706591759,12061.013706591759,2270.7292364687964,174.67147972836895,319.7841599244534,122.27003580985826,223.84891194711736,0.052219362901049324,0.00015395311704535493,0.0001183262026022375,0.00015395311704535493,198.83333333333334,-198.83333333333334,62.31963774524391,-62.31963774524391,0.009594302484017655,-0.009594302484017655,0.03061101143918474,-0.03061101143918474,-0.009594302484017655,0.009594302484017655,-0.03061101143918474,0.03061101143918474,0.06181366538506698,0.042625060417031665,0.08283037434023406,0.021608351461864583,0.042625060417031665,0.06181366538506698,0.021608351461864583,0.08283037434023406,0.052219362901049324,0.052219362901049324,0.052219362901049324,0.052219362901049324,0.06181366538506698,0.08283037434023406,0.052219362901049324,0.052219362901049324,1.1837307456660844,1.5862004003608712,1.5862004003608712,0.0026169149113904125,0.003685287434027823,0.001548542388753002,0.001548542388753002,0.003685287434027823,0.0056606808844480855,-0.00042685106166726397,-0.00042685106166726397,0.0056606808844480855,0.003685287434027823,0.0056606808844480855,0.0026169149113904125,0.0026169149113904125,0.01046765964556165,0.01046765964556165,0.21,0.0,10.5,0.0,88648.45074344943,9741.587993785652,26077.440631459973,0.0,0.0,88648.45074344943,7091.876059475954,18984.37677970286,18984.37677970286,1.3333333333333333,0.0,0.0,88648.45074344943,0.0,0.0,66486.33805758707,0.0,0.0,0.0,0.0,88648.45074344943,66486.33805758707,7091.876059475954,5318.907044606965,18984.37677970286,14238.282584777146,18984.37677970286,D,41.61451436343414,41.61451436343414,0.0
2,E-H--E-7.6,x,0.0,120.08333333333334,23.33,E-H,1,1.0,1.747244243128464,921.25,,0,62385.48150166935,114213.77333333333,1.8307748948010785,10.5,0.45006429489927136,3.4899178970776896,5055.15,118.91,17642.05845741228,148.3648007519324,107193.03740682162,901.4636061460064,3461.3508015425823,21031.14593138633,21031.14593138633,993.4573785194258,901.4636061460066,695.420164963598,631.0245243022046,769.6428571428571,2,23.0,0.9035621632937701,769.6428571428571,1,2,1600000,10.5,0.25,0.04912706232364162,428096.95790145843,6868851.174571628,350786.66946396267,0.06232438977368824,0.0,7.659669189521343,0.0,88.51369558808943,0.0,31.56963774524391,9.941666666666668,18.570476645624495,6514275.652876918,3487404.138920896,0.0,413288714.997013,29977415831.58095,0.0,1522.9724064220457,1522.9724064220457,21654.388234436155,23177.3606408582,23177.3606408582,1875.9494051601323,80.40931869524785,147.21136197531877,56.28652308667349,103.04795338272314,0.052219362901049324,0.00015395311704535493,0.0001183262026022375,0.00015395311704535493,198.83333333333334,-198.83333333333334,62.31963774524391,-62.31963774524391,0.009594302484017655,-0.009594302484017655,0.03061101143918474,-0.03061101143918474,-0.009594302484017655,0.009594302484017655,-0.03061101143918474,0.03061101143918474,0.06181366538506698,0.042625060417031665,0.08283037434023406,0.021608351461864583,0.042625060417031665,0.06181366538506698,0.021608351461864583,0.08283037434023406,0.052219362901049324,0.052219362901049324,0.052219362901049324,0.052219362901049324,0.06181366538506698,0.08283037434023406,0.052219362901049324,0.052219362901049324,1.1837307456660844,1.5862004003608712,1.5862004003608712,0.0026169149113904125,0.003685287434027823,0.001548542388753002,0.001548542388753002,0.003685287434027823,0.0056606808844480855,-0.00042685106166726397,-0.00042685106166726397,0.0056606808844480855,0.003685287434027823,0.0056606808844480855,0.0026169149113904125,0.0026169149113904125,0.01046765964556165,0.01046765964556165,0.21,0.0,10.5,0.0,170353.60071030777,10431.30247445397,29415.075299724645,0.0,0.0,170353.60071030777,7461.830955335427,21041.506558029047,21041.506558029047,1.3333333333333333,0.0,0.0,170353.60071030777,0.0,0.0,127765.20053273084,0.0,0.0,0.0,0.0,170353.60071030777,127765.20053273084,7461.830955335427,5596.373216501571,21041.506558029047,15781.12991852179,21041.506558029047,D,41.61451436343414,41.61451436343414,0.0
1,E-2,y,26.083333333333332,0.0,30.75,E-2,2,1.1715736582658038,1.0,1286.9583333333333,,90,32802.417983702166,114885.61333333334,3.502351972662933,11.500000000000002,0.3739837398373984,1.8350062038982897,1286.9583333333333,30.75,2361.5765258252695,76.79923661220388,29651.166897232808,964.2655901539124,2361.5765258252695,29651.166897232808,29651.166897232808,1373.1354155471026,964.2655901539124,961.1947908829718,674.9859131077386,1200.0,3,19.0,0.8009956590691432,769.6428571428571,1,2,1600000,10.5,0.25,0.04511585474976535,657222.7670669815,7600312.36356934,395585.5419449431,0.0864731257911523,2.0097973357201226,0.0,112.44101502511458,0.0,86.35768169178125,0.0,7.204419596086453,7.541666666666668,2983374.2955014464,2849964.2303166273,5152794755.259457,0.0,29914243488.754887,5950.748398051326,0.0,5950.748398051326,36273.16563002208,42223.91402807341,42223.91402807341,2573.3127563556336,83.68496768636207,293.094211658564,58.57947738045345,205.1659481609948,0.052498218350543024,0.00010402341826942798,7.584433371428146e-05,0.00010402341826942798,86.39231830821876,-86.39231830821876,150.83333333333334,-150.83333333333334,0.015690198922305387,-0.015690198922305387,0.0089868242626414,-0.0089868242626414,-0.015690198922305387,0.015690198922305387,-0.0089868242626414,0.0089868242626414,0.06818841727284841,0.03680801942823764,0.061485042613184424,0.043511394087901625,0.03680801942823764,0.06818841727284841,0.043511394087901625,0.061485042613184424,0.052498218350543024,0.052498218350543024,0.052498218350543024,0.052498218350543024,0.06818841727284841,0.061485042613184424,0.052498218350543024,0.052498218350543024,1.2988710743960532,1.1711834143138773,1.2988710743960532,0.00447175195113577,0.0061099247574707485,0.002833579144800792,0.002833579144800792,0.0061099247574707485,0.005054200984374452,0.003889302917897089,0.003889302917897089,0.005054200984374452,0.0061099247574707485,0.005054200984374452,0.0061099247574707485,0.0061099247574707485,0.024439699029882994,0.024439699029882994,0.23000000000000004,321.7395833333333,11.500000000000002,488.276874435411,339902.50792599097,15791.057278791683,49190.75078601917,2712.1338990514914,14529.288744918704,328085.3530801237,10845.796796037148,33339.64405199526,33339.64405199526,1.3333333333333333,558.0307136404697,348.7691960252935,339902.50792599097,36.45800662451068,325.517916290274,254926.88094449326,27.34350496838302,325.517916290274,279.01535682023484,23.25127973501957,340264.4838489057,255582.00900230714,11248.412689220024,8448.99203313412,35062.505463921865,26360.291679036905,35062.505463921865,B,36.793503669372086,38.733124217723294,0.0
1,E-3,y,50.75,0.0,30.75,E-3,1,1.1715736582658038,1.0,561.125,,90,32802.417983702166,114885.61333333334,3.502351972662933,11.500000000000002,0.3739837398373984,1.8350062038982897,561.125,30.75,1029.6678561624278,33.48513353373749,12928.166044129706,420.4281640367384,1029.6678561624278,12928.166044129706,12928.166044129706,540.5569828626737,420.4281640367384,378.3898880038716,294.2997148257169,460.7142857142857,4,17.0,0.821311384814605,310.7142857142857,1,6,1600000,10.5,0.25,0.039324839308176304,328753.18174387864,7600312.36356934,395585.5419449431,0.043255219788030666,2.2733365097907696,0.0,112.44101502511458,0.0,61.69101502511458,0.0,7.204419596086453,7.541666666666668,2983374.2955014464,2849964.2303166273,1078591756.6577792,0.0,29914243488.754887,1743.6724274467529,0.0,1743.6724274467529,14878.454795580466,16622.12722302722,16622.12722302722,995.8581567975962,32.38563111536898,113.4258790228466,22.669941780758286,79.39811531599261,0.052498218350543024,0.00010402341826942798,7.584433371428146e-05,0.00010402341826942798,86.39231830821876,-86.39231830821876,150.83333333333334,-150.83333333333334,0.015690198922305387,-0.015690198922305387,0.0089868242626414,-0.0089868242626414,-0.015690198922305387,0.015690198922305387,-0.0089868242626414,0.0089868242626414,0.06818841727284841,0.03680801942823764,0.061485042613184424,0.043511394087901625,0.03680801942823764,0.06818841727284841,0.043511394087901625,0.061485042613184424,0.052498218350543024,0.052498218350543024,0.052498218350543024,0.052498218350543024,0.06818841727284841,0.061485042613184424,0.052498218350543024,0.052498218350543024,1.2988710743960532,1.1711834143138773,1.2988710743960532,0.00447175195113577,0.0061099247574707485,0.002833579144800792,0.002833579144800792,0.0061099247574707485,0.005054200984374452,0.003889302917897089,0.003889302917897089,0.005054200984374452,0.0061099247574707485,0.005054200984374452,0.0061099247574707485,0.0061099247574707485,0.024439699029882994,0.024439699029882994,0.23000000000000004,561.125,11.500000000000002,851.571815718157,133808.12414536913,6216.40530292075,21568.48220496048,4730.055650406505,25339.58384146342,113198.59595431223,3742.1023455970985,12447.107003641266,12447.107003641266,1.3333333333333333,973.2249322493224,608.2655826558265,133808.12414536913,63.58402890695572,567.7145438121047,100356.09310902684,47.6880216802168,567.7145438121047,486.6124661246611,40.55103884372177,134439.42271808817,101498.65917948756,4444.278436961593,3355.327576181407,15451.83710166511,11699.471568549896,15451.83710166511,B,36.793503669372086,38.733124217723294,0.0
1,E-3.3,y,59.583333333333336,0.0,18.75,E-3.3,1,1.1715736582658038,1.0,441.08333333333337,,90,32802.417983702166,114885.61333333334,3.502351972662933,11.500000000000002,0.6133333333333334,1.8350062038982897,441.08333333333337,18.75,809.390653102804,43.167501498816215,10162.438979962655,541.9967455980083,809.390653102804,10162.438979962655,10162.438979962655,633.8875674695257,541.9967455980083,443.721297228668,379.3977219186058,460.7142857142857,4,17.0,0.9631159939847057,460.7142857142857,1,4,1600000,10.5,0.25,0.050551982317556594,201029.48517675165,7600312.36356934,395585.5419449431,0.02645016093553582,1.7405645420068732,0.0,112.44101502511458,0.0,52.857681691781245,0.0,7.204419596086453,7.541666666666668,2983374.2955014464,2849964.2303166273,574816396.9759322,0.0,29914243488.754887,1084.5529403420385,0.0,1084.5529403420385,10800.838949711568,11885.391890053606,11885.391890053606,678.8770157399194,36.206774172795704,126.80886694785237,25.34474192095699,88.76620686349665,0.052498218350543024,0.00010402341826942798,7.584433371428146e-05,0.00010402341826942798,86.39231830821876,-86.39231830821876,150.83333333333334,-150.83333333333334,0.015690198922305387,-0.015690198922305387,0.0089868242626414,-0.0089868242626414,-0.015690198922305387,0.015690198922305387,-0.0089868242626414,0.0089868242626414,0.06818841727284841,0.03680801942823764,0.061485042613184424,0.043511394087901625,0.03680801942823764,0.06818841727284841,0.043511394087901625,0.061485042613184424,0.052498218350543024,0.052498218350543024,0.052498218350543024,0.052498218350543024,0.06818841727284841,0.061485042613184424,0.052498218350543024,0.052498218350543024,1.2988710743960532,1.1711834143138773,1.2988710743960532,0.00447175195113577,0.0061099247574707485,0.002833579144800792,0.002833579144800792,0.0061099247574707485,0.005054200984374452,0.003889302917897089,0.003889302917897089,0.005054200984374452,0.0061099247574707485,0.005054200984374452,0.0061099247574707485,0.0061099247574707485,0.024439699029882994,0.024439699029882994,0.23000000000000004,441.08333333333337,11.500000000000002,1097.8074074074075,95677.40471493153,7289.707025899547,24823.647913532528,6097.771244444446,32666.63166666668,69108.5442927093,3786.769550285441,11655.0344924568,11655.0344924568,1.3333333333333333,1254.637037037037,784.1481481481483,95677.40471493153,81.96961975308642,731.8716049382716,71758.05353619867,61.47721481481483,731.8716049382716,627.3185185185185,52.27654320987655,96491.2459396229,73230.99741768016,5287.191558335501,4012.657392749598,18075.5936980039,13793.01389349278,18075.5936980039,B,36.793503669372086,38.733124217723294,0.0
1,E-4,y,77.08333333333333,0.0,30.75,E-4,1,1.1715736582658038,1.0,650.4583333333333,,90,32802.417983702166,114885.61333333334,3.502351972662933,11.500000000000002,0.3739837398373984,1.8350062038982897,650.4583333333333,30.75,1193.5950770440081,38.81610006647181,14986.381533742395,487.3620010973137,1193.5950770440081,14986.381533742395,14986.381533742395,586.8871973161042,487.3620010973137,410.8210381212729,341.1534007681196,460.7142857142857,4,17.0,0.8917045788678792,460.7142857142857,1,4,1600000,10.5,0.25,0.04202752263613625,356584.9375298831,7600312.36356934,395585.5419449431,0.04691714241102847,4.132397078719122,0.0,112.44101502511458,0.0,35.35768169178125,0.0,7.204419596086453,7.541666666666668,2983374.2955014464,2849964.2303166273,402707344.30450356,0.0,29914243488.754887,1135.8879373952689,0.0,1135.8879373952689,16910.893380074936,18046.781317470206,18046.781317470206,1086.34309805066,35.32823083091577,123.7318989413493,24.72976158164104,86.6123292589445,0.052498218350543024,0.00010402341826942798,7.584433371428146e-05,0.00010402341826942798,86.39231830821876,-86.39231830821876,150.83333333333334,-150.83333333333334,0.015690198922305387,-0.015690198922305387,0.0089868242626414,-0.0089868242626414,-0.015690198922305387,0.015690198922305387,-0.0089868242626414,0.0089868242626414,0.06818841727284841,0.03680801942823764,0.061485042613184424,0.043511394087901625,0.03680801942823764,0.06818841727284841,0.043511394087901625,0.061485042613184424,0.052498218350543024,0.052498218350543024,0.052498218350543024,0.052498218350543024,0.06818841727284841,0.061485042613184424,0.052498218350543024,0.052498218350543024,1.2988710743960532,1.1711834143138773,1.2988710743960532,0.00447175195113577,0.0061099247574707485,0.002833579144800792,0.002833579144800792,0.0061099247574707485,0.005054200984374452,0.003889302917897089,0.003889302917897089,0.005054200984374452,0.0061099247574707485,0.005054200984374452,0.0061099247574707485,0.0061099247574707485,0.024439699029882994,0.024439699029882994,0.23000000000000004,650.4583333333333,11.500000000000002,987.1454381210478,145276.58960563518,6749.2027691352,23635.367231414573,5483.099336043361,29373.74644308944,121385.94249858908,4012.758429705424,13456.088340893395,13456.088340893395,1.3333333333333333,1128.166214995483,705.1038843721769,145276.58960563518,73.7068593797049,658.0969587473652,108957.44220422639,55.28014453477869,658.0969587473652,564.0831074977415,47.0069256248118,146008.39342376226,110281.90934063109,4826.723749545859,3645.682953409292,16939.183429647404,12832.588278485044,16939.183429647404,B,36.793503669372086,38.733124217723294,0.0
1,E-5,y,98.41666666666666,0.0,30.75,E-5,1,1.1715736582658038,1.0,770.5,,90,32802.417983702166,114885.61333333334,3.502351972662933,11.500000000000002,0.3739837398373984,1.8350062038982897,770.5,30.75,1413.8722801036322,45.979586344833564,17752.10859790945,577.3043446474618,1413.8722801036322,17752.10859790945,17752.10859790945,672.7854898031284,577.3043446474618,470.9498428621898,404.11304125322323,600.0,3,19.0,0.7849164047703163,460.7142857142857,1,4,1600000,10.5,0.25,0.043046141407088734,412397.2095437589,7600312.36356934,395585.5419449431,0.05426056059491804,5.459008914993167,0.0,112.44101502511458,0.0,14.024348358447924,0.0,7.204419596086453,7.541666666666668,2983374.2955014464,2849964.2303166273,75495923.0786577,0.0,29914243488.754887,536.8717200471021,0.0,536.8717200471021,20151.282091399094,20688.1538114462,20688.1538114462,1299.7958266996175,42.26978298210138,148.04365781139686,29.588848087470964,103.63056046797779,0.052498218350543024,0.00010402341826942798,7.584433371428146e-05,0.00010402341826942798,86.39231830821876,-86.39231830821876,150.83333333333334,-150.83333333333334,0.015690198922305387,-0.015690198922305387,0.0089868242626414,-0.0089868242626414,-0.015690198922305387,0.015690198922305387,-0.0089868242626414,0.0089868242626414,0.06818841727284841,0.03680801942823764,0.061485042613184424,0.043511394087901625,0.03680801942823764,0.06818841727284841,0.043511394087901625,0.061485042613184424,0.052498218350543024,0.052498218350543024,0.052498218350543024,0.052498218350543024,0.06818841727284841,0.061485042613184424,0.052498218350543024,0.052498218350543024,1.2988710743960532,1.1711834143138773,1.2988710743960532,0.00447175195113577,0.0061099247574707485,0.002833579144800792,0.002833579144800792,0.0061099247574707485,0.005054200984374452,0.003889302917897089,0.003889302917897089,0.005054200984374452,0.0061099247574707485,0.005054200984374452,0.0061099247574707485,0.0061099247574707485,0.024439699029882994,0.024439699029882994,0.23000000000000004,192.625,11.500000000000002,292.33062330623306,166539.6381821419,7737.033132735978,26233.793568861565,1623.7504471544717,8698.6631097561,159464.72551954028,5271.561174199679,17671.533050615777,17671.533050615777,1.3333333333333333,334.09214092140917,208.80758807588074,166539.6381821419,21.8273532068654,194.88708220415538,124904.72863660645,16.370514905149054,194.88708220415538,167.04607046070458,13.920505871725384,166756.35261755294,125296.95281004818,5512.6066981009235,4142.048026778452,18703.007561877697,14065.220687422068,18703.007561877697,B,36.793503669372086,38.733124217723294,0.0
1,E-2.4,y,35.916666666666664,0.0,30.75,E-2.4,2,1.1715736582658038,1.0,1448.875,,90,32802.417983702166,114885.61333333334,3.502351972662933,11.500000000000002,0.3739837398373984,1.8350062038982897,1448.875,30.75,2658.6946136731344,86.46161345278486,33381.68247215581,1085.5831698262052,2658.6946136731344,33381.68247215581,33381.68247215581,1520.4755282579272,1085.5831698262052,1064.332869780549,759.9082188783436,1200.0,3,19.0,0.8869440581504574,769.6428571428571,1,2,1600000,10.5,0.25,0.04912084939829019,679582.7613135242,7600312.36356934,395585.5419449431,0.08941510938036912,2.816670563546739,0.0,112.44101502511458,0.0,76.52434835844792,0.0,7.204419596086453,7.541666666666668,2983374.2955014464,2849964.2303166273,4553362186.298542,0.0,29914243488.754887,5934.201319584412,0.0,5934.201319584412,40820.42117434685,46754.62249393126,46754.62249393126,2911.2931587845014,94.67620028567484,331.5893768347642,66.27334019997238,232.11256378433492,0.052498218350543024,0.00010402341826942798,7.584433371428146e-05,0.00010402341826942798,86.39231830821876,-86.39231830821876,150.83333333333334,-150.83333333333334,0.015690198922305387,-0.015690198922305387,0.0089868242626414,-0.0089868242626414,-0.015690198922305387,0.015690198922305387,-0.0089868242626414,0.0089868242626414,0.06818841727284841,0.03680801942823764,0.061485042613184424,0.043511394087901625,0.03680801942823764,0.06818841727284841,0.043511394087901625,0.061485042613184424,0.052498218350543024,0.052498218350543024,0.052498218350543024,0.052498218350543024,0.06818841727284841,0.061485042613184424,0.052498218350543024,0.052498218350543024,1.2988710743960532,1.1711834143138773,1.2988710743960532,0.00447175195113577,0.0061099247574707485,0.002833579144800792,0.002833579144800792,0.0061099247574707485,0.005054200984374452,0.003889302917897089,0.003889302917897089,0.005054200984374452,0.0061099247574707485,0.005054200984374452,0.0061099247574707485,0.0061099247574707485,0.024439699029882994,0.024439699029882994,0.23000000000000004,362.21875,11.500000000000002,549.7086720867209,376374.7110761467,17485.468574966162,54338.64904877715,3053.356819105692,16357.268673780494,363070.7992214719,12002.340470131301,36793.50366937208,36793.50366937208,1.3333333333333333,628.2384823848238,392.6490514905149,376374.7110761467,41.04491418247515,366.4724480578139,282281.03330711,30.783685636856376,366.4724480578139,314.1192411924119,26.176603432700993,376782.2284383869,283018.5852854298,12455.610857467336,9355.98629042743,38733.12421772329,29121.23389992711,38733.12421772329,B,36.793503669372086,38.733124217723294,0.0
1,E-3.4,y,60.58333333333333,0.0,30.75,E-3.4,1,1.1715736582658038,1.0,988.25,,90,32802.417983702166,114885.61333333334,3.502351972662933,11.500000000000002,0.3739837398373984,1.8350062038982897,988.25,30.75,1813.4448810024849,58.973817268373494,22769.00885384038,740.455572482614,1813.4448810024849,22769.00885384038,22769.00885384038,907.1697922839002,740.455572482614,635.0188545987301,518.3189007378297,769.6428571428571,2,23.0,0.8250825024948697,600.0,1,3,1600000,10.5,0.25,0.047370546555950716,480657.50786614313,7600312.36356934,395585.5419449431,0.06324180966167707,3.8361733032039704,0.0,112.44101502511458,0.0,51.85768169178125,0.0,7.204419596086453,7.541666666666668,2983374.2955014464,2849964.2303166273,1300797542.798129,0.0,29914243488.754887,2501.648738552015,0.0,2501.648738552015,25393.822374177915,27895.47111272993,27895.47111272993,1742.599396355272,56.669899068464126,198.47793279304463,39.66892934792489,138.93455295513124,0.052498218350543024,0.00010402341826942798,7.584433371428146e-05,0.00010402341826942798,86.39231830821876,-86.39231830821876,150.83333333333334,-150.83333333333334,0.015690198922305387,-0.015690198922305387,0.0089868242626414,-0.0089868242626414,-0.015690198922305387,0.015690198922305387,-0.0089868242626414,0.0089868242626414,0.06818841727284841,0.03680801942823764,0.061485042613184424,0.043511394087901625,0.03680801942823764,0.06818841727284841,0.043511394087901625,0.061485042613184424,0.052498218350543024,0.052498218350543024,0.052498218350543024,0.052498218350543024,0.06818841727284841,0.061485042613184424,0.052498218350543024,0.052498218350543024,1.2988710743960532,1.1711834143138773,1.2988710743960532,0.00447175195113577,0.0061099247574707485,0.002833579144800792,0.002833579144800792,0.0061099247574707485,0.005054200984374452,0.003889302917897089,0.003889302917897089,0.005054200984374452,0.0061099247574707485,0.005054200984374452,0.0061099247574707485,0.0061099247574707485,0.024439699029882994,0.024439699029882994,0.23000000000000004,247.0625,11.500000000000002,374.94579945799455,224558.54245747594,10432.452611264855,34716.15682935801,2082.636443089431,11156.980945121955,215484.1979554434,7123.444560510526,23425.949916680114,23425.949916680114,1.3333333333333333,428.5094850948509,267.81842818428186,224558.54245747594,27.995953026196922,249.9638663053297,168418.906843107,20.996964769647697,249.9638663053297,214.25474254742545,17.854561878952126,224836.50227680747,168921.97697860835,7432.6116455142965,5584.1975860696975,24748.92809416823,18610.39033029604,24748.92809416823,B,36.793503669372086,38.733124217723294,0.0
1,E-4.8,y,94.91666666666666,0.0,30.75,E-4.8,1,1.1715736582658038,1.0,988.25,,90,32802.417983702166,114885.61333333334,3.502351972662933,11.500000000000002,0.3739837398373984,1.8350062038982897,988.25,30.75,1813.4448810024849,58.973817268373494,22769.00885384038,740.455572482614,1813.4448810024849,22769.00885384038,22769.00885384038,772.5093813258402,740.455572482614,540.7565669280881,518.3189007378297,600.0,3,19.0,0.9012609448801469,600.0,1,3,1600000,10.5,0.25,0.04827179988188564,471683.4447763077,7600312.36356934,395585.5419449431,0.06206106041604725,6.010180732254914,0.0,112.44101502511458,0.0,17.524348358447924,0.0,7.204419596086453,7.541666666666668,2983374.2955014464,2849964.2303166273,134482390.41335356,0.0,29914243488.754887,765.337972590203,0.0,765.337972590203,22989.325503179385,23754.663475769587,23754.663475769587,1523.331565493274,49.53923790222029,173.50384759105958,34.6774665315542,121.4526933137417,0.052498218350543024,0.00010402341826942798,7.584433371428146e-05,0.00010402341826942798,86.39231830821876,-86.39231830821876,150.83333333333334,-150.83333333333334,0.015690198922305387,-0.015690198922305387,0.0089868242626414,-0.0089868242626414,-0.015690198922305387,0.015690198922305387,-0.0089868242626414,0.0089868242626414,0.06818841727284841,0.03680801942823764,0.061485042613184424,0.043511394087901625,0.03680801942823764,0.06818841727284841,0.043511394087901625,0.061485042613184424,0.052498218350543024,0.052498218350543024,0.052498218350543024,0.052498218350543024,0.06818841727284841,0.061485042613184424,0.052498218350543024,0.052498218350543024,1.2988710743960532,1.1711834143138773,1.2988710743960532,0.00447175195113577,0.0061099247574707485,0.002833579144800792,0.002833579144800792,0.0061099247574707485,0.005054200984374452,0.003889302917897089,0.003889302917897089,0.005054200984374452,0.0061099247574707485,0.005054200984374452,0.0061099247574707485,0.0061099247574707485,0.024439699029882994,0.024439699029882994,0.23000000000000004,988.25,11.500000000000002,1499.7831978319782,191225.0409799452,8883.857885247164,31623.79054047542,8330.545772357724,44627.92378048782,154927.6629718151,5121.575635431904,17394.410852704215,17394.410852704215,1.3333333333333333,1714.0379403794036,1071.2737127371274,191225.0409799452,111.98381210478769,999.8554652213188,143418.7807349589,83.98785907859079,999.8554652213188,857.0189701897018,71.4182475158085,192336.8802572713,145431.06127696432,6358.243975446985,4807.638389321134,22686.32356265666,17209.51971067197,22686.32356265666,B,36.793503669372086,38.733124217723294,0.0
1,E-5.9,y,119.58333333333333,0.0,30.75,E-5.9,1,1.7118527402314796,1.2219601612076034,829.1250000000007,,90,32802.417983702166,114885.61333333334,3.502351972662933,11.500000000000002,0.3739837398373984,1.8350062038982897,829.1250000000007,30.75,1521.4495188071708,49.478033131940514,19102.81251296779,621.2296752184648,1521.4495188071708,19102.81251296779,19102.81251296779,717.0584375276683,621.2296752184648,501.94090626936776,434.86077265292533,600.0,3,19.0,0.8365681771156129,460.7142857142857,1,4,1600000,10.5,0.25,0.045366100054393343,421081.21460878884,7600312.36356934,395585.5419449431,0.055403145879524905,6.722394591575142,0.0,112.44101502511458,0.0,7.142318308218748,0.0,21.4616445156407,9.215616215774011,3645564.5350735676,8489916.276749441,21076184.80414333,0.0,29914243488.754887,359.61646121945483,0.0,359.61646121945483,21689.930492756343,22049.546953975798,22049.546953975798,1258.0319172966847,40.91160706655885,143.28684771437318,28.638124946591194,100.30079340006122,0.052498218350543024,0.00010402341826942798,0.00019840967290544787,0.00019840967290544787,86.39231830821876,-86.39231830821876,150.83333333333334,-150.83333333333334,0.029926792329905055,-0.029926792329905055,0.01714107161707702,-0.01714107161707702,-0.029926792329905055,0.029926792329905055,-0.01714107161707702,0.01714107161707702,0.08242501068044808,0.02257142602063797,0.06963928996762005,0.035357146733466,0.02257142602063797,0.08242501068044808,0.035357146733466,0.06963928996762005,0.052498218350543024,0.052498218350543024,0.052498218350543024,0.052498218350543024,0.08242501068044808,0.06963928996762005,0.052498218350543024,0.052498218350543024,1.5700534850549934,1.3265076826535718,1.5700534850549934,0.00447175195113577,0.00047949273826559946,0.008464011164005941,0.008464011164005941,0.00047949273826559946,0.0013261806145003496,0.007617323287771188,0.007617323287771188,0.0013261806145003496,0.008464011164005941,0.007617323287771188,0.008464011164005941,0.008464011164005941,0.033856044656023765,0.033856044656023765,0.23000000000000004,829.1250000000007,11.500000000000002,1258.2926829268304,177498.8529795052,8246.172031568185,28076.503417816617,6989.186707317081,37442.07164634151,147045.96804048077,4861.023736875398,15692.763611214355,15692.763611214355,1.3333333333333333,1438.048780487806,898.7804878048788,177498.8529795052,93.95252032520332,838.8617886178869,133124.1397346289,70.46439024390251,838.8617886178869,719.024390243903,59.91869918699192,178431.66728844828,134812.40900292157,5898.567513667712,4456.608562080052,20132.588681428697,15262.856145217866,20132.588681428697,A,35.12086177187046,35.12086177187046,0.0
1,E-7.4,y,144.25,0.0,30.75,E-7.4,1,1.7118527402314796,1.2219601612076034,1317.1249999999998,,90,32802.417983702166,114885.61333333334,3.502351972662933,11.500000000000002,0.3739837398373984,1.8350062038982897,1317.1249999999998,30.75,2416.9325463095342,78.59943240031005,30346.19862040425,986.8682478180244,2416.9325463095342,30346.19862040425,30346.19862040425,1030.3383510888043,986.8682478180244,721.236845762163,690.8077734726171,769.6428571428571,2,23.0,0.9371058784844809,769.6428571428571,1,2,1600000,10.5,0.25,0.05274430939539548,575345.4537230786,7600312.36356934,395585.5419449431,0.07570023785876068,11.154807161645524,0.0,112.44101502511458,0.0,31.80898497488542,0.0,21.4616445156407,9.215616215774011,3645564.5350735676,8489916.276749441,568643976.4495254,0.0,29914243488.754887,2178.5994942941684,0.0,2178.5994942941684,29504.304801686565,31682.904295980734,31682.904295980734,1610.846468661548,52.38525101338367,183.4715872251672,36.66967570936857,128.43011105761704,0.052498218350543024,0.00010402341826942798,0.00019840967290544787,0.00019840967290544787,86.39231830821876,-86.39231830821876,150.83333333333334,-150.83333333333334,0.029926792329905055,-0.029926792329905055,0.01714107161707702,-0.01714107161707702,-0.029926792329905055,0.029926792329905055,-0.01714107161707702,0.01714107161707702,0.08242501068044808,0.02257142602063797,0.06963928996762005,0.035357146733466,0.02257142602063797,0.08242501068044808,0.035357146733466,0.06963928996762005,0.052498218350543024,0.052498218350543024,0.052498218350543024,0.052498218350543024,0.08242501068044808,0.06963928996762005,0.052498218350543024,0.052498218350543024,1.5700534850549934,1.3265076826535718,1.5700534850549934,0.00447175195113577,0.00047949273826559946,0.008464011164005941,0.008464011164005941,0.00047949273826559946,0.0013261806145003496,0.007617323287771188,0.007617323287771188,0.0013261806145003496,0.008464011164005941,0.007617323287771188,0.008464011164005941,0.008464011164005941,0.033856044656023765,0.033856044656023765,0.23000000000000004,329.28124999999994,11.500000000000002,499.7222222222222,255047.37958264493,11848.89103752125,40540.83265739558,2775.7070833333337,14869.859375000002,242953.22729097828,8031.511645982753,27145.637755937405,27145.637755937405,1.3333333333333333,571.111111111111,356.94444444444434,255047.37958264493,37.31259259259258,333.1481481481481,191285.5346869837,27.98444444444445,333.1481481481481,285.5555555555555,23.79629629629629,255417.84032338567,191956.01913142815,8443.56496936812,6345.65352500589,28908.88352575681,21746.5616342166,28908.88352575681,A,35.12086177187046,35.12086177187046,0.0
1,E-8--E-A.2,y,162.58333333333331,0.0,25.0,E-8,2,1.7118527402314796,1.2219601612076034,938.0,,90,32802.417983702166,114885.61333333334,3.502351972662933,11.500000000000002,0.4600000000000001,1.8350062038982897,3857.9716666666664,76.75,7079.401942797157,92.23976472699879,88886.60868828601,1158.1317092936288,2305.9941181749696,28953.29273234072,28953.29273234072,1365.025343904274,1158.1317092936288,955.5177407329917,810.6921965055401,1200.0,3,19.0,0.7962647839441598,921.4285714285714,2,4,1600000,10.5,0.25,0.04730360494314124,612073.7048929457,7600312.36356934,395585.5419449431,0.08053270386975216,13.547437718336667,0.0,112.44101502511458,0.0,50.142318308218734,0.0,21.4616445156407,9.215616215774011,3645564.5350735676,8489916.276749441,1463948550.211209,0.0,29914243488.754887,3558.0182452727813,0.0,3558.0182452727813,30567.61535233407,34125.63359760685,34125.63359760685,5763.513948141528,230.54055792566112,807.4341778297523,161.37839054796277,565.2039244808266,0.052498218350543024,0.00010402341826942798,0.00019840967290544787,0.00019840967290544787,86.39231830821876,-86.39231830821876,150.83333333333334,-150.83333333333334,0.029926792329905055,-0.029926792329905055,0.01714107161707702,-0.01714107161707702,-0.029926792329905055,0.029926792329905055,-0.01714107161707702,0.01714107161707702,0.08242501068044808,0.02257142602063797,0.06963928996762005,0.035357146733466,0.02257142602063797,0.08242501068044808,0.035357146733466,0.06963928996762005,0.052498218350543024,0.052498218350543024,0.052498218350543024,0.052498218350543024,0.08242501068044808,0.06963928996762005,0.052498218350543024,0.052498218350543024,1.5700534850549934,1.3265076826535718,1.5700534850549934,0.00447175195113577,0.00047949273826559946,0.008464011164005941,0.008464011164005941,0.00047949273826559946,0.0013261806145003496,0.007617323287771188,0.007617323287771188,0.0013261806145003496,0.008464011164005941,0.007617323287771188,0.008464011164005941,0.008464011164005941,0.033856044656023765,0.033856044656023765,0.23000000000000004,0.0,11.500000000000002,0.0,274711.3504607352,15697.791454899156,49169.206480618646,0.0,0.0,274711.3504607352,11212.708182070824,35120.861771870455,35120.861771870455,1.3333333333333333,0.0,0.0,274711.3504607352,0.0,0.0,206033.51284555142,0.0,0.0,0.0,0.0,274711.3504607352,206033.51284555142,11212.708182070824,8409.53113655312,35120.861771870455,26340.646328902847,35120.861771870455,A,35.12086177187046,35.12086177187046,4665.81239773495
1,E-8--E-B,y,162.58333333333331,0.0,12.5,E-8,2,1.7118527402314796,1.2219601612076034,614.055,,90,32802.417983702166,114885.61333333334,3.502351972662933,11.500000000000002,0.9200000000000002,1.8350062038982897,3857.9716666666664,76.75,7079.401942797157,92.23976472699879,88886.60868828601,1158.1317092936288,1152.9970590874848,14476.64636617036,14476.64636617036,1182.4875330272107,1158.1317092936288,827.7412731190475,810.6921965055401,921.4285714285714,4,17.0,0.8983238622997415,921.4285714285714,2,4,1600000,10.5,0.25,0.05820584115252503,248714.66642385852,7600312.36356934,395585.5419449431,0.03272426902031359,5.312910023641327,0.0,112.44101502511458,0.0,50.142318308218734,0.0,21.4616445156407,9.215616215774011,3645564.5350735676,8489916.276749441,634091124.1496378,0.0,29914243488.754887,1541.111392585787,0.0,1541.111392585787,13239.982770254346,14781.094162840132,14781.094162840132,1457.444855757256,116.59558846058047,408.3587892487095,81.61691192240633,285.85115247409664,0.052498218350543024,0.00010402341826942798,0.00019840967290544787,0.00019840967290544787,86.39231830821876,-86.39231830821876,150.83333333333334,-150.83333333333334,0.029926792329905055,-0.029926792329905055,0.01714107161707702,-0.01714107161707702,-0.029926792329905055,0.029926792329905055,-0.01714107161707702,0.01714107161707702,0.08242501068044808,0.02257142602063797,0.06963928996762005,0.035357146733466,0.02257142602063797,0.08242501068044808,0.035357146733466,0.06963928996762005,0.052498218350543024,0.052498218350543024,0.052498218350543024,0.052498218350543024,0.08242501068044808,0.06963928996762005,0.052498218350543024,0.052498218350543024,1.5700534850549934,1.3265076826535718,1.5700534850549934,0.00447175195113577,0.00047949273826559946,0.008464011164005941,0.008464011164005941,0.00047949273826559946,0.0013261806145003496,0.007617323287771188,0.007617323287771188,0.0013261806145003496,0.008464011164005941,0.007617323287771188,0.008464011164005941,0.008464011164005941,0.033856044656023765,0.033856044656023765,0.23000000000000004,0.0,11.500000000000002,0.0,118987.80801086308,13598.606629812924,43663.54110144154,0.0,0.0,118987.80801086308,9915.650667571923,31837.998719801115,31837.998719801115,1.3333333333333333,0.0,0.0,118987.80801086308,0.0,0.0,89240.85600814733,0.0,0.0,0.0,0.0,118987.80801086308,89240.85600814733,9915.650667571923,7436.7380006789435,31837.998719801115,23878.49903985084,31837.998719801115,A,35.12086177187046,35.12086177187046,0.0
1,E-8--E-B.7,y,162.58333333333331,0.0,6.0,E-8,2,1.7118527402314796,1.2219601612076034,413.1666666666667,,90,32802.417983702166,114885.61333333334,3.502351972662933,11.500000000000002,1.916666666666667,1.8350062038982897,3857.9716666666664,76.75,7079.401942797157,92.23976472699879,88886.60868828601,1158.1317092936288,553.4385883619927,6948.790255761773,6948.790255761773,1158.1317092936288,1158.1317092936288,810.6921965055401,810.6921965055401,921.4285714285714,4,17.0,0.8798209884556248,921.4285714285714,2,4,1600000,10.5,0.25,0.0842232698862615,82504.39890478842,7600312.36356934,395585.5419449431,0.010855395799290785,1.7380677868304522,0.0,112.44101502511458,0.0,50.142318308218734,0.0,21.4616445156407,9.215616215774011,3645564.5350735676,8489916.276749441,207436856.99466243,0.0,29914243488.754887,504.1598776286002,0.0,504.1598776286002,4331.333948583885,4835.493826212485,6948.790255761773,553.4385883619925,92.23976472699876,323.05612194956893,64.56783530889912,226.13928536469822,0.052498218350543024,0.00010402341826942798,0.00019840967290544787,0.00019840967290544787,86.39231830821876,-86.39231830821876,150.83333333333334,-150.83333333333334,0.029926792329905055,-0.029926792329905055,0.01714107161707702,-0.01714107161707702,-0.029926792329905055,0.029926792329905055,-0.01714107161707702,0.01714107161707702,0.08242501068044808,0.02257142602063797,0.06963928996762005,0.035357146733466,0.02257142602063797,0.08242501068044808,0.035357146733466,0.06963928996762005,0.052498218350543024,0.052498218350543024,0.052498218350543024,0.052498218350543024,0.08242501068044808,0.06963928996762005,0.052498218350543024,0.052498218350543024,1.5700534850549934,1.3265076826535718,1.5700534850549934,0.00447175195113577,0.00047949273826559946,0.008464011164005941,0.008464011164005941,0.00047949273826559946,0.0013261806145003496,0.007617323287771188,0.007617323287771188,0.0013261806145003496,0.008464011164005941,0.007617323287771188,0.008464011164005941,0.008464011164005941,0.033856044656023765,0.033856044656023765,0.23000000000000004,0.0,6.0,0.0,55937.761558882274,13318.514656876732,43383.449128505345,0.0,0.0,55937.761558882274,10170.502101614959,33129.179334494984,33129.179334494984,1.3333333333333333,0.0,0.0,55937.761558882274,0.0,0.0,41953.32116916171,0.0,0.0,0.0,0.0,55937.761558882274,41953.32116916171,10170.502101614959,7627.87657621122,33129.179334494984,24846.884500871245,33129.179334494984,A,35.12086177187046,35.12086177187046,0.0
1,E-8--E-C.3,y,162.58333333333331,0.0,11.5,E-8,2,1.7118527402314796,1.2219601612076034,594.625,,90,32802.417983702166,114885.61333333334,3.502351972662933,11.500000000000002,1.0000000000000002,1.8350062038982897,3857.9716666666664,76.75,7079.401942797157,92.23976472699879,88886.60868828601,1158.1317092936288,1060.757294360486,13318.514656876732,13318.514656876732,1158.131709293629,1158.131709293629,810.6921965055402,810.6921965055402,921.4285714285714,4,17.0,0.8798209884556251,921.4285714285714,2,4,1600000,10.5,0.25,0.059554645203407974,223635.19438974996,7600312.36356934,395585.5419449431,0.02942447411263029,4.7111806464883115,0.0,112.44101502511458,0.0,50.142318308218734,0.0,21.4616445156407,9.215616215774011,3645564.5350735676,8489916.276749441,562275253.8459823,0.0,29914243488.754887,1366.568252525513,0.0,1366.568252525513,11740.449265939227,13107.01751846474,13318.514656876732,1060.7572943604864,92.23976472699881,323.0561219495691,64.56783530889916,226.13928536469837,0.052498218350543024,0.00010402341826942798,0.00019840967290544787,0.00019840967290544787,86.39231830821876,-86.39231830821876,150.83333333333334,-150.83333333333334,0.029926792329905055,-0.029926792329905055,0.01714107161707702,-0.01714107161707702,-0.029926792329905055,0.029926792329905055,-0.01714107161707702,0.01714107161707702,0.08242501068044808,0.02257142602063797,0.06963928996762005,0.035357146733466,0.02257142602063797,0.08242501068044808,0.035357146733466,0.06963928996762005,0.052498218350543024,0.052498218350543024,0.052498218350543024,0.052498218350543024,0.08242501068044808,0.06963928996762005,0.052498218350543024,0.052498218350543024,1.5700534850549934,1.3265076826535718,1.5700534850549934,0.00447175195113577,0.00047949273826559946,0.008464011164005941,0.008464011164005941,0.00047949273826559946,0.0013261806145003496,0.007617323287771188,0.007617323287771188,0.0013261806145003496,0.008464011164005941,0.007617323287771188,0.008464011164005941,0.008464011164005941,0.033856044656023765,0.033856044656023765,0.23000000000000004,0.0,11.5,0.0,107214.0429878577,13318.514656876736,43383.44912850535,0.0,0.0,107214.0429878577,9746.731180714336,31748.796862224364,31748.796862224364,1.3333333333333333,0.0,0.0,107214.0429878577,0.0,0.0,80410.53224089328,0.0,0.0,0.0,0.0,107214.0429878577,80410.53224089328,9746.731180714336,7310.048385535753,31748.796862224364,23811.597646668277,31748.796862224364,A,35.12086177187046,35.12086177187046,0.0
1,E-8--E-F,y,162.58333333333331,0.0,14.75,E-8,2,1.7118527402314796,1.2219601612076034,670.0,,90,32802.417983702166,114885.61333333334,3.502351972662933,11.500000000000002,0.7796610169491527,1.8350062038982897,3857.9716666666664,76.75,7079.401942797157,92.23976472699879,88886.60868828601,1158.1317092936288,1360.536529723232,17082.442712081025,17082.442712081025,1220.5781083584347,1158.1317092936288,854.4046758509043,810.6921965055401,921.4285714285714,4,17.0,0.9272608885203611,921.4285714285714,2,4,1600000,10.5,0.25,0.055640694445419026,307013.47066827357,7600312.36356934,395585.5419449431,0.040394849051189605,6.710762141799098,0.0,112.44101502511458,0.0,50.142318308218734,0.0,21.4616445156407,9.215616215774011,3645564.5350735676,8489916.276749441,772329613.1291065,0.0,29914243488.754887,1877.0897751026644,0.0,1877.0897751026644,16126.437323184246,18003.52709828691,18003.52709828691,2281.6209159291175,154.68616379180457,541.7653908998883,108.2803146542632,379.23577362992177,0.052498218350543024,0.00010402341826942798,0.00019840967290544787,0.00019840967290544787,86.39231830821876,-86.39231830821876,150.83333333333334,-150.83333333333334,0.029926792329905055,-0.029926792329905055,0.01714107161707702,-0.01714107161707702,-0.029926792329905055,0.029926792329905055,-0.01714107161707702,0.01714107161707702,0.08242501068044808,0.02257142602063797,0.06963928996762005,0.035357146733466,0.02257142602063797,0.08242501068044808,0.035357146733466,0.06963928996762005,0.052498218350543024,0.052498218350543024,0.052498218350543024,0.052498218350543024,0.08242501068044808,0.06963928996762005,0.052498218350543024,0.052498218350543024,1.5700534850549934,1.3265076826535718,1.5700534850549934,0.00447175195113577,0.00047949273826559946,0.008464011164005941,0.008464011164005941,0.00047949273826559946,0.0013261806145003496,0.007617323287771188,0.007617323287771188,0.0013261806145003496,0.008464011164005941,0.007617323287771188,0.008464011164005941,0.008464011164005941,0.033856044656023765,0.033856044656023765,0.23000000000000004,0.0,11.500000000000002,0.0,144928.39314120964,14036.648246122002,44304.18055074506,0.0,0.0,144928.39314120964,10170.413553769098,32101.099241153875,32101.099241153875,1.3333333333333333,0.0,0.0,144928.39314120964,0.0,0.0,108696.29485590725,0.0,0.0,0.0,0.0,144928.39314120964,108696.29485590725,10170.413553769098,7627.810165326825,32101.099241153875,24075.82443086541,32101.099241153875,A,35.12086177187046,35.12086177187046,9.799089612774878
1,E-8--E-F.7,y,162.58333333333331,0.0,7.0,E-8,2,1.7118527402314796,1.2219601612076034,628.125,,90,32802.417983702166,114885.61333333334,3.502351972662933,11.500000000000002,1.642857142857143,1.8350062038982897,3857.9716666666664,76.75,7079.401942797157,92.23976472699879,88886.60868828601,1158.1317092936288,645.6783530889915,8106.921965055401,8106.921965055401,1158.1317092936288,1158.1317092936288,810.6921965055401,810.6921965055401,921.4285714285714,4,17.0,0.8798209884556248,921.4285714285714,2,4,1600000,10.5,0.25,0.07685471965631824,105483.72307267833,7600312.36356934,395585.5419449431,0.013878866818460596,2.2221586187076103,0.0,112.44101502511458,0.0,50.142318308218734,0.0,21.4616445156407,9.215616215774011,3645564.5350735676,8489916.276749441,265212670.70308658,0.0,29914243488.754887,644.5797026835153,0.0,644.5797026835153,5537.70752629768,6182.287228981195,8106.921965055401,645.6783530889916,92.2397647269988,323.05612194956905,64.56783530889916,226.1392853646983,0.052498218350543024,0.00010402341826942798,0.00019840967290544787,0.00019840967290544787,86.39231830821876,-86.39231830821876,150.83333333333334,-150.83333333333334,0.029926792329905055,-0.029926792329905055,0.01714107161707702,-0.01714107161707702,-0.029926792329905055,0.029926792329905055,-0.01714107161707702,0.01714107161707702,0.08242501068044808,0.02257142602063797,0.06963928996762005,0.035357146733466,0.02257142602063797,0.08242501068044808,0.035357146733466,0.06963928996762005,0.052498218350543024,0.052498218350543024,0.052498218350543024,0.052498218350543024,0.08242501068044808,0.06963928996762005,0.052498218350543024,0.052498218350543024,1.5700534850549934,1.3265076826535718,1.5700534850549934,0.00447175195113577,0.00047949273826559946,0.008464011164005941,0.008464011164005941,0.00047949273826559946,0.0013261806145003496,0.007617323287771188,0.007617323287771188,0.0013261806145003496,0.008464011164005941,0.007617323287771188,0.008464011164005941,0.008464011164005941,0.033856044656023765,0.033856044656023765,0.23000000000000004,0.0,7.0,0.0,65260.72181869599,13318.514656876734,43383.449128505345,0.0,0.0,65260.72181869599,10040.111049030153,32704.446266104023,32704.446266104023,1.3333333333333333,0.0,0.0,65260.72181869599,0.0,0.0,48945.541364022,0.0,0.0,0.0,0.0,65260.72181869599,48945.541364022,10040.111049030153,7530.083286772615,32704.446266104023,24528.334699578023,32704.446266104023,A,35.12086177187046,35.12086177187046,0.0
1,E-9--E-B.1,y,168.08333333333331,0.0,6.0,E-9,2,1.7118527402314796,1.2219601612076034,1596.9450000000002,,90,32802.417983702166,114885.61333333334,3.502351972662933,11.500000000000002,1.916666666666667,1.8350062038982897,4029.9941666666673,50.5,7395.064297507252,146.43691678232182,92849.95989047147,1838.6130671380488,878.6215006939309,11031.678402828293,11031.678402828293,1838.6130671380488,1838.6130671380488,1287.0291469966342,1287.0291469966342,1539.2857142857142,2,23.0,0.8361210235708992,1539.2857142857142,2,2,1600000,10.5,0.25,0.0967290463622251,114047.21557491148,7600312.36356934,395585.5419449431,0.015005595838609902,2.4838360229190215,0.0,112.44101502511458,0.0,55.642318308218734,0.0,21.4616445156407,9.215616215774011,3645564.5350735676,8489916.276749441,353097887.49636865,0.0,29914243488.754887,773.3510318218092,0.0,773.3510318218092,5987.275625523153,6760.626657344963,11031.678402828293,878.621500693931,146.43691678232184,512.8736243632427,102.50584174762528,359.01153705426987,0.052498218350543024,0.00010402341826942798,0.00019840967290544787,0.00019840967290544787,86.39231830821876,-86.39231830821876,150.83333333333334,-150.83333333333334,0.029926792329905055,-0.029926792329905055,0.01714107161707702,-0.01714107161707702,-0.029926792329905055,0.029926792329905055,-0.01714107161707702,0.01714107161707702,0.08242501068044808,0.02257142602063797,0.06963928996762005,0.035357146733466,0.02257142602063797,0.08242501068044808,0.035357146733466,0.06963928996762005,0.052498218350543024,0.052498218350543024,0.052498218350543024,0.052498218350543024,0.08242501068044808,0.06963928996762005,0.052498218350543024,0.052498218350543024,1.5700534850549934,1.3265076826535718,1.5700534850549934,0.00447175195113577,0.00047949273826559946,0.008464011164005941,0.008464011164005941,0.00047949273826559946,0.0013261806145003496,0.007617323287771188,0.007617323287771188,0.0013261806145003496,0.008464011164005941,0.007617323287771188,0.008464011164005941,0.008464011164005941,0.033856044656023765,0.033856044656023765,0.23000000000000004,0.0,6.0,0.0,88805.01114276776,21144.050272087563,68874.18401991554,0.0,0.0,88805.01114276776,16146.365662321412,52594.83143339005,52594.83143339005,1.3333333333333333,0.0,0.0,88805.01114276776,0.0,0.0,66603.75835707583,0.0,0.0,0.0,0.0,88805.01114276776,66603.75835707583,16146.365662321412,12109.774246741059,52594.83143339005,39446.12357504254,52594.83143339005,C,54.48031454624559,54.48031454624559,0.0
1,E-9--E-B.6,y,168.08333333333331,0.0,12.0,E-9,2,1.7118527402314796,1.2219601612076034,692.445,,90,32802.417983702166,114885.61333333334,3.502351972662933,11.500000000000002,0.9583333333333335,1.8350062038982897,4029.9941666666673,50.5,7395.064297507252,146.43691678232182,92849.95989047147,1838.6130671380488,1757.2430013878618,22063.356805656585,22063.356805656585,1838.6130671380488,1838.6130671380488,1287.0291469966342,1287.0291469966342,1539.2857142857142,2,23.0,0.8361210235708992,1539.2857142857142,2,2,1600000,10.5,0.25,0.06751674263046722,326783.49022869475,7600312.36356934,395585.5419449431,0.042996060503390575,7.117022547491231,0.0,112.44101502511458,0.0,55.642318308218734,0.0,21.4616445156407,9.215616215774011,3645564.5350735676,8489916.276749441,1011743771.9700499,0.0,29914243488.754887,2215.909858708441,0.0,2215.909858708441,17155.551023378557,19371.460882086998,22063.356805656585,1757.243001387862,146.43691678232184,512.8736243632427,102.50584174762528,359.01153705426987,0.052498218350543024,0.00010402341826942798,0.00019840967290544787,0.00019840967290544787,86.39231830821876,-86.39231830821876,150.83333333333334,-150.83333333333334,0.029926792329905055,-0.029926792329905055,0.01714107161707702,-0.01714107161707702,-0.029926792329905055,0.029926792329905055,-0.01714107161707702,0.01714107161707702,0.08242501068044808,0.02257142602063797,0.06963928996762005,0.035357146733466,0.02257142602063797,0.08242501068044808,0.035357146733466,0.06963928996762005,0.052498218350543024,0.052498218350543024,0.052498218350543024,0.052498218350543024,0.08242501068044808,0.06963928996762005,0.052498218350543024,0.052498218350543024,1.5700534850549934,1.3265076826535718,1.5700534850549934,0.00447175195113577,0.00047949273826559946,0.008464011164005941,0.008464011164005941,0.00047949273826559946,0.0013261806145003496,0.007617323287771188,0.007617323287771188,0.0013261806145003496,0.008464011164005941,0.007617323287771188,0.008464011164005941,0.008464011164005941,0.033856044656023765,0.033856044656023765,0.23000000000000004,0.0,11.500000000000002,0.0,177610.02228553552,21144.050272087563,68874.18401991554,0.0,0.0,177610.02228553552,15444.349763959612,50308.099631938305,50308.099631938305,1.3333333333333333,0.0,0.0,177610.02228553552,0.0,0.0,133207.51671415166,0.0,0.0,0.0,0.0,177610.02228553552,133207.51671415166,15444.349763959612,11583.26232296971,50308.099631938305,37731.07472395373,50308.099631938305,C,54.48031454624559,54.48031454624559,0.0
1,E-9--E-C.5,y,168.08333333333331,0.0,8.5,E-9,2,1.7118527402314796,1.2219601612076034,683.9583333333334,,90,32802.417983702166,114885.61333333334,3.502351972662933,11.500000000000002,1.3529411764705885,1.8350062038982897,4029.9941666666673,50.5,7395.064297507252,146.43691678232182,92849.95989047147,1838.6130671380488,1244.7137926497355,15628.211070673417,15628.211070673417,1838.613067138049,1838.613067138049,1287.0291469966342,1287.0291469966342,1539.2857142857142,2,23.0,0.8361210235708992,1539.2857142857142,2,2,1600000,10.5,0.25,0.07954533828472049,196469.2263264329,7600312.36356934,395585.5419449431,0.025850151536951426,4.2789062344453725,0.0,112.44101502511458,0.0,55.642318308218734,0.0,21.4616445156407,9.215616215774011,3645564.5350735676,8489916.276749441,608282003.4158756,0.0,29914243488.754887,1332.252419621577,0.0,1332.252419621577,10314.28434284733,11646.536762468906,15628.211070673417,1244.7137926497362,146.4369167823219,512.8736243632428,102.50584174762533,359.0115370542699,0.052498218350543024,0.00010402341826942798,0.00019840967290544787,0.00019840967290544787,86.39231830821876,-86.39231830821876,150.83333333333334,-150.83333333333334,0.029926792329905055,-0.029926792329905055,0.01714107161707702,-0.01714107161707702,-0.029926792329905055,0.029926792329905055,-0.01714107161707702,0.01714107161707702,0.08242501068044808,0.02257142602063797,0.06963928996762005,0.035357146733466,0.02257142602063797,0.08242501068044808,0.035357146733466,0.06963928996762005,0.052498218350543024,0.052498218350543024,0.052498218350543024,0.052498218350543024,0.08242501068044808,0.06963928996762005,0.052498218350543024,0.052498218350543024,1.5700534850549934,1.3265076826535718,1.5700534850549934,0.00447175195113577,0.00047949273826559946,0.008464011164005941,0.008464011164005941,0.00047949273826559946,0.0013261806145003496,0.007617323287771188,0.007617323287771188,0.0013261806145003496,0.008464011164005941,0.007617323287771188,0.008464011164005941,0.008464011164005941,0.033856044656023765,0.033856044656023765,0.23000000000000004,0.0,8.5,0.0,125807.09911892102,21144.050272087567,68874.18401991556,0.0,0.0,125807.09911892102,15725.887389865127,51225.174364812185,51225.174364812185,1.3333333333333333,0.0,0.0,125807.09911892102,0.0,0.0,94355.32433919077,0.0,0.0,0.0,0.0,125807.09911892102,94355.32433919077,15725.887389865127,11794.415542398847,51225.174364812185,38418.88077360914,51225.174364812185,C,54.48031454624559,54.48031454624559,0.0
1,E-9--E-F.4,y,168.08333333333331,0.0,24.0,E-9,2,1.7118527402314796,1.2219601612076034,1056.6458333333335,,90,32802.417983702166,114885.61333333334,3.502351972662933,11.500000000000002,0.47916666666666674,1.8350062038982897,4029.9941666666673,50.5,7395.064297507252,146.43691678232182,92849.95989047147,1838.6130671380488,3514.4860027757236,44126.71361131317,44126.71361131317,1937.105773112083,1838.6130671380488,1355.974041178458,1287.0291469966342,1539.2857142857142,2,23.0,0.8809112100463301,1539.2857142857142,2,2,1600000,10.5,0.25,0.05521019921278786,799249.3097379095,7600312.36356934,395585.5419449431,0.10516006073236672,18.163402550999155,0.0,112.44101502511458,0.0,55.642318308218734,0.0,21.4616445156407,9.215616215774011,3645564.5350735676,8489916.276749441,2428134518.328262,0.0,29914243488.754887,5318.07298102463,0.0,5318.07298102463,41172.46557366536,46490.53855468999,46490.53855468999,-3561.3830721632403,-148.39096134013502,-519.7173761749709,-103.87367293809451,-363.8021633224796,0.052498218350543024,0.00010402341826942798,0.00019840967290544787,0.00019840967290544787,86.39231830821876,-86.39231830821876,150.83333333333334,-150.83333333333334,0.029926792329905055,-0.029926792329905055,0.01714107161707702,-0.01714107161707702,-0.029926792329905055,0.029926792329905055,-0.01714107161707702,0.01714107161707702,0.08242501068044808,0.02257142602063797,0.06963928996762005,0.035357146733466,0.02257142602063797,0.08242501068044808,0.035357146733466,0.06963928996762005,0.052498218350543024,0.052498218350543024,0.052498218350543024,0.052498218350543024,0.08242501068044808,0.06963928996762005,0.052498218350543024,0.052498218350543024,1.5700534850549934,1.3265076826535718,1.5700534850549934,0.00447175195113577,0.00047949273826559946,0.008464011164005941,0.008464011164005941,0.00047949273826559946,0.0013261806145003496,0.007617323287771188,0.007617323287771188,0.0013261806145003496,0.008464011164005941,0.007617323287771188,0.008464011164005941,0.008464011164005941,0.033856044656023765,0.033856044656023765,0.23000000000000004,0.0,11.500000000000002,0.0,374248.83536525443,22276.71639078896,76207.58284742686,0.0,0.0,374248.83536525443,15925.482355968274,54480.31454624559,54480.31454624559,1.3333333333333333,0.0,0.0,374248.83536525443,0.0,0.0,280686.6265239409,0.0,0.0,0.0,0.0,374248.83536525443,280686.6265239409,15925.482355968274,11944.111766976208,54480.31454624559,40860.2359096842,54480.31454624559,C,54.48031454624559,54.48031454624559,0.0
1,E-B,x,0.0,35.916666666666664,30.75,E-B,2,1.0,1.517365960357028,1393.0416666666665,,0,32802.417983702166,114885.61333333334,3.502351972662933,11.500000000000002,0.3739837398373984,1.8350062038982897,1393.0416666666665,30.75,2556.240100622146,83.12975936982589,32095.297791147874,1043.7495216633454,2556.240100622146,32095.297791147874,32095.297791147874,1413.159949595503,1043.7495216633454,989.211964716852,730.6246651643418,1200.0,3,19.0,0.82434330393071,769.6428571428571,1,2,1600000,10.5,0.25,0.04620380046749498,694646.2729559955,6730679.669402555,381142.9171358399,0.10320596241027995,0.0,3.2297720732682955,0.0,88.40784023821315,0.0,52.49117357154649,9.941666666666668,5.944269955785643,2265616.39119107,3789195.8345254753,0.0,1944113858.26978,29914243488.754887,0.0,4691.421354684022,4691.421354684022,38763.24709537769,43454.66845006171,43454.66845006171,-993.7593779341114,-32.31737814419874,-113.18683309462841,-22.622164700939116,-79.23078316623989,0.05493776898114681,2.7143544815382737e-05,0.0001321205669010319,0.0001321205669010319,198.83333333333334,-198.83333333333334,62.42549309512019,-62.42549309512019,0.008247691536803731,-0.008247691536803731,0.026269972718821845,-0.026269972718821845,-0.008247691536803731,0.008247691536803731,-0.026269972718821845,0.026269972718821845,0.06318546051795054,0.04669007744434307,0.08120774169996865,0.028667796262324963,0.04669007744434307,0.06318546051795054,0.028667796262324963,0.08120774169996865,0.05493776898114681,0.05493776898114681,0.05493776898114681,0.05493776898114681,0.06318546051795054,0.08120774169996865,0.05493776898114681,0.05493776898114681,1.150127893610571,1.4781769119134962,1.4781769119134962,0.002718406080097484,0.0035920515349594437,0.001844760625235524,0.001844760625235524,0.0035920515349594437,0.005461185514841108,-2.437335464613652e-05,-2.437335464613652e-05,0.005461185514841108,0.0035920515349594437,0.005461185514841108,0.002718406080097484,0.002718406080097484,0.010873624320389935,0.010873624320389935,0.23000000000000004,1393.0416666666665,11.500000000000002,2114.1011743450763,349810.0810229968,16251.339420348284,52474.75859099992,11742.77497289973,62907.723069105705,298645.1329267908,9872.56637774515,30139.023100154518,30139.023100154518,1.3333333333333333,2416.1156278229446,1510.0722673893406,349810.0810229968,157.85288768443235,1409.4007828967174,262357.56076724763,118.38966576332429,1409.4007828967174,1208.0578139114723,100.67148449262271,351377.33469357796,265194.08051431173,11615.779659291833,8766.746463283032,37598.52717435302,28473.45397483556,37598.52717435302,C,54.48031454624559,54.48031454624559,0.0
1,E-C,x,0.0,57.25,30.75,E-C,1,1.0,1.517365960357028,657.4375,,0,32802.417983702166,114885.61333333334,3.502351972662933,11.500000000000002,0.3739837398373984,1.8350062038982897,657.4375,30.75,1206.401891175382,39.23258182684169,15147.179618868387,492.59120711767116,1206.401891175382,15147.179618868387,15147.179618868387,569.3596216188182,492.59120711767116,398.5517351331727,344.8138449823698,460.7142857142857,4,17.0,0.8650735336223904,460.7142857142857,1,4,1600000,10.5,0.25,0.0410050476233295,369397.9277383041,6730679.669402555,381142.9171358399,0.054882708118999445,0.0,3.547298002246515,0.0,88.40784023821315,0.0,31.157840238213154,9.941666666666668,5.944269955785643,2265616.39119107,3789195.8345254753,0.0,288646012.5166954,29914243488.754887,0.0,1173.4571705372234,1173.4571705372234,16334.351194241435,17507.80836477866,17507.80836477866,-533.7793341966099,-17.3586775348491,-60.79619850699848,-12.15107427439437,-42.55733895489893,0.05493776898114681,2.7143544815382737e-05,0.0001321205669010319,0.0001321205669010319,198.83333333333334,-198.83333333333334,62.42549309512019,-62.42549309512019,0.008247691536803731,-0.008247691536803731,0.026269972718821845,-0.026269972718821845,-0.008247691536803731,0.008247691536803731,-0.026269972718821845,0.026269972718821845,0.06318546051795054,0.04669007744434307,0.08120774169996865,0.028667796262324963,0.04669007744434307,0.06318546051795054,0.028667796262324963,0.08120774169996865,0.05493776898114681,0.05493776898114681,0.05493776898114681,0.05493776898114681,0.06318546051795054,0.08120774169996865,0.05493776898114681,0.05493776898114681,1.150127893610571,1.4781769119134962,1.4781769119134962,0.002718406080097484,0.0035920515349594437,0.001844760625235524,0.001844760625235524,0.0035920515349594437,0.005461185514841108,-2.437335464613652e-05,-2.437335464613652e-05,0.005461185514841108,0.0035920515349594437,0.005461185514841108,0.002718406080097484,0.002718406080097484,0.010873624320389935,0.010873624320389935,0.23000000000000004,657.4375,11.500000000000002,997.7371273712736,140937.8573364682,6547.6356486164095,23954.769651510782,5541.930873983741,29688.915396341472,116790.87281411048,3860.855299640016,13647.291181911889,13647.291181911889,1.3333333333333333,1140.271002710027,712.6693766937669,140937.8573364682,74.49770551038841,665.1580849141824,105703.39300235118,55.873279132791325,665.1580849141824,570.1355013550135,47.51129177958447,141677.51312689277,107042.07115953274,4683.554152955133,3538.5808647779418,17167.758535566692,13005.395151982977,17167.758535566692,C,54.48031454624559,54.48031454624559,0.0
1,E-D,x,0.0,75.16666666666667,30.75,E-D,1,1.0,1.517365960357028,590.4375,,0,32802.417983702166,114885.61333333334,3.502351972662933,11.500000000000002,0.3739837398373984,1.8350062038982897,590.4375,30.75,1083.4564755141964,35.23435692729094,13603.518001658871,442.3908293222397,1083.4564755141964,13603.518001658871,13603.518001658871,586.0900980956153,442.3908293222397,410.2630686669307,309.6735805255678,460.7142857142857,4,17.0,0.890493482377834,310.7142857142857,1,6,1600000,10.5,0.25,0.041981023676453885,324039.6924691655,6730679.669402555,381142.9171358399,0.04814368063633144,0.0,3.9233431138989094,0.0,88.40784023821315,0.0,13.241173571546483,9.941666666666668,5.944269955785643,2265616.39119107,3789195.8345254753,0.0,55812422.35181028,29914243488.754887,0.0,533.9165959260388,533.9165959260388,17488.35392051413,18022.27051644017,18022.27051644017,1011.0443677700969,32.8794916347999,115.15555238729583,23.01564414435993,80.60888667110707,0.05493776898114681,2.7143544815382737e-05,0.0001321205669010319,0.0001321205669010319,198.83333333333334,-198.83333333333334,62.42549309512019,-62.42549309512019,0.008247691536803731,-0.008247691536803731,0.026269972718821845,-0.026269972718821845,-0.008247691536803731,0.008247691536803731,-0.026269972718821845,0.026269972718821845,0.06318546051795054,0.04669007744434307,0.08120774169996865,0.028667796262324963,0.04669007744434307,0.06318546051795054,0.028667796262324963,0.08120774169996865,0.05493776898114681,0.05493776898114681,0.05493776898114681,0.05493776898114681,0.06318546051795054,0.08120774169996865,0.05493776898114681,0.05493776898114681,1.150127893610571,1.4781769119134962,1.4781769119134962,0.002718406080097484,0.0035920515349594437,0.001844760625235524,0.001844760625235524,0.0035920515349594437,0.005461185514841108,-2.437335464613652e-05,-2.437335464613652e-05,0.005461185514841108,0.0035920515349594437,0.005461185514841108,0.002718406080097484,0.002718406080097484,0.010873624320389935,0.010873624320389935,0.23000000000000004,147.609375,11.500000000000002,224.0142276422764,145079.2776573434,6740.036128099578,22819.52400820555,1244.2870274390245,6665.823361280489,139657.74132350192,4616.784837140559,15474.720410474985,15474.720410474985,1.3333333333333333,256.0162601626016,160.010162601626,145079.2776573434,16.726395663956637,149.34281842818427,108809.45824300755,12.544796747967482,149.34281842818427,128.0081300813008,10.667344173441734,145245.34687143553,109110.02133243845,4801.4990701301,3606.9428539649075,16265.14381312678,12227.950616681748,16265.14381312678,C,54.48031454624559,54.48031454624559,0.0
1,E-B.1,x,0.0,38.854166666666664,30.75,E-B.1,2,1.0,1.517365960357028,1715.1302083333333,,0,32802.417983702166,114885.61333333334,3.502351972662933,11.500000000000002,0.3739837398373984,1.8350062038982897,1715.1302083333333,30.75,3147.2745727850324,102.35039261089537,39516.12941971238,1285.0773795028415,3147.2745727850324,39516.12941971238,39516.12941971238,1646.9822820208544,1285.0773795028415,1152.887597414598,899.554165651989,1200.0,3,19.0,0.9607396645121651,921.4285714285714,2,4,1600000,10.5,0.25,0.05255955229121631,751835.3505137499,6730679.669402555,381142.9171358399,0.11170273842203014,0.0,4.929843379809232,0.0,88.40784023821315,0.0,49.55367357154649,9.941666666666668,5.944269955785643,2265616.39119107,3789195.8345254753,0.0,2031562962.9960272,29914243488.754887,0.0,5193.061405606873,5193.061405606873,45451.6437665344,50644.70517214127,50644.70517214127,5872.218379999365,190.9664513820932,668.8317277105142,133.67651596746524,468.1822093973599,0.05493776898114681,2.7143544815382737e-05,0.0001321205669010319,0.0001321205669010319,198.83333333333334,-198.83333333333334,62.42549309512019,-62.42549309512019,0.008247691536803731,-0.008247691536803731,0.026269972718821845,-0.026269972718821845,-0.008247691536803731,0.008247691536803731,-0.026269972718821845,0.026269972718821845,0.06318546051795054,0.04669007744434307,0.08120774169996865,0.028667796262324963,0.04669007744434307,0.06318546051795054,0.028667796262324963,0.08120774169996865,0.05493776898114681,0.05493776898114681,0.05493776898114681,0.05493776898114681,0.06318546051795054,0.08120774169996865,0.05493776898114681,0.05493776898114681,1.150127893610571,1.4781769119134962,1.4781769119134962,0.002718406080097484,0.0035920515349594437,0.001844760625235524,0.001844760625235524,0.0035920515349594437,0.005461185514841108,-2.437335464613652e-05,-2.437335464613652e-05,0.005461185514841108,0.0035920515349594437,0.005461185514841108,0.002718406080097484,0.002718406080097484,0.010873624320389935,0.010873624320389935,0.23000000000000004,428.7825520833333,11.500000000000002,650.7269083107496,407689.87663573725,18940.296243239827,61136.07321060081,3614.46261221206,19363.192565421752,391941.14668252756,12956.732121736448,41286.288701548234,41286.288701548234,1.3333333333333333,743.6878952122853,464.80493450767835,407689.87663573725,48.5876091538693,433.8179388738331,305767.407476803,36.440706865401985,433.8179388738331,371.84394760614265,30.986995633845225,408172.28218376497,306640.49706578226,13493.298584587272,10136.875936058917,43582.347226390775,32771.270407885386,43582.347226390775,C,54.48031454624559,54.48031454624559,2755.531510397388
1,E-C.2,x,0.0,63.541666666666664,18.75,E-C.2,1,1.0,1.517365960357028,561.4739583333334,,0,32802.417983702166,114885.61333333334,3.502351972662933,11.500000000000002,0.6133333333333334,1.8350062038982897,561.4739583333334,18.75,1030.3081968689967,54.94977049967982,12936.205948386007,689.9309839139204,1030.3081968689967,12936.205948386007,12936.205948386007,696.2946295051802,689.9309839139204,487.40624065362607,482.9516887397442,600.0,3,19.0,0.8123437344227101,600.0,1,3,1600000,10.5,0.25,0.050139122998734575,258006.2269679606,6730679.669402555,381142.9171358399,0.03833286378801361,0.0,2.466368207415995,0.0,88.40784023821315,0.0,24.86617357154649,9.941666666666668,5.944269955785643,2265616.39119107,3789195.8345254753,0.0,138972640.2775315,29914243488.754887,0.0,707.9284641890213,707.9284641890213,12347.595839033107,13055.524303222128,13055.524303222128,-1184.7024236128927,-63.18412925935428,-221.2930597524892,-44.22889048154799,-154.90514182674244,0.05493776898114681,2.7143544815382737e-05,0.0001321205669010319,0.0001321205669010319,198.83333333333334,-198.83333333333334,62.42549309512019,-62.42549309512019,0.008247691536803731,-0.008247691536803731,0.026269972718821845,-0.026269972718821845,-0.008247691536803731,0.008247691536803731,-0.026269972718821845,0.026269972718821845,0.06318546051795054,0.04669007744434307,0.08120774169996865,0.028667796262324963,0.04669007744434307,0.06318546051795054,0.028667796262324963,0.08120774169996865,0.05493776898114681,0.05493776898114681,0.05493776898114681,0.05493776898114681,0.06318546051795054,0.08120774169996865,0.05493776898114681,0.05493776898114681,1.150127893610571,1.4781769119134962,1.4781769119134962,0.002718406080097484,0.0035920515349594437,0.001844760625235524,0.001844760625235524,0.0035920515349594437,0.005461185514841108,-2.437335464613652e-05,-2.437335464613652e-05,0.005461185514841108,0.0035920515349594437,0.005461185514841108,0.002718406080097484,0.002718406080097484,0.010873624320389935,0.010873624320389935,0.23000000000000004,561.4739583333334,11.500000000000002,1397.4462962962964,105096.97064093813,8007.388239309574,30033.441757540106,7762.11545277778,41582.76135416668,71276.32473954924,3905.552040523246,13710.21526611522,13710.21526611522,1.3333333333333333,1597.0814814814814,998.1759259259259,105096.97064093813,104.34265679012346,931.6308641975309,78822.72798070361,78.25699259259261,931.6308641975309,798.5407407407407,66.54506172839505,106132.94416192579,80697.70163996288,5815.503789694563,4421.791870682898,21883.221406720666,16713.23619710037,21883.221406720666,E,61.141203575663766,61.141203575663766,0.0
1,E-C.5,x,0.0,72.375,18.75,E-C.5,1,1.0,1.517365960357028,440.38541666666674,,0,32802.417983702166,114885.61333333334,3.502351972662933,11.500000000000002,0.6133333333333334,1.8350062038982897,440.38541666666674,18.75,808.1099716896667,43.09919849011556,10146.359171450058,541.1391558106698,808.1099716896667,10146.359171450058,10146.359171450058,606.0160305387822,541.1391558106698,424.21122137714747,378.79740906746883,460.7142857142857,4,17.0,0.920768542524041,460.7142857142857,1,4,1600000,10.5,0.25,0.048891080304502794,207529.8624668679,6730679.669402555,381142.9171358399,0.0308334184154227,0.0,2.4369501959849207,0.0,88.40784023821315,0.0,16.032840238213154,9.941666666666668,5.944269955785643,2265616.39119107,3789195.8345254753,0.0,51270855.52663875,29914243488.754887,0.0,405.0691104436641,405.0691104436641,10957.731462158501,11362.800572602166,11362.800572602166,546.6517092800659,29.15475782827018,102.11022359235216,20.408330479789125,71.47715651464651,0.05493776898114681,2.7143544815382737e-05,0.0001321205669010319,0.0001321205669010319,198.83333333333334,-198.83333333333334,62.42549309512019,-62.42549309512019,0.008247691536803731,-0.008247691536803731,0.026269972718821845,-0.026269972718821845,-0.008247691536803731,0.008247691536803731,-0.026269972718821845,0.026269972718821845,0.06318546051795054,0.04669007744434307,0.08120774169996865,0.028667796262324963,0.04669007744434307,0.06318546051795054,0.028667796262324963,0.08120774169996865,0.05493776898114681,0.05493776898114681,0.05493776898114681,0.05493776898114681,0.06318546051795054,0.08120774169996865,0.05493776898114681,0.05493776898114681,1.150127893610571,1.4781769119134962,1.4781769119134962,0.002718406080097484,0.0035920515349594437,0.001844760625235524,0.001844760625235524,0.0035920515349594437,0.005461185514841108,-2.437335464613652e-05,-2.437335464613652e-05,0.005461185514841108,0.0035920515349594437,0.005461185514841108,0.002718406080097484,0.002718406080097484,0.010873624320389935,0.010873624320389935,0.23000000000000004,440.38541666666674,11.500000000000002,1096.0703703703705,91470.54460944745,6969.184351195996,24210.339506308508,6088.122872222225,32614.943958333348,64943.72352333633,3558.560193059525,11223.762840077274,11223.762840077274,1.3333333333333333,1252.6518518518521,782.9074074074075,91470.54460944745,81.83992098765432,730.7135802469136,68602.90845708559,61.37994074074076,730.7135802469136,626.325925925926,52.19382716049384,92283.09811068201,70073.52173115965,5056.608115653808,3839.645026364912,17634.162932957366,13461.56689784081,17634.162932957366,E,61.141203575663766,61.141203575663766,0.0
1,E-F.2,x,0.0,89.83333333333334,30.75,E-F.2,2,1.0,1.8388331192461986,1305.8020833333335,,0,32802.417983702166,114885.61333333334,3.502351972662933,11.500000000000002,0.3739837398373984,1.8350062038982897,1305.8020833333335,30.75,2396.1549239799783,77.92373736520254,30085.32172707299,978.3844464088778,2396.1549239799783,30085.32172707299,30085.32172707299,1309.5244147560306,978.3844464088778,916.6670903292214,684.8691124862145,921.4285714285714,4,17.0,0.9948325011324883,769.6428571428571,1,2,1600000,10.5,0.25,0.04727211023657488,636428.5744069808,6730679.669402555,381142.9171358399,0.0945563606748608,0.0,8.000090569993777,0.0,88.40784023821315,0.0,1.4254930951201885,9.941666666666668,19.36706476955537,7381619.562627086,3789195.8345254753,0.0,1484543.3093635072,29914243488.754887,0.0,131.9157894793429,131.9157894793429,40135.95996426859,40267.87575374794,40267.87575374794,9765.494087164428,317.57704348502205,1112.266584722229,222.30393043951543,778.5866093055603,0.05493776898114681,0.0001733076086555878,0.0001321205669010319,0.0001733076086555878,198.83333333333334,-198.83333333333334,62.42549309512019,-62.42549309512019,0.010818812927461188,-0.010818812927461188,0.03445932952101938,-0.03445932952101938,-0.010818812927461188,0.010818812927461188,-0.03445932952101938,0.03445932952101938,0.065756581908608,0.04411895605368562,0.08939709850216618,0.02047843946012743,0.04411895605368562,0.065756581908608,0.02047843946012743,0.08939709850216618,0.054937768981146815,0.0549377689811468,0.054937768981146815,0.0549377689811468,0.065756581908608,0.08939709850216618,0.054937768981146815,0.0549377689811468,1.1969285088947446,1.627242972550358,1.627242972550358,0.002718406080097484,0.003942916523541021,0.0014938956366539538,0.0014938956366539538,0.003942916523541021,0.0065667241619321165,-0.0011299120017371524,-0.0011299120017371524,0.0065667241619321165,0.003942916523541021,0.0065667241619321165,0.002718406080097484,0.002718406080097484,0.010873624320389935,0.010873624320389935,0.23000000000000004,81.61263020833334,11.500000000000002,123.85656616982837,324156.399817671,15059.530769694355,43055.05109254268,687.9612967903118,3685.506947090957,321158.85416737036,10616.821625367615,30214.848152432063,30214.848152432063,1.3333333333333333,141.5503613369467,88.46897583559169,324156.399817671,9.247956940680517,82.5710441132189,243117.29986325323,6.93596770551039,82.5710441132189,70.77518066847335,5.897931722372779,324248.21881872485,243283.4799874628,10718.949382437186,8042.429090494638,30651.870075115723,23004.987824670538,30651.870075115723,E,61.141203575663766,61.141203575663766,12300.46680757455
1,E-G--E-2,x,0.0,114.58333333333334,11.75,E-G,2,1.0,1.8388331192461986,1365.125,,0,32802.417983702166,114885.61333333334,3.502351972662933,11.500000000000002,0.9787234042553193,1.8350062038982897,4824.0,52.0,8852.06992760535,170.23211399241058,111143.63643908522,2137.377623828562,2000.2273394108242,25114.187079985604,25114.187079985604,2137.3776238285623,2137.3776238285623,1496.1643366799935,1496.1643366799935,1539.2857142857142,2,23.0,0.9719861119962836,1539.2857142857142,2,2,1600000,10.5,0.25,0.07589710371709799,330897.832064808,6730679.669402555,381142.9171358399,0.04916261779164124,0.0,5.665219695707052,0.0,88.40784023821315,0.0,26.17549309512019,9.941666666666668,19.36706476955537,7381619.562627086,3789195.8345254753,0.0,226716780.2151257,29914243488.754887,0.0,1097.1293174453679,1097.1293174453679,18178.788654338736,19275.917971784103,25114.187079985604,2000.2273394108233,170.2321139924105,596.2127802519001,119.16247979468733,417.34894617633006,0.05493776898114681,0.0001733076086555878,0.0001321205669010319,0.0001733076086555878,198.83333333333334,-198.83333333333334,62.42549309512019,-62.42549309512019,0.010818812927461188,-0.010818812927461188,0.03445932952101938,-0.03445932952101938,-0.010818812927461188,0.010818812927461188,-0.03445932952101938,0.03445932952101938,0.065756581908608,0.04411895605368562,0.08939709850216618,0.02047843946012743,0.04411895605368562,0.065756581908608,0.02047843946012743,0.08939709850216618,0.054937768981146815,0.0549377689811468,0.054937768981146815,0.0549377689811468,0.065756581908608,0.08939709850216618,0.054937768981146815,0.0549377689811468,1.1969285088947446,1.627242972550358,1.627242972550358,0.002718406080097484,0.003942916523541021,0.0014938956366539538,0.0014938956366539538,0.003942916523541021,0.0065667241619321165,-0.0011299120017371524,-0.0011299120017371524,0.0065667241619321165,0.003942916523541021,0.0065667241619321165,0.002718406080097484,0.002718406080097484,0.010873624320389935,0.010873624320389935,0.23000000000000004,0.0,11.500000000000002,0.0,202169.20599388416,24579.842674028467,80065.86182527397,0.0,0.0,202169.20599388416,17970.596088345257,58537.04120114475,58537.04120114475,1.3333333333333333,0.0,0.0,202169.20599388416,0.0,0.0,151626.90449541312,0.0,0.0,0.0,0.0,202169.20599388416,151626.90449541312,17970.596088345257,13477.947066258945,58537.04120114475,43902.78090085857,58537.04120114475,E,61.141203575663766,61.141203575663766,455.6358318575931
1,E-G--E-2.7,x,0.0,114.58333333333334,6.75,E-G,2,1.0,1.8388331192461986,469.0,,0,32802.417983702166,114885.61333333334,3.502351972662933,11.500000000000002,1.703703703703704,1.8350062038982897,4824.0,52.0,8852.06992760535,170.23211399241058,111143.63643908522,2137.377623828562,1149.0667694487713,14427.298960842796,14427.298960842796,2137.3776238285623,2137.3776238285623,1496.1643366799935,1496.1643366799935,1539.2857142857142,2,23.0,0.9719861119962836,1539.2857142857142,2,2,1600000,10.5,0.25,0.099132957954631,145534.837843188,6730679.669402555,381142.9171358399,0.02162260648130151,0.0,2.4916658553365223,0.0,88.40784023821315,0.0,26.17549309512019,9.941666666666668,19.36706476955537,7381619.562627086,3789195.8345254753,0.0,99714131.21399882,29914243488.754887,0.0,482.5372723389341,482.5372723389341,7995.359300137725,8477.896572476659,14427.298960842796,1149.066769448771,170.23211399241052,596.2127802519002,119.16247979468736,417.3489461763301,0.05493776898114681,0.0001733076086555878,0.0001321205669010319,0.0001733076086555878,198.83333333333334,-198.83333333333334,62.42549309512019,-62.42549309512019,0.010818812927461188,-0.010818812927461188,0.03445932952101938,-0.03445932952101938,-0.010818812927461188,0.010818812927461188,-0.03445932952101938,0.03445932952101938,0.065756581908608,0.04411895605368562,0.08939709850216618,0.02047843946012743,0.04411895605368562,0.065756581908608,0.02047843946012743,0.08939709850216618,0.054937768981146815,0.0549377689811468,0.054937768981146815,0.0549377689811468,0.065756581908608,0.08939709850216618,0.054937768981146815,0.0549377689811468,1.1969285088947446,1.627242972550358,1.627242972550358,0.002718406080097484,0.003942916523541021,0.0014938956366539538,0.0014938956366539538,0.003942916523541021,0.0065667241619321165,-0.0011299120017371524,-0.0011299120017371524,0.0065667241619321165,0.003942916523541021,0.0065667241619321165,0.002718406080097484,0.002718406080097484,0.010873624320389935,0.010873624320389935,0.23000000000000004,0.0,6.75,0.0,116139.75663478451,24579.842674028474,80065.86182527398,0.0,0.0,116139.75663478451,18582.361061565523,60529.791539907135,60529.791539907135,1.3333333333333333,0.0,0.0,116139.75663478451,0.0,0.0,87104.8174760884,0.0,0.0,0.0,0.0,116139.75663478451,87104.8174760884,18582.361061565523,13936.770796174143,60529.791539907135,45397.34365493035,60529.791539907135,E,61.141203575663766,61.141203575663766,261.7482438330858
1,E-G--E-3.4,x,0.0,114.58333333333334,7.75,E-G,2,1.0,1.8388331192461986,536.0,,0,32802.417983702166,114885.61333333334,3.502351972662933,11.500000000000002,1.4838709677419357,1.8350062038982897,4824.0,52.0,8852.06992760535,170.23211399241058,111143.63643908522,2137.377623828562,1319.298883441182,16564.676584671357,16564.676584671357,2137.3776238285623,2137.3776238285623,1496.1643366799935,1496.1643366799935,1539.2857142857142,2,23.0,0.9719861119962836,1539.2857142857142,2,2,1600000,10.5,0.25,0.09208724731486292,179880.24474261608,6730679.669402555,381142.9171358399,0.02672542054858823,0.0,3.0796850466668673,0.0,88.40784023821315,0.0,26.17549309512019,9.941666666666668,19.36706476955537,7381619.562627086,3789195.8345254753,0.0,123246107.89340976,29914243488.754887,0.0,596.413366944392,596.413366944392,9882.21932994199,10478.632696886383,16564.676584671357,1319.2988834411826,170.23211399241066,596.2127802519008,119.16247979468746,417.3489461763305,0.05493776898114681,0.0001733076086555878,0.0001321205669010319,0.0001733076086555878,198.83333333333334,-198.83333333333334,62.42549309512019,-62.42549309512019,0.010818812927461188,-0.010818812927461188,0.03445932952101938,-0.03445932952101938,-0.010818812927461188,0.010818812927461188,-0.03445932952101938,0.03445932952101938,0.065756581908608,0.04411895605368562,0.08939709850216618,0.02047843946012743,0.04411895605368562,0.065756581908608,0.02047843946012743,0.08939709850216618,0.054937768981146815,0.0549377689811468,0.054937768981146815,0.0549377689811468,0.065756581908608,0.08939709850216618,0.054937768981146815,0.0549377689811468,1.1969285088947446,1.627242972550358,1.627242972550358,0.002718406080097484,0.003942916523541021,0.0014938956366539538,0.0014938956366539538,0.003942916523541021,0.0065667241619321165,-0.0011299120017371524,-0.0011299120017371524,0.0065667241619321165,0.003942916523541021,0.0065667241619321165,0.002718406080097484,0.002718406080097484,0.010873624320389935,0.010873624320389935,0.23000000000000004,0.0,7.75,0.0,133345.64650660442,24579.84267402847,80065.86182527398,0.0,0.0,133345.64650660442,18392.502966428197,59911.35177960156,59911.35177960156,1.3333333333333333,0.0,0.0,133345.64650660442,0.0,0.0,100009.23487995335,0.0,0.0,0.0,0.0,133345.64650660442,100009.23487995335,18392.502966428197,13794.377224821152,59911.35177960156,44933.513834701174,59911.35177960156,E,61.141203575663766,61.141203575663766,300.52576143799024
1,E-G--E-3.8,x,0.0,114.58333333333334,6.0,E-G,2,1.0,1.8388331192461986,418.75,,0,32802.417983702166,114885.61333333334,3.502351972662933,11.500000000000002,1.916666666666667,1.8350062038982897,4824.0,52.0,8852.06992760535,170.23211399241058,111143.63643908522,2137.377623828562,1021.3926839544635,12824.265742971373,12824.265742971373,2137.3776238285623,2137.3776238285623,1496.1643366799935,1496.1643366799935,1539.2857142857142,2,23.0,0.9719861119962836,1539.2857142857142,2,2,1600000,10.5,0.25,0.10595849013690634,121031.03513839672,6730679.669402555,381142.9171358399,0.01798199306506886,0.0,2.0721423279786433,0.0,88.40784023821315,0.0,26.17549309512019,9.941666666666668,19.36706476955537,7381619.562627086,3789195.8345254753,0.0,82925193.01639555,29914243488.754887,0.0,401.292133413218,401.292133413218,6649.1750479823,7050.467181395518,12824.265742971373,1021.392683954462,170.23211399241032,596.2127802518995,119.16247979468721,417.34894617632966,0.05493776898114681,0.0001733076086555878,0.0001321205669010319,0.0001733076086555878,198.83333333333334,-198.83333333333334,62.42549309512019,-62.42549309512019,0.010818812927461188,-0.010818812927461188,0.03445932952101938,-0.03445932952101938,-0.010818812927461188,0.010818812927461188,-0.03445932952101938,0.03445932952101938,0.065756581908608,0.04411895605368562,0.08939709850216618,0.02047843946012743,0.04411895605368562,0.065756581908608,0.02047843946012743,0.08939709850216618,0.054937768981146815,0.0549377689811468,0.054937768981146815,0.0549377689811468,0.065756581908608,0.08939709850216618,0.054937768981146815,0.0549377689811468,1.1969285088947446,1.627242972550358,1.627242972550358,0.002718406080097484,0.003942916523541021,0.0014938956366539538,0.0014938956366539538,0.003942916523541021,0.0065667241619321165,-0.0011299120017371524,-0.0011299120017371524,0.0065667241619321165,0.003942916523541021,0.0065667241619321165,0.002718406080097484,0.002718406080097484,0.010873624320389935,0.010873624320389935,0.23000000000000004,0.0,6.0,0.0,103235.33923091955,24579.842674028467,80065.86182527398,0.0,0.0,103235.33923091955,18770.061678349008,61141.20357566376,61141.20357566376,1.3333333333333333,0.0,0.0,103235.33923091955,0.0,0.0,77426.50442318969,0.0,0.0,0.0,0.0,103235.33923091955,77426.50442318969,18770.061678349008,14077.546258761762,61141.20357566376,45855.90268174783,61141.20357566376,E,61.141203575663766,61.141203575663766,232.6651056294063
1,E-G--E-4.4,x,0.0,114.58333333333334,12.25,E-G,2,1.0,1.8388331192461986,829.125,,0,32802.417983702166,114885.61333333334,3.502351972662933,11.500000000000002,0.9387755102040818,1.8350062038982897,4824.0,52.0,8852.06992760535,170.23211399241058,111143.63643908522,2137.377623828562,2085.3433964070296,26182.875891899886,26182.875891899886,2137.3776238285623,2137.3776238285623,1496.1643366799935,1496.1643366799935,1539.2857142857142,2,23.0,0.9719861119962836,1539.2857142857142,2,2,1600000,10.5,0.25,0.07461676072849921,350898.05073646904,6730679.669402555,381142.9171358399,0.05213411839099102,0.0,6.007638478054803,0.0,88.40784023821315,0.0,26.17549309512019,9.941666666666668,19.36706476955537,7381619.562627086,3789195.8345254753,0.0,240420058.81487593,29914243488.754887,0.0,1163.4423123751744,1163.4423123751744,19277.556047294867,20440.99835967004,26182.875891899886,2085.343396407028,170.23211399241046,596.2127802519001,119.16247979468731,417.34894617633006,0.05493776898114681,0.0001733076086555878,0.0001321205669010319,0.0001733076086555878,198.83333333333334,-198.83333333333334,62.42549309512019,-62.42549309512019,0.010818812927461188,-0.010818812927461188,0.03445932952101938,-0.03445932952101938,-0.010818812927461188,0.010818812927461188,-0.03445932952101938,0.03445932952101938,0.065756581908608,0.04411895605368562,0.08939709850216618,0.02047843946012743,0.04411895605368562,0.065756581908608,0.02047843946012743,0.08939709850216618,0.054937768981146815,0.0549377689811468,0.054937768981146815,0.0549377689811468,0.065756581908608,0.08939709850216618,0.054937768981146815,0.0549377689811468,1.1969285088947446,1.627242972550358,1.627242972550358,0.002718406080097484,0.003942916523541021,0.0014938956366539538,0.0014938956366539538,0.003942916523541021,0.0065667241619321165,-0.0011299120017371524,-0.0011299120017371524,0.0065667241619321165,0.003942916523541021,0.0065667241619321165,0.002718406080097484,0.002718406080097484,0.010873624320389935,0.010873624320389935,0.23000000000000004,0.0,11.500000000000002,0.0,210772.1509297941,24579.84267402847,80065.86182527398,0.0,0.0,210772.1509297941,17938.055398280347,58431.04384269994,58431.04384269994,1.3333333333333333,0.0,0.0,210772.1509297941,0.0,0.0,158079.11319734558,0.0,0.0,0.0,0.0,210772.1509297941,158079.11319734558,17938.055398280347,13453.541548710262,58431.04384269994,43823.28288202496,58431.04384269994,E,61.141203575663766,61.141203575663766,475.02459066004303
1,E-G--E-7,x,0.0,114.58333333333334,7.5,E-G,2,1.0,1.8388331192461986,1206.0,,0,32802.417983702166,114885.61333333334,3.502351972662933,11.500000000000002,1.5333333333333337,1.8350062038982897,4824.0,52.0,8852.06992760535,170.23211399241058,111143.63643908522,2137.377623828562,1276.7408549430793,16030.332178714216,16030.332178714216,2137.3776238285623,2137.3776238285623,1496.1643366799935,1496.1643366799935,1539.2857142857142,2,23.0,0.9719861119962836,1539.2857142857142,2,2,1600000,10.5,0.25,0.09367253220881074,171131.61991799364,6730679.669402555,381142.9171358399,0.02542560756470885,0.0,2.929902011348898,0.0,88.40784023821315,0.0,26.17549309512019,9.941666666666668,19.36706476955537,7381619.562627086,3789195.8345254753,0.0,117251931.26441315,29914243488.754887,0.0,567.4063084135771,567.4063084135771,9401.589400424156,9968.995708837734,16030.332178714216,1276.7408549430784,170.23211399241046,596.2127802519001,119.16247979468731,417.34894617633006,0.05493776898114681,0.0001733076086555878,0.0001321205669010319,0.0001733076086555878,198.83333333333334,-198.83333333333334,62.42549309512019,-62.42549309512019,0.010818812927461188,-0.010818812927461188,0.03445932952101938,-0.03445932952101938,-0.010818812927461188,0.010818812927461188,-0.03445932952101938,0.03445932952101938,0.065756581908608,0.04411895605368562,0.08939709850216618,0.02047843946012743,0.04411895605368562,0.065756581908608,0.02047843946012743,0.08939709850216618,0.054937768981146815,0.0549377689811468,0.054937768981146815,0.0549377689811468,0.065756581908608,0.08939709850216618,0.054937768981146815,0.0549377689811468,1.1969285088947446,1.627242972550358,1.627242972550358,0.002718406080097484,0.003942916523541021,0.0014938956366539538,0.0014938956366539538,0.003942916523541021,0.0065667241619321165,-0.0011299120017371524,-0.0011299120017371524,0.0065667241619321165,0.003942916523541021,0.0065667241619321165,0.002718406080097484,0.002718406080097484,0.010873624320389935,0.010873624320389935,0.23000000000000004,0.0,7.5,0.0,129044.17403864946,24579.84267402847,80065.86182527398,0.0,0.0,129044.17403864946,18434.88200552135,60049.39636895548,60049.39636895548,1.3333333333333333,0.0,0.0,129044.17403864946,0.0,0.0,96783.1305289871,0.0,0.0,0.0,0.0,129044.17403864946,96783.1305289871,18434.88200552135,13826.161504141013,60049.39636895548,45037.047276716614,60049.39636895548,D,60.04939636895548,60.04939636895548,290.83138203676117
1,E-H--E-1.2,x,0.0,120.08333333333334,23.25,E-H,2,1.0,1.8388331192461986,915.555,,0,32802.417983702166,114885.61333333334,3.502351972662933,11.500000000000002,0.49462365591397855,1.8350062038982897,5055.15,118.91,9276.231611636438,78.0105257054616,116469.26901845806,979.474131851468,1813.7447226519823,22772.77356554663,22772.77356554663,1293.0117761855076,979.474131851468,905.1082433298553,685.6318922960276,921.4285714285714,4,17.0,0.9822880160168972,769.6428571428571,1,2,1600000,10.5,0.25,0.05010623502176485,454489.81659976504,6730679.669402555,381142.9171358399,0.06752509982994148,0.0,7.614839602469766,0.0,88.40784023821315,0.0,31.67549309512019,9.941666666666668,19.36706476955537,7381619.562627086,3789195.8345254753,0.0,511667645.1646567,29914243488.754887,0.0,2046.131768011702,2046.131768011702,28016.39202830135,30062.523796313053,30062.523796313053,6966.635594878091,299.6402406399179,1049.4455878944125,209.74816844794253,734.6119115260886,0.05493776898114681,0.0001733076086555878,0.0001321205669010319,0.0001733076086555878,198.83333333333334,-198.83333333333334,62.42549309512019,-62.42549309512019,0.010818812927461188,-0.010818812927461188,0.03445932952101938,-0.03445932952101938,-0.010818812927461188,0.010818812927461188,-0.03445932952101938,0.03445932952101938,0.065756581908608,0.04411895605368562,0.08939709850216618,0.02047843946012743,0.04411895605368562,0.065756581908608,0.02047843946012743,0.08939709850216618,0.054937768981146815,0.0549377689811468,0.054937768981146815,0.0549377689811468,0.065756581908608,0.08939709850216618,0.054937768981146815,0.0549377689811468,1.1969285088947446,1.627242972550358,1.627242972550358,0.002718406080097484,0.003942916523541021,0.0014938956366539538,0.0014938956366539538,0.003942916523541021,0.0065667241619321165,-0.0011299120017371524,-0.0011299120017371524,0.0065667241619321165,0.003942916523541021,0.0065667241619321165,0.002718406080097484,0.002718406080097484,0.010873624320389935,0.010873624320389935,0.23000000000000004,0.0,11.500000000000002,0.0,242003.3165603201,14869.63542613334,44279.92833426647,0.0,0.0,242003.3165603201,10637.50842023385,31677.179500667546,31677.179500667546,1.3333333333333333,0.0,0.0,242003.3165603201,0.0,0.0,181502.4874202401,0.0,0.0,0.0,0.0,242003.3165603201,181502.4874202401,10637.50842023385,7978.131315175389,31677.179500667546,23757.884625500665,31677.179500667546,D,60.04939636895548,60.04939636895548,8277.941228695847
1,E-H--E-2.4,x,0.0,120.08333333333334,12.33,E-H,1,1.0,1.8388331192461986,625.11,,0,32802.417983702166,114885.61333333334,3.502351972662933,11.500000000000002,0.9326845093268452,1.8350062038982897,5055.15,118.91,9276.231611636438,78.0105257054616,116469.26901845806,979.474131851468,961.8697819483416,12076.916045728602,12076.916045728602,979.4741318514681,979.4741318514681,685.6318922960277,685.6318922960277,769.6428571428571,2,23.0,0.8908442220087599,769.6428571428571,1,2,1600000,10.5,0.25,0.06503662369589797,185694.08064905935,6730679.669402555,381142.9171358399,0.02758920194838843,0.0,3.3318249588309805,0.0,88.40784023821315,0.0,31.67549309512019,9.941666666666668,19.36706476955537,7381619.562627086,3789195.8345254753,0.0,186313716.32248685,29914243488.754887,0.0,745.0586672547604,745.0586672547604,10201.618503864467,10946.677171119227,12076.916045728602,862.0756033349699,69.91691835644524,244.8736569282092,48.941842849511666,171.41155984974642,0.05493776898114681,0.0001733076086555878,0.0001321205669010319,0.0001733076086555878,198.83333333333334,-198.83333333333334,62.42549309512019,-62.42549309512019,0.010818812927461188,-0.010818812927461188,0.03445932952101938,-0.03445932952101938,-0.010818812927461188,0.010818812927461188,-0.03445932952101938,0.03445932952101938,0.065756581908608,0.04411895605368562,0.08939709850216618,0.02047843946012743,0.04411895605368562,0.065756581908608,0.02047843946012743,0.08939709850216618,0.054937768981146815,0.0549377689811468,0.054937768981146815,0.0549377689811468,0.065756581908608,0.08939709850216618,0.054937768981146815,0.0549377689811468,1.1969285088947446,1.627242972550358,1.627242972550358,0.002718406080097484,0.003942916523541021,0.0014938956366539538,0.0014938956366539538,0.003942916523541021,0.0065667241619321165,-0.0011299120017371524,-0.0011299120017371524,0.0065667241619321165,0.003942916523541021,0.0065667241619321165,0.002718406080097484,0.002718406080097484,0.010873624320389935,0.010873624320389935,0.23000000000000004,0.0,11.500000000000002,0.0,97219.17416811526,11263.952516291884,36951.222579073816,0.0,0.0,97219.17416811526,8218.019794430707,26959.087242602378,26959.087242602378,1.3333333333333333,0.0,0.0,97219.17416811526,0.0,0.0,72914.38062608645,0.0,0.0,0.0,0.0,97219.17416811526,72914.38062608645,8218.019794430707,6163.514845823031,26959.087242602378,20219.31543195179,26959.087242602378,D,60.04939636895548,60.04939636895548,0.0
1,E-H--E-3.1,x,0.0,120.08333333333334,20.0,E-H,1,1.0,1.8388331192461986,859.61,,0,32802.417983702166,114885.61333333334,3.502351972662933,11.500000000000002,0.5750000000000001,1.8350062038982897,5055.15,118.91,9276.231611636438,78.0105257054616,116469.26901845806,979.474131851468,1560.210514109232,19589.482637029363,19589.482637029363,979.4741318514682,979.4741318514682,685.6318922960277,685.6318922960277,769.6428571428571,2,23.0,0.8908442220087599,769.6428571428571,1,2,1600000,10.5,0.25,0.05574625890706436,351404.4354023354,6730679.669402555,381142.9171358399,0.05220935368530585,0.0,6.3050909561846655,0.0,88.40784023821315,0.0,31.67549309512019,9.941666666666668,19.36706476955537,7381619.562627086,3789195.8345254753,0.0,327708899.35792804,29914243488.754887,0.0,1310.4905029135177,1310.4905029135177,17943.720073643337,19254.210576556856,19589.482637029363,-176.79905429753126,-8.839952714876564,-30.96062582919498,-6.187966900413594,-21.672438080436486,0.05493776898114681,0.0001733076086555878,0.0001321205669010319,0.0001733076086555878,198.83333333333334,-198.83333333333334,62.42549309512019,-62.42549309512019,0.010818812927461188,-0.010818812927461188,0.03445932952101938,-0.03445932952101938,-0.010818812927461188,0.010818812927461188,-0.03445932952101938,0.03445932952101938,0.065756581908608,0.04411895605368562,0.08939709850216618,0.02047843946012743,0.04411895605368562,0.065756581908608,0.02047843946012743,0.08939709850216618,0.054937768981146815,0.0549377689811468,0.054937768981146815,0.0549377689811468,0.065756581908608,0.08939709850216618,0.054937768981146815,0.0549377689811468,1.1969285088947446,1.627242972550358,1.627242972550358,0.002718406080097484,0.003942916523541021,0.0014938956366539538,0.0014938956366539538,0.003942916523541021,0.0065667241619321165,-0.0011299120017371524,-0.0011299120017371524,0.0065667241619321165,0.003942916523541021,0.0065667241619321165,0.002718406080097484,0.002718406080097484,0.010873624320389935,0.010873624320389935,0.23000000000000004,0.0,11.500000000000002,0.0,157695.3352280864,11263.952516291885,39182.29094124488,0.0,0.0,157695.3352280864,8086.940268106994,28130.875547560423,28130.875547560423,1.3333333333333333,0.0,0.0,157695.3352280864,0.0,0.0,118271.5014210648,0.0,0.0,0.0,0.0,157695.3352280864,118271.5014210648,8086.940268106994,6065.205201080245,28130.875547560423,21098.15666067032,28130.875547560423,D,60.04939636895548,60.04939636895548,0.0
1,E-H--E-4.1,x,0.0,120.08333333333334,27.0,E-H,2,1.0,1.8388331192461986,1105.5,,0,32802.417983702166,114885.61333333334,3.502351972662933,11.500000000000002,0.425925925925926,1.8350062038982897,5055.15,118.91,9276.231611636438,78.0105257054616,116469.26901845806,979.474131851468,2106.284194047463,26445.80155998964,26445.80155998964,1312.581821178131,979.4741318514681,918.8072748246916,685.6318922960277,921.4285714285714,4,17.0,0.9971551819802854,769.6428571428571,1,2,1600000,10.5,0.25,0.04880421786176238,541875.327966472,6730679.669402555,381142.9171358399,0.08050826284748318,0.0,9.147215324329212,0.0,88.40784023821315,0.0,31.67549309512019,9.941666666666668,19.36706476955537,7381619.562627086,3789195.8345254753,0.0,603187964.527582,29914243488.754887,0.0,2412.1166698062966,2412.1166698062966,33027.59250200324,35439.70917180953,35439.70917180953,8545.211181578641,316.48930302143117,1108.4569347638262,221.5425121150018,775.9198543346783,0.05493776898114681,0.0001733076086555878,0.0001321205669010319,0.0001733076086555878,198.83333333333334,-198.83333333333334,62.42549309512019,-62.42549309512019,0.010818812927461188,-0.010818812927461188,0.03445932952101938,-0.03445932952101938,-0.010818812927461188,0.010818812927461188,-0.03445932952101938,0.03445932952101938,0.065756581908608,0.04411895605368562,0.08939709850216618,0.02047843946012743,0.04411895605368562,0.065756581908608,0.02047843946012743,0.08939709850216618,0.054937768981146815,0.0549377689811468,0.054937768981146815,0.0549377689811468,0.065756581908608,0.08939709850216618,0.054937768981146815,0.0549377689811468,1.1969285088947446,1.627242972550358,1.627242972550358,0.002718406080097484,0.003942916523541021,0.0014938956366539538,0.0014938956366539538,0.003942916523541021,0.0065667241619321165,-0.0011299120017371524,-0.0011299120017371524,0.0065667241619321165,0.003942916523541021,0.0065667241619321165,0.002718406080097484,0.002718406080097484,0.010873624320389935,0.010873624320389935,0.23000000000000004,0.0,11.500000000000002,0.0,285289.65883306676,15094.690943548507,44673.08769451981,0.0,0.0,285289.65883306676,10765.647503134594,31861.18329911035,31861.18329911035,1.3333333333333333,0.0,0.0,285289.65883306676,0.0,0.0,213967.24412480008,0.0,0.0,0.0,0.0,285289.65883306676,213967.24412480008,10765.647503134594,8074.235627350947,31861.18329911035,23895.88747433277,31861.18329911035,D,60.04939636895548,60.04939636895548,10728.407495607744
1,E-H--E-7,x,0.0,120.08333333333334,13.0,E-H,1,1.0,1.8388331192461986,628.125,,0,32802.417983702166,114885.61333333334,3.502351972662933,11.500000000000002,0.8846153846153848,1.8350062038982897,5055.15,118.91,9276.231611636438,78.0105257054616,116469.26901845806,979.474131851468,1014.1368341710008,12733.163714069085,12733.163714069085,979.4741318514681,979.4741318514681,685.6318922960277,685.6318922960277,769.6428571428571,2,23.0,0.8908442220087599,769.6428571428571,1,2,1600000,10.5,0.25,0.06378809407830324,199616.61965379395,6730679.669402555,381142.9171358399,0.029657720981915756,0.0,3.5816307834654206,0.0,88.40784023821315,0.0,31.67549309512019,9.941666666666668,19.36706476955537,7381619.562627086,3789195.8345254753,0.0,200282712.92997253,29914243488.754887,0.0,800.9199436046187,800.9199436046187,10966.491735337582,11767.4116789422,12733.163714069085,672.1500074773267,51.70384672902513,181.0850695856631,36.19269271031759,126.75954870996415,0.05493776898114681,0.0001733076086555878,0.0001321205669010319,0.0001733076086555878,198.83333333333334,-198.83333333333334,62.42549309512019,-62.42549309512019,0.010818812927461188,-0.010818812927461188,0.03445932952101938,-0.03445932952101938,-0.010818812927461188,0.010818812927461188,-0.03445932952101938,0.03445932952101938,0.065756581908608,0.04411895605368562,0.08939709850216618,0.02047843946012743,0.04411895605368562,0.065756581908608,0.02047843946012743,0.08939709850216618,0.054937768981146815,0.0549377689811468,0.054937768981146815,0.0549377689811468,0.065756581908608,0.08939709850216618,0.054937768981146815,0.0549377689811468,1.1969285088947446,1.627242972550358,1.627242972550358,0.002718406080097484,0.003942916523541021,0.0014938956366539538,0.0014938956366539538,0.003942916523541021,0.0065667241619321165,-0.0011299120017371524,-0.0011299120017371524,0.0065667241619321165,0.003942916523541021,0.0065667241619321165,0.002718406080097484,0.002718406080097484,0.010873624320389935,0.010873624320389935,0.23000000000000004,0.0,11.500000000000002,0.0,102501.96789825615,11263.952516291885,37341.393147751856,0.0,0.0,102501.96789825615,8200.15743186049,27184.53421156335,27184.53421156335,1.3333333333333333,0.0,0.0,102501.96789825615,0.0,0.0,76876.47592369211,0.0,0.0,0.0,0.0,102501.96789825615,76876.47592369211,8200.15743186049,6150.118073895369,27184.53421156335,20388.400658672515,27184.53421156335,D,60.04939636895548,60.04939636895548,0.0
1,E-H--E-7.6,x,0.0,120.08333333333334,23.33,E-H,2,1.0,1.8388331192461986,921.25,,0,32802.417983702166,114885.61333333334,3.502351972662933,11.500000000000002,0.4929275610801544,1.8350062038982897,5055.15,118.91,9276.231611636438,78.0105257054616,116469.26901845806,979.474131851468,1819.9855647084191,22851.13149609475,22851.13149609475,1293.5056913543006,979.4741318514681,905.4539839480103,685.6318922960277,921.4285714285714,4,17.0,0.9826632383931895,769.6428571428571,1,2,1600000,10.5,0.25,0.05007458977700608,456341.8611686328,6730679.669402555,381142.9171358399,0.06780026439872747,0.0,7.647319655222679,0.0,88.40784023821315,0.0,31.67549309512019,9.941666666666668,19.36706476955537,7381619.562627086,3789195.8345254753,0.0,513624345.5019304,29914243488.754887,0.0,2053.956508853556,2053.956508853556,28123.531270442272,30177.48777929583,30177.48777929583,7000.127138437627,300.0483128348747,1050.8748003514083,210.03381898441228,735.6123602459858,0.05493776898114681,0.0001733076086555878,0.0001321205669010319,0.0001733076086555878,198.83333333333334,-198.83333333333334,62.42549309512019,-62.42549309512019,0.010818812927461188,-0.010818812927461188,0.03445932952101938,-0.03445932952101938,-0.010818812927461188,0.010818812927461188,-0.03445932952101938,0.03445932952101938,0.065756581908608,0.04411895605368562,0.08939709850216618,0.02047843946012743,0.04411895605368562,0.065756581908608,0.02047843946012743,0.08939709850216618,0.054937768981146815,0.0549377689811468,0.054937768981146815,0.0549377689811468,0.065756581908608,0.08939709850216618,0.054937768981146815,0.0549377689811468,1.1969285088947446,1.627242972550358,1.627242972550358,0.002718406080097484,0.003942916523541021,0.0014938956366539538,0.0014938956366539538,0.003942916523541021,0.0065667241619321165,-0.0011299120017371524,-0.0011299120017371524,0.0065667241619321165,0.003942916523541021,0.0065667241619321165,0.002718406080097484,0.002718406080097484,0.010873624320389935,0.010873624320389935,0.23000000000000004,0.0,11.500000000000002,0.0,242928.77662333145,14875.315450574457,44290.390750299106,0.0,0.0,242928.77662333145,10640.769891516928,31682.276449545978,31682.276449545978,1.3333333333333333,0.0,0.0,242928.77662333145,0.0,0.0,182196.5824674986,0.0,0.0,0.0,0.0,242928.77662333145,182196.5824674986,10640.769891516928,7980.577418637697,31682.276449545978,23761.707337159485,31682.276449545978,D,60.04939636895548,60.04939636895548,8329.764935967418
